- end_epoch: 8
  exo_cls_coeff: 0.6
  kl_loss_coeff: 0.3
  proto_loss_coeff: 0.1
  start_epoch: 0
- end_epoch: 1000
  exo_cls_coeff: 0.6
  kl_loss_coeff: 0.3
  proto_loss_coeff: 0.2
  start_epoch: 9s
{'work_dir': 'logs/seen_stage', 'deterministic': False, 'data_dir': '/mnt/sdb/wyn/data/AGD20K', 'load': {'encoder_ckpt': '/mnt/sdb/wyn/model/ViT-B-16.pt', 'all_ckpt': None}, 'batch_size': 10, 'img_size': 224, 'split_type': 'Seen', 'num_exo': 1, 'PL_mode': 'refined', 'aug4imgRatio': 0.5, 'optimizer': {'lr': 5e-05, 'lr_encoder_coeff': 0.1, 'betas': [0.9, 0.95], 'wd': 0.01, 'max_iter': 14000, 'lr_step': 14000, 'lr_gamma': 0.1, 'num_epochs': 40, 'accum_iter': 2, 'sche_type': 'cos'}, 'early_stop': {'enabled': True, 'metric': 'kld', 'patience': 8, 'min_delta': 0.001}, 'model': {'encoder_type': 'CLIP', 'encoder_params': {'width': 768, 'layers': 12, 'heads': 12, 'output_dim': 512}, 'decoder_embed_dim': 512, 'pred_model_type': 'SAM', 'pred_decoder_args': {'mlp_dim': 2048, 'depth': 2, 'use_up': 2, 'use_additional_token': True, 'conv_first': True}, 'margin': 0.1}, 'loss': {'kl_loss_coeff': 0.3, 'sim_loss_coeff': 1.0, 'exo_cls_coeff': 0.6, 'noun_sim_coeff': 0.1, 'part_sim_coeff': 0.01, 'proto_loss_coeff': 0.2, 'conc_loss_coeff': 0.05}, 'loss_schedule': [{'start_epoch': 0, 'end_epoch': 8, 'kl_loss_coeff': 0.3, 'exo_cls_coeff': 0.6, 'proto_loss_coeff': 0.1}, {'start_epoch': 9, 'end_epoch': 1000, 'kl_loss_coeff': 0.3, 'exo_cls_coeff': 0.6, 'proto_loss_coeff': 0.2}]}
Set random seed to 3407, deterministic: False
/mnt/sdb/wyn/envs/clip-env/lib/python3.10/site-packages/torch/functional.py:505: UserWarning: torch.meshgrid: in an upcoming release, it will be required to pass the indexing argument. (Triggered internally at /pytorch/aten/src/ATen/native/TensorShape.cpp:4317.)
  return _VF.meshgrid(tensors, **kwargs)  # type: ignore[attr-defined]
#Params: 112520740
#Encoder Params: 86192640
#Final Decoder Params: 12152576
Epoch 0 loss coeffs: kl=0.3, sim=1.0, exo_cls=0.6, noun=0.1, part=0.01, proto=0.1, conc=0.05
============Training Epoch 0============

  0%|          | 0/693 [00:00<?, ?it/s]/mnt/sdb/wyn/envs/clip-env/lib/python3.10/site-packages/torch/_tensor.py:1002: UserWarning: non-inplace resize is deprecated
  warnings.warn("non-inplace resize is deprecated")
/mnt/sdb/wyn/envs/clip-env/lib/python3.10/site-packages/torch/_tensor.py:1002: UserWarning: non-inplace resize is deprecated
  warnings.warn("non-inplace resize is deprecated")
/mnt/sdb/wyn/envs/clip-env/lib/python3.10/site-packages/torch/_tensor.py:1002: UserWarning: non-inplace resize is deprecated
  warnings.warn("non-inplace resize is deprecated")
/mnt/sdb/wyn/envs/clip-env/lib/python3.10/site-packages/torch/_tensor.py:1002: UserWarning: non-inplace resize is deprecated
  warnings.warn("non-inplace resize is deprecated")
/mnt/sdb/wyn/envs/clip-env/lib/python3.10/site-packages/torch/_tensor.py:1002: UserWarning: non-inplace resize is deprecated
  warnings.warn("non-inplace resize is deprecated")
/mnt/sdb/wyn/envs/clip-env/lib/python3.10/site-packages/torch/_tensor.py:1002: UserWarning: non-inplace resize is deprecated
  warnings.warn("non-inplace resize is deprecated")
/mnt/sdb/wyn/envs/clip-env/lib/python3.10/site-packages/torch/_tensor.py:1002: UserWarning: non-inplace resize is deprecated
  warnings.warn("non-inplace resize is deprecated")
/mnt/sdb/wyn/envs/clip-env/lib/python3.10/site-packages/torch/_tensor.py:1002: UserWarning: non-inplace resize is deprecated
  warnings.warn("non-inplace resize is deprecated")

  0%|          | 1/693 [00:03<44:09,  3.83s/it]
  0%|          | 2/693 [00:04<20:17,  1.76s/it]
  0%|          | 3/693 [00:04<12:01,  1.05s/it]
  1%|          | 4/693 [00:04<08:22,  1.37it/s]
  1%|          | 5/693 [00:04<06:19,  1.81it/s]
  1%|          | 6/693 [00:05<05:04,  2.25it/s]
  1%|          | 7/693 [00:05<04:17,  2.66it/s]
  1%|          | 8/693 [00:05<03:46,  3.03it/s]
  1%|▏         | 9/693 [00:05<03:25,  3.32it/s]
  1%|▏         | 10/693 [00:05<03:12,  3.54it/s]
  2%|▏         | 11/693 [00:06<02:52,  3.96it/s]
  2%|▏         | 12/693 [00:06<02:29,  4.57it/s]
  2%|▏         | 13/693 [00:06<02:23,  4.75it/s]
  2%|▏         | 14/693 [00:06<02:29,  4.55it/s]
  2%|▏         | 15/693 [00:06<02:32,  4.45it/s]
  2%|▏         | 16/693 [00:07<02:35,  4.35it/s]
  2%|▏         | 17/693 [00:07<02:36,  4.31it/s]
  3%|▎         | 18/693 [00:07<02:37,  4.30it/s]
  3%|▎         | 19/693 [00:07<02:38,  4.26it/s]
  3%|▎         | 20/693 [00:08<02:38,  4.26it/s]
  3%|▎         | 21/693 [00:08<02:38,  4.25it/s]
  3%|▎         | 22/693 [00:08<02:38,  4.25it/s]
  3%|▎         | 23/693 [00:08<02:31,  4.41it/s]
  3%|▎         | 24/693 [00:09<02:14,  4.98it/s]
  4%|▎         | 25/693 [00:09<02:03,  5.42it/s]
  4%|▍         | 26/693 [00:09<02:13,  4.99it/s]
  4%|▍         | 27/693 [00:09<02:20,  4.74it/s]
  4%|▍         | 28/693 [00:09<02:25,  4.57it/s]
  4%|▍         | 29/693 [00:10<02:28,  4.46it/s]
  4%|▍         | 30/693 [00:10<02:30,  4.40it/s]
  4%|▍         | 31/693 [00:10<02:32,  4.34it/s]
  5%|▍         | 32/693 [00:10<02:27,  4.49it/s]
  5%|▍         | 33/693 [00:11<02:29,  4.43it/s]
  5%|▍         | 34/693 [00:11<02:30,  4.37it/s]
  5%|▌         | 35/693 [00:11<02:32,  4.33it/s]
  5%|▌         | 36/693 [00:11<02:26,  4.48it/s]
  5%|▌         | 37/693 [00:11<02:07,  5.15it/s]
  5%|▌         | 38/693 [00:11<01:58,  5.53it/s]
  6%|▌         | 39/693 [00:12<02:08,  5.10it/s]
  6%|▌         | 40/693 [00:12<02:15,  4.83it/s]
  6%|▌         | 41/693 [00:12<02:20,  4.64it/s]
  6%|▌         | 42/693 [00:12<02:24,  4.51it/s]
  6%|▌         | 43/693 [00:13<02:26,  4.43it/s]
  6%|▋         | 44/693 [00:13<02:28,  4.38it/s]
  6%|▋         | 45/693 [00:13<02:25,  4.46it/s]
  7%|▋         | 46/693 [00:13<02:26,  4.41it/s]
  7%|▋         | 47/693 [00:14<02:27,  4.37it/s]
  7%|▋         | 48/693 [00:14<02:27,  4.37it/s]
  7%|▋         | 49/693 [00:14<02:24,  4.46it/s]
  7%|▋         | 50/693 [00:14<02:05,  5.12it/s]
  7%|▋         | 51/693 [00:14<01:54,  5.63it/s]
  8%|▊         | 52/693 [00:14<02:05,  5.11it/s]
  8%|▊         | 53/693 [00:15<02:12,  4.82it/s]
  8%|▊         | 54/693 [00:15<02:18,  4.62it/s]
  8%|▊         | 55/693 [00:15<02:22,  4.49it/s]
  8%|▊         | 56/693 [00:15<02:27,  4.33it/s]
  8%|▊         | 57/693 [00:16<02:27,  4.33it/s]
  8%|▊         | 58/693 [00:16<02:23,  4.42it/s]
  9%|▊         | 59/693 [00:16<02:25,  4.37it/s]
  9%|▊         | 60/693 [00:16<02:25,  4.36it/s]
  9%|▉         | 61/693 [00:17<02:26,  4.33it/s]
  9%|▉         | 62/693 [00:17<02:21,  4.45it/s]
  9%|▉         | 63/693 [00:17<02:02,  5.14it/s]
  9%|▉         | 64/693 [00:17<01:51,  5.65it/s]
  9%|▉         | 65/693 [00:17<02:01,  5.19it/s]
 10%|▉         | 66/693 [00:18<02:07,  4.90it/s]
 10%|▉         | 67/693 [00:18<02:13,  4.68it/s]
 10%|▉         | 68/693 [00:18<02:17,  4.56it/s]
 10%|▉         | 69/693 [00:18<02:19,  4.46it/s]
 10%|█         | 70/693 [00:18<02:20,  4.42it/s]
 10%|█         | 71/693 [00:19<02:22,  4.36it/s]
 10%|█         | 72/693 [00:19<02:22,  4.35it/s]
 11%|█         | 73/693 [00:19<02:23,  4.33it/s]
 11%|█         | 74/693 [00:19<02:22,  4.34it/s]
 11%|█         | 75/693 [00:20<02:19,  4.44it/s]
 11%|█         | 76/693 [00:20<02:03,  5.01it/s]
 11%|█         | 77/693 [00:20<01:50,  5.59it/s]
 11%|█▏        | 78/693 [00:20<01:57,  5.24it/s]
 11%|█▏        | 79/693 [00:20<02:05,  4.88it/s]
 12%|█▏        | 80/693 [00:21<02:11,  4.68it/s]
 12%|█▏        | 81/693 [00:21<02:15,  4.53it/s]
 12%|█▏        | 82/693 [00:21<02:18,  4.42it/s]
 12%|█▏        | 83/693 [00:21<02:20,  4.34it/s]
 12%|█▏        | 84/693 [00:22<02:20,  4.33it/s]
 12%|█▏        | 85/693 [00:22<02:21,  4.31it/s]
 12%|█▏        | 86/693 [00:22<02:23,  4.23it/s]
 13%|█▎        | 87/693 [00:22<02:22,  4.25it/s]
 13%|█▎        | 88/693 [00:22<02:17,  4.41it/s]
 13%|█▎        | 89/693 [00:23<01:58,  5.09it/s]
 13%|█▎        | 90/693 [00:23<01:53,  5.32it/s]
 13%|█▎        | 91/693 [00:23<02:02,  4.92it/s]
 13%|█▎        | 92/693 [00:23<02:08,  4.67it/s]
 13%|█▎        | 93/693 [00:23<02:11,  4.55it/s]
 14%|█▎        | 94/693 [00:24<02:13,  4.48it/s]
 14%|█▎        | 95/693 [00:24<02:16,  4.40it/s]
 14%|█▍        | 96/693 [00:24<02:16,  4.37it/s]
 14%|█▍        | 97/693 [00:24<02:10,  4.58it/s]
 14%|█▍        | 98/693 [00:25<02:13,  4.44it/s]
 14%|█▍        | 99/693 [00:25<02:16,  4.36it/s]
 14%|█▍        | 100/693 [00:25<02:17,  4.30it/s]
 15%|█▍        | 101/693 [00:25<02:12,  4.48it/s]
 15%|█▍        | 102/693 [00:25<01:57,  5.04it/s]
 15%|█▍        | 103/693 [00:26<01:44,  5.67it/s]
 15%|█▌        | 104/693 [00:26<01:44,  5.61it/s]
 15%|█▌        | 105/693 [00:26<01:55,  5.11it/s]
 15%|█▌        | 106/693 [00:26<02:01,  4.85it/s]
 15%|█▌        | 107/693 [00:26<02:06,  4.63it/s]
 16%|█▌        | 108/693 [00:27<02:08,  4.54it/s]
 16%|█▌        | 109/693 [00:27<02:11,  4.43it/s]
 16%|█▌        | 110/693 [00:27<02:12,  4.40it/s]
 16%|█▌        | 111/693 [00:27<02:07,  4.57it/s]
 16%|█▌        | 112/693 [00:28<02:09,  4.49it/s]
 16%|█▋        | 113/693 [00:28<02:11,  4.42it/s]
 16%|█▋        | 114/693 [00:28<02:12,  4.38it/s]
 17%|█▋        | 115/693 [00:28<02:01,  4.76it/s]
 17%|█▋        | 116/693 [00:28<01:47,  5.37it/s]
 17%|█▋        | 117/693 [00:28<01:36,  5.95it/s]
 17%|█▋        | 118/693 [00:29<01:48,  5.32it/s]
 17%|█▋        | 119/693 [00:29<01:56,  4.93it/s]
 17%|█▋        | 120/693 [00:29<02:02,  4.68it/s]
 17%|█▋        | 121/693 [00:29<02:06,  4.54it/s]
 18%|█▊        | 122/693 [00:30<02:08,  4.44it/s]
 18%|█▊        | 123/693 [00:30<02:10,  4.37it/s]
 18%|█▊        | 124/693 [00:30<02:10,  4.37it/s]
 18%|█▊        | 125/693 [00:30<02:10,  4.34it/s]
 18%|█▊        | 126/693 [00:31<02:12,  4.26it/s]
 18%|█▊        | 127/693 [00:31<02:11,  4.31it/s]
 18%|█▊        | 128/693 [00:31<02:06,  4.45it/s]
 19%|█▊        | 129/693 [00:31<01:50,  5.13it/s]
 19%|█▉        | 130/693 [00:32<03:25,  2.74it/s]
 19%|█▉        | 131/693 [00:32<03:03,  3.06it/s]
 19%|█▉        | 132/693 [00:32<02:47,  3.34it/s]
 19%|█▉        | 133/693 [00:33<02:33,  3.65it/s]
 19%|█▉        | 134/693 [00:33<02:26,  3.82it/s]
 19%|█▉        | 135/693 [00:33<02:21,  3.94it/s]
 20%|█▉        | 136/693 [00:33<02:17,  4.05it/s]
 20%|█▉        | 137/693 [00:33<02:02,  4.53it/s]
 20%|█▉        | 138/693 [00:34<01:47,  5.15it/s]
 20%|██        | 139/693 [00:34<01:46,  5.19it/s]
 20%|██        | 140/693 [00:34<01:53,  4.88it/s]
 20%|██        | 141/693 [00:34<01:57,  4.68it/s]
 20%|██        | 142/693 [00:34<02:00,  4.56it/s]
 21%|██        | 143/693 [00:35<02:03,  4.45it/s]
 21%|██        | 144/693 [00:35<02:04,  4.40it/s]
 21%|██        | 145/693 [00:35<02:06,  4.34it/s]
 21%|██        | 146/693 [00:35<02:04,  4.38it/s]
 21%|██        | 147/693 [00:36<02:06,  4.32it/s]
 21%|██▏       | 148/693 [00:36<02:07,  4.28it/s]
 22%|██▏       | 149/693 [00:36<02:06,  4.29it/s]
 22%|██▏       | 150/693 [00:36<01:52,  4.85it/s]
 22%|██▏       | 151/693 [00:36<01:40,  5.41it/s]
 22%|██▏       | 152/693 [00:37<01:45,  5.13it/s]
 22%|██▏       | 153/693 [00:37<01:52,  4.79it/s]
 22%|██▏       | 154/693 [00:37<01:58,  4.54it/s]
 22%|██▏       | 155/693 [00:37<02:00,  4.48it/s]
 23%|██▎       | 156/693 [00:38<02:02,  4.39it/s]
 23%|██▎       | 157/693 [00:38<02:03,  4.35it/s]
 23%|██▎       | 158/693 [00:38<02:03,  4.34it/s]
 23%|██▎       | 159/693 [00:38<02:04,  4.31it/s]
 23%|██▎       | 160/693 [00:38<02:06,  4.22it/s]
 23%|██▎       | 161/693 [00:39<02:06,  4.22it/s]
 23%|██▎       | 162/693 [00:39<02:02,  4.32it/s]
 24%|██▎       | 163/693 [00:39<01:43,  5.12it/s]
 24%|██▎       | 164/693 [00:39<01:38,  5.37it/s]
 24%|██▍       | 165/693 [00:39<01:46,  4.95it/s]
 24%|██▍       | 166/693 [00:40<01:51,  4.71it/s]
 24%|██▍       | 167/693 [00:40<01:55,  4.55it/s]
 24%|██▍       | 168/693 [00:40<01:59,  4.38it/s]
 24%|██▍       | 169/693 [00:40<02:01,  4.31it/s]
 25%|██▍       | 170/693 [00:41<02:03,  4.24it/s]
 25%|██▍       | 171/693 [00:41<01:59,  4.36it/s]
 25%|██▍       | 172/693 [00:41<02:00,  4.32it/s]
 25%|██▍       | 173/693 [00:41<02:01,  4.29it/s]
 25%|██▌       | 174/693 [00:42<02:01,  4.27it/s]
 25%|██▌       | 175/693 [00:42<01:51,  4.66it/s]
 25%|██▌       | 176/693 [00:42<01:42,  5.06it/s]
 26%|██▌       | 177/693 [00:42<01:42,  5.04it/s]
 26%|██▌       | 178/693 [00:42<01:49,  4.71it/s]
 26%|██▌       | 179/693 [00:43<01:54,  4.50it/s]
 26%|██▌       | 180/693 [00:43<01:57,  4.37it/s]
 26%|██▌       | 181/693 [00:43<01:57,  4.35it/s]
 26%|██▋       | 182/693 [00:43<01:58,  4.31it/s]
 26%|██▋       | 183/693 [00:44<01:56,  4.38it/s]
 27%|██▋       | 184/693 [00:44<01:57,  4.33it/s]
 27%|██▋       | 185/693 [00:44<01:58,  4.29it/s]
 27%|██▋       | 186/693 [00:44<01:58,  4.28it/s]
 27%|██▋       | 187/693 [00:44<01:52,  4.49it/s]
 27%|██▋       | 188/693 [00:45<01:39,  5.06it/s]
 27%|██▋       | 189/693 [00:45<01:28,  5.66it/s]
 27%|██▋       | 190/693 [00:45<01:34,  5.33it/s]
 28%|██▊       | 191/693 [00:45<01:41,  4.94it/s]
 28%|██▊       | 192/693 [00:45<01:46,  4.69it/s]
 28%|██▊       | 193/693 [00:46<01:50,  4.53it/s]
 28%|██▊       | 194/693 [00:46<01:53,  4.41it/s]
 28%|██▊       | 195/693 [00:46<01:54,  4.35it/s]
 28%|██▊       | 196/693 [00:46<01:53,  4.37it/s]
 28%|██▊       | 197/693 [00:47<01:54,  4.33it/s]
 29%|██▊       | 198/693 [00:47<01:54,  4.31it/s]
 29%|██▊       | 199/693 [00:47<01:55,  4.28it/s]
 29%|██▉       | 200/693 [00:47<01:52,  4.40it/s]
 29%|██▉       | 201/693 [00:47<01:37,  5.06it/s]
 29%|██▉       | 202/693 [00:48<01:31,  5.39it/s]
 29%|██▉       | 203/693 [00:48<01:38,  4.96it/s]
 29%|██▉       | 204/693 [00:48<01:43,  4.72it/s]
 30%|██▉       | 205/693 [00:48<01:47,  4.55it/s]
 30%|██▉       | 206/693 [00:49<01:49,  4.45it/s]
 30%|██▉       | 207/693 [00:49<01:51,  4.38it/s]
 30%|███       | 208/693 [00:49<01:52,  4.33it/s]
 30%|███       | 209/693 [00:49<01:51,  4.35it/s]
 30%|███       | 210/693 [00:49<01:52,  4.28it/s]
 30%|███       | 211/693 [00:50<01:51,  4.32it/s]
 31%|███       | 212/693 [00:50<01:52,  4.28it/s]
 31%|███       | 213/693 [00:50<01:43,  4.62it/s]
 31%|███       | 214/693 [00:50<01:33,  5.12it/s]
 31%|███       | 215/693 [00:50<01:34,  5.07it/s]
 31%|███       | 216/693 [00:51<01:40,  4.76it/s]
 31%|███▏      | 217/693 [00:51<01:43,  4.61it/s]
 31%|███▏      | 218/693 [00:51<01:45,  4.50it/s]
 32%|███▏      | 219/693 [00:51<01:47,  4.41it/s]
 32%|███▏      | 220/693 [00:52<01:48,  4.37it/s]
 32%|███▏      | 221/693 [00:52<01:46,  4.44it/s]
 32%|███▏      | 222/693 [00:52<01:44,  4.51it/s]
 32%|███▏      | 223/693 [00:52<01:46,  4.42it/s]
 32%|███▏      | 224/693 [00:53<01:46,  4.38it/s]
 32%|███▏      | 225/693 [00:53<01:47,  4.36it/s]
 33%|███▎      | 226/693 [00:53<01:36,  4.86it/s]
 33%|███▎      | 227/693 [00:53<01:24,  5.52it/s]
 33%|███▎      | 228/693 [00:53<01:25,  5.42it/s]
 33%|███▎      | 229/693 [00:53<01:33,  4.95it/s]
 33%|███▎      | 230/693 [00:54<01:39,  4.67it/s]
 33%|███▎      | 231/693 [00:54<01:41,  4.54it/s]
 33%|███▎      | 232/693 [00:54<01:44,  4.43it/s]
 34%|███▎      | 233/693 [00:54<01:45,  4.38it/s]
 34%|███▍      | 234/693 [00:55<01:43,  4.42it/s]
 34%|███▍      | 235/693 [00:55<01:40,  4.54it/s]
 34%|███▍      | 236/693 [00:55<01:43,  4.44it/s]
 34%|███▍      | 237/693 [00:55<01:44,  4.38it/s]
 34%|███▍      | 238/693 [00:56<01:44,  4.35it/s]
 34%|███▍      | 239/693 [00:56<01:37,  4.65it/s]
 35%|███▍      | 240/693 [00:56<01:28,  5.10it/s]
 35%|███▍      | 241/693 [00:56<01:34,  4.78it/s]
 35%|███▍      | 242/693 [00:56<01:39,  4.54it/s]
 35%|███▌      | 243/693 [00:57<01:41,  4.43it/s]
 35%|███▌      | 244/693 [00:57<01:44,  4.31it/s]
 35%|███▌      | 245/693 [00:57<01:43,  4.31it/s]
 35%|███▌      | 246/693 [00:57<01:44,  4.26it/s]
 36%|███▌      | 247/693 [00:58<01:42,  4.37it/s]
 36%|███▌      | 248/693 [00:58<01:42,  4.34it/s]
 36%|███▌      | 249/693 [00:58<01:43,  4.31it/s]
 36%|███▌      | 250/693 [00:58<01:43,  4.29it/s]
 36%|███▌      | 251/693 [00:58<01:33,  4.71it/s]
 36%|███▋      | 252/693 [00:59<01:24,  5.19it/s]
 37%|███▋      | 253/693 [00:59<01:28,  4.99it/s]
 37%|███▋      | 254/693 [00:59<01:32,  4.73it/s]
 37%|███▋      | 255/693 [00:59<01:36,  4.56it/s]
 37%|███▋      | 256/693 [00:59<01:38,  4.44it/s]
 37%|███▋      | 257/693 [01:00<01:39,  4.37it/s]
 37%|███▋      | 258/693 [01:00<01:40,  4.33it/s]
 37%|███▋      | 259/693 [01:00<01:40,  4.30it/s]
 38%|███▊      | 260/693 [01:00<01:41,  4.28it/s]
 38%|███▊      | 261/693 [01:01<01:41,  4.27it/s]
 38%|███▊      | 262/693 [01:01<01:40,  4.27it/s]
 38%|███▊      | 263/693 [01:01<01:37,  4.41it/s]
 38%|███▊      | 264/693 [01:01<01:26,  4.99it/s]
 38%|███▊      | 265/693 [01:01<01:17,  5.51it/s]
 38%|███▊      | 266/693 [01:02<01:23,  5.10it/s]
 39%|███▊      | 267/693 [01:02<01:28,  4.79it/s]
 39%|███▊      | 268/693 [01:02<01:32,  4.61it/s]
 39%|███▉      | 269/693 [01:02<01:34,  4.48it/s]
 39%|███▉      | 270/693 [01:03<01:36,  4.40it/s]
 39%|███▉      | 271/693 [01:03<01:37,  4.34it/s]
 39%|███▉      | 272/693 [01:03<01:36,  4.38it/s]
 39%|███▉      | 273/693 [01:03<01:36,  4.34it/s]
 40%|███▉      | 274/693 [01:03<01:37,  4.32it/s]
 40%|███▉      | 275/693 [01:04<01:37,  4.30it/s]
 40%|███▉      | 276/693 [01:04<01:33,  4.46it/s]
 40%|███▉      | 277/693 [01:04<01:21,  5.11it/s]
 40%|████      | 278/693 [01:04<01:16,  5.40it/s]
 40%|████      | 279/693 [01:04<01:22,  5.00it/s]
 40%|████      | 280/693 [01:05<01:27,  4.71it/s]
 41%|████      | 281/693 [01:05<01:30,  4.55it/s]
 41%|████      | 282/693 [01:05<01:32,  4.45it/s]
 41%|████      | 283/693 [01:05<01:33,  4.37it/s]
 41%|████      | 284/693 [01:06<01:34,  4.34it/s]
 41%|████      | 285/693 [01:06<01:33,  4.36it/s]
 41%|████▏     | 286/693 [01:06<01:34,  4.30it/s]
 41%|████▏     | 287/693 [01:06<01:34,  4.32it/s]
 42%|████▏     | 288/693 [01:07<01:34,  4.28it/s]
 42%|████▏     | 289/693 [01:07<01:27,  4.61it/s]
 42%|████▏     | 290/693 [01:07<01:19,  5.04it/s]
 42%|████▏     | 291/693 [01:07<01:19,  5.04it/s]
 42%|████▏     | 292/693 [01:07<01:24,  4.76it/s]
 42%|████▏     | 293/693 [01:08<01:27,  4.59it/s]
 42%|████▏     | 294/693 [01:08<01:29,  4.46it/s]
 43%|████▎     | 295/693 [01:08<01:30,  4.39it/s]
 43%|████▎     | 296/693 [01:08<01:31,  4.34it/s]
 43%|████▎     | 297/693 [01:09<01:28,  4.46it/s]
 43%|████▎     | 298/693 [01:09<01:28,  4.44it/s]
 43%|████▎     | 299/693 [01:09<01:29,  4.39it/s]
 43%|████▎     | 300/693 [01:09<01:30,  4.33it/s]
 43%|████▎     | 301/693 [01:09<01:30,  4.32it/s]
 44%|████▎     | 302/693 [01:10<01:20,  4.83it/s]
 44%|████▎     | 303/693 [01:10<01:12,  5.40it/s]
 44%|████▍     | 304/693 [01:10<01:17,  4.99it/s]
 44%|████▍     | 305/693 [01:10<01:21,  4.74it/s]
 44%|████▍     | 306/693 [01:10<01:24,  4.56it/s]
 44%|████▍     | 307/693 [01:11<01:27,  4.43it/s]
 44%|████▍     | 308/693 [01:11<01:27,  4.38it/s]
 45%|████▍     | 309/693 [01:11<01:28,  4.32it/s]
 45%|████▍     | 310/693 [01:11<01:26,  4.40it/s]
 45%|████▍     | 311/693 [01:12<01:27,  4.35it/s]
 45%|████▌     | 312/693 [01:12<01:28,  4.33it/s]
 45%|████▌     | 313/693 [01:12<01:28,  4.31it/s]
 45%|████▌     | 314/693 [01:12<01:24,  4.49it/s]
 45%|████▌     | 315/693 [01:12<01:13,  5.17it/s]
 46%|████▌     | 316/693 [01:13<01:10,  5.37it/s]
 46%|████▌     | 317/693 [01:13<01:15,  4.95it/s]
 46%|████▌     | 318/693 [01:13<01:19,  4.71it/s]
 46%|████▌     | 319/693 [01:13<01:22,  4.52it/s]
 46%|████▌     | 320/693 [01:14<01:24,  4.43it/s]
 46%|████▋     | 321/693 [01:14<01:25,  4.36it/s]
 46%|████▋     | 322/693 [01:14<01:25,  4.32it/s]
 47%|████▋     | 323/693 [01:14<01:24,  4.37it/s]
 47%|████▋     | 324/693 [01:14<01:25,  4.33it/s]
 47%|████▋     | 325/693 [01:15<01:25,  4.30it/s]
 47%|████▋     | 326/693 [01:15<01:25,  4.30it/s]
 47%|████▋     | 327/693 [01:15<01:18,  4.66it/s]
 47%|████▋     | 328/693 [01:15<01:09,  5.26it/s]
 47%|████▋     | 329/693 [01:15<01:09,  5.23it/s]
 48%|████▊     | 330/693 [01:16<01:14,  4.89it/s]
 48%|████▊     | 331/693 [01:16<01:17,  4.66it/s]
 48%|████▊     | 332/693 [01:16<01:19,  4.52it/s]
 48%|████▊     | 333/693 [01:16<01:21,  4.42it/s]
 48%|████▊     | 334/693 [01:17<01:22,  4.36it/s]
 48%|████▊     | 335/693 [01:17<01:22,  4.33it/s]
 48%|████▊     | 336/693 [01:17<01:19,  4.50it/s]
 49%|████▊     | 337/693 [01:17<01:21,  4.39it/s]
 49%|████▉     | 338/693 [01:18<01:21,  4.35it/s]
 49%|████▉     | 339/693 [01:18<01:21,  4.32it/s]
 49%|████▉     | 340/693 [01:18<01:14,  4.76it/s]
 49%|████▉     | 341/693 [01:18<01:05,  5.34it/s]
 49%|████▉     | 342/693 [01:18<01:10,  5.00it/s]
 49%|████▉     | 343/693 [01:19<01:14,  4.69it/s]
 50%|████▉     | 344/693 [01:19<01:16,  4.55it/s]
 50%|████▉     | 345/693 [01:19<01:18,  4.44it/s]
 50%|████▉     | 346/693 [01:19<01:19,  4.37it/s]
 50%|█████     | 347/693 [01:19<01:19,  4.33it/s]
 50%|█████     | 348/693 [01:20<01:19,  4.34it/s]
 50%|█████     | 349/693 [01:20<01:19,  4.32it/s]
 51%|█████     | 350/693 [01:20<01:19,  4.30it/s]
 51%|█████     | 351/693 [01:20<01:19,  4.30it/s]
 51%|█████     | 352/693 [01:21<01:16,  4.45it/s]
 51%|█████     | 353/693 [01:21<01:07,  5.03it/s]
 51%|█████     | 354/693 [01:21<01:06,  5.08it/s]
 51%|█████     | 355/693 [01:21<01:10,  4.78it/s]
 51%|█████▏    | 356/693 [01:21<01:13,  4.60it/s]
 52%|█████▏    | 357/693 [01:22<01:15,  4.48it/s]
 52%|█████▏    | 358/693 [01:22<01:16,  4.39it/s]
 52%|█████▏    | 359/693 [01:22<01:16,  4.35it/s]
 52%|█████▏    | 360/693 [01:22<01:17,  4.31it/s]
 52%|█████▏    | 361/693 [01:23<01:13,  4.52it/s]
 52%|█████▏    | 362/693 [01:23<01:14,  4.44it/s]
 52%|█████▏    | 363/693 [01:23<01:15,  4.37it/s]
 53%|█████▎    | 364/693 [01:23<01:16,  4.32it/s]
 53%|█████▎    | 365/693 [01:23<01:08,  4.76it/s]
 53%|█████▎    | 366/693 [01:24<01:02,  5.22it/s]
 53%|█████▎    | 367/693 [01:24<01:05,  4.97it/s]
 53%|█████▎    | 368/693 [01:24<01:09,  4.71it/s]
 53%|█████▎    | 369/693 [01:24<01:11,  4.56it/s]
 53%|█████▎    | 370/693 [01:25<01:12,  4.44it/s]
 54%|█████▎    | 371/693 [01:25<01:13,  4.38it/s]
 54%|█████▎    | 372/693 [01:25<01:14,  4.33it/s]
 54%|█████▍    | 373/693 [01:25<01:14,  4.32it/s]
 54%|█████▍    | 374/693 [01:25<01:14,  4.29it/s]
 54%|█████▍    | 375/693 [01:26<01:14,  4.28it/s]
 54%|█████▍    | 376/693 [01:26<01:14,  4.28it/s]
 54%|█████▍    | 377/693 [01:26<01:11,  4.42it/s]
 55%|█████▍    | 378/693 [01:26<01:03,  4.99it/s]
 55%|█████▍    | 379/693 [01:26<00:58,  5.33it/s]
 55%|█████▍    | 380/693 [01:27<01:03,  4.95it/s]
 55%|█████▍    | 381/693 [01:27<01:06,  4.69it/s]
 55%|█████▌    | 382/693 [01:27<01:08,  4.55it/s]
 55%|█████▌    | 383/693 [01:27<01:09,  4.44it/s]
 55%|█████▌    | 384/693 [01:28<01:10,  4.36it/s]
 56%|█████▌    | 385/693 [01:28<01:11,  4.33it/s]
 56%|█████▌    | 386/693 [01:28<01:10,  4.34it/s]
 56%|█████▌    | 387/693 [01:28<01:10,  4.32it/s]
 56%|█████▌    | 388/693 [01:29<01:10,  4.30it/s]
 56%|█████▌    | 389/693 [01:29<01:11,  4.28it/s]
 56%|█████▋    | 390/693 [01:29<01:05,  4.62it/s]
 56%|█████▋    | 391/693 [01:29<00:57,  5.23it/s]
 57%|█████▋    | 392/693 [01:29<01:00,  4.94it/s]
 57%|█████▋    | 393/693 [01:30<01:03,  4.70it/s]
 57%|█████▋    | 394/693 [01:30<01:05,  4.54it/s]
 57%|█████▋    | 395/693 [01:30<01:07,  4.44it/s]
 57%|█████▋    | 396/693 [01:30<01:07,  4.38it/s]
 57%|█████▋    | 397/693 [01:30<01:08,  4.32it/s]
 57%|█████▋    | 398/693 [01:31<01:08,  4.29it/s]
 58%|█████▊    | 399/693 [01:31<01:08,  4.28it/s]
 58%|█████▊    | 400/693 [01:31<01:08,  4.28it/s]
 58%|█████▊    | 401/693 [01:31<01:08,  4.27it/s]
 58%|█████▊    | 402/693 [01:32<01:06,  4.40it/s]
 58%|█████▊    | 403/693 [01:32<00:57,  5.03it/s]
 58%|█████▊    | 404/693 [01:32<00:52,  5.47it/s]
 58%|█████▊    | 405/693 [01:32<00:57,  5.03it/s]
 59%|█████▊    | 406/693 [01:32<01:00,  4.75it/s]
 59%|█████▊    | 407/693 [01:33<01:02,  4.57it/s]
 59%|█████▉    | 408/693 [01:33<01:03,  4.47it/s]
 59%|█████▉    | 409/693 [01:33<01:04,  4.38it/s]
 59%|█████▉    | 410/693 [01:33<01:05,  4.34it/s]
 59%|█████▉    | 411/693 [01:34<01:03,  4.47it/s]
 59%|█████▉    | 412/693 [01:34<01:03,  4.41it/s]
 60%|█████▉    | 413/693 [01:34<01:04,  4.35it/s]
 60%|█████▉    | 414/693 [01:34<01:04,  4.31it/s]
 60%|█████▉    | 415/693 [01:34<01:01,  4.50it/s]
 60%|██████    | 416/693 [01:35<00:53,  5.15it/s]
 60%|██████    | 417/693 [01:35<00:47,  5.75it/s]
 60%|██████    | 418/693 [01:35<00:52,  5.29it/s]
 60%|██████    | 419/693 [01:35<00:55,  4.92it/s]
 61%|██████    | 420/693 [01:35<00:57,  4.71it/s]
 61%|██████    | 421/693 [01:36<01:00,  4.49it/s]
 61%|██████    | 422/693 [01:36<01:01,  4.41it/s]
 61%|██████    | 423/693 [01:36<01:02,  4.32it/s]
 61%|██████    | 424/693 [01:36<01:02,  4.30it/s]
 61%|██████▏   | 425/693 [01:37<01:02,  4.28it/s]
 61%|██████▏   | 426/693 [01:37<01:01,  4.33it/s]
 62%|██████▏   | 427/693 [01:37<01:01,  4.30it/s]
 62%|██████▏   | 428/693 [01:37<00:59,  4.44it/s]
 62%|██████▏   | 429/693 [01:37<00:53,  4.90it/s]
 62%|██████▏   | 430/693 [01:38<00:53,  4.94it/s]
 62%|██████▏   | 431/693 [01:38<00:55,  4.70it/s]
 62%|██████▏   | 432/693 [01:38<00:57,  4.51it/s]
 62%|██████▏   | 433/693 [01:38<00:59,  4.40it/s]
 63%|██████▎   | 434/693 [01:39<01:00,  4.31it/s]
 63%|██████▎   | 435/693 [01:39<01:00,  4.26it/s]
 63%|██████▎   | 436/693 [01:39<00:59,  4.35it/s]
 63%|██████▎   | 437/693 [01:39<00:58,  4.38it/s]
 63%|██████▎   | 438/693 [01:40<00:58,  4.33it/s]
 63%|██████▎   | 439/693 [01:40<00:59,  4.30it/s]
 63%|██████▎   | 440/693 [01:40<00:58,  4.33it/s]
 64%|██████▎   | 441/693 [01:40<00:51,  4.87it/s]
 64%|██████▍   | 442/693 [01:40<00:47,  5.28it/s]
 64%|██████▍   | 443/693 [01:41<00:51,  4.89it/s]
 64%|██████▍   | 444/693 [01:41<00:54,  4.60it/s]
 64%|██████▍   | 445/693 [01:41<00:55,  4.46it/s]
 64%|██████▍   | 446/693 [01:41<00:56,  4.36it/s]
 65%|██████▍   | 447/693 [01:41<00:57,  4.30it/s]
 65%|██████▍   | 448/693 [01:42<00:57,  4.25it/s]
 65%|██████▍   | 449/693 [01:42<00:56,  4.32it/s]
 65%|██████▍   | 450/693 [01:42<00:57,  4.24it/s]
 65%|██████▌   | 451/693 [01:42<00:57,  4.22it/s]
 65%|██████▌   | 452/693 [01:43<00:57,  4.21it/s]
 65%|██████▌   | 453/693 [01:43<00:51,  4.63it/s]
 66%|██████▌   | 454/693 [01:43<00:48,  4.91it/s]
 66%|██████▌   | 455/693 [01:43<00:50,  4.68it/s]
 66%|██████▌   | 456/693 [01:43<00:51,  4.56it/s]
 66%|██████▌   | 457/693 [01:44<00:53,  4.45it/s]
 66%|██████▌   | 458/693 [01:44<00:53,  4.41it/s]
 66%|██████▌   | 459/693 [01:44<00:53,  4.33it/s]
 66%|██████▋   | 460/693 [01:44<00:54,  4.30it/s]
 67%|██████▋   | 461/693 [01:45<00:53,  4.33it/s]
 67%|██████▋   | 462/693 [01:45<00:53,  4.28it/s]
 67%|██████▋   | 463/693 [01:45<00:53,  4.30it/s]
 67%|██████▋   | 464/693 [01:45<00:53,  4.27it/s]
 67%|██████▋   | 465/693 [01:46<00:49,  4.62it/s]
 67%|██████▋   | 466/693 [01:46<00:44,  5.14it/s]
 67%|██████▋   | 467/693 [01:46<00:46,  4.89it/s]
 68%|██████▊   | 468/693 [01:46<00:48,  4.68it/s]
 68%|██████▊   | 469/693 [01:46<00:49,  4.52it/s]
 68%|██████▊   | 470/693 [01:47<00:50,  4.44it/s]
 68%|██████▊   | 471/693 [01:47<00:50,  4.37it/s]
 68%|██████▊   | 472/693 [01:47<00:51,  4.31it/s]
 68%|██████▊   | 473/693 [01:47<00:50,  4.36it/s]
 68%|██████▊   | 474/693 [01:48<00:50,  4.32it/s]
 69%|██████▊   | 475/693 [01:48<00:50,  4.29it/s]
 69%|██████▊   | 476/693 [01:48<00:50,  4.28it/s]
 69%|██████▉   | 477/693 [01:48<00:48,  4.46it/s]
 69%|██████▉   | 478/693 [01:48<00:42,  5.02it/s]
 69%|██████▉   | 479/693 [01:49<00:38,  5.53it/s]
 69%|██████▉   | 480/693 [01:49<00:41,  5.10it/s]
 69%|██████▉   | 481/693 [01:49<00:44,  4.79it/s]
 70%|██████▉   | 482/693 [01:49<00:45,  4.61it/s]
 70%|██████▉   | 483/693 [01:49<00:47,  4.46it/s]
 70%|██████▉   | 484/693 [01:50<00:47,  4.38it/s]
 70%|██████▉   | 485/693 [01:50<00:48,  4.30it/s]
 70%|███████   | 486/693 [01:50<00:47,  4.39it/s]
 70%|███████   | 487/693 [01:50<00:47,  4.35it/s]
 70%|███████   | 488/693 [01:51<00:47,  4.33it/s]
 71%|███████   | 489/693 [01:51<00:47,  4.30it/s]
 71%|███████   | 490/693 [01:51<00:45,  4.49it/s]
 71%|███████   | 491/693 [01:51<00:39,  5.12it/s]
 71%|███████   | 492/693 [01:51<00:36,  5.53it/s]
 71%|███████   | 493/693 [01:52<00:39,  5.10it/s]
 71%|███████▏  | 494/693 [01:52<00:41,  4.81it/s]
 71%|███████▏  | 495/693 [01:52<00:42,  4.61it/s]
 72%|███████▏  | 496/693 [01:52<00:44,  4.46it/s]
 72%|███████▏  | 497/693 [01:53<00:44,  4.37it/s]
 72%|███████▏  | 498/693 [01:53<00:44,  4.36it/s]
 72%|███████▏  | 499/693 [01:53<00:43,  4.49it/s]
 72%|███████▏  | 500/693 [01:53<00:43,  4.45it/s]
 72%|███████▏  | 501/693 [01:53<00:43,  4.37it/s]
 72%|███████▏  | 502/693 [01:54<00:43,  4.35it/s]
 73%|███████▎  | 503/693 [01:54<00:42,  4.47it/s]
 73%|███████▎  | 504/693 [01:54<00:36,  5.12it/s]
 73%|███████▎  | 505/693 [01:54<00:32,  5.73it/s]
 73%|███████▎  | 506/693 [01:54<00:33,  5.53it/s]
 73%|███████▎  | 507/693 [01:55<00:36,  5.05it/s]
 73%|███████▎  | 508/693 [01:55<00:38,  4.77it/s]
 73%|███████▎  | 509/693 [01:55<00:40,  4.58it/s]
 74%|███████▎  | 510/693 [01:55<00:40,  4.47it/s]
 74%|███████▎  | 511/693 [01:56<00:41,  4.37it/s]
 74%|███████▍  | 512/693 [01:56<00:41,  4.40it/s]
 74%|███████▍  | 513/693 [01:56<00:39,  4.51it/s]
 74%|███████▍  | 514/693 [01:56<00:40,  4.43it/s]
 74%|███████▍  | 515/693 [01:56<00:40,  4.38it/s]
 74%|███████▍  | 516/693 [01:57<00:40,  4.34it/s]
 75%|███████▍  | 517/693 [01:57<00:37,  4.66it/s]
 75%|███████▍  | 518/693 [01:57<00:34,  5.02it/s]
 75%|███████▍  | 519/693 [01:57<00:36,  4.76it/s]
 75%|███████▌  | 520/693 [01:57<00:37,  4.56it/s]
 75%|███████▌  | 521/693 [01:58<00:38,  4.43it/s]
 75%|███████▌  | 522/693 [01:58<00:39,  4.38it/s]
 75%|███████▌  | 523/693 [01:58<00:39,  4.32it/s]
 76%|███████▌  | 524/693 [01:58<00:39,  4.30it/s]
 76%|███████▌  | 525/693 [01:59<00:39,  4.30it/s]
 76%|███████▌  | 526/693 [01:59<00:39,  4.26it/s]
 76%|███████▌  | 527/693 [01:59<00:39,  4.25it/s]
 76%|███████▌  | 528/693 [01:59<00:39,  4.20it/s]
 76%|███████▋  | 529/693 [02:00<00:35,  4.59it/s]
 76%|███████▋  | 530/693 [02:00<00:32,  4.95it/s]
 77%|███████▋  | 531/693 [02:00<00:34,  4.68it/s]
 77%|███████▋  | 532/693 [02:00<00:35,  4.47it/s]
 77%|███████▋  | 533/693 [02:00<00:36,  4.44it/s]
 77%|███████▋  | 534/693 [02:01<00:36,  4.38it/s]
 77%|███████▋  | 535/693 [02:01<00:36,  4.33it/s]
 77%|███████▋  | 536/693 [02:01<00:36,  4.29it/s]
 77%|███████▋  | 537/693 [02:01<00:35,  4.39it/s]
 78%|███████▊  | 538/693 [02:02<00:35,  4.35it/s]
 78%|███████▊  | 539/693 [02:02<00:35,  4.33it/s]
 78%|███████▊  | 540/693 [02:02<00:35,  4.31it/s]
 78%|███████▊  | 541/693 [02:02<00:32,  4.74it/s]
 78%|███████▊  | 542/693 [02:02<00:28,  5.25it/s]
 78%|███████▊  | 543/693 [02:03<00:30,  4.92it/s]
 78%|███████▊  | 544/693 [02:03<00:31,  4.70it/s]
 79%|███████▊  | 545/693 [02:03<00:32,  4.54it/s]
 79%|███████▉  | 546/693 [02:03<00:33,  4.43it/s]
 79%|███████▉  | 547/693 [02:04<00:33,  4.37it/s]
 79%|███████▉  | 548/693 [02:04<00:33,  4.32it/s]
 79%|███████▉  | 549/693 [02:04<00:32,  4.41it/s]
 79%|███████▉  | 550/693 [02:04<00:33,  4.32it/s]
 80%|███████▉  | 551/693 [02:04<00:32,  4.33it/s]
 80%|███████▉  | 552/693 [02:05<00:32,  4.31it/s]
 80%|███████▉  | 553/693 [02:05<00:31,  4.50it/s]
 80%|███████▉  | 554/693 [02:05<00:27,  5.05it/s]
 80%|████████  | 555/693 [02:05<00:25,  5.47it/s]
 80%|████████  | 556/693 [02:05<00:27,  5.02it/s]
 80%|████████  | 557/693 [02:06<00:28,  4.75it/s]
 81%|████████  | 558/693 [02:06<00:29,  4.57it/s]
 81%|████████  | 559/693 [02:06<00:30,  4.46it/s]
 81%|████████  | 560/693 [02:06<00:30,  4.39it/s]
 81%|████████  | 561/693 [02:07<00:30,  4.34it/s]
 81%|████████  | 562/693 [02:07<00:29,  4.50it/s]
 81%|████████  | 563/693 [02:07<00:29,  4.43it/s]
 81%|████████▏ | 564/693 [02:07<00:29,  4.37it/s]
 82%|████████▏ | 565/693 [02:08<00:29,  4.33it/s]
 82%|████████▏ | 566/693 [02:08<00:28,  4.51it/s]
 82%|████████▏ | 567/693 [02:08<00:24,  5.17it/s]
 82%|████████▏ | 568/693 [02:08<00:22,  5.56it/s]
 82%|████████▏ | 569/693 [02:08<00:24,  5.11it/s]
 82%|████████▏ | 570/693 [02:08<00:25,  4.79it/s]
 82%|████████▏ | 571/693 [02:09<00:26,  4.62it/s]
 83%|████████▎ | 572/693 [02:09<00:27,  4.47it/s]
 83%|████████▎ | 573/693 [02:09<00:27,  4.39it/s]
 83%|████████▎ | 574/693 [02:09<00:27,  4.35it/s]
 83%|████████▎ | 575/693 [02:10<00:27,  4.36it/s]
 83%|████████▎ | 576/693 [02:10<00:27,  4.30it/s]
 83%|████████▎ | 577/693 [02:10<00:27,  4.29it/s]
 83%|████████▎ | 578/693 [02:10<00:26,  4.28it/s]
 84%|████████▎ | 579/693 [02:11<00:24,  4.61it/s]
 84%|████████▎ | 580/693 [02:11<00:22,  5.12it/s]
 84%|████████▍ | 581/693 [02:11<00:21,  5.12it/s]
 84%|████████▍ | 582/693 [02:11<00:23,  4.79it/s]
 84%|████████▍ | 583/693 [02:11<00:23,  4.60it/s]
 84%|████████▍ | 584/693 [02:12<00:24,  4.48it/s]
 84%|████████▍ | 585/693 [02:12<00:24,  4.39it/s]
 85%|████████▍ | 586/693 [02:12<00:24,  4.34it/s]
 85%|████████▍ | 587/693 [02:12<00:24,  4.40it/s]
 85%|████████▍ | 588/693 [02:12<00:23,  4.47it/s]
 85%|████████▍ | 589/693 [02:13<00:23,  4.39it/s]
 85%|████████▌ | 590/693 [02:13<00:23,  4.33it/s]
 85%|████████▌ | 591/693 [02:13<00:23,  4.31it/s]
 85%|████████▌ | 592/693 [02:13<00:20,  4.81it/s]
 86%|████████▌ | 593/693 [02:13<00:18,  5.38it/s]
 86%|████████▌ | 594/693 [02:14<00:19,  5.10it/s]
 86%|████████▌ | 595/693 [02:14<00:20,  4.78it/s]
 86%|████████▌ | 596/693 [02:14<00:21,  4.60it/s]
 86%|████████▌ | 597/693 [02:14<00:21,  4.48it/s]
 86%|████████▋ | 598/693 [02:15<00:21,  4.40it/s]
 86%|████████▋ | 599/693 [02:15<00:21,  4.34it/s]
 87%|████████▋ | 600/693 [02:15<00:21,  4.30it/s]
 87%|████████▋ | 601/693 [02:15<00:21,  4.31it/s]
 87%|████████▋ | 602/693 [02:16<00:21,  4.28it/s]
 87%|████████▋ | 603/693 [02:16<00:21,  4.28it/s]
 87%|████████▋ | 604/693 [02:16<00:20,  4.41it/s]
 87%|████████▋ | 605/693 [02:16<00:17,  5.06it/s]
 87%|████████▋ | 606/693 [02:16<00:16,  5.24it/s]
 88%|████████▊ | 607/693 [02:17<00:17,  4.90it/s]
 88%|████████▊ | 608/693 [02:17<00:18,  4.69it/s]
 88%|████████▊ | 609/693 [02:17<00:18,  4.52it/s]
 88%|████████▊ | 610/693 [02:17<00:18,  4.43it/s]
 88%|████████▊ | 611/693 [02:18<00:18,  4.36it/s]
 88%|████████▊ | 612/693 [02:18<00:18,  4.32it/s]
 88%|████████▊ | 613/693 [02:18<00:18,  4.37it/s]
 89%|████████▊ | 614/693 [02:18<00:18,  4.33it/s]
 89%|████████▊ | 615/693 [02:18<00:18,  4.30it/s]
 89%|████████▉ | 616/693 [02:19<00:17,  4.29it/s]
 89%|████████▉ | 617/693 [02:19<00:16,  4.72it/s]
 89%|████████▉ | 618/693 [02:19<00:14,  5.19it/s]
 89%|████████▉ | 619/693 [02:19<00:15,  4.89it/s]
 89%|████████▉ | 620/693 [02:19<00:15,  4.67it/s]
 90%|████████▉ | 621/693 [02:20<00:15,  4.52it/s]
 90%|████████▉ | 622/693 [02:20<00:16,  4.43it/s]
 90%|████████▉ | 623/693 [02:20<00:16,  4.36it/s]
 90%|█████████ | 624/693 [02:20<00:15,  4.32it/s]
 90%|█████████ | 625/693 [02:21<00:15,  4.37it/s]
 90%|█████████ | 626/693 [02:21<00:15,  4.33it/s]
 90%|█████████ | 627/693 [02:21<00:15,  4.29it/s]
 91%|█████████ | 628/693 [02:21<00:15,  4.28it/s]
 91%|█████████ | 629/693 [02:22<00:14,  4.46it/s]
 91%|█████████ | 630/693 [02:22<00:12,  5.03it/s]
 91%|█████████ | 631/693 [02:22<00:11,  5.45it/s]
 91%|█████████ | 632/693 [02:22<00:12,  5.01it/s]
 91%|█████████▏| 633/693 [02:22<00:12,  4.73it/s]
 91%|█████████▏| 634/693 [02:23<00:12,  4.56it/s]
 92%|█████████▏| 635/693 [02:23<00:13,  4.46it/s]
 92%|█████████▏| 636/693 [02:23<00:13,  4.37it/s]
 92%|█████████▏| 637/693 [02:23<00:12,  4.34it/s]
 92%|█████████▏| 638/693 [02:24<00:12,  4.37it/s]
 92%|█████████▏| 639/693 [02:24<00:12,  4.33it/s]
 92%|█████████▏| 640/693 [02:24<00:12,  4.31it/s]
 92%|█████████▏| 641/693 [02:24<00:12,  4.30it/s]
 93%|█████████▎| 642/693 [02:24<00:11,  4.58it/s]
 93%|█████████▎| 643/693 [02:25<00:09,  5.21it/s]
 93%|█████████▎| 644/693 [02:25<00:09,  5.15it/s]
 93%|█████████▎| 645/693 [02:25<00:09,  4.82it/s]
 93%|█████████▎| 646/693 [02:25<00:10,  4.63it/s]
 93%|█████████▎| 647/693 [02:25<00:10,  4.49it/s]
 94%|█████████▎| 648/693 [02:26<00:10,  4.38it/s]
 94%|█████████▎| 649/693 [02:26<00:10,  4.35it/s]
 94%|█████████▍| 650/693 [02:26<00:09,  4.31it/s]
 94%|█████████▍| 651/693 [02:26<00:09,  4.55it/s]
 94%|█████████▍| 652/693 [02:27<00:09,  4.43it/s]
 94%|█████████▍| 653/693 [02:27<00:09,  4.39it/s]
 94%|█████████▍| 654/693 [02:27<00:08,  4.35it/s]
 95%|█████████▍| 655/693 [02:27<00:07,  4.81it/s]
 95%|█████████▍| 656/693 [02:27<00:06,  5.30it/s]
 95%|█████████▍| 657/693 [02:28<00:07,  5.14it/s]
 95%|█████████▍| 658/693 [02:28<00:07,  4.81it/s]
 95%|█████████▌| 659/693 [02:28<00:07,  4.61it/s]
 95%|█████████▌| 660/693 [02:28<00:07,  4.49it/s]
 95%|█████████▌| 661/693 [02:29<00:07,  4.40it/s]
 96%|█████████▌| 662/693 [02:29<00:07,  4.36it/s]
 96%|█████████▌| 663/693 [02:29<00:06,  4.46it/s]
 96%|█████████▌| 664/693 [02:29<00:06,  4.38it/s]
 96%|█████████▌| 665/693 [02:29<00:06,  4.34it/s]
 96%|█████████▌| 666/693 [02:30<00:06,  4.31it/s]
 96%|█████████▌| 667/693 [02:30<00:05,  4.36it/s]
 96%|█████████▋| 668/693 [02:30<00:05,  4.92it/s]
 97%|█████████▋| 669/693 [02:30<00:04,  5.42it/s]
 97%|█████████▋| 670/693 [02:30<00:04,  5.01it/s]
 97%|█████████▋| 671/693 [02:31<00:04,  4.73it/s]
 97%|█████████▋| 672/693 [02:31<00:04,  4.57it/s]
 97%|█████████▋| 673/693 [02:31<00:04,  4.46it/s]
 97%|█████████▋| 674/693 [02:31<00:04,  4.37it/s]
 97%|█████████▋| 675/693 [02:32<00:04,  4.32it/s]
 98%|█████████▊| 676/693 [02:32<00:03,  4.41it/s]
 98%|█████████▊| 677/693 [02:32<00:03,  4.37it/s]
 98%|█████████▊| 678/693 [02:32<00:03,  4.32it/s]
 98%|█████████▊| 679/693 [02:33<00:03,  4.31it/s]
 98%|█████████▊| 680/693 [02:33<00:02,  4.48it/s]
 98%|█████████▊| 681/693 [02:33<00:02,  5.11it/s]
 98%|█████████▊| 682/693 [02:33<00:02,  5.43it/s]
 99%|█████████▊| 683/693 [02:33<00:01,  5.02it/s]
 99%|█████████▊| 684/693 [02:33<00:01,  4.76it/s]
 99%|█████████▉| 685/693 [02:34<00:01,  4.58it/s]
 99%|█████████▉| 686/693 [02:34<00:01,  4.48it/s]
 99%|█████████▉| 687/693 [02:34<00:01,  4.39it/s]
 99%|█████████▉| 688/693 [02:34<00:01,  4.35it/s]
 99%|█████████▉| 689/693 [02:35<00:00,  4.38it/s]
100%|█████████▉| 690/693 [02:35<00:00,  4.31it/s]
100%|█████████▉| 691/693 [02:35<00:00,  4.33it/s]
100%|█████████▉| 692/693 [02:35<00:00,  4.31it/s]
100%|██████████| 693/693 [02:36<00:00,  4.59it/s]
100%|██████████| 693/693 [02:36<00:00,  4.44it/s]
Training loss: 1.934217831617138, KL loss: 1.379289039285668, Sim loss: 0.08680114547589668, Exo CLS loss: 1.9184782171748245, 
Noun sim loss: 0.33139492770251083, Part sim loss: 0.914010773403476, Proto loss: 2.3274489348756973, Conc loss: 0.15036977578121175
learning rate:4.992619024268208e-05


  0%|          | 0/168 [00:00<?, ?it/s]
  1%|          | 1/168 [00:00<01:53,  1.48it/s]
  2%|▏         | 4/168 [00:00<00:27,  5.95it/s]
  4%|▎         | 6/168 [00:01<00:24,  6.73it/s]
  5%|▌         | 9/168 [00:01<00:17,  9.16it/s]
  7%|▋         | 12/168 [00:01<00:13, 11.85it/s]
  9%|▉         | 15/168 [00:01<00:10, 14.33it/s]
 10%|█         | 17/168 [00:02<00:19,  7.74it/s]
 12%|█▏        | 20/168 [00:02<00:14, 10.10it/s]
 14%|█▎        | 23/168 [00:02<00:11, 12.45it/s]
 15%|█▍        | 25/168 [00:02<00:15,  9.36it/s]
 17%|█▋        | 28/168 [00:02<00:11, 11.76it/s]
 18%|█▊        | 31/168 [00:03<00:09, 14.07it/s]
 20%|██        | 34/168 [00:03<00:08, 15.62it/s]
 22%|██▏       | 37/168 [00:03<00:07, 17.43it/s]
 24%|██▍       | 40/168 [00:03<00:06, 18.93it/s]
 26%|██▌       | 44/168 [00:03<00:05, 22.42it/s]
 29%|██▊       | 48/168 [00:03<00:04, 25.79it/s]
 30%|███       | 51/168 [00:03<00:04, 24.91it/s]
 32%|███▏      | 54/168 [00:03<00:04, 23.54it/s]
 34%|███▍      | 57/168 [00:04<00:04, 22.32it/s]
 36%|███▌      | 60/168 [00:04<00:04, 21.99it/s]
 38%|███▊      | 63/168 [00:04<00:04, 22.25it/s]
 39%|███▉      | 66/168 [00:04<00:04, 21.55it/s]
 41%|████      | 69/168 [00:04<00:04, 21.18it/s]
 43%|████▎     | 72/168 [00:04<00:04, 21.77it/s]
 45%|████▍     | 75/168 [00:04<00:04, 21.41it/s]
 46%|████▋     | 78/168 [00:05<00:04, 22.12it/s]
 48%|████▊     | 81/168 [00:05<00:03, 21.95it/s]
 50%|█████     | 84/168 [00:05<00:03, 21.37it/s]
 52%|█████▏    | 87/168 [00:05<00:03, 21.38it/s]
 54%|█████▎    | 90/168 [00:05<00:03, 21.46it/s]
 55%|█████▌    | 93/168 [00:06<00:05, 13.80it/s]
 57%|█████▋    | 95/168 [00:06<00:06, 11.70it/s]
 58%|█████▊    | 98/168 [00:06<00:05, 13.84it/s]
 60%|██████    | 101/168 [00:06<00:04, 15.86it/s]
 62%|██████▏   | 104/168 [00:06<00:03, 17.31it/s]
 64%|██████▎   | 107/168 [00:06<00:03, 18.66it/s]
 65%|██████▌   | 110/168 [00:06<00:02, 19.61it/s]
 67%|██████▋   | 113/168 [00:07<00:02, 19.88it/s]
 69%|██████▉   | 116/168 [00:07<00:02, 20.36it/s]
 71%|███████   | 119/168 [00:07<00:02, 20.62it/s]
 73%|███████▎  | 122/168 [00:07<00:02, 20.65it/s]
 74%|███████▍  | 125/168 [00:07<00:02, 20.86it/s]
 76%|███████▌  | 128/168 [00:07<00:01, 20.98it/s]
 78%|███████▊  | 131/168 [00:07<00:01, 20.63it/s]
 80%|████████  | 135/168 [00:08<00:01, 24.47it/s]
 82%|████████▏ | 138/168 [00:08<00:01, 24.72it/s]
 84%|████████▍ | 141/168 [00:08<00:01, 24.14it/s]
 86%|████████▌ | 144/168 [00:08<00:01, 23.48it/s]
 88%|████████▊ | 147/168 [00:08<00:00, 21.65it/s]
 89%|████████▉ | 150/168 [00:08<00:00, 22.11it/s]
 91%|█████████ | 153/168 [00:08<00:00, 22.26it/s]
 93%|█████████▎| 156/168 [00:09<00:00, 22.25it/s]
 95%|█████████▍| 159/168 [00:09<00:00, 21.91it/s]
 96%|█████████▋| 162/168 [00:09<00:00, 14.59it/s]
 98%|█████████▊| 165/168 [00:09<00:00, 16.44it/s]
100%|██████████| 168/168 [00:09<00:00, 18.21it/s]
100%|██████████| 168/168 [00:09<00:00, 16.92it/s]
Result on AGD: 
KLD=1.1927303075790405, SIM=0.38324975967407227, NSS=1.340369701385498
noun sim: 0.13113228794896886, part sim: 0.7287813205094564
New best KLD: 1.1927303075790405, 0.38324975967407227, 1.340369701385498
Epoch 1 loss coeffs: kl=0.3, sim=1.0, exo_cls=0.6, noun=0.1, part=0.01, proto=0.1, conc=0.05
============Training Epoch 1============

  0%|          | 0/693 [00:00<?, ?it/s]/mnt/sdb/wyn/envs/clip-env/lib/python3.10/site-packages/torch/_tensor.py:1002: UserWarning: non-inplace resize is deprecated
  warnings.warn("non-inplace resize is deprecated")
/mnt/sdb/wyn/envs/clip-env/lib/python3.10/site-packages/torch/_tensor.py:1002: UserWarning: non-inplace resize is deprecated
  warnings.warn("non-inplace resize is deprecated")
/mnt/sdb/wyn/envs/clip-env/lib/python3.10/site-packages/torch/_tensor.py:1002: UserWarning: non-inplace resize is deprecated
  warnings.warn("non-inplace resize is deprecated")
/mnt/sdb/wyn/envs/clip-env/lib/python3.10/site-packages/torch/_tensor.py:1002: UserWarning: non-inplace resize is deprecated
  warnings.warn("non-inplace resize is deprecated")
/mnt/sdb/wyn/envs/clip-env/lib/python3.10/site-packages/torch/_tensor.py:1002: UserWarning: non-inplace resize is deprecated
  warnings.warn("non-inplace resize is deprecated")
/mnt/sdb/wyn/envs/clip-env/lib/python3.10/site-packages/torch/_tensor.py:1002: UserWarning: non-inplace resize is deprecated
  warnings.warn("non-inplace resize is deprecated")
/mnt/sdb/wyn/envs/clip-env/lib/python3.10/site-packages/torch/_tensor.py:1002: UserWarning: non-inplace resize is deprecated
  warnings.warn("non-inplace resize is deprecated")
/mnt/sdb/wyn/envs/clip-env/lib/python3.10/site-packages/torch/_tensor.py:1002: UserWarning: non-inplace resize is deprecated
  warnings.warn("non-inplace resize is deprecated")

  0%|          | 1/693 [00:01<18:42,  1.62s/it]
  0%|          | 2/693 [00:01<09:57,  1.16it/s]
  0%|          | 3/693 [00:02<06:38,  1.73it/s]
  1%|          | 4/693 [00:02<05:06,  2.25it/s]
  1%|          | 5/693 [00:02<05:28,  2.09it/s]
  1%|          | 6/693 [00:03<04:25,  2.58it/s]
  1%|          | 7/693 [00:03<03:50,  2.97it/s]
  1%|          | 8/693 [00:03<03:28,  3.28it/s]
  1%|▏         | 9/693 [00:03<03:13,  3.54it/s]
  1%|▏         | 10/693 [00:04<02:48,  4.05it/s]
  2%|▏         | 11/693 [00:04<02:32,  4.47it/s]
  2%|▏         | 12/693 [00:04<02:30,  4.52it/s]
  2%|▏         | 13/693 [00:04<03:32,  3.20it/s]
  2%|▏         | 14/693 [00:05<03:17,  3.43it/s]
  2%|▏         | 15/693 [00:05<03:06,  3.63it/s]
  2%|▏         | 16/693 [00:05<02:56,  3.83it/s]
  2%|▏         | 17/693 [00:05<02:51,  3.94it/s]
  3%|▎         | 18/693 [00:06<02:48,  4.00it/s]
  3%|▎         | 19/693 [00:06<02:46,  4.06it/s]
  3%|▎         | 20/693 [00:06<02:32,  4.42it/s]
  3%|▎         | 21/693 [00:06<02:12,  5.05it/s]
  3%|▎         | 22/693 [00:06<02:14,  5.00it/s]
  3%|▎         | 23/693 [00:07<02:22,  4.71it/s]
  3%|▎         | 24/693 [00:07<02:27,  4.52it/s]
  4%|▎         | 25/693 [00:07<02:31,  4.40it/s]
  4%|▍         | 26/693 [00:07<02:34,  4.32it/s]
  4%|▍         | 27/693 [00:08<02:35,  4.29it/s]
  4%|▍         | 28/693 [00:08<02:36,  4.26it/s]
  4%|▍         | 29/693 [00:08<02:36,  4.25it/s]
  4%|▍         | 30/693 [00:08<02:38,  4.19it/s]
  4%|▍         | 31/693 [00:09<02:37,  4.20it/s]
  5%|▍         | 32/693 [00:09<02:29,  4.43it/s]
  5%|▍         | 33/693 [00:09<02:09,  5.09it/s]
  5%|▍         | 34/693 [00:09<02:02,  5.39it/s]
  5%|▌         | 35/693 [00:09<02:12,  4.97it/s]
  5%|▌         | 36/693 [00:10<02:19,  4.72it/s]
  5%|▌         | 37/693 [00:10<02:24,  4.54it/s]
  5%|▌         | 38/693 [00:10<02:27,  4.45it/s]
  6%|▌         | 39/693 [00:10<02:29,  4.38it/s]
  6%|▌         | 40/693 [00:10<02:30,  4.34it/s]
  6%|▌         | 41/693 [00:12<08:17,  1.31it/s]
  6%|▌         | 42/693 [00:13<06:32,  1.66it/s]
  6%|▌         | 43/693 [00:13<05:01,  2.15it/s]
  6%|▋         | 44/693 [00:13<03:59,  2.71it/s]
  6%|▋         | 45/693 [00:13<03:33,  3.04it/s]
  7%|▋         | 46/693 [00:13<03:15,  3.31it/s]
  7%|▋         | 47/693 [00:14<03:03,  3.53it/s]
  7%|▋         | 48/693 [00:14<02:54,  3.69it/s]
  7%|▋         | 49/693 [00:14<02:48,  3.82it/s]
  7%|▋         | 50/693 [00:14<02:44,  3.91it/s]
  7%|▋         | 51/693 [00:15<02:38,  4.06it/s]
  8%|▊         | 52/693 [00:15<02:36,  4.10it/s]
  8%|▊         | 53/693 [00:15<02:35,  4.12it/s]
  8%|▊         | 54/693 [00:15<02:34,  4.14it/s]
  8%|▊         | 55/693 [00:16<02:20,  4.56it/s]
  8%|▊         | 56/693 [00:16<02:04,  5.10it/s]
  8%|▊         | 57/693 [00:16<02:08,  4.96it/s]
  8%|▊         | 58/693 [00:16<02:15,  4.69it/s]
  9%|▊         | 59/693 [00:16<02:19,  4.53it/s]
  9%|▊         | 60/693 [00:17<02:23,  4.41it/s]
  9%|▉         | 61/693 [00:17<02:25,  4.34it/s]
  9%|▉         | 62/693 [00:17<02:27,  4.29it/s]
  9%|▉         | 63/693 [00:17<02:23,  4.38it/s]
  9%|▉         | 64/693 [00:18<02:25,  4.33it/s]
  9%|▉         | 65/693 [00:18<02:25,  4.32it/s]
 10%|▉         | 66/693 [00:18<02:25,  4.32it/s]
 10%|▉         | 67/693 [00:18<02:18,  4.52it/s]
 10%|▉         | 68/693 [00:18<02:03,  5.07it/s]
 10%|▉         | 69/693 [00:18<01:51,  5.61it/s]
 10%|█         | 70/693 [00:19<02:01,  5.15it/s]
 10%|█         | 71/693 [00:19<02:08,  4.84it/s]
 10%|█         | 72/693 [00:19<02:12,  4.68it/s]
 11%|█         | 73/693 [00:19<02:17,  4.52it/s]
 11%|█         | 74/693 [00:20<02:18,  4.46it/s]
 11%|█         | 75/693 [00:20<02:21,  4.37it/s]
 11%|█         | 76/693 [00:20<02:20,  4.39it/s]
 11%|█         | 77/693 [00:20<02:21,  4.35it/s]
 11%|█▏        | 78/693 [00:21<02:22,  4.33it/s]
 11%|█▏        | 79/693 [00:21<02:21,  4.33it/s]
 12%|█▏        | 80/693 [00:21<02:18,  4.42it/s]
 12%|█▏        | 81/693 [00:21<02:00,  5.09it/s]
 12%|█▏        | 82/693 [00:21<01:52,  5.41it/s]
 12%|█▏        | 83/693 [00:22<02:02,  4.99it/s]
 12%|█▏        | 84/693 [00:22<02:08,  4.74it/s]
 12%|█▏        | 85/693 [00:22<02:13,  4.56it/s]
 12%|█▏        | 86/693 [00:22<02:15,  4.49it/s]
 13%|█▎        | 87/693 [00:22<02:17,  4.39it/s]
 13%|█▎        | 88/693 [00:23<02:19,  4.34it/s]
 13%|█▎        | 89/693 [00:23<02:18,  4.36it/s]
 13%|█▎        | 90/693 [00:23<02:21,  4.27it/s]
 13%|█▎        | 91/693 [00:23<02:21,  4.24it/s]
 13%|█▎        | 92/693 [00:24<02:24,  4.17it/s]
 13%|█▎        | 93/693 [00:24<02:10,  4.62it/s]
 14%|█▎        | 94/693 [00:24<01:57,  5.11it/s]
 14%|█▎        | 95/693 [00:24<01:57,  5.08it/s]
 14%|█▍        | 96/693 [00:24<02:04,  4.78it/s]
 14%|█▍        | 97/693 [00:25<02:09,  4.61it/s]
 14%|█▍        | 98/693 [00:25<02:12,  4.48it/s]
 14%|█▍        | 99/693 [00:25<02:15,  4.40it/s]
 14%|█▍        | 100/693 [00:25<02:16,  4.33it/s]
 15%|█▍        | 101/693 [00:26<02:12,  4.46it/s]
 15%|█▍        | 102/693 [00:26<02:12,  4.46it/s]
 15%|█▍        | 103/693 [00:26<02:14,  4.40it/s]
 15%|█▌        | 104/693 [00:26<02:15,  4.35it/s]
 15%|█▌        | 105/693 [00:27<02:15,  4.32it/s]
 15%|█▌        | 106/693 [00:27<02:02,  4.79it/s]
 15%|█▌        | 107/693 [00:27<01:52,  5.21it/s]
 16%|█▌        | 108/693 [00:27<01:59,  4.88it/s]
 16%|█▌        | 109/693 [00:27<02:05,  4.67it/s]
 16%|█▌        | 110/693 [00:28<02:09,  4.52it/s]
 16%|█▌        | 111/693 [00:28<02:11,  4.42it/s]
 16%|█▌        | 112/693 [00:28<02:13,  4.36it/s]
 16%|█▋        | 113/693 [00:28<02:14,  4.32it/s]
 16%|█▋        | 114/693 [00:28<02:13,  4.32it/s]
 17%|█▋        | 115/693 [00:29<02:14,  4.31it/s]
 17%|█▋        | 116/693 [00:29<02:15,  4.26it/s]
 17%|█▋        | 117/693 [00:29<02:15,  4.26it/s]
 17%|█▋        | 118/693 [00:29<02:06,  4.55it/s]
 17%|█▋        | 119/693 [00:30<01:50,  5.21it/s]
 17%|█▋        | 120/693 [00:30<01:52,  5.09it/s]
 17%|█▋        | 121/693 [00:30<02:00,  4.75it/s]
 18%|█▊        | 122/693 [00:30<02:04,  4.57it/s]
 18%|█▊        | 123/693 [00:30<02:07,  4.46it/s]
 18%|█▊        | 124/693 [00:31<02:09,  4.39it/s]
 18%|█▊        | 125/693 [00:31<02:11,  4.31it/s]
 18%|█▊        | 126/693 [00:31<02:14,  4.21it/s]
 18%|█▊        | 127/693 [00:31<02:14,  4.21it/s]
 18%|█▊        | 128/693 [00:32<02:13,  4.23it/s]
 19%|█▊        | 129/693 [00:32<02:13,  4.23it/s]
 19%|█▉        | 130/693 [00:32<02:07,  4.42it/s]
 19%|█▉        | 131/693 [00:32<01:50,  5.08it/s]
 19%|█▉        | 132/693 [00:32<01:48,  5.16it/s]
 19%|█▉        | 133/693 [00:33<01:56,  4.82it/s]
 19%|█▉        | 134/693 [00:33<02:01,  4.60it/s]
 19%|█▉        | 135/693 [00:33<02:03,  4.50it/s]
 20%|█▉        | 136/693 [00:33<02:06,  4.40it/s]
 20%|█▉        | 137/693 [00:34<02:07,  4.35it/s]
 20%|█▉        | 138/693 [00:34<02:08,  4.30it/s]
 20%|██        | 139/693 [00:34<02:05,  4.43it/s]
 20%|██        | 140/693 [00:34<02:06,  4.38it/s]
 20%|██        | 141/693 [00:34<02:07,  4.33it/s]
 20%|██        | 142/693 [00:35<02:07,  4.32it/s]
 21%|██        | 143/693 [00:35<01:56,  4.73it/s]
 21%|██        | 144/693 [00:35<01:44,  5.23it/s]
 21%|██        | 145/693 [00:35<01:46,  5.14it/s]
 21%|██        | 146/693 [00:35<01:53,  4.83it/s]
 21%|██        | 147/693 [00:36<01:58,  4.60it/s]
 21%|██▏       | 148/693 [00:36<02:01,  4.48it/s]
 22%|██▏       | 149/693 [00:36<02:03,  4.40it/s]
 22%|██▏       | 150/693 [00:36<02:04,  4.35it/s]
 22%|██▏       | 151/693 [00:37<02:01,  4.47it/s]
 22%|██▏       | 152/693 [00:37<02:02,  4.42it/s]
 22%|██▏       | 153/693 [00:37<02:03,  4.37it/s]
 22%|██▏       | 154/693 [00:37<02:04,  4.32it/s]
 22%|██▏       | 155/693 [00:38<02:04,  4.34it/s]
 23%|██▎       | 156/693 [00:38<01:51,  4.82it/s]
 23%|██▎       | 157/693 [00:38<01:40,  5.33it/s]
 23%|██▎       | 158/693 [00:38<01:48,  4.93it/s]
 23%|██▎       | 159/693 [00:38<01:53,  4.70it/s]
 23%|██▎       | 160/693 [00:39<01:57,  4.53it/s]
 23%|██▎       | 161/693 [00:39<01:59,  4.44it/s]
 23%|██▎       | 162/693 [00:39<02:02,  4.34it/s]
 24%|██▎       | 163/693 [00:39<02:02,  4.31it/s]
 24%|██▎       | 164/693 [00:39<01:58,  4.46it/s]
 24%|██▍       | 165/693 [00:40<01:59,  4.41it/s]
 24%|██▍       | 166/693 [00:40<02:01,  4.33it/s]
 24%|██▍       | 167/693 [00:40<02:02,  4.30it/s]
 24%|██▍       | 168/693 [00:40<01:56,  4.50it/s]
 24%|██▍       | 169/693 [00:41<01:41,  5.15it/s]
 25%|██▍       | 170/693 [00:41<01:38,  5.33it/s]
 25%|██▍       | 171/693 [00:41<01:45,  4.94it/s]
 25%|██▍       | 172/693 [00:41<01:50,  4.70it/s]
 25%|██▍       | 173/693 [00:41<01:54,  4.54it/s]
 25%|██▌       | 174/693 [00:42<01:57,  4.42it/s]
 25%|██▌       | 175/693 [00:42<01:58,  4.36it/s]
 25%|██▌       | 176/693 [00:42<01:59,  4.31it/s]
 26%|██▌       | 177/693 [00:42<01:57,  4.39it/s]
 26%|██▌       | 178/693 [00:43<01:58,  4.35it/s]
 26%|██▌       | 179/693 [00:43<01:59,  4.31it/s]
 26%|██▌       | 180/693 [00:43<01:59,  4.30it/s]
 26%|██▌       | 181/693 [00:43<01:48,  4.70it/s]
 26%|██▋       | 182/693 [00:43<01:37,  5.22it/s]
 26%|██▋       | 183/693 [00:44<01:39,  5.14it/s]
 27%|██▋       | 184/693 [00:44<01:45,  4.81it/s]
 27%|██▋       | 185/693 [00:44<01:50,  4.61it/s]
 27%|██▋       | 186/693 [00:44<01:52,  4.49it/s]
 27%|██▋       | 187/693 [00:45<01:55,  4.40it/s]
 27%|██▋       | 188/693 [00:45<01:56,  4.35it/s]
 27%|██▋       | 189/693 [00:45<01:52,  4.47it/s]
 27%|██▋       | 190/693 [00:45<01:52,  4.48it/s]
 28%|██▊       | 191/693 [00:45<01:54,  4.38it/s]
 28%|██▊       | 192/693 [00:46<01:55,  4.35it/s]
 28%|██▊       | 193/693 [00:46<01:55,  4.32it/s]
 28%|██▊       | 194/693 [00:46<01:42,  4.85it/s]
 28%|██▊       | 195/693 [00:46<01:34,  5.28it/s]
 28%|██▊       | 196/693 [00:46<01:41,  4.92it/s]
 28%|██▊       | 197/693 [00:47<01:46,  4.68it/s]
 29%|██▊       | 198/693 [00:47<01:49,  4.53it/s]
 29%|██▊       | 199/693 [00:47<01:51,  4.43it/s]
 29%|██▉       | 200/693 [00:47<01:52,  4.37it/s]
 29%|██▉       | 201/693 [00:48<01:53,  4.32it/s]
 29%|██▉       | 202/693 [00:48<01:50,  4.46it/s]
 29%|██▉       | 203/693 [00:48<01:51,  4.39it/s]
 29%|██▉       | 204/693 [00:48<01:52,  4.35it/s]
 30%|██▉       | 205/693 [00:49<01:52,  4.32it/s]
 30%|██▉       | 206/693 [00:49<01:48,  4.51it/s]
 30%|██▉       | 207/693 [00:49<01:34,  5.13it/s]
 30%|███       | 208/693 [00:49<01:30,  5.36it/s]
 30%|███       | 209/693 [00:49<01:37,  4.95it/s]
 30%|███       | 210/693 [00:50<01:42,  4.70it/s]
 30%|███       | 211/693 [00:50<01:46,  4.53it/s]
 31%|███       | 212/693 [00:50<01:48,  4.44it/s]
 31%|███       | 213/693 [00:50<01:50,  4.36it/s]
 31%|███       | 214/693 [00:50<01:50,  4.33it/s]
 31%|███       | 215/693 [00:51<01:48,  4.39it/s]
 31%|███       | 216/693 [00:51<01:49,  4.34it/s]
 31%|███▏      | 217/693 [00:51<01:49,  4.33it/s]
 31%|███▏      | 218/693 [00:51<01:50,  4.31it/s]
 32%|███▏      | 219/693 [00:52<01:40,  4.71it/s]
 32%|███▏      | 220/693 [00:52<01:31,  5.19it/s]
 32%|███▏      | 221/693 [00:52<01:36,  4.87it/s]
 32%|███▏      | 222/693 [00:52<01:41,  4.66it/s]
 32%|███▏      | 223/693 [00:52<01:44,  4.51it/s]
 32%|███▏      | 224/693 [00:53<01:46,  4.42it/s]
 32%|███▏      | 225/693 [00:53<01:47,  4.36it/s]
 33%|███▎      | 226/693 [00:53<01:48,  4.30it/s]
 33%|███▎      | 227/693 [00:53<01:45,  4.44it/s]
 33%|███▎      | 228/693 [00:54<01:46,  4.37it/s]
 33%|███▎      | 229/693 [00:54<01:47,  4.33it/s]
 33%|███▎      | 230/693 [00:54<01:47,  4.29it/s]
 33%|███▎      | 231/693 [00:54<01:42,  4.49it/s]
 33%|███▎      | 232/693 [00:54<01:31,  5.06it/s]
 34%|███▎      | 233/693 [00:54<01:21,  5.64it/s]
 34%|███▍      | 234/693 [00:55<01:28,  5.17it/s]
 34%|███▍      | 235/693 [00:55<01:34,  4.85it/s]
 34%|███▍      | 236/693 [00:55<01:38,  4.65it/s]
 34%|███▍      | 237/693 [00:55<01:41,  4.50it/s]
 34%|███▍      | 238/693 [00:56<01:43,  4.41it/s]
 34%|███▍      | 239/693 [00:56<01:44,  4.33it/s]
 35%|███▍      | 240/693 [00:56<01:44,  4.35it/s]
 35%|███▍      | 241/693 [00:56<01:44,  4.34it/s]
 35%|███▍      | 242/693 [00:57<01:45,  4.29it/s]
 35%|███▌      | 243/693 [00:57<01:44,  4.30it/s]
 35%|███▌      | 244/693 [00:57<01:41,  4.41it/s]
 35%|███▌      | 245/693 [00:57<01:28,  5.08it/s]
 35%|███▌      | 246/693 [00:57<01:21,  5.49it/s]
 36%|███▌      | 247/693 [00:58<01:28,  5.04it/s]
 36%|███▌      | 248/693 [00:58<01:33,  4.77it/s]
 36%|███▌      | 249/693 [00:58<01:36,  4.58it/s]
 36%|███▌      | 250/693 [00:58<01:39,  4.47it/s]
 36%|███▌      | 251/693 [00:59<01:40,  4.38it/s]
 36%|███▋      | 252/693 [00:59<01:42,  4.32it/s]
 37%|███▋      | 253/693 [00:59<01:38,  4.46it/s]
 37%|███▋      | 254/693 [00:59<01:40,  4.37it/s]
 37%|███▋      | 255/693 [00:59<01:41,  4.33it/s]
 37%|███▋      | 256/693 [01:00<01:41,  4.30it/s]
 37%|███▋      | 257/693 [01:00<01:36,  4.52it/s]
 37%|███▋      | 258/693 [01:00<01:25,  5.07it/s]
 37%|███▋      | 259/693 [01:00<01:17,  5.58it/s]
 38%|███▊      | 260/693 [01:00<01:24,  5.10it/s]
 38%|███▊      | 261/693 [01:01<01:29,  4.82it/s]
 38%|███▊      | 262/693 [01:01<01:32,  4.65it/s]
 38%|███▊      | 263/693 [01:01<01:35,  4.51it/s]
 38%|███▊      | 264/693 [01:01<01:37,  4.42it/s]
 38%|███▊      | 265/693 [01:02<01:37,  4.39it/s]
 38%|███▊      | 266/693 [01:02<01:36,  4.41it/s]
 39%|███▊      | 267/693 [01:02<01:37,  4.37it/s]
 39%|███▊      | 268/693 [01:03<02:46,  2.55it/s]
 39%|███▉      | 269/693 [01:03<02:26,  2.89it/s]
 39%|███▉      | 270/693 [01:03<02:12,  3.20it/s]
 39%|███▉      | 271/693 [01:04<02:02,  3.44it/s]
 39%|███▉      | 272/693 [01:04<01:55,  3.65it/s]
 39%|███▉      | 273/693 [01:04<01:51,  3.78it/s]
 40%|███▉      | 274/693 [01:04<01:44,  4.01it/s]
 40%|███▉      | 275/693 [01:04<01:43,  4.04it/s]
 40%|███▉      | 276/693 [01:05<01:41,  4.10it/s]
 40%|███▉      | 277/693 [01:05<01:40,  4.14it/s]
 40%|████      | 278/693 [01:05<01:29,  4.61it/s]
 40%|████      | 279/693 [01:05<01:19,  5.21it/s]
 40%|████      | 280/693 [01:05<01:21,  5.06it/s]
 41%|████      | 281/693 [01:06<01:26,  4.77it/s]
 41%|████      | 282/693 [01:06<01:29,  4.60it/s]
 41%|████      | 283/693 [01:06<01:32,  4.42it/s]
 41%|████      | 284/693 [01:06<01:34,  4.32it/s]
 41%|████      | 285/693 [01:07<01:35,  4.29it/s]
 41%|████▏     | 286/693 [01:07<01:35,  4.24it/s]
 41%|████▏     | 287/693 [01:07<01:34,  4.29it/s]
 42%|████▏     | 288/693 [01:07<01:34,  4.27it/s]
 42%|████▏     | 289/693 [01:08<01:34,  4.27it/s]
 42%|████▏     | 290/693 [01:08<01:31,  4.41it/s]
 42%|████▏     | 291/693 [01:08<01:22,  4.88it/s]
 42%|████▏     | 292/693 [01:08<01:17,  5.16it/s]
 42%|████▏     | 293/693 [01:08<01:23,  4.78it/s]
 42%|████▏     | 294/693 [01:09<01:28,  4.53it/s]
 43%|████▎     | 295/693 [01:09<01:30,  4.42it/s]
 43%|████▎     | 296/693 [01:09<01:32,  4.31it/s]
 43%|████▎     | 297/693 [01:09<01:32,  4.27it/s]
 43%|████▎     | 298/693 [01:10<01:32,  4.29it/s]
 43%|████▎     | 299/693 [01:10<01:28,  4.46it/s]
 43%|████▎     | 300/693 [01:10<01:28,  4.42it/s]
 43%|████▎     | 301/693 [01:10<01:29,  4.37it/s]
 44%|████▎     | 302/693 [01:10<01:29,  4.35it/s]
 44%|████▎     | 303/693 [01:11<01:22,  4.73it/s]
 44%|████▍     | 304/693 [01:11<01:13,  5.26it/s]
 44%|████▍     | 305/693 [01:11<01:15,  5.11it/s]
 44%|████▍     | 306/693 [01:11<01:20,  4.81it/s]
 44%|████▍     | 307/693 [01:11<01:23,  4.63it/s]
 44%|████▍     | 308/693 [01:12<01:25,  4.48it/s]
 45%|████▍     | 309/693 [01:12<01:27,  4.40it/s]
 45%|████▍     | 310/693 [01:12<01:28,  4.35it/s]
 45%|████▍     | 311/693 [01:12<01:29,  4.29it/s]
 45%|████▌     | 312/693 [01:13<01:29,  4.27it/s]
 45%|████▌     | 313/693 [01:13<01:29,  4.23it/s]
 45%|████▌     | 314/693 [01:13<01:30,  4.21it/s]
 45%|████▌     | 315/693 [01:13<01:25,  4.44it/s]
 46%|████▌     | 316/693 [01:13<01:14,  5.05it/s]
 46%|████▌     | 317/693 [01:14<01:08,  5.50it/s]
 46%|████▌     | 318/693 [01:14<01:14,  5.05it/s]
 46%|████▌     | 319/693 [01:14<01:19,  4.71it/s]
 46%|████▌     | 320/693 [01:14<01:22,  4.49it/s]
 46%|████▋     | 321/693 [01:15<01:23,  4.45it/s]
 46%|████▋     | 322/693 [01:15<01:24,  4.38it/s]
 47%|████▋     | 323/693 [01:15<01:25,  4.33it/s]
 47%|████▋     | 324/693 [01:15<01:22,  4.48it/s]
 47%|████▋     | 325/693 [01:15<01:23,  4.40it/s]
 47%|████▋     | 326/693 [01:16<01:24,  4.36it/s]
 47%|████▋     | 327/693 [01:16<01:25,  4.29it/s]
 47%|████▋     | 328/693 [01:16<01:24,  4.34it/s]
 47%|████▋     | 329/693 [01:16<01:13,  4.93it/s]
 48%|████▊     | 330/693 [01:16<01:12,  5.02it/s]
 48%|████▊     | 331/693 [01:17<01:16,  4.71it/s]
 48%|████▊     | 332/693 [01:17<01:18,  4.57it/s]
 48%|████▊     | 333/693 [01:17<01:20,  4.47it/s]
 48%|████▊     | 334/693 [01:17<01:21,  4.38it/s]
 48%|████▊     | 335/693 [01:18<01:23,  4.28it/s]
 48%|████▊     | 336/693 [01:18<01:22,  4.31it/s]
 49%|████▊     | 337/693 [01:18<01:21,  4.34it/s]
 49%|████▉     | 338/693 [01:18<01:21,  4.34it/s]
 49%|████▉     | 339/693 [01:19<01:22,  4.31it/s]
 49%|████▉     | 340/693 [01:19<01:21,  4.35it/s]
 49%|████▉     | 341/693 [01:19<01:10,  5.02it/s]
 49%|████▉     | 342/693 [01:19<01:04,  5.48it/s]
 49%|████▉     | 343/693 [01:19<01:09,  5.03it/s]
 50%|████▉     | 344/693 [01:20<01:14,  4.70it/s]
 50%|████▉     | 345/693 [01:20<01:16,  4.52it/s]
 50%|████▉     | 346/693 [01:21<02:46,  2.09it/s]
 50%|█████     | 347/693 [01:21<02:09,  2.67it/s]
 50%|█████     | 348/693 [01:21<01:50,  3.13it/s]
 50%|█████     | 349/693 [01:21<01:41,  3.38it/s]
 51%|█████     | 350/693 [01:22<01:35,  3.60it/s]
 51%|█████     | 351/693 [01:22<01:31,  3.75it/s]
 51%|█████     | 352/693 [01:22<01:28,  3.85it/s]
 51%|█████     | 353/693 [01:22<01:25,  3.95it/s]
 51%|█████     | 354/693 [01:23<01:23,  4.08it/s]
 51%|█████     | 355/693 [01:23<01:21,  4.17it/s]
 51%|█████▏    | 356/693 [01:23<01:21,  4.15it/s]
 52%|█████▏    | 357/693 [01:23<01:20,  4.18it/s]
 52%|█████▏    | 358/693 [01:24<01:18,  4.27it/s]
 52%|█████▏    | 359/693 [01:24<01:09,  4.80it/s]
 52%|█████▏    | 360/693 [01:24<01:05,  5.06it/s]
 52%|█████▏    | 361/693 [01:24<01:10,  4.74it/s]
 52%|█████▏    | 362/693 [01:24<01:13,  4.51it/s]
 52%|█████▏    | 363/693 [01:25<01:15,  4.39it/s]
 53%|█████▎    | 364/693 [01:25<01:16,  4.29it/s]
 53%|█████▎    | 365/693 [01:25<01:17,  4.25it/s]
 53%|█████▎    | 366/693 [01:25<01:16,  4.30it/s]
 53%|█████▎    | 367/693 [01:26<01:14,  4.35it/s]
 53%|█████▎    | 368/693 [01:26<01:16,  4.26it/s]
 53%|█████▎    | 369/693 [01:26<01:16,  4.24it/s]
 53%|█████▎    | 370/693 [01:26<01:15,  4.30it/s]
 54%|█████▎    | 371/693 [01:26<01:06,  4.84it/s]
 54%|█████▎    | 372/693 [01:27<01:02,  5.12it/s]
 54%|█████▍    | 373/693 [01:27<01:07,  4.75it/s]
 54%|█████▍    | 374/693 [01:27<01:10,  4.53it/s]
 54%|█████▍    | 375/693 [01:27<01:11,  4.43it/s]
 54%|█████▍    | 376/693 [01:28<01:13,  4.29it/s]
 54%|█████▍    | 377/693 [01:28<01:14,  4.27it/s]
 55%|█████▍    | 378/693 [01:28<01:14,  4.20it/s]
 55%|█████▍    | 379/693 [01:28<01:10,  4.44it/s]
 55%|█████▍    | 380/693 [01:28<01:12,  4.31it/s]
 55%|█████▍    | 381/693 [01:29<01:12,  4.29it/s]
 55%|█████▌    | 382/693 [01:29<01:13,  4.24it/s]
 55%|█████▌    | 383/693 [01:29<01:04,  4.78it/s]
 55%|█████▌    | 384/693 [01:29<01:01,  5.00it/s]
 56%|█████▌    | 385/693 [01:30<01:05,  4.71it/s]
 56%|█████▌    | 386/693 [01:30<01:07,  4.52it/s]
 56%|█████▌    | 387/693 [01:30<01:09,  4.43it/s]
 56%|█████▌    | 388/693 [01:30<01:10,  4.33it/s]
 56%|█████▌    | 389/693 [01:30<01:11,  4.27it/s]
 56%|█████▋    | 390/693 [01:31<01:11,  4.23it/s]
 56%|█████▋    | 391/693 [01:31<01:09,  4.35it/s]
 57%|█████▋    | 392/693 [01:31<01:10,  4.28it/s]
 57%|█████▋    | 393/693 [01:31<01:10,  4.25it/s]
 57%|█████▋    | 394/693 [01:32<01:10,  4.22it/s]
 57%|█████▋    | 395/693 [01:32<01:04,  4.65it/s]
 57%|█████▋    | 396/693 [01:32<00:57,  5.15it/s]
 57%|█████▋    | 397/693 [01:32<01:01,  4.81it/s]
 57%|█████▋    | 398/693 [01:32<01:04,  4.58it/s]
 58%|█████▊    | 399/693 [01:33<01:06,  4.44it/s]
 58%|█████▊    | 400/693 [01:33<01:07,  4.37it/s]
 58%|█████▊    | 401/693 [01:33<01:07,  4.32it/s]
 58%|█████▊    | 402/693 [01:33<01:07,  4.29it/s]
 58%|█████▊    | 403/693 [01:34<01:07,  4.32it/s]
 58%|█████▊    | 404/693 [01:34<01:07,  4.27it/s]
 58%|█████▊    | 405/693 [01:34<01:07,  4.29it/s]
 59%|█████▊    | 406/693 [01:34<01:07,  4.27it/s]
 59%|█████▊    | 407/693 [01:35<01:02,  4.61it/s]
 59%|█████▉    | 408/693 [01:35<00:55,  5.10it/s]
 59%|█████▉    | 409/693 [01:35<00:56,  5.03it/s]
 59%|█████▉    | 410/693 [01:35<00:59,  4.76it/s]
 59%|█████▉    | 411/693 [01:35<01:01,  4.58it/s]
 59%|█████▉    | 412/693 [01:36<01:02,  4.47it/s]
 60%|█████▉    | 413/693 [01:36<01:03,  4.39it/s]
 60%|█████▉    | 414/693 [01:36<01:04,  4.34it/s]
 60%|█████▉    | 415/693 [01:36<01:02,  4.44it/s]
 60%|██████    | 416/693 [01:36<01:02,  4.44it/s]
 60%|██████    | 417/693 [01:37<01:03,  4.34it/s]
 60%|██████    | 418/693 [01:37<01:04,  4.29it/s]
 60%|██████    | 419/693 [01:37<01:03,  4.30it/s]
 61%|██████    | 420/693 [01:37<00:57,  4.78it/s]
 61%|██████    | 421/693 [01:38<00:50,  5.33it/s]
 61%|██████    | 422/693 [01:38<00:55,  4.92it/s]
 61%|██████    | 423/693 [01:38<00:58,  4.64it/s]
 61%|██████    | 424/693 [01:38<01:00,  4.47it/s]
 61%|██████▏   | 425/693 [01:38<01:01,  4.36it/s]
 61%|██████▏   | 426/693 [01:39<01:02,  4.26it/s]
 62%|██████▏   | 427/693 [01:39<01:02,  4.25it/s]
 62%|██████▏   | 428/693 [01:39<01:01,  4.31it/s]
 62%|██████▏   | 429/693 [01:39<01:02,  4.23it/s]
 62%|██████▏   | 430/693 [01:40<01:02,  4.20it/s]
 62%|██████▏   | 431/693 [01:40<01:02,  4.20it/s]
 62%|██████▏   | 432/693 [01:40<00:56,  4.64it/s]
 62%|██████▏   | 433/693 [01:40<00:49,  5.25it/s]
 63%|██████▎   | 434/693 [01:40<00:51,  5.06it/s]
 63%|██████▎   | 435/693 [01:41<00:54,  4.75it/s]
 63%|██████▎   | 436/693 [01:41<00:56,  4.54it/s]
 63%|██████▎   | 437/693 [01:41<00:57,  4.42it/s]
 63%|██████▎   | 438/693 [01:41<00:58,  4.32it/s]
 63%|██████▎   | 439/693 [01:42<00:59,  4.27it/s]
 63%|██████▎   | 440/693 [01:42<00:58,  4.33it/s]
 64%|██████▎   | 441/693 [01:42<00:58,  4.31it/s]
 64%|██████▍   | 442/693 [01:42<00:58,  4.27it/s]
 64%|██████▍   | 443/693 [01:43<00:58,  4.28it/s]
 64%|██████▍   | 444/693 [01:43<00:56,  4.44it/s]
 64%|██████▍   | 445/693 [01:43<00:48,  5.10it/s]
 64%|██████▍   | 446/693 [01:43<00:47,  5.19it/s]
 65%|██████▍   | 447/693 [01:43<00:50,  4.87it/s]
 65%|██████▍   | 448/693 [01:44<00:53,  4.61it/s]
 65%|██████▍   | 449/693 [01:44<00:54,  4.51it/s]
 65%|██████▍   | 450/693 [01:44<00:55,  4.41it/s]
 65%|██████▌   | 451/693 [01:44<00:55,  4.33it/s]
 65%|██████▌   | 452/693 [01:45<00:56,  4.30it/s]
 65%|██████▌   | 453/693 [01:45<00:52,  4.55it/s]
 66%|██████▌   | 454/693 [01:45<00:53,  4.48it/s]
 66%|██████▌   | 455/693 [01:45<00:54,  4.40it/s]
 66%|██████▌   | 456/693 [01:45<00:54,  4.38it/s]
 66%|██████▌   | 457/693 [01:46<00:52,  4.52it/s]
 66%|██████▌   | 458/693 [01:46<00:45,  5.12it/s]
 66%|██████▌   | 459/693 [01:46<00:41,  5.70it/s]
 66%|██████▋   | 460/693 [01:46<00:43,  5.31it/s]
 67%|██████▋   | 461/693 [01:46<00:47,  4.93it/s]
 67%|██████▋   | 462/693 [01:47<00:49,  4.69it/s]
 67%|██████▋   | 463/693 [01:47<00:50,  4.53it/s]
 67%|██████▋   | 464/693 [01:47<00:51,  4.44it/s]
 67%|██████▋   | 465/693 [01:47<00:52,  4.37it/s]
 67%|██████▋   | 466/693 [01:47<00:51,  4.44it/s]
 67%|██████▋   | 467/693 [01:48<00:51,  4.42it/s]
 68%|██████▊   | 468/693 [01:48<00:51,  4.36it/s]
 68%|██████▊   | 469/693 [01:48<00:51,  4.34it/s]
 68%|██████▊   | 470/693 [01:48<00:51,  4.35it/s]
 68%|██████▊   | 471/693 [01:49<00:44,  5.01it/s]
 68%|██████▊   | 472/693 [01:49<00:40,  5.42it/s]
 68%|██████▊   | 473/693 [01:49<00:43,  5.04it/s]
 68%|██████▊   | 474/693 [01:49<00:45,  4.77it/s]
 69%|██████▊   | 475/693 [01:49<00:47,  4.59it/s]
 69%|██████▊   | 476/693 [01:50<00:48,  4.44it/s]
 69%|██████▉   | 477/693 [01:50<00:49,  4.37it/s]
 69%|██████▉   | 478/693 [01:50<00:49,  4.33it/s]
 69%|██████▉   | 479/693 [01:50<00:47,  4.47it/s]
 69%|██████▉   | 480/693 [01:51<00:48,  4.39it/s]
 69%|██████▉   | 481/693 [01:51<00:48,  4.36it/s]
 70%|██████▉   | 482/693 [01:51<00:48,  4.32it/s]
 70%|██████▉   | 483/693 [01:51<00:46,  4.50it/s]
 70%|██████▉   | 484/693 [01:51<00:41,  5.08it/s]
 70%|██████▉   | 485/693 [01:51<00:37,  5.56it/s]
 70%|███████   | 486/693 [01:52<00:40,  5.08it/s]
 70%|███████   | 487/693 [01:52<00:43,  4.78it/s]
 70%|███████   | 488/693 [01:52<00:44,  4.61it/s]
 71%|███████   | 489/693 [01:52<00:45,  4.46it/s]
 71%|███████   | 490/693 [01:53<00:46,  4.39it/s]
 71%|███████   | 491/693 [01:53<00:46,  4.33it/s]
 71%|███████   | 492/693 [01:53<00:45,  4.46it/s]
 71%|███████   | 493/693 [01:53<00:45,  4.39it/s]
 71%|███████▏  | 494/693 [01:54<00:45,  4.35it/s]
 71%|███████▏  | 495/693 [01:54<00:45,  4.33it/s]
 72%|███████▏  | 496/693 [01:54<00:43,  4.51it/s]
 72%|███████▏  | 497/693 [01:54<00:37,  5.16it/s]
 72%|███████▏  | 498/693 [01:54<00:35,  5.53it/s]
 72%|███████▏  | 499/693 [01:55<00:38,  5.07it/s]
 72%|███████▏  | 500/693 [01:55<00:40,  4.78it/s]
 72%|███████▏  | 501/693 [01:55<00:41,  4.59it/s]
 72%|███████▏  | 502/693 [01:55<00:42,  4.48it/s]
 73%|███████▎  | 503/693 [01:55<00:43,  4.39it/s]
 73%|███████▎  | 504/693 [01:56<00:43,  4.35it/s]
 73%|███████▎  | 505/693 [01:56<00:41,  4.50it/s]
 73%|███████▎  | 506/693 [01:56<00:42,  4.42it/s]
 73%|███████▎  | 507/693 [01:56<00:42,  4.36it/s]
 73%|███████▎  | 508/693 [01:57<00:42,  4.33it/s]
 73%|███████▎  | 509/693 [01:57<00:40,  4.51it/s]
 74%|███████▎  | 510/693 [01:57<00:36,  5.08it/s]
 74%|███████▎  | 511/693 [01:57<00:32,  5.63it/s]
 74%|███████▍  | 512/693 [01:57<00:34,  5.18it/s]
 74%|███████▍  | 513/693 [01:58<00:37,  4.85it/s]
 74%|███████▍  | 514/693 [01:58<00:38,  4.64it/s]
 74%|███████▍  | 515/693 [01:58<00:39,  4.47it/s]
 74%|███████▍  | 516/693 [01:58<00:40,  4.40it/s]
 75%|███████▍  | 517/693 [01:59<00:40,  4.34it/s]
 75%|███████▍  | 518/693 [01:59<00:39,  4.39it/s]
 75%|███████▍  | 519/693 [01:59<00:39,  4.35it/s]
 75%|███████▌  | 520/693 [01:59<00:39,  4.35it/s]
 75%|███████▌  | 521/693 [01:59<00:39,  4.32it/s]
 75%|███████▌  | 522/693 [02:00<00:38,  4.46it/s]
 75%|███████▌  | 523/693 [02:00<00:32,  5.17it/s]
 76%|███████▌  | 524/693 [02:00<00:29,  5.72it/s]
 76%|███████▌  | 525/693 [02:00<00:31,  5.38it/s]
 76%|███████▌  | 526/693 [02:00<00:33,  4.99it/s]
 76%|███████▌  | 527/693 [02:01<00:35,  4.74it/s]
 76%|███████▌  | 528/693 [02:01<00:35,  4.59it/s]
 76%|███████▋  | 529/693 [02:01<00:36,  4.48it/s]
 76%|███████▋  | 530/693 [02:01<00:36,  4.43it/s]
 77%|███████▋  | 531/693 [02:02<00:36,  4.44it/s]
 77%|███████▋  | 532/693 [02:02<00:35,  4.58it/s]
 77%|███████▋  | 533/693 [02:02<00:36,  4.44it/s]
 77%|███████▋  | 534/693 [02:02<00:36,  4.40it/s]
 77%|███████▋  | 535/693 [02:02<00:36,  4.37it/s]
 77%|███████▋  | 536/693 [02:03<00:32,  4.89it/s]
 77%|███████▋  | 537/693 [02:03<00:27,  5.58it/s]
 78%|███████▊  | 538/693 [02:03<00:27,  5.71it/s]
 78%|███████▊  | 539/693 [02:03<00:29,  5.16it/s]
 78%|███████▊  | 540/693 [02:03<00:31,  4.84it/s]
 78%|███████▊  | 541/693 [02:04<00:32,  4.63it/s]
 78%|███████▊  | 542/693 [02:04<00:33,  4.50it/s]
 78%|███████▊  | 543/693 [02:04<00:34,  4.41it/s]
 78%|███████▊  | 544/693 [02:04<00:34,  4.36it/s]
 79%|███████▊  | 545/693 [02:05<00:33,  4.36it/s]
 79%|███████▉  | 546/693 [02:05<00:34,  4.31it/s]
 79%|███████▉  | 547/693 [02:05<00:34,  4.27it/s]
 79%|███████▉  | 548/693 [02:05<00:34,  4.25it/s]
 79%|███████▉  | 549/693 [02:05<00:31,  4.61it/s]
 79%|███████▉  | 550/693 [02:06<00:28,  5.10it/s]
 80%|███████▉  | 551/693 [02:06<00:29,  4.89it/s]
 80%|███████▉  | 552/693 [02:06<00:30,  4.67it/s]
 80%|███████▉  | 553/693 [02:06<00:31,  4.51it/s]
 80%|███████▉  | 554/693 [02:06<00:31,  4.43it/s]
 80%|████████  | 555/693 [02:07<00:31,  4.36it/s]
 80%|████████  | 556/693 [02:07<00:31,  4.32it/s]
 80%|████████  | 557/693 [02:07<00:30,  4.39it/s]
 81%|████████  | 558/693 [02:07<00:31,  4.35it/s]
 81%|████████  | 559/693 [02:08<00:31,  4.31it/s]
 81%|████████  | 560/693 [02:08<00:30,  4.30it/s]
 81%|████████  | 561/693 [02:08<00:29,  4.46it/s]
 81%|████████  | 562/693 [02:08<00:26,  5.03it/s]
 81%|████████  | 563/693 [02:08<00:23,  5.56it/s]
 81%|████████▏ | 564/693 [02:09<00:25,  5.09it/s]
 82%|████████▏ | 565/693 [02:09<00:26,  4.79it/s]
 82%|████████▏ | 566/693 [02:09<00:27,  4.60it/s]
 82%|████████▏ | 567/693 [02:09<00:28,  4.47it/s]
 82%|████████▏ | 568/693 [02:10<00:28,  4.39it/s]
 82%|████████▏ | 569/693 [02:10<00:28,  4.33it/s]
 82%|████████▏ | 570/693 [02:10<00:28,  4.37it/s]
 82%|████████▏ | 571/693 [02:10<00:28,  4.33it/s]
 83%|████████▎ | 572/693 [02:10<00:28,  4.30it/s]
 83%|████████▎ | 573/693 [02:11<00:28,  4.27it/s]
 83%|████████▎ | 574/693 [02:11<00:26,  4.48it/s]
 83%|████████▎ | 575/693 [02:11<00:22,  5.14it/s]
 83%|████████▎ | 576/693 [02:11<00:23,  4.96it/s]
 83%|████████▎ | 577/693 [02:12<00:24,  4.73it/s]
 83%|████████▎ | 578/693 [02:12<00:25,  4.57it/s]
 84%|████████▎ | 579/693 [02:12<00:25,  4.43it/s]
 84%|████████▎ | 580/693 [02:12<00:25,  4.38it/s]
 84%|████████▍ | 581/693 [02:12<00:25,  4.33it/s]
 84%|████████▍ | 582/693 [02:13<00:25,  4.29it/s]
 84%|████████▍ | 583/693 [02:13<00:25,  4.38it/s]
 84%|████████▍ | 584/693 [02:13<00:25,  4.33it/s]
 84%|████████▍ | 585/693 [02:13<00:25,  4.30it/s]
 85%|████████▍ | 586/693 [02:14<00:24,  4.29it/s]
 85%|████████▍ | 587/693 [02:14<00:23,  4.50it/s]
 85%|████████▍ | 588/693 [02:14<00:21,  4.88it/s]
 85%|████████▍ | 589/693 [02:14<00:22,  4.65it/s]
 85%|████████▌ | 590/693 [02:14<00:23,  4.48it/s]
 85%|████████▌ | 591/693 [02:15<00:23,  4.38it/s]
 85%|████████▌ | 592/693 [02:15<00:23,  4.31it/s]
 86%|████████▌ | 593/693 [02:15<00:23,  4.26it/s]
 86%|████████▌ | 594/693 [02:15<00:23,  4.22it/s]
 86%|████████▌ | 595/693 [02:16<00:22,  4.31it/s]
 86%|████████▌ | 596/693 [02:16<00:22,  4.26it/s]
 86%|████████▌ | 597/693 [02:16<00:22,  4.25it/s]
 86%|████████▋ | 598/693 [02:16<00:22,  4.22it/s]
 86%|████████▋ | 599/693 [02:17<00:20,  4.62it/s]
 87%|████████▋ | 600/693 [02:17<00:19,  4.87it/s]
 87%|████████▋ | 601/693 [02:17<00:19,  4.65it/s]
 87%|████████▋ | 602/693 [02:17<00:20,  4.48it/s]
 87%|████████▋ | 603/693 [02:17<00:20,  4.39it/s]
 87%|████████▋ | 604/693 [02:18<00:20,  4.30it/s]
 87%|████████▋ | 605/693 [02:18<00:20,  4.28it/s]
 87%|████████▋ | 606/693 [02:18<00:20,  4.21it/s]
 88%|████████▊ | 607/693 [02:18<00:19,  4.31it/s]
 88%|████████▊ | 608/693 [02:19<00:19,  4.26it/s]
 88%|████████▊ | 609/693 [02:19<00:19,  4.24it/s]
 88%|████████▊ | 610/693 [02:19<00:19,  4.20it/s]
 88%|████████▊ | 611/693 [02:19<00:17,  4.70it/s]
 88%|████████▊ | 612/693 [02:19<00:15,  5.21it/s]
 88%|████████▊ | 613/693 [02:20<00:15,  5.09it/s]
 89%|████████▊ | 614/693 [02:20<00:16,  4.79it/s]
 89%|████████▊ | 615/693 [02:20<00:16,  4.60it/s]
 89%|████████▉ | 616/693 [02:20<00:17,  4.48it/s]
 89%|████████▉ | 617/693 [02:21<00:17,  4.41it/s]
 89%|████████▉ | 618/693 [02:21<00:17,  4.38it/s]
 89%|████████▉ | 619/693 [02:21<00:17,  4.34it/s]
 89%|████████▉ | 620/693 [02:21<00:17,  4.25it/s]
 90%|████████▉ | 621/693 [02:21<00:16,  4.25it/s]
 90%|████████▉ | 622/693 [02:22<00:16,  4.28it/s]
 90%|████████▉ | 623/693 [02:22<00:15,  4.42it/s]
 90%|█████████ | 624/693 [02:22<00:14,  4.89it/s]
 90%|█████████ | 625/693 [02:22<00:13,  4.87it/s]
 90%|█████████ | 626/693 [02:23<00:14,  4.66it/s]
 90%|█████████ | 627/693 [02:23<00:14,  4.50it/s]
 91%|█████████ | 628/693 [02:23<00:14,  4.40it/s]
 91%|█████████ | 629/693 [02:23<00:14,  4.35it/s]
 91%|█████████ | 630/693 [02:23<00:14,  4.31it/s]
 91%|█████████ | 631/693 [02:24<00:14,  4.31it/s]
 91%|█████████ | 632/693 [02:24<00:14,  4.29it/s]
 91%|█████████▏| 633/693 [02:24<00:14,  4.26it/s]
 91%|█████████▏| 634/693 [02:24<00:13,  4.25it/s]
 92%|█████████▏| 635/693 [02:25<00:13,  4.39it/s]
 92%|█████████▏| 636/693 [02:25<00:11,  4.97it/s]
 92%|█████████▏| 637/693 [02:25<00:10,  5.40it/s]
 92%|█████████▏| 638/693 [02:25<00:11,  4.98it/s]
 92%|█████████▏| 639/693 [02:25<00:11,  4.71it/s]
 92%|█████████▏| 640/693 [02:26<00:11,  4.48it/s]
 92%|█████████▏| 641/693 [02:26<00:11,  4.37it/s]
 93%|█████████▎| 642/693 [02:26<00:11,  4.30it/s]
 93%|█████████▎| 643/693 [02:26<00:11,  4.25it/s]
 93%|█████████▎| 644/693 [02:27<00:11,  4.27it/s]
 93%|█████████▎| 645/693 [02:27<00:11,  4.23it/s]
 93%|█████████▎| 646/693 [02:27<00:11,  4.20it/s]
 93%|█████████▎| 647/693 [02:27<00:10,  4.20it/s]
 94%|█████████▎| 648/693 [02:28<00:09,  4.55it/s]
 94%|█████████▎| 649/693 [02:28<00:08,  5.01it/s]
 94%|█████████▍| 650/693 [02:28<00:09,  4.70it/s]
 94%|█████████▍| 651/693 [02:28<00:09,  4.52it/s]
 94%|█████████▍| 652/693 [02:28<00:09,  4.40it/s]
 94%|█████████▍| 653/693 [02:29<00:09,  4.32it/s]
 94%|█████████▍| 654/693 [02:29<00:09,  4.28it/s]
 95%|█████████▍| 655/693 [02:29<00:08,  4.27it/s]
 95%|█████████▍| 656/693 [02:29<00:08,  4.33it/s]
 95%|█████████▍| 657/693 [02:30<00:08,  4.30it/s]
 95%|█████████▍| 658/693 [02:30<00:08,  4.29it/s]
 95%|█████████▌| 659/693 [02:30<00:07,  4.27it/s]
 95%|█████████▌| 660/693 [02:30<00:07,  4.67it/s]
 95%|█████████▌| 661/693 [02:30<00:06,  5.30it/s]
 96%|█████████▌| 662/693 [02:31<00:06,  4.86it/s]
 96%|█████████▌| 663/693 [02:31<00:06,  4.64it/s]
 96%|█████████▌| 664/693 [02:31<00:06,  4.47it/s]
 96%|█████████▌| 665/693 [02:31<00:06,  4.40it/s]
 96%|█████████▌| 666/693 [02:32<00:06,  4.35it/s]
 96%|█████████▌| 667/693 [02:32<00:06,  4.31it/s]
 96%|█████████▋| 668/693 [02:32<00:05,  4.38it/s]
 97%|█████████▋| 669/693 [02:32<00:05,  4.33it/s]
 97%|█████████▋| 670/693 [02:32<00:05,  4.31it/s]
 97%|█████████▋| 671/693 [02:33<00:05,  4.28it/s]
 97%|█████████▋| 672/693 [02:33<00:04,  4.37it/s]
 97%|█████████▋| 673/693 [02:33<00:04,  4.98it/s]
 97%|█████████▋| 674/693 [02:33<00:03,  5.32it/s]
 97%|█████████▋| 675/693 [02:33<00:03,  4.92it/s]
 98%|█████████▊| 676/693 [02:34<00:03,  4.67it/s]
 98%|█████████▊| 677/693 [02:34<00:03,  4.53it/s]
 98%|█████████▊| 678/693 [02:34<00:03,  4.41it/s]
 98%|█████████▊| 679/693 [02:34<00:03,  4.36it/s]
 98%|█████████▊| 680/693 [02:35<00:03,  4.31it/s]
 98%|█████████▊| 681/693 [02:35<00:02,  4.48it/s]
 98%|█████████▊| 682/693 [02:35<00:02,  4.44it/s]
 99%|█████████▊| 683/693 [02:35<00:02,  4.37it/s]
 99%|█████████▊| 684/693 [02:36<00:02,  4.37it/s]
 99%|█████████▉| 685/693 [02:36<00:01,  4.78it/s]
 99%|█████████▉| 686/693 [02:36<00:01,  5.41it/s]
 99%|█████████▉| 687/693 [02:36<00:01,  5.86it/s]
 99%|█████████▉| 688/693 [02:36<00:00,  5.31it/s]
 99%|█████████▉| 689/693 [02:36<00:00,  4.93it/s]
100%|█████████▉| 690/693 [02:37<00:00,  4.73it/s]
100%|█████████▉| 691/693 [02:37<00:00,  4.56it/s]
100%|█████████▉| 692/693 [02:37<00:00,  4.45it/s]
100%|██████████| 693/693 [02:37<00:00,  4.42it/s]
100%|██████████| 693/693 [02:37<00:00,  4.39it/s]
Training loss: 1.121995174695575, KL loss: 0.9039978078777484, Sim loss: 0.002792129337711724, Exo CLS loss: 1.0838261821655313, 
Noun sim loss: 0.12427671159070636, Part sim loss: 0.5513673330540265, Proto loss: 1.7264602839688719, Conc loss: 0.14241172037857436
learning rate:4.970520569564895e-05


  0%|          | 0/168 [00:00<?, ?it/s]
  1%|          | 1/168 [00:00<01:46,  1.57it/s]
  2%|▏         | 4/168 [00:00<00:26,  6.25it/s]
  4%|▎         | 6/168 [00:01<00:22,  7.09it/s]
  5%|▌         | 9/168 [00:01<00:15, 10.44it/s]
  7%|▋         | 11/168 [00:01<00:15, 10.31it/s]
  8%|▊         | 14/168 [00:01<00:11, 13.14it/s]
 10%|█         | 17/168 [00:01<00:11, 13.06it/s]
 11%|█▏        | 19/168 [00:01<00:13, 10.85it/s]
 13%|█▎        | 22/168 [00:02<00:11, 13.16it/s]
 15%|█▍        | 25/168 [00:02<00:09, 15.04it/s]
 16%|█▌        | 27/168 [00:02<00:16,  8.73it/s]
 18%|█▊        | 30/168 [00:02<00:12, 11.02it/s]
 20%|█▉        | 33/168 [00:03<00:10, 13.19it/s]
 21%|██▏       | 36/168 [00:03<00:08, 14.96it/s]
 23%|██▎       | 39/168 [00:03<00:07, 16.70it/s]
 25%|██▌       | 42/168 [00:03<00:07, 17.60it/s]
 27%|██▋       | 45/168 [00:03<00:06, 18.79it/s]
 29%|██▊       | 48/168 [00:03<00:05, 20.36it/s]
 30%|███       | 51/168 [00:03<00:05, 20.17it/s]
 32%|███▏      | 54/168 [00:04<00:05, 20.31it/s]
 34%|███▍      | 57/168 [00:04<00:05, 19.68it/s]
 36%|███▌      | 60/168 [00:04<00:05, 20.30it/s]
 38%|███▊      | 63/168 [00:04<00:04, 21.16it/s]
 39%|███▉      | 66/168 [00:04<00:04, 22.64it/s]
 41%|████      | 69/168 [00:04<00:04, 23.15it/s]
 43%|████▎     | 72/168 [00:04<00:04, 22.78it/s]
 45%|████▍     | 75/168 [00:05<00:04, 22.17it/s]
 46%|████▋     | 78/168 [00:05<00:04, 21.46it/s]
 48%|████▊     | 81/168 [00:05<00:04, 21.36it/s]
 50%|█████     | 84/168 [00:05<00:04, 20.56it/s]
 52%|█████▏    | 87/168 [00:05<00:03, 20.47it/s]
 54%|█████▎    | 90/168 [00:05<00:03, 20.69it/s]
 55%|█████▌    | 93/168 [00:06<00:05, 14.50it/s]
 57%|█████▋    | 95/168 [00:06<00:05, 12.81it/s]
 58%|█████▊    | 98/168 [00:06<00:04, 14.84it/s]
 60%|██████    | 101/168 [00:06<00:04, 16.58it/s]
 62%|██████▏   | 104/168 [00:06<00:03, 19.19it/s]
 64%|██████▍   | 108/168 [00:06<00:02, 23.72it/s]
 66%|██████▌   | 111/168 [00:06<00:02, 24.70it/s]
 68%|██████▊   | 114/168 [00:07<00:02, 23.25it/s]
 70%|██████▉   | 117/168 [00:07<00:02, 22.59it/s]
 71%|███████▏  | 120/168 [00:07<00:02, 22.05it/s]
 73%|███████▎  | 123/168 [00:07<00:02, 21.44it/s]
 75%|███████▌  | 126/168 [00:07<00:01, 21.25it/s]
 77%|███████▋  | 129/168 [00:07<00:01, 21.15it/s]
 79%|███████▊  | 132/168 [00:07<00:01, 21.08it/s]
 80%|████████  | 135/168 [00:08<00:01, 20.94it/s]
 82%|████████▏ | 138/168 [00:08<00:01, 20.81it/s]
 84%|████████▍ | 141/168 [00:08<00:01, 21.23it/s]
 86%|████████▌ | 144/168 [00:08<00:01, 21.24it/s]
 88%|████████▊ | 147/168 [00:08<00:01, 20.53it/s]
 89%|████████▉ | 150/168 [00:08<00:00, 21.04it/s]
 91%|█████████ | 153/168 [00:08<00:00, 20.48it/s]
 93%|█████████▎| 157/168 [00:09<00:00, 24.09it/s]
 95%|█████████▌| 160/168 [00:09<00:00, 18.41it/s]
 97%|█████████▋| 163/168 [00:09<00:00, 16.83it/s]
 99%|█████████▉| 166/168 [00:09<00:00, 18.24it/s]
100%|██████████| 168/168 [00:09<00:00, 17.09it/s]
Result on AGD: 
KLD=1.0198434591293335, SIM=0.4487861394882202, NSS=1.3876903057098389
noun sim: 0.11908305791162309, part sim: 0.41195556627852575
New best KLD: 1.0198434591293335, 0.4487861394882202, 1.3876903057098389
Epoch 2 loss coeffs: kl=0.3, sim=1.0, exo_cls=0.6, noun=0.1, part=0.01, proto=0.1, conc=0.05
============Training Epoch 2============

  0%|          | 0/693 [00:00<?, ?it/s]/mnt/sdb/wyn/envs/clip-env/lib/python3.10/site-packages/torch/_tensor.py:1002: UserWarning: non-inplace resize is deprecated
  warnings.warn("non-inplace resize is deprecated")
/mnt/sdb/wyn/envs/clip-env/lib/python3.10/site-packages/torch/_tensor.py:1002: UserWarning: non-inplace resize is deprecated
  warnings.warn("non-inplace resize is deprecated")
/mnt/sdb/wyn/envs/clip-env/lib/python3.10/site-packages/torch/_tensor.py:1002: UserWarning: non-inplace resize is deprecated
  warnings.warn("non-inplace resize is deprecated")
/mnt/sdb/wyn/envs/clip-env/lib/python3.10/site-packages/torch/_tensor.py:1002: UserWarning: non-inplace resize is deprecated
  warnings.warn("non-inplace resize is deprecated")
/mnt/sdb/wyn/envs/clip-env/lib/python3.10/site-packages/torch/_tensor.py:1002: UserWarning: non-inplace resize is deprecated
  warnings.warn("non-inplace resize is deprecated")
/mnt/sdb/wyn/envs/clip-env/lib/python3.10/site-packages/torch/_tensor.py:1002: UserWarning: non-inplace resize is deprecated
  warnings.warn("non-inplace resize is deprecated")
/mnt/sdb/wyn/envs/clip-env/lib/python3.10/site-packages/torch/_tensor.py:1002: UserWarning: non-inplace resize is deprecated
  warnings.warn("non-inplace resize is deprecated")
/mnt/sdb/wyn/envs/clip-env/lib/python3.10/site-packages/torch/_tensor.py:1002: UserWarning: non-inplace resize is deprecated
  warnings.warn("non-inplace resize is deprecated")

  0%|          | 1/693 [00:01<22:42,  1.97s/it]
  0%|          | 2/693 [00:02<10:58,  1.05it/s]
  0%|          | 3/693 [00:02<07:11,  1.60it/s]
  1%|          | 4/693 [00:03<06:56,  1.65it/s]
  1%|          | 5/693 [00:03<05:25,  2.11it/s]
  1%|          | 6/693 [00:03<04:30,  2.54it/s]
  1%|          | 7/693 [00:03<03:55,  2.92it/s]
  1%|          | 8/693 [00:03<03:32,  3.23it/s]
  1%|▏         | 9/693 [00:04<03:16,  3.48it/s]
  1%|▏         | 10/693 [00:04<03:02,  3.74it/s]
  2%|▏         | 11/693 [00:04<02:56,  3.87it/s]
  2%|▏         | 12/693 [00:04<02:52,  3.94it/s]
  2%|▏         | 13/693 [00:05<02:48,  4.03it/s]
  2%|▏         | 14/693 [00:05<02:39,  4.26it/s]
  2%|▏         | 15/693 [00:05<02:17,  4.94it/s]
  2%|▏         | 16/693 [00:05<02:05,  5.41it/s]
  2%|▏         | 17/693 [00:06<02:48,  4.02it/s]
  3%|▎         | 18/693 [00:06<02:45,  4.08it/s]
  3%|▎         | 19/693 [00:06<02:43,  4.11it/s]
  3%|▎         | 20/693 [00:06<02:42,  4.13it/s]
  3%|▎         | 21/693 [00:06<02:41,  4.16it/s]
  3%|▎         | 22/693 [00:07<02:37,  4.26it/s]
  3%|▎         | 23/693 [00:07<02:36,  4.28it/s]
  3%|▎         | 24/693 [00:07<02:37,  4.25it/s]
  4%|▎         | 25/693 [00:07<02:36,  4.26it/s]
  4%|▍         | 26/693 [00:08<02:22,  4.67it/s]
  4%|▍         | 27/693 [00:08<02:06,  5.27it/s]
  4%|▍         | 28/693 [00:08<02:12,  5.00it/s]
  4%|▍         | 29/693 [00:08<02:20,  4.72it/s]
  4%|▍         | 30/693 [00:08<02:25,  4.55it/s]
  4%|▍         | 31/693 [00:09<02:29,  4.44it/s]
  5%|▍         | 32/693 [00:09<02:31,  4.36it/s]
  5%|▍         | 33/693 [00:09<02:32,  4.32it/s]
  5%|▍         | 34/693 [00:09<02:31,  4.35it/s]
  5%|▌         | 35/693 [00:10<02:35,  4.23it/s]
  5%|▌         | 36/693 [00:10<02:35,  4.22it/s]
  5%|▌         | 37/693 [00:10<02:35,  4.22it/s]
  5%|▌         | 38/693 [00:10<02:28,  4.40it/s]
  6%|▌         | 39/693 [00:10<02:09,  5.06it/s]
  6%|▌         | 40/693 [00:11<02:02,  5.34it/s]
  6%|▌         | 41/693 [00:11<02:11,  4.97it/s]
  6%|▌         | 42/693 [00:11<02:18,  4.71it/s]
  6%|▌         | 43/693 [00:11<02:22,  4.55it/s]
  6%|▋         | 44/693 [00:12<02:26,  4.43it/s]
  6%|▋         | 45/693 [00:12<02:28,  4.37it/s]
  7%|▋         | 46/693 [00:12<02:31,  4.28it/s]
  7%|▋         | 47/693 [00:12<02:28,  4.34it/s]
  7%|▋         | 48/693 [00:12<02:29,  4.31it/s]
  7%|▋         | 49/693 [00:13<02:29,  4.31it/s]
  7%|▋         | 50/693 [00:13<02:29,  4.29it/s]
  7%|▋         | 51/693 [00:13<02:20,  4.55it/s]
  8%|▊         | 52/693 [00:13<02:06,  5.07it/s]
  8%|▊         | 53/693 [00:13<02:14,  4.76it/s]
  8%|▊         | 54/693 [00:14<02:19,  4.57it/s]
  8%|▊         | 55/693 [00:14<02:23,  4.43it/s]
  8%|▊         | 56/693 [00:14<02:26,  4.36it/s]
  8%|▊         | 57/693 [00:14<02:27,  4.31it/s]
  8%|▊         | 58/693 [00:15<02:29,  4.26it/s]
  9%|▊         | 59/693 [00:15<02:25,  4.34it/s]
  9%|▊         | 60/693 [00:15<02:28,  4.27it/s]
  9%|▉         | 61/693 [00:15<02:28,  4.27it/s]
  9%|▉         | 62/693 [00:16<02:28,  4.26it/s]
  9%|▉         | 63/693 [00:16<02:14,  4.69it/s]
  9%|▉         | 64/693 [00:16<01:59,  5.28it/s]
  9%|▉         | 65/693 [00:16<02:02,  5.12it/s]
 10%|▉         | 66/693 [00:16<02:10,  4.80it/s]
 10%|▉         | 67/693 [00:17<02:15,  4.61it/s]
 10%|▉         | 68/693 [00:17<02:19,  4.48it/s]
 10%|▉         | 69/693 [00:17<02:22,  4.39it/s]
 10%|█         | 70/693 [00:17<02:24,  4.32it/s]
 10%|█         | 71/693 [00:18<02:23,  4.35it/s]
 10%|█         | 72/693 [00:18<02:32,  4.07it/s]
 11%|█         | 73/693 [00:18<02:30,  4.13it/s]
 11%|█         | 74/693 [00:18<02:29,  4.15it/s]
 11%|█         | 75/693 [00:18<02:17,  4.49it/s]
 11%|█         | 76/693 [00:19<02:01,  5.09it/s]
 11%|█         | 77/693 [00:19<02:03,  4.98it/s]
 11%|█▏        | 78/693 [00:19<02:10,  4.73it/s]
 11%|█▏        | 79/693 [00:19<02:15,  4.55it/s]
 12%|█▏        | 80/693 [00:20<02:17,  4.44it/s]
 12%|█▏        | 81/693 [00:20<02:20,  4.36it/s]
 12%|█▏        | 82/693 [00:20<02:21,  4.31it/s]
 12%|█▏        | 83/693 [00:20<02:20,  4.33it/s]
 12%|█▏        | 84/693 [00:20<02:22,  4.28it/s]
 12%|█▏        | 85/693 [00:21<02:22,  4.27it/s]
 12%|█▏        | 86/693 [00:21<02:22,  4.25it/s]
 13%|█▎        | 87/693 [00:21<02:18,  4.37it/s]
 13%|█▎        | 88/693 [00:21<02:01,  5.00it/s]
 13%|█▎        | 89/693 [00:21<01:50,  5.46it/s]
 13%|█▎        | 90/693 [00:22<01:59,  5.05it/s]
 13%|█▎        | 91/693 [00:22<02:06,  4.77it/s]
 13%|█▎        | 92/693 [00:22<02:10,  4.61it/s]
 13%|█▎        | 93/693 [00:22<02:13,  4.50it/s]
 14%|█▎        | 94/693 [00:23<02:15,  4.43it/s]
 14%|█▎        | 95/693 [00:23<02:17,  4.36it/s]
 14%|█▍        | 96/693 [00:23<02:16,  4.38it/s]
 14%|█▍        | 97/693 [00:23<02:16,  4.36it/s]
 14%|█▍        | 98/693 [00:24<02:16,  4.34it/s]
 14%|█▍        | 99/693 [00:24<02:17,  4.31it/s]
 14%|█▍        | 100/693 [00:24<02:12,  4.46it/s]
 15%|█▍        | 101/693 [00:24<01:55,  5.14it/s]
 15%|█▍        | 102/693 [00:24<01:45,  5.62it/s]
 15%|█▍        | 103/693 [00:24<01:53,  5.21it/s]
 15%|█▌        | 104/693 [00:25<02:00,  4.89it/s]
 15%|█▌        | 105/693 [00:25<02:05,  4.67it/s]
 15%|█▌        | 106/693 [00:25<02:09,  4.53it/s]
 15%|█▌        | 107/693 [00:25<02:11,  4.45it/s]
 16%|█▌        | 108/693 [00:26<02:12,  4.40it/s]
 16%|█▌        | 109/693 [00:26<02:12,  4.41it/s]
 16%|█▌        | 110/693 [00:26<02:13,  4.38it/s]
 16%|█▌        | 111/693 [00:26<02:15,  4.31it/s]
 16%|█▌        | 112/693 [00:27<02:14,  4.31it/s]
 16%|█▋        | 113/693 [00:27<02:10,  4.44it/s]
 16%|█▋        | 114/693 [00:27<01:54,  5.04it/s]
 17%|█▋        | 115/693 [00:27<01:42,  5.61it/s]
 17%|█▋        | 116/693 [00:27<01:51,  5.18it/s]
 17%|█▋        | 117/693 [00:28<01:58,  4.85it/s]
 17%|█▋        | 118/693 [00:28<02:03,  4.66it/s]
 17%|█▋        | 119/693 [00:28<02:06,  4.52it/s]
 17%|█▋        | 120/693 [00:28<02:08,  4.45it/s]
 17%|█▋        | 121/693 [00:28<02:10,  4.38it/s]
 18%|█▊        | 122/693 [00:29<02:06,  4.52it/s]
 18%|█▊        | 123/693 [00:29<02:07,  4.46it/s]
 18%|█▊        | 124/693 [00:29<02:08,  4.41it/s]
 18%|█▊        | 125/693 [00:29<02:09,  4.39it/s]
 18%|█▊        | 126/693 [00:30<02:05,  4.52it/s]
 18%|█▊        | 127/693 [00:30<01:49,  5.15it/s]
 18%|█▊        | 128/693 [00:30<01:51,  5.07it/s]
 19%|█▊        | 129/693 [00:30<01:58,  4.76it/s]
 19%|█▉        | 130/693 [00:30<02:02,  4.61it/s]
 19%|█▉        | 131/693 [00:31<01:57,  4.77it/s]
 19%|█▉        | 132/693 [00:31<01:43,  5.41it/s]
 19%|█▉        | 133/693 [00:31<01:32,  6.08it/s]
 19%|█▉        | 134/693 [00:31<01:25,  6.52it/s]
 19%|█▉        | 135/693 [00:31<01:19,  6.99it/s]
 20%|█▉        | 136/693 [00:31<01:20,  6.88it/s]
 20%|█▉        | 137/693 [00:31<01:16,  7.29it/s]
 20%|█▉        | 138/693 [00:31<01:14,  7.43it/s]
 20%|██        | 139/693 [00:32<01:11,  7.71it/s]
 20%|██        | 140/693 [00:32<01:11,  7.78it/s]
 20%|██        | 141/693 [00:32<01:08,  8.02it/s]
 20%|██        | 142/693 [00:32<01:10,  7.85it/s]
 21%|██        | 143/693 [00:32<01:08,  8.03it/s]
 21%|██        | 144/693 [00:32<01:11,  7.69it/s]
 21%|██        | 145/693 [00:32<01:09,  7.84it/s]
 21%|██        | 146/693 [00:32<01:09,  7.87it/s]
 21%|██        | 147/693 [00:33<01:07,  8.09it/s]
 21%|██▏       | 148/693 [00:33<01:08,  8.00it/s]
 22%|██▏       | 149/693 [00:33<01:06,  8.16it/s]
 22%|██▏       | 150/693 [00:33<01:06,  8.14it/s]
 22%|██▏       | 151/693 [00:33<01:06,  8.18it/s]
 22%|██▏       | 152/693 [00:34<02:13,  4.04it/s]
 22%|██▏       | 153/693 [00:34<01:53,  4.78it/s]
 22%|██▏       | 154/693 [00:34<01:38,  5.45it/s]
 22%|██▏       | 155/693 [00:34<01:27,  6.13it/s]
 23%|██▎       | 156/693 [00:34<01:21,  6.58it/s]
 23%|██▎       | 157/693 [00:34<01:16,  7.01it/s]
 23%|██▎       | 158/693 [00:34<01:13,  7.26it/s]
 23%|██▎       | 159/693 [00:34<01:11,  7.51it/s]
 23%|██▎       | 160/693 [00:36<03:52,  2.30it/s]
 23%|██▎       | 161/693 [00:36<03:00,  2.94it/s]
 23%|██▎       | 162/693 [00:36<02:26,  3.62it/s]
 24%|██▎       | 163/693 [00:36<02:00,  4.39it/s]
 24%|██▎       | 164/693 [00:36<01:44,  5.05it/s]
 24%|██▍       | 165/693 [00:36<01:31,  5.76it/s]
 24%|██▍       | 166/693 [00:36<01:24,  6.24it/s]
 24%|██▍       | 167/693 [00:36<01:18,  6.69it/s]
 24%|██▍       | 168/693 [00:37<02:20,  3.73it/s]
 24%|██▍       | 169/693 [00:37<02:14,  3.89it/s]
 25%|██▍       | 170/693 [00:37<02:05,  4.16it/s]
 25%|██▍       | 171/693 [00:38<01:47,  4.86it/s]
 25%|██▍       | 172/693 [00:38<01:36,  5.39it/s]
 25%|██▍       | 173/693 [00:38<01:39,  5.25it/s]
 25%|██▌       | 174/693 [00:38<01:45,  4.93it/s]
 25%|██▌       | 175/693 [00:38<01:50,  4.68it/s]
 25%|██▌       | 176/693 [00:39<01:53,  4.55it/s]
 26%|██▌       | 177/693 [00:39<01:56,  4.43it/s]
 26%|██▌       | 178/693 [00:39<01:57,  4.39it/s]
 26%|██▌       | 179/693 [00:39<01:54,  4.49it/s]
 26%|██▌       | 180/693 [00:40<01:51,  4.59it/s]
 26%|██▌       | 181/693 [00:40<01:54,  4.45it/s]
 26%|██▋       | 182/693 [00:40<01:55,  4.41it/s]
 26%|██▋       | 183/693 [00:40<01:56,  4.36it/s]
 27%|██▋       | 184/693 [00:40<01:45,  4.84it/s]
 27%|██▋       | 185/693 [00:40<01:32,  5.47it/s]
 27%|██▋       | 186/693 [00:41<01:29,  5.69it/s]
 27%|██▋       | 187/693 [00:41<01:38,  5.16it/s]
 27%|██▋       | 188/693 [00:41<01:43,  4.86it/s]
 27%|██▋       | 189/693 [00:41<01:48,  4.66it/s]
 27%|██▋       | 190/693 [00:42<01:50,  4.54it/s]
 28%|██▊       | 191/693 [00:42<01:53,  4.43it/s]
 28%|██▊       | 192/693 [00:42<01:54,  4.38it/s]
 28%|██▊       | 193/693 [00:42<01:50,  4.52it/s]
 28%|██▊       | 194/693 [00:42<01:51,  4.46it/s]
 28%|██▊       | 195/693 [00:43<01:53,  4.38it/s]
 28%|██▊       | 196/693 [00:43<01:54,  4.36it/s]
 28%|██▊       | 197/693 [00:43<01:49,  4.51it/s]
 29%|██▊       | 198/693 [00:43<01:39,  4.98it/s]
 29%|██▊       | 199/693 [00:44<01:39,  4.97it/s]
 29%|██▉       | 200/693 [00:44<01:43,  4.74it/s]
 29%|██▉       | 201/693 [00:44<01:47,  4.58it/s]
 29%|██▉       | 202/693 [00:44<01:49,  4.49it/s]
 29%|██▉       | 203/693 [00:44<01:51,  4.41it/s]
 29%|██▉       | 204/693 [00:45<01:52,  4.34it/s]
 30%|██▉       | 205/693 [00:45<01:51,  4.39it/s]
 30%|██▉       | 206/693 [00:45<01:48,  4.49it/s]
 30%|██▉       | 207/693 [00:45<01:51,  4.36it/s]
 30%|███       | 208/693 [00:46<01:52,  4.31it/s]
 30%|███       | 209/693 [00:46<01:52,  4.29it/s]
 30%|███       | 210/693 [00:46<01:41,  4.74it/s]
 30%|███       | 211/693 [00:46<01:30,  5.33it/s]
 31%|███       | 212/693 [00:46<01:36,  4.98it/s]
 31%|███       | 213/693 [00:47<01:41,  4.71it/s]
 31%|███       | 214/693 [00:47<01:45,  4.54it/s]
 31%|███       | 215/693 [00:47<01:48,  4.42it/s]
 31%|███       | 216/693 [00:47<01:49,  4.34it/s]
 31%|███▏      | 217/693 [00:48<01:51,  4.27it/s]
 31%|███▏      | 218/693 [00:48<01:47,  4.40it/s]
 32%|███▏      | 219/693 [00:48<01:48,  4.35it/s]
 32%|███▏      | 220/693 [00:48<01:49,  4.30it/s]
 32%|███▏      | 221/693 [00:49<01:50,  4.29it/s]
 32%|███▏      | 222/693 [00:49<01:46,  4.44it/s]
 32%|███▏      | 223/693 [00:49<01:32,  5.06it/s]
 32%|███▏      | 224/693 [00:49<01:28,  5.31it/s]
 32%|███▏      | 225/693 [00:49<01:35,  4.91it/s]
 33%|███▎      | 226/693 [00:49<01:40,  4.67it/s]
 33%|███▎      | 227/693 [00:50<01:43,  4.51it/s]
 33%|███▎      | 228/693 [00:50<01:45,  4.41it/s]
 33%|███▎      | 229/693 [00:50<01:46,  4.34it/s]
 33%|███▎      | 230/693 [00:50<01:48,  4.28it/s]
 33%|███▎      | 231/693 [00:51<01:45,  4.39it/s]
 33%|███▎      | 232/693 [00:51<01:46,  4.33it/s]
 34%|███▎      | 233/693 [00:51<01:46,  4.31it/s]
 34%|███▍      | 234/693 [00:51<01:47,  4.26it/s]
 34%|███▍      | 235/693 [00:52<01:38,  4.66it/s]
 34%|███▍      | 236/693 [00:52<01:27,  5.22it/s]
 34%|███▍      | 237/693 [00:52<01:28,  5.13it/s]
 34%|███▍      | 238/693 [00:52<01:34,  4.84it/s]
 34%|███▍      | 239/693 [00:52<01:38,  4.63it/s]
 35%|███▍      | 240/693 [00:53<01:40,  4.51it/s]
 35%|███▍      | 241/693 [00:53<01:42,  4.42it/s]
 35%|███▍      | 242/693 [00:53<01:42,  4.38it/s]
 35%|███▌      | 243/693 [00:53<01:41,  4.43it/s]
 35%|███▌      | 244/693 [00:53<01:40,  4.48it/s]
 35%|███▌      | 245/693 [00:54<01:42,  4.39it/s]
 35%|███▌      | 246/693 [00:54<01:42,  4.36it/s]
 36%|███▌      | 247/693 [00:54<01:43,  4.32it/s]
 36%|███▌      | 248/693 [00:54<01:31,  4.85it/s]
 36%|███▌      | 249/693 [00:54<01:21,  5.47it/s]
 36%|███▌      | 250/693 [00:55<01:24,  5.25it/s]
 36%|███▌      | 251/693 [00:55<01:30,  4.91it/s]
 36%|███▋      | 252/693 [00:55<01:34,  4.69it/s]
 37%|███▋      | 253/693 [00:55<01:36,  4.54it/s]
 37%|███▋      | 254/693 [00:56<01:38,  4.45it/s]
 37%|███▋      | 255/693 [00:56<01:39,  4.39it/s]
 37%|███▋      | 256/693 [00:56<01:39,  4.40it/s]
 37%|███▋      | 257/693 [00:56<01:36,  4.51it/s]
 37%|███▋      | 258/693 [00:57<01:38,  4.42it/s]
 37%|███▋      | 259/693 [00:57<01:39,  4.37it/s]
 38%|███▊      | 260/693 [00:57<01:39,  4.35it/s]
 38%|███▊      | 261/693 [00:57<01:28,  4.88it/s]
 38%|███▊      | 262/693 [00:57<01:20,  5.38it/s]
 38%|███▊      | 263/693 [00:57<01:22,  5.20it/s]
 38%|███▊      | 264/693 [00:58<01:28,  4.87it/s]
 38%|███▊      | 265/693 [00:58<01:31,  4.66it/s]
 38%|███▊      | 266/693 [00:58<01:33,  4.55it/s]
 39%|███▊      | 267/693 [00:58<01:36,  4.44it/s]
 39%|███▊      | 268/693 [00:59<01:36,  4.39it/s]
 39%|███▉      | 269/693 [00:59<01:33,  4.51it/s]
 39%|███▉      | 270/693 [01:00<04:23,  1.61it/s]
 39%|███▉      | 271/693 [01:01<03:29,  2.01it/s]
 39%|███▉      | 272/693 [01:01<02:56,  2.39it/s]
 39%|███▉      | 273/693 [01:01<02:32,  2.76it/s]
 40%|███▉      | 274/693 [01:01<02:15,  3.08it/s]
 40%|███▉      | 275/693 [01:02<01:55,  3.62it/s]
 40%|███▉      | 276/693 [01:02<01:38,  4.22it/s]
 40%|███▉      | 277/693 [01:02<01:35,  4.38it/s]
 40%|████      | 278/693 [01:02<01:35,  4.35it/s]
 40%|████      | 279/693 [01:02<01:36,  4.31it/s]
 40%|████      | 280/693 [01:03<01:35,  4.31it/s]
 41%|████      | 281/693 [01:03<01:36,  4.28it/s]
 41%|████      | 282/693 [01:03<01:35,  4.29it/s]
 41%|████      | 283/693 [01:03<01:32,  4.43it/s]
 41%|████      | 284/693 [01:03<01:31,  4.45it/s]
 41%|████      | 285/693 [01:04<01:33,  4.36it/s]
 41%|████▏     | 286/693 [01:04<01:33,  4.34it/s]
 41%|████▏     | 287/693 [01:04<01:34,  4.31it/s]
 42%|████▏     | 288/693 [01:04<01:22,  4.91it/s]
 42%|████▏     | 289/693 [01:04<01:12,  5.60it/s]
 42%|████▏     | 290/693 [01:05<01:12,  5.55it/s]
 42%|████▏     | 291/693 [01:05<01:19,  5.06it/s]
 42%|████▏     | 292/693 [01:05<01:23,  4.81it/s]
 42%|████▏     | 293/693 [01:05<01:26,  4.61it/s]
 42%|████▏     | 294/693 [01:06<01:28,  4.52it/s]
 43%|████▎     | 295/693 [01:06<01:30,  4.42it/s]
 43%|████▎     | 296/693 [01:06<01:30,  4.39it/s]
 43%|████▎     | 297/693 [01:06<01:28,  4.49it/s]
 43%|████▎     | 298/693 [01:06<01:28,  4.46it/s]
 43%|████▎     | 299/693 [01:07<01:29,  4.38it/s]
 43%|████▎     | 300/693 [01:07<01:30,  4.37it/s]
 43%|████▎     | 301/693 [01:07<01:22,  4.74it/s]
 44%|████▎     | 302/693 [01:07<01:12,  5.40it/s]
 44%|████▎     | 303/693 [01:07<01:05,  5.95it/s]
 44%|████▍     | 304/693 [01:08<01:12,  5.39it/s]
 44%|████▍     | 305/693 [01:08<01:18,  4.95it/s]
 44%|████▍     | 306/693 [01:08<01:21,  4.76it/s]
 44%|████▍     | 307/693 [01:08<01:24,  4.58it/s]
 44%|████▍     | 308/693 [01:09<01:25,  4.51it/s]
 45%|████▍     | 309/693 [01:09<01:26,  4.42it/s]
 45%|████▍     | 310/693 [01:09<01:23,  4.59it/s]
 45%|████▍     | 311/693 [01:09<01:24,  4.51it/s]
 45%|████▌     | 312/693 [01:09<01:25,  4.47it/s]
 45%|████▌     | 313/693 [01:10<01:26,  4.41it/s]
 45%|████▌     | 314/693 [01:10<01:26,  4.40it/s]
 45%|████▌     | 315/693 [01:10<01:15,  5.01it/s]
 46%|████▌     | 316/693 [01:10<01:07,  5.61it/s]
 46%|████▌     | 317/693 [01:10<01:07,  5.54it/s]
 46%|████▌     | 318/693 [01:11<01:13,  5.11it/s]
 46%|████▌     | 319/693 [01:11<01:17,  4.81it/s]
 46%|████▌     | 320/693 [01:11<01:20,  4.66it/s]
 46%|████▋     | 321/693 [01:11<01:22,  4.53it/s]
 46%|████▋     | 322/693 [01:11<01:22,  4.48it/s]
 47%|████▋     | 323/693 [01:12<01:24,  4.38it/s]
 47%|████▋     | 324/693 [01:12<01:22,  4.46it/s]
 47%|████▋     | 325/693 [01:12<01:23,  4.42it/s]
 47%|████▋     | 326/693 [01:12<01:23,  4.41it/s]
 47%|████▋     | 327/693 [01:13<01:23,  4.38it/s]
 47%|████▋     | 328/693 [01:13<01:17,  4.74it/s]
 47%|████▋     | 329/693 [01:13<01:07,  5.37it/s]
 48%|████▊     | 330/693 [01:13<01:08,  5.28it/s]
 48%|████▊     | 331/693 [01:13<01:13,  4.90it/s]
 48%|████▊     | 332/693 [01:14<01:17,  4.69it/s]
 48%|████▊     | 333/693 [01:14<01:19,  4.54it/s]
 48%|████▊     | 334/693 [01:14<01:20,  4.45it/s]
 48%|████▊     | 335/693 [01:14<01:21,  4.38it/s]
 48%|████▊     | 336/693 [01:15<01:21,  4.36it/s]
 49%|████▊     | 337/693 [01:15<01:18,  4.55it/s]
 49%|████▉     | 338/693 [01:15<01:19,  4.48it/s]
 49%|████▉     | 339/693 [01:15<01:20,  4.42it/s]
 49%|████▉     | 340/693 [01:15<01:20,  4.39it/s]
 49%|████▉     | 341/693 [01:16<01:13,  4.81it/s]
 49%|████▉     | 342/693 [01:16<01:05,  5.32it/s]
 49%|████▉     | 343/693 [01:16<01:07,  5.19it/s]
 50%|████▉     | 344/693 [01:16<01:11,  4.87it/s]
 50%|████▉     | 345/693 [01:16<01:15,  4.63it/s]
 50%|████▉     | 346/693 [01:17<01:16,  4.52it/s]
 50%|█████     | 347/693 [01:17<01:18,  4.42it/s]
 50%|█████     | 348/693 [01:17<01:18,  4.37it/s]
 50%|█████     | 349/693 [01:17<01:16,  4.49it/s]
 51%|█████     | 350/693 [01:18<01:16,  4.48it/s]
 51%|█████     | 351/693 [01:18<01:17,  4.42it/s]
 51%|█████     | 352/693 [01:18<01:17,  4.38it/s]
 51%|█████     | 353/693 [01:18<01:18,  4.35it/s]
 51%|█████     | 354/693 [01:18<01:09,  4.88it/s]
 51%|█████     | 355/693 [01:19<01:01,  5.48it/s]
 51%|█████▏    | 356/693 [01:19<01:03,  5.32it/s]
 52%|█████▏    | 357/693 [01:19<01:08,  4.94it/s]
 52%|█████▏    | 358/693 [01:19<01:11,  4.71it/s]
 52%|█████▏    | 359/693 [01:19<01:13,  4.54it/s]
 52%|█████▏    | 360/693 [01:20<01:14,  4.44it/s]
 52%|█████▏    | 361/693 [01:20<01:16,  4.37it/s]
 52%|█████▏    | 362/693 [01:20<01:15,  4.38it/s]
 52%|█████▏    | 363/693 [01:20<01:12,  4.57it/s]
 53%|█████▎    | 364/693 [01:21<01:13,  4.47it/s]
 53%|█████▎    | 365/693 [01:21<01:14,  4.39it/s]
 53%|█████▎    | 366/693 [01:21<01:15,  4.35it/s]
 53%|█████▎    | 367/693 [01:21<01:07,  4.83it/s]
 53%|█████▎    | 368/693 [01:21<01:00,  5.37it/s]
 53%|█████▎    | 369/693 [01:22<01:02,  5.20it/s]
 53%|█████▎    | 370/693 [01:22<01:06,  4.89it/s]
 54%|█████▎    | 371/693 [01:22<01:08,  4.67it/s]
 54%|█████▎    | 372/693 [01:22<01:10,  4.54it/s]
 54%|█████▍    | 373/693 [01:22<01:11,  4.45it/s]
 54%|█████▍    | 374/693 [01:23<01:12,  4.40it/s]
 54%|█████▍    | 375/693 [01:23<01:11,  4.46it/s]
 54%|█████▍    | 376/693 [01:23<01:10,  4.52it/s]
 54%|█████▍    | 377/693 [01:23<01:11,  4.40it/s]
 55%|█████▍    | 378/693 [01:24<01:12,  4.35it/s]
 55%|█████▍    | 379/693 [01:24<01:13,  4.30it/s]
 55%|█████▍    | 380/693 [01:24<01:05,  4.75it/s]
 55%|█████▍    | 381/693 [01:24<00:59,  5.25it/s]
 55%|█████▌    | 382/693 [01:24<01:02,  4.97it/s]
 55%|█████▌    | 383/693 [01:25<01:05,  4.72it/s]
 55%|█████▌    | 384/693 [01:25<01:07,  4.61it/s]
 56%|█████▌    | 385/693 [01:25<01:08,  4.50it/s]
 56%|█████▌    | 386/693 [01:25<01:08,  4.47it/s]
 56%|█████▌    | 387/693 [01:26<01:09,  4.39it/s]
 56%|█████▌    | 388/693 [01:26<01:09,  4.41it/s]
 56%|█████▌    | 389/693 [01:26<01:09,  4.34it/s]
 56%|█████▋    | 390/693 [01:26<01:10,  4.31it/s]
 56%|█████▋    | 391/693 [01:26<01:10,  4.28it/s]
 57%|█████▋    | 392/693 [01:27<01:07,  4.43it/s]
 57%|█████▋    | 393/693 [01:27<00:58,  5.11it/s]
 57%|█████▋    | 394/693 [01:27<00:53,  5.57it/s]
 57%|█████▋    | 395/693 [01:27<00:57,  5.18it/s]
 57%|█████▋    | 396/693 [01:27<01:00,  4.87it/s]
 57%|█████▋    | 397/693 [01:28<01:03,  4.65it/s]
 57%|█████▋    | 398/693 [01:28<01:04,  4.54it/s]
 58%|█████▊    | 399/693 [01:28<01:06,  4.44it/s]
 58%|█████▊    | 400/693 [01:28<01:07,  4.37it/s]
 58%|█████▊    | 401/693 [01:29<01:06,  4.41it/s]
 58%|█████▊    | 402/693 [01:29<01:05,  4.42it/s]
 58%|█████▊    | 403/693 [01:29<01:06,  4.35it/s]
 58%|█████▊    | 404/693 [01:29<01:06,  4.35it/s]
 58%|█████▊    | 405/693 [01:30<01:05,  4.42it/s]
 59%|█████▊    | 406/693 [01:30<00:56,  5.09it/s]
 59%|█████▊    | 407/693 [01:30<00:49,  5.73it/s]
 59%|█████▉    | 408/693 [01:30<00:52,  5.46it/s]
 59%|█████▉    | 409/693 [01:30<00:56,  5.01it/s]
 59%|█████▉    | 410/693 [01:30<00:59,  4.75it/s]
 59%|█████▉    | 411/693 [01:31<01:01,  4.58it/s]
 59%|█████▉    | 412/693 [01:31<01:02,  4.47it/s]
 60%|█████▉    | 413/693 [01:31<01:03,  4.39it/s]
 60%|█████▉    | 414/693 [01:31<01:02,  4.44it/s]
 60%|█████▉    | 415/693 [01:32<01:01,  4.55it/s]
 60%|██████    | 416/693 [01:32<01:02,  4.45it/s]
 60%|██████    | 417/693 [01:32<01:02,  4.40it/s]
 60%|██████    | 418/693 [01:32<01:02,  4.37it/s]
 60%|██████    | 419/693 [01:32<00:56,  4.84it/s]
 61%|██████    | 420/693 [01:33<00:51,  5.32it/s]
 61%|██████    | 421/693 [01:33<00:52,  5.17it/s]
 61%|██████    | 422/693 [01:33<00:55,  4.86it/s]
 61%|██████    | 423/693 [01:33<00:58,  4.64it/s]
 61%|██████    | 424/693 [01:33<01:00,  4.48it/s]
 61%|██████▏   | 425/693 [01:34<01:00,  4.41it/s]
 61%|██████▏   | 426/693 [01:34<01:01,  4.37it/s]
 62%|██████▏   | 427/693 [01:34<00:59,  4.50it/s]
 62%|██████▏   | 428/693 [01:34<00:59,  4.45it/s]
 62%|██████▏   | 429/693 [01:35<01:00,  4.39it/s]
 62%|██████▏   | 430/693 [01:35<01:00,  4.36it/s]
 62%|██████▏   | 431/693 [01:35<01:00,  4.33it/s]
 62%|██████▏   | 432/693 [01:35<00:53,  4.88it/s]
 62%|██████▏   | 433/693 [01:35<00:47,  5.48it/s]
 63%|██████▎   | 434/693 [01:36<00:50,  5.13it/s]
 63%|██████▎   | 435/693 [01:36<00:53,  4.85it/s]
 63%|██████▎   | 436/693 [01:36<00:55,  4.67it/s]
 63%|██████▎   | 437/693 [01:36<00:56,  4.53it/s]
 63%|██████▎   | 438/693 [01:37<00:57,  4.45it/s]
 63%|██████▎   | 439/693 [01:37<00:58,  4.38it/s]
 63%|██████▎   | 440/693 [01:37<00:56,  4.49it/s]
 64%|██████▎   | 441/693 [01:37<00:55,  4.52it/s]
 64%|██████▍   | 442/693 [01:37<00:56,  4.44it/s]
 64%|██████▍   | 443/693 [01:38<00:56,  4.40it/s]
 64%|██████▍   | 444/693 [01:38<00:57,  4.36it/s]
 64%|██████▍   | 445/693 [01:38<00:50,  4.92it/s]
 64%|██████▍   | 446/693 [01:38<00:45,  5.42it/s]
 65%|██████▍   | 447/693 [01:38<00:47,  5.18it/s]
 65%|██████▍   | 448/693 [01:39<00:50,  4.87it/s]
 65%|██████▍   | 449/693 [01:39<00:52,  4.64it/s]
 65%|██████▍   | 450/693 [01:39<00:53,  4.53it/s]
 65%|██████▌   | 451/693 [01:39<00:54,  4.44it/s]
 65%|██████▌   | 452/693 [01:40<00:54,  4.39it/s]
 65%|██████▌   | 453/693 [01:40<00:53,  4.51it/s]
 66%|██████▌   | 454/693 [01:40<00:53,  4.47it/s]
 66%|██████▌   | 455/693 [01:40<00:54,  4.34it/s]
 66%|██████▌   | 456/693 [01:40<00:55,  4.30it/s]
 66%|██████▌   | 457/693 [01:41<00:54,  4.32it/s]
 66%|██████▌   | 458/693 [01:41<00:48,  4.84it/s]
 66%|██████▌   | 459/693 [01:41<00:43,  5.43it/s]
 66%|██████▋   | 460/693 [01:41<00:44,  5.19it/s]
 67%|██████▋   | 461/693 [01:41<00:47,  4.84it/s]
 67%|██████▋   | 462/693 [01:42<00:49,  4.62it/s]
 67%|██████▋   | 463/693 [01:42<00:51,  4.48it/s]
 67%|██████▋   | 464/693 [01:42<00:52,  4.36it/s]
 67%|██████▋   | 465/693 [01:42<00:52,  4.32it/s]
 67%|██████▋   | 466/693 [01:43<00:52,  4.32it/s]
 67%|██████▋   | 467/693 [01:43<00:52,  4.28it/s]
 68%|██████▊   | 468/693 [01:43<00:52,  4.25it/s]
 68%|██████▊   | 469/693 [01:43<00:52,  4.24it/s]
 68%|██████▊   | 470/693 [01:44<00:50,  4.38it/s]
 68%|██████▊   | 471/693 [01:44<00:44,  4.98it/s]
 68%|██████▊   | 472/693 [01:44<00:41,  5.38it/s]
 68%|██████▊   | 473/693 [01:44<00:44,  4.96it/s]
 68%|██████▊   | 474/693 [01:44<00:46,  4.68it/s]
 69%|██████▊   | 475/693 [01:45<00:48,  4.52it/s]
 69%|██████▊   | 476/693 [01:45<00:49,  4.42it/s]
 69%|██████▉   | 477/693 [01:45<00:49,  4.34it/s]
 69%|██████▉   | 478/693 [01:45<00:50,  4.27it/s]
 69%|██████▉   | 479/693 [01:46<00:49,  4.33it/s]
 69%|██████▉   | 480/693 [01:46<00:49,  4.28it/s]
 69%|██████▉   | 481/693 [01:46<00:49,  4.27it/s]
 70%|██████▉   | 482/693 [01:46<00:49,  4.24it/s]
 70%|██████▉   | 483/693 [01:46<00:44,  4.68it/s]
 70%|██████▉   | 484/693 [01:47<00:39,  5.24it/s]
 70%|██████▉   | 485/693 [01:47<00:40,  5.15it/s]
 70%|███████   | 486/693 [01:47<00:42,  4.86it/s]
 70%|███████   | 487/693 [01:47<00:44,  4.64it/s]
 70%|███████   | 488/693 [01:47<00:45,  4.52it/s]
 71%|███████   | 489/693 [01:48<00:46,  4.42it/s]
 71%|███████   | 490/693 [01:48<00:46,  4.39it/s]
 71%|███████   | 491/693 [01:48<00:45,  4.43it/s]
 71%|███████   | 492/693 [01:48<00:44,  4.54it/s]
 71%|███████   | 493/693 [01:49<00:45,  4.42it/s]
 71%|███████▏  | 494/693 [01:49<00:45,  4.37it/s]
 71%|███████▏  | 495/693 [01:49<00:45,  4.33it/s]
 72%|███████▏  | 496/693 [01:49<00:41,  4.77it/s]
 72%|███████▏  | 497/693 [01:49<00:36,  5.35it/s]
 72%|███████▏  | 498/693 [01:50<00:38,  5.05it/s]
 72%|███████▏  | 499/693 [01:50<00:40,  4.78it/s]
 72%|███████▏  | 500/693 [01:50<00:41,  4.62it/s]
 72%|███████▏  | 501/693 [01:50<00:43,  4.46it/s]
 72%|███████▏  | 502/693 [01:51<00:43,  4.43it/s]
 73%|███████▎  | 503/693 [01:51<00:43,  4.36it/s]
 73%|███████▎  | 504/693 [01:51<00:42,  4.48it/s]
 73%|███████▎  | 505/693 [01:51<00:42,  4.48it/s]
 73%|███████▎  | 506/693 [01:51<00:42,  4.41it/s]
 73%|███████▎  | 507/693 [01:52<00:42,  4.38it/s]
 73%|███████▎  | 508/693 [01:52<00:42,  4.35it/s]
 73%|███████▎  | 509/693 [01:52<00:37,  4.95it/s]
 74%|███████▎  | 510/693 [01:52<00:34,  5.37it/s]
 74%|███████▎  | 511/693 [01:52<00:36,  5.00it/s]
 74%|███████▍  | 512/693 [01:53<00:38,  4.74it/s]
 74%|███████▍  | 513/693 [01:53<00:39,  4.58it/s]
 74%|███████▍  | 514/693 [01:53<00:39,  4.48it/s]
 74%|███████▍  | 515/693 [01:53<00:40,  4.39it/s]
 74%|███████▍  | 516/693 [01:54<00:40,  4.35it/s]
 75%|███████▍  | 517/693 [01:54<00:40,  4.37it/s]
 75%|███████▍  | 518/693 [01:54<00:40,  4.33it/s]
 75%|███████▍  | 519/693 [01:54<00:40,  4.30it/s]
 75%|███████▌  | 520/693 [01:55<00:40,  4.29it/s]
 75%|███████▌  | 521/693 [01:55<00:38,  4.44it/s]
 75%|███████▌  | 522/693 [01:55<00:33,  5.04it/s]
 75%|███████▌  | 523/693 [01:55<00:30,  5.57it/s]
 76%|███████▌  | 524/693 [01:55<00:32,  5.13it/s]
 76%|███████▌  | 525/693 [01:55<00:34,  4.82it/s]
 76%|███████▌  | 526/693 [01:56<00:36,  4.63it/s]
 76%|███████▌  | 527/693 [01:56<00:36,  4.49it/s]
 76%|███████▌  | 528/693 [01:56<00:37,  4.42it/s]
 76%|███████▋  | 529/693 [01:56<00:37,  4.34it/s]
 76%|███████▋  | 530/693 [01:57<00:37,  4.36it/s]
 77%|███████▋  | 531/693 [01:57<00:37,  4.34it/s]
 77%|███████▋  | 532/693 [01:57<00:37,  4.31it/s]
 77%|███████▋  | 533/693 [01:57<00:37,  4.29it/s]
 77%|███████▋  | 534/693 [01:58<00:35,  4.44it/s]
 77%|███████▋  | 535/693 [01:58<00:30,  5.11it/s]
 77%|███████▋  | 536/693 [01:58<00:28,  5.46it/s]
 77%|███████▋  | 537/693 [01:58<00:31,  5.01it/s]
 78%|███████▊  | 538/693 [01:58<00:32,  4.77it/s]
 78%|███████▊  | 539/693 [01:59<00:33,  4.58it/s]
 78%|███████▊  | 540/693 [01:59<00:34,  4.49it/s]
 78%|███████▊  | 541/693 [01:59<00:34,  4.40it/s]
 78%|███████▊  | 542/693 [01:59<00:34,  4.37it/s]
 78%|███████▊  | 543/693 [01:59<00:33,  4.47it/s]
 78%|███████▊  | 544/693 [02:00<00:33,  4.41it/s]
 79%|███████▊  | 545/693 [02:00<00:34,  4.34it/s]
 79%|███████▉  | 546/693 [02:00<00:33,  4.33it/s]
 79%|███████▉  | 547/693 [02:00<00:32,  4.50it/s]
 79%|███████▉  | 548/693 [02:00<00:28,  5.07it/s]
 79%|███████▉  | 549/693 [02:01<00:25,  5.58it/s]
 79%|███████▉  | 550/693 [02:01<00:27,  5.13it/s]
 80%|███████▉  | 551/693 [02:01<00:29,  4.79it/s]
 80%|███████▉  | 552/693 [02:01<00:30,  4.62it/s]
 80%|███████▉  | 553/693 [02:02<00:31,  4.49it/s]
 80%|███████▉  | 554/693 [02:02<00:31,  4.42it/s]
 80%|████████  | 555/693 [02:02<00:31,  4.36it/s]
 80%|████████  | 556/693 [02:02<00:31,  4.39it/s]
 80%|████████  | 557/693 [02:03<00:31,  4.36it/s]
 81%|████████  | 558/693 [02:03<00:31,  4.31it/s]
 81%|████████  | 559/693 [02:03<00:31,  4.29it/s]
 81%|████████  | 560/693 [02:03<00:29,  4.44it/s]
 81%|████████  | 561/693 [02:03<00:25,  5.09it/s]
 81%|████████  | 562/693 [02:03<00:23,  5.51it/s]
 81%|████████  | 563/693 [02:04<00:25,  5.04it/s]
 81%|████████▏ | 564/693 [02:04<00:26,  4.79it/s]
 82%|████████▏ | 565/693 [02:04<00:27,  4.60it/s]
 82%|████████▏ | 566/693 [02:04<00:28,  4.51it/s]
 82%|████████▏ | 567/693 [02:05<00:28,  4.41it/s]
 82%|████████▏ | 568/693 [02:05<00:28,  4.35it/s]
 82%|████████▏ | 569/693 [02:05<00:27,  4.45it/s]
 82%|████████▏ | 570/693 [02:05<00:27,  4.41it/s]
 82%|████████▏ | 571/693 [02:06<00:27,  4.36it/s]
 83%|████████▎ | 572/693 [02:06<00:27,  4.33it/s]
 83%|████████▎ | 573/693 [02:06<00:26,  4.49it/s]
 83%|████████▎ | 574/693 [02:06<00:23,  5.09it/s]
 83%|████████▎ | 575/693 [02:06<00:20,  5.65it/s]
 83%|████████▎ | 576/693 [02:06<00:22,  5.17it/s]
 83%|████████▎ | 577/693 [02:07<00:23,  4.86it/s]
 83%|████████▎ | 578/693 [02:07<00:24,  4.65it/s]
 84%|████████▎ | 579/693 [02:07<00:25,  4.51it/s]
 84%|████████▎ | 580/693 [02:07<00:25,  4.44it/s]
 84%|████████▍ | 581/693 [02:08<00:25,  4.38it/s]
 84%|████████▍ | 582/693 [02:08<00:25,  4.36it/s]
 84%|████████▍ | 583/693 [02:08<00:25,  4.31it/s]
 84%|████████▍ | 584/693 [02:08<00:25,  4.30it/s]
 84%|████████▍ | 585/693 [02:09<00:25,  4.28it/s]
 85%|████████▍ | 586/693 [02:09<00:24,  4.42it/s]
 85%|████████▍ | 587/693 [02:09<00:20,  5.10it/s]
 85%|████████▍ | 588/693 [02:09<00:19,  5.49it/s]
 85%|████████▍ | 589/693 [02:09<00:20,  5.02it/s]
 85%|████████▌ | 590/693 [02:10<00:21,  4.78it/s]
 85%|████████▌ | 591/693 [02:10<00:22,  4.58it/s]
 85%|████████▌ | 592/693 [02:10<00:22,  4.51it/s]
 86%|████████▌ | 593/693 [02:10<00:22,  4.43it/s]
 86%|████████▌ | 594/693 [02:10<00:22,  4.44it/s]
 86%|████████▌ | 595/693 [02:11<00:22,  4.45it/s]
 86%|████████▌ | 596/693 [02:11<00:22,  4.41it/s]
 86%|████████▌ | 597/693 [02:11<00:22,  4.36it/s]
 86%|████████▋ | 598/693 [02:11<00:21,  4.36it/s]
 86%|████████▋ | 599/693 [02:12<00:21,  4.47it/s]
 87%|████████▋ | 600/693 [02:12<00:18,  5.13it/s]
 87%|████████▋ | 601/693 [02:12<00:16,  5.74it/s]
 87%|████████▋ | 602/693 [02:12<00:16,  5.52it/s]
 87%|████████▋ | 603/693 [02:12<00:17,  5.05it/s]
 87%|████████▋ | 604/693 [02:13<00:18,  4.81it/s]
 87%|████████▋ | 605/693 [02:13<00:19,  4.61it/s]
 87%|████████▋ | 606/693 [02:13<00:19,  4.51it/s]
 88%|████████▊ | 607/693 [02:13<00:19,  4.42it/s]
 88%|████████▊ | 608/693 [02:13<00:19,  4.35it/s]
 88%|████████▊ | 609/693 [02:14<00:18,  4.56it/s]
 88%|████████▊ | 610/693 [02:14<00:18,  4.51it/s]
 88%|████████▊ | 611/693 [02:14<00:18,  4.42it/s]
 88%|████████▊ | 612/693 [02:14<00:18,  4.40it/s]
 88%|████████▊ | 613/693 [02:15<00:16,  4.85it/s]
 89%|████████▊ | 614/693 [02:15<00:14,  5.48it/s]
 89%|████████▊ | 615/693 [02:15<00:13,  5.98it/s]
 89%|████████▉ | 616/693 [02:15<00:14,  5.39it/s]
 89%|████████▉ | 617/693 [02:15<00:15,  4.97it/s]
 89%|████████▉ | 618/693 [02:15<00:15,  4.76it/s]
 89%|████████▉ | 619/693 [02:16<00:16,  4.59it/s]
 89%|████████▉ | 620/693 [02:16<00:16,  4.52it/s]
 90%|████████▉ | 621/693 [02:16<00:16,  4.42it/s]
 90%|████████▉ | 622/693 [02:16<00:16,  4.43it/s]
 90%|████████▉ | 623/693 [02:17<00:15,  4.38it/s]
 90%|█████████ | 624/693 [02:17<00:15,  4.38it/s]
 90%|█████████ | 625/693 [02:17<00:15,  4.34it/s]
 90%|█████████ | 626/693 [02:17<00:15,  4.44it/s]
 90%|█████████ | 627/693 [02:17<00:12,  5.14it/s]
 91%|█████████ | 628/693 [02:18<00:11,  5.70it/s]
 91%|█████████ | 629/693 [02:18<00:11,  5.45it/s]
 91%|█████████ | 630/693 [02:18<00:12,  5.06it/s]
 91%|█████████ | 631/693 [02:18<00:13,  4.77it/s]
 91%|█████████ | 632/693 [02:18<00:13,  4.64it/s]
 91%|█████████▏| 633/693 [02:19<00:13,  4.49it/s]
 91%|█████████▏| 634/693 [02:19<00:13,  4.46it/s]
 92%|█████████▏| 635/693 [02:19<00:13,  4.44it/s]
 92%|█████████▏| 636/693 [02:19<00:12,  4.60it/s]
 92%|█████████▏| 637/693 [02:20<00:12,  4.47it/s]
 92%|█████████▏| 638/693 [02:20<00:12,  4.43it/s]
 92%|█████████▏| 639/693 [02:20<00:12,  4.38it/s]
 92%|█████████▏| 640/693 [02:20<00:10,  4.85it/s]
 92%|█████████▏| 641/693 [02:20<00:09,  5.54it/s]
 93%|█████████▎| 642/693 [02:20<00:08,  5.96it/s]
 93%|█████████▎| 643/693 [02:21<00:09,  5.32it/s]
 93%|█████████▎| 644/693 [02:21<00:09,  4.98it/s]
 93%|█████████▎| 645/693 [02:21<00:10,  4.74it/s]
 93%|█████████▎| 646/693 [02:21<00:10,  4.61it/s]
 93%|█████████▎| 647/693 [02:22<00:10,  4.49it/s]
 94%|█████████▎| 648/693 [02:22<00:10,  4.43it/s]
 94%|█████████▎| 649/693 [02:22<00:09,  4.43it/s]
 94%|█████████▍| 650/693 [02:22<00:09,  4.41it/s]
 94%|█████████▍| 651/693 [02:23<00:09,  4.36it/s]
 94%|█████████▍| 652/693 [02:23<00:09,  4.33it/s]
 94%|█████████▍| 653/693 [02:23<00:09,  4.37it/s]
 94%|█████████▍| 654/693 [02:23<00:08,  4.76it/s]
 95%|█████████▍| 655/693 [02:23<00:07,  4.81it/s]
 95%|█████████▍| 656/693 [02:24<00:07,  4.66it/s]
 95%|█████████▍| 657/693 [02:24<00:07,  4.51it/s]
 95%|█████████▍| 658/693 [02:24<00:07,  4.45it/s]
 95%|█████████▌| 659/693 [02:24<00:07,  4.37it/s]
 95%|█████████▌| 660/693 [02:25<00:07,  4.38it/s]
 95%|█████████▌| 661/693 [02:25<00:07,  4.45it/s]
 96%|█████████▌| 662/693 [02:25<00:06,  4.56it/s]
 96%|█████████▌| 663/693 [02:25<00:06,  4.44it/s]
 96%|█████████▌| 664/693 [02:25<00:06,  4.41it/s]
 96%|█████████▌| 665/693 [02:26<00:06,  4.36it/s]
 96%|█████████▌| 666/693 [02:26<00:05,  4.90it/s]
 96%|█████████▌| 667/693 [02:26<00:04,  5.58it/s]
 96%|█████████▋| 668/693 [02:26<00:04,  5.71it/s]
 97%|█████████▋| 669/693 [02:26<00:04,  5.20it/s]
 97%|█████████▋| 670/693 [02:27<00:04,  4.91it/s]
 97%|█████████▋| 671/693 [02:27<00:04,  4.67it/s]
 97%|█████████▋| 672/693 [02:27<00:04,  4.55it/s]
 97%|█████████▋| 673/693 [02:27<00:04,  4.43it/s]
 97%|█████████▋| 674/693 [02:28<00:04,  4.41it/s]
 97%|█████████▋| 675/693 [02:28<00:03,  4.63it/s]
 98%|█████████▊| 676/693 [02:28<00:03,  4.53it/s]
 98%|█████████▊| 677/693 [02:28<00:03,  4.47it/s]
 98%|█████████▊| 678/693 [02:28<00:03,  4.44it/s]
 98%|█████████▊| 679/693 [02:29<00:03,  4.53it/s]
 98%|█████████▊| 680/693 [02:29<00:02,  5.19it/s]
 98%|█████████▊| 681/693 [02:29<00:02,  5.81it/s]
 98%|█████████▊| 682/693 [02:29<00:01,  5.51it/s]
 99%|█████████▊| 683/693 [02:29<00:01,  5.06it/s]
 99%|█████████▊| 684/693 [02:30<00:01,  4.86it/s]
 99%|█████████▉| 685/693 [02:30<00:01,  4.66it/s]
 99%|█████████▉| 686/693 [02:30<00:01,  4.58it/s]
 99%|█████████▉| 687/693 [02:30<00:01,  4.48it/s]
 99%|█████████▉| 688/693 [02:30<00:01,  4.40it/s]
 99%|█████████▉| 689/693 [02:31<00:00,  4.57it/s]
100%|█████████▉| 690/693 [02:31<00:00,  4.47it/s]
100%|█████████▉| 691/693 [02:31<00:00,  4.42it/s]
100%|█████████▉| 692/693 [02:31<00:00,  4.38it/s]
100%|██████████| 693/693 [02:32<00:00,  4.80it/s]
100%|██████████| 693/693 [02:32<00:00,  4.55it/s]
Training loss: 0.9335769340933487, KL loss: 0.7746158091063795, Sim loss: 0.0013270929769107595, Exo CLS loss: 0.8650084736005741, 
Noun sim loss: 0.12119128088457416, Part sim loss: 0.3285219446147159, Proto loss: 1.5865099727677405, Conc loss: 0.13609265074843452
learning rate:4.933837785406672e-05


  0%|          | 0/168 [00:00<?, ?it/s]
  1%|          | 1/168 [00:00<01:41,  1.64it/s]
  2%|▏         | 4/168 [00:00<00:24,  6.57it/s]
  4%|▎         | 6/168 [00:00<00:20,  7.95it/s]
  5%|▌         | 9/168 [00:01<00:17,  9.18it/s]
  7%|▋         | 12/168 [00:01<00:12, 12.05it/s]
  9%|▉         | 15/168 [00:01<00:10, 14.33it/s]
 10%|█         | 17/168 [00:01<00:16,  8.96it/s]
 12%|█▏        | 20/168 [00:02<00:13, 11.34it/s]
 14%|█▎        | 23/168 [00:02<00:10, 13.56it/s]
 15%|█▍        | 25/168 [00:02<00:13, 10.79it/s]
 16%|█▌        | 27/168 [00:02<00:11, 12.12it/s]
 18%|█▊        | 30/168 [00:02<00:09, 14.57it/s]
 20%|█▉        | 33/168 [00:02<00:08, 16.40it/s]
 21%|██▏       | 36/168 [00:03<00:07, 17.66it/s]
 23%|██▎       | 39/168 [00:03<00:06, 19.15it/s]
 25%|██▌       | 42/168 [00:03<00:06, 19.42it/s]
 27%|██▋       | 45/168 [00:03<00:06, 20.29it/s]
 29%|██▊       | 48/168 [00:03<00:05, 20.67it/s]
 30%|███       | 51/168 [00:03<00:05, 21.00it/s]
 33%|███▎      | 55/168 [00:03<00:04, 24.62it/s]
 35%|███▍      | 58/168 [00:03<00:04, 24.40it/s]
 36%|███▋      | 61/168 [00:04<00:04, 23.84it/s]
 38%|███▊      | 64/168 [00:04<00:04, 23.44it/s]
 40%|███▉      | 67/168 [00:04<00:04, 22.11it/s]
 42%|████▏     | 70/168 [00:04<00:04, 21.17it/s]
 43%|████▎     | 73/168 [00:04<00:04, 21.47it/s]
 45%|████▌     | 76/168 [00:04<00:04, 20.73it/s]
 47%|████▋     | 79/168 [00:04<00:04, 20.97it/s]
 49%|████▉     | 82/168 [00:05<00:04, 20.75it/s]
 51%|█████     | 85/168 [00:05<00:03, 20.87it/s]
 52%|█████▏    | 88/168 [00:05<00:03, 21.04it/s]
 54%|█████▍    | 91/168 [00:05<00:03, 20.58it/s]
 56%|█████▌    | 94/168 [00:06<00:06, 12.27it/s]
 58%|█████▊    | 97/168 [00:06<00:04, 14.30it/s]
 60%|█████▉    | 100/168 [00:06<00:04, 16.06it/s]
 61%|██████▏   | 103/168 [00:06<00:03, 17.53it/s]
 63%|██████▎   | 106/168 [00:06<00:03, 18.71it/s]
 65%|██████▍   | 109/168 [00:06<00:02, 19.81it/s]
 67%|██████▋   | 112/168 [00:06<00:02, 20.14it/s]
 68%|██████▊   | 115/168 [00:06<00:02, 20.28it/s]
 70%|███████   | 118/168 [00:07<00:02, 20.41it/s]
 72%|███████▏  | 121/168 [00:07<00:02, 20.56it/s]
 74%|███████▍  | 124/168 [00:07<00:02, 21.14it/s]
 76%|███████▌  | 127/168 [00:07<00:01, 20.91it/s]
 77%|███████▋  | 130/168 [00:07<00:01, 20.75it/s]
 79%|███████▉  | 133/168 [00:07<00:01, 20.85it/s]
 81%|████████  | 136/168 [00:07<00:01, 20.89it/s]
 83%|████████▎ | 139/168 [00:08<00:01, 20.55it/s]
 85%|████████▍ | 142/168 [00:08<00:01, 22.57it/s]
 87%|████████▋ | 146/168 [00:08<00:00, 25.63it/s]
 89%|████████▊ | 149/168 [00:08<00:00, 24.32it/s]
 90%|█████████ | 152/168 [00:08<00:00, 22.13it/s]
 92%|█████████▏| 155/168 [00:08<00:00, 22.48it/s]
 94%|█████████▍| 158/168 [00:08<00:00, 22.10it/s]
 96%|█████████▌| 161/168 [00:09<00:00, 15.63it/s]
 98%|█████████▊| 164/168 [00:09<00:00, 17.32it/s]
 99%|█████████▉| 167/168 [00:09<00:00, 18.75it/s]
100%|██████████| 168/168 [00:09<00:00, 17.41it/s]
Result on AGD: 
KLD=0.9411054253578186, SIM=0.4784122407436371, NSS=1.4867039918899536
noun sim: 0.11740725043983687, part sim: 0.26642782436240287
New best KLD: 0.9411054253578186, 0.4784122407436371, 1.4867039918899536
Epoch 3 loss coeffs: kl=0.3, sim=1.0, exo_cls=0.6, noun=0.1, part=0.01, proto=0.1, conc=0.05
============Training Epoch 3============

  0%|          | 0/693 [00:00<?, ?it/s]/mnt/sdb/wyn/envs/clip-env/lib/python3.10/site-packages/torch/_tensor.py:1002: UserWarning: non-inplace resize is deprecated
  warnings.warn("non-inplace resize is deprecated")
/mnt/sdb/wyn/envs/clip-env/lib/python3.10/site-packages/torch/_tensor.py:1002: UserWarning: non-inplace resize is deprecated
  warnings.warn("non-inplace resize is deprecated")
/mnt/sdb/wyn/envs/clip-env/lib/python3.10/site-packages/torch/_tensor.py:1002: UserWarning: non-inplace resize is deprecated
  warnings.warn("non-inplace resize is deprecated")
/mnt/sdb/wyn/envs/clip-env/lib/python3.10/site-packages/torch/_tensor.py:1002: UserWarning: non-inplace resize is deprecated
  warnings.warn("non-inplace resize is deprecated")
/mnt/sdb/wyn/envs/clip-env/lib/python3.10/site-packages/torch/_tensor.py:1002: UserWarning: non-inplace resize is deprecated
  warnings.warn("non-inplace resize is deprecated")
/mnt/sdb/wyn/envs/clip-env/lib/python3.10/site-packages/torch/_tensor.py:1002: UserWarning: non-inplace resize is deprecated
  warnings.warn("non-inplace resize is deprecated")
/mnt/sdb/wyn/envs/clip-env/lib/python3.10/site-packages/torch/_tensor.py:1002: UserWarning: non-inplace resize is deprecated
  warnings.warn("non-inplace resize is deprecated")
/mnt/sdb/wyn/envs/clip-env/lib/python3.10/site-packages/torch/_tensor.py:1002: UserWarning: non-inplace resize is deprecated
  warnings.warn("non-inplace resize is deprecated")

  0%|          | 1/693 [00:02<23:11,  2.01s/it]
  0%|          | 2/693 [00:02<11:12,  1.03it/s]
  0%|          | 3/693 [00:02<07:16,  1.58it/s]
  1%|          | 4/693 [00:03<07:25,  1.55it/s]
  1%|          | 5/693 [00:03<05:41,  2.01it/s]
  1%|          | 6/693 [00:03<04:40,  2.45it/s]
  1%|          | 7/693 [00:03<03:42,  3.08it/s]
  1%|          | 8/693 [00:03<03:00,  3.79it/s]
  1%|▏         | 9/693 [00:04<02:46,  4.10it/s]
  1%|▏         | 10/693 [00:04<02:44,  4.15it/s]
  2%|▏         | 11/693 [00:04<02:43,  4.17it/s]
  2%|▏         | 12/693 [00:04<02:42,  4.20it/s]
  2%|▏         | 13/693 [00:05<02:41,  4.20it/s]
  2%|▏         | 14/693 [00:05<02:40,  4.23it/s]
  2%|▏         | 15/693 [00:05<02:36,  4.32it/s]
  2%|▏         | 16/693 [00:05<02:31,  4.46it/s]
  2%|▏         | 17/693 [00:05<02:34,  4.37it/s]
  3%|▎         | 18/693 [00:06<02:35,  4.35it/s]
  3%|▎         | 19/693 [00:06<02:35,  4.33it/s]
  3%|▎         | 20/693 [00:06<02:22,  4.74it/s]
  3%|▎         | 21/693 [00:06<02:10,  5.15it/s]
  3%|▎         | 22/693 [00:06<02:20,  4.79it/s]
  3%|▎         | 23/693 [00:07<02:25,  4.60it/s]
  3%|▎         | 24/693 [00:07<02:29,  4.46it/s]
  4%|▎         | 25/693 [00:07<02:31,  4.40it/s]
  4%|▍         | 26/693 [00:07<02:33,  4.35it/s]
  4%|▍         | 27/693 [00:08<02:34,  4.31it/s]
  4%|▍         | 28/693 [00:08<02:27,  4.49it/s]
  4%|▍         | 29/693 [00:08<02:30,  4.42it/s]
  4%|▍         | 30/693 [00:08<02:31,  4.37it/s]
  4%|▍         | 31/693 [00:09<02:32,  4.33it/s]
  5%|▍         | 32/693 [00:09<02:26,  4.52it/s]
  5%|▍         | 33/693 [00:09<02:07,  5.18it/s]
  5%|▍         | 34/693 [00:09<01:59,  5.53it/s]
  5%|▌         | 35/693 [00:09<02:09,  5.09it/s]
  5%|▌         | 36/693 [00:10<02:16,  4.82it/s]
  5%|▌         | 37/693 [00:10<02:22,  4.60it/s]
  5%|▌         | 38/693 [00:10<02:25,  4.51it/s]
  6%|▌         | 39/693 [00:10<02:28,  4.41it/s]
  6%|▌         | 40/693 [00:10<02:30,  4.34it/s]
  6%|▌         | 41/693 [00:11<02:29,  4.35it/s]
  6%|▌         | 42/693 [00:11<02:31,  4.30it/s]
  6%|▌         | 43/693 [00:11<02:31,  4.30it/s]
  6%|▋         | 44/693 [00:11<02:32,  4.26it/s]
  6%|▋         | 45/693 [00:12<02:22,  4.53it/s]
  7%|▋         | 46/693 [00:12<02:06,  5.10it/s]
  7%|▋         | 47/693 [00:12<02:07,  5.07it/s]
  7%|▋         | 48/693 [00:12<02:15,  4.75it/s]
  7%|▋         | 49/693 [00:12<02:21,  4.56it/s]
  7%|▋         | 50/693 [00:13<02:24,  4.44it/s]
  7%|▋         | 51/693 [00:13<02:28,  4.34it/s]
  8%|▊         | 52/693 [00:13<02:30,  4.26it/s]
  8%|▊         | 53/693 [00:13<02:29,  4.28it/s]
  8%|▊         | 54/693 [00:14<02:30,  4.24it/s]
  8%|▊         | 55/693 [00:14<02:31,  4.21it/s]
  8%|▊         | 56/693 [00:14<02:31,  4.20it/s]
  8%|▊         | 57/693 [00:14<02:24,  4.39it/s]
  8%|▊         | 58/693 [00:14<02:19,  4.54it/s]
  9%|▊         | 59/693 [00:15<02:22,  4.45it/s]
  9%|▊         | 60/693 [00:15<02:25,  4.36it/s]
  9%|▉         | 61/693 [00:15<02:26,  4.30it/s]
  9%|▉         | 62/693 [00:15<02:28,  4.26it/s]
  9%|▉         | 63/693 [00:16<02:28,  4.25it/s]
  9%|▉         | 64/693 [00:16<02:28,  4.22it/s]
  9%|▉         | 65/693 [00:16<02:25,  4.32it/s]
 10%|▉         | 66/693 [00:16<02:26,  4.27it/s]
 10%|▉         | 67/693 [00:17<02:27,  4.25it/s]
 10%|▉         | 68/693 [00:17<02:27,  4.24it/s]
 10%|▉         | 69/693 [00:17<02:14,  4.66it/s]
 10%|█         | 70/693 [00:17<02:00,  5.18it/s]
 10%|█         | 71/693 [00:17<02:06,  4.93it/s]
 10%|█         | 72/693 [00:18<02:13,  4.67it/s]
 11%|█         | 73/693 [00:18<02:17,  4.51it/s]
 11%|█         | 74/693 [00:18<02:20,  4.39it/s]
 11%|█         | 75/693 [00:18<02:22,  4.34it/s]
 11%|█         | 76/693 [00:19<02:25,  4.23it/s]
 11%|█         | 77/693 [00:19<02:22,  4.33it/s]
 11%|█▏        | 78/693 [00:19<02:24,  4.26it/s]
 11%|█▏        | 79/693 [00:19<02:24,  4.26it/s]
 12%|█▏        | 80/693 [00:20<02:24,  4.24it/s]
 12%|█▏        | 81/693 [00:20<02:14,  4.55it/s]
 12%|█▏        | 82/693 [00:20<01:59,  5.13it/s]
 12%|█▏        | 83/693 [00:20<02:00,  5.06it/s]
 12%|█▏        | 84/693 [00:20<02:07,  4.76it/s]
 12%|█▏        | 85/693 [00:21<02:13,  4.55it/s]
 12%|█▏        | 86/693 [00:21<02:17,  4.42it/s]
 13%|█▎        | 87/693 [00:21<02:18,  4.36it/s]
 13%|█▎        | 88/693 [00:21<02:20,  4.31it/s]
 13%|█▎        | 89/693 [00:21<02:19,  4.32it/s]
 13%|█▎        | 90/693 [00:22<02:21,  4.25it/s]
 13%|█▎        | 91/693 [00:22<02:21,  4.27it/s]
 13%|█▎        | 92/693 [00:22<02:21,  4.25it/s]
 13%|█▎        | 93/693 [00:22<02:17,  4.35it/s]
 14%|█▎        | 94/693 [00:23<02:02,  4.91it/s]
 14%|█▎        | 95/693 [00:23<01:57,  5.11it/s]
 14%|█▍        | 96/693 [00:23<02:05,  4.75it/s]
 14%|█▍        | 97/693 [00:23<02:10,  4.55it/s]
 14%|█▍        | 98/693 [00:23<02:14,  4.43it/s]
 14%|█▍        | 99/693 [00:24<02:16,  4.36it/s]
 14%|█▍        | 100/693 [00:24<02:18,  4.30it/s]
 15%|█▍        | 101/693 [00:24<02:15,  4.38it/s]
 15%|█▍        | 102/693 [00:24<02:12,  4.46it/s]
 15%|█▍        | 103/693 [00:25<02:14,  4.38it/s]
 15%|█▌        | 104/693 [00:25<02:16,  4.32it/s]
 15%|█▌        | 105/693 [00:25<02:16,  4.31it/s]
 15%|█▌        | 106/693 [00:25<02:04,  4.73it/s]
 15%|█▌        | 107/693 [00:25<01:53,  5.17it/s]
 16%|█▌        | 108/693 [00:26<02:02,  4.79it/s]
 16%|█▌        | 109/693 [00:26<02:07,  4.59it/s]
 16%|█▌        | 110/693 [00:26<02:12,  4.39it/s]
 16%|█▌        | 111/693 [00:26<02:14,  4.34it/s]
 16%|█▌        | 112/693 [00:27<02:15,  4.28it/s]
 16%|█▋        | 113/693 [00:27<02:16,  4.25it/s]
 16%|█▋        | 114/693 [00:27<02:12,  4.37it/s]
 17%|█▋        | 115/693 [00:27<02:13,  4.32it/s]
 17%|█▋        | 116/693 [00:28<02:14,  4.29it/s]
 17%|█▋        | 117/693 [00:28<02:14,  4.28it/s]
 17%|█▋        | 118/693 [00:28<01:59,  4.80it/s]
 17%|█▋        | 119/693 [00:28<01:45,  5.42it/s]
 17%|█▋        | 120/693 [00:28<01:54,  5.03it/s]
 17%|█▋        | 121/693 [00:29<02:00,  4.76it/s]
 18%|█▊        | 122/693 [00:29<02:03,  4.62it/s]
 18%|█▊        | 123/693 [00:29<02:06,  4.49it/s]
 18%|█▊        | 124/693 [00:29<02:08,  4.44it/s]
 18%|█▊        | 125/693 [00:29<02:10,  4.37it/s]
 18%|█▊        | 126/693 [00:30<02:10,  4.36it/s]
 18%|█▊        | 127/693 [00:30<02:10,  4.33it/s]
 18%|█▊        | 128/693 [00:30<02:10,  4.32it/s]
 19%|█▊        | 129/693 [00:30<02:10,  4.31it/s]
 19%|█▉        | 130/693 [00:31<02:07,  4.42it/s]
 19%|█▉        | 131/693 [00:31<01:50,  5.11it/s]
 19%|█▉        | 132/693 [00:31<01:41,  5.53it/s]
 19%|█▉        | 133/693 [00:31<01:50,  5.07it/s]
 19%|█▉        | 134/693 [00:31<01:56,  4.82it/s]
 19%|█▉        | 135/693 [00:32<02:00,  4.65it/s]
 20%|█▉        | 136/693 [00:32<02:02,  4.54it/s]
 20%|█▉        | 137/693 [00:32<02:05,  4.44it/s]
 20%|█▉        | 138/693 [00:32<02:05,  4.42it/s]
 20%|██        | 139/693 [00:33<02:06,  4.38it/s]
 20%|██        | 140/693 [00:33<02:06,  4.36it/s]
 20%|██        | 141/693 [00:33<02:07,  4.32it/s]
 20%|██        | 142/693 [00:33<02:07,  4.32it/s]
 21%|██        | 143/693 [00:33<02:05,  4.39it/s]
 21%|██        | 144/693 [00:34<01:48,  5.04it/s]
 21%|██        | 145/693 [00:34<01:36,  5.68it/s]
 21%|██        | 146/693 [00:34<01:45,  5.18it/s]
 21%|██        | 147/693 [00:34<01:52,  4.85it/s]
 21%|██▏       | 148/693 [00:34<01:56,  4.66it/s]
 22%|██▏       | 149/693 [00:35<02:00,  4.52it/s]
 22%|██▏       | 150/693 [00:35<02:02,  4.44it/s]
 22%|██▏       | 151/693 [00:35<02:04,  4.36it/s]
 22%|██▏       | 152/693 [00:35<02:03,  4.38it/s]
 22%|██▏       | 153/693 [00:36<02:04,  4.34it/s]
 22%|██▏       | 154/693 [00:36<02:04,  4.33it/s]
 22%|██▏       | 155/693 [00:36<02:04,  4.32it/s]
 23%|██▎       | 156/693 [00:36<02:01,  4.41it/s]
 23%|██▎       | 157/693 [00:36<01:47,  4.98it/s]
 23%|██▎       | 158/693 [00:37<01:44,  5.12it/s]
 23%|██▎       | 159/693 [00:37<01:50,  4.81it/s]
 23%|██▎       | 160/693 [00:37<01:54,  4.64it/s]
 23%|██▎       | 161/693 [00:37<01:58,  4.49it/s]
 23%|██▎       | 162/693 [00:38<02:00,  4.41it/s]
 24%|██▎       | 163/693 [00:38<02:01,  4.36it/s]
 24%|██▎       | 164/693 [00:38<02:02,  4.33it/s]
 24%|██▍       | 165/693 [00:38<01:56,  4.51it/s]
 24%|██▍       | 166/693 [00:38<01:58,  4.44it/s]
 24%|██▍       | 167/693 [00:39<02:00,  4.37it/s]
 24%|██▍       | 168/693 [00:39<02:00,  4.34it/s]
 24%|██▍       | 169/693 [00:39<01:51,  4.69it/s]
 25%|██▍       | 170/693 [00:39<01:40,  5.20it/s]
 25%|██▍       | 171/693 [00:39<01:42,  5.08it/s]
 25%|██▍       | 172/693 [00:40<01:47,  4.86it/s]
 25%|██▍       | 173/693 [00:40<01:52,  4.64it/s]
 25%|██▌       | 174/693 [00:40<01:53,  4.55it/s]
 25%|██▌       | 175/693 [00:40<01:55,  4.47it/s]
 25%|██▌       | 176/693 [00:41<01:55,  4.46it/s]
 26%|██▌       | 177/693 [00:41<01:54,  4.49it/s]
 26%|██▌       | 178/693 [00:41<01:53,  4.55it/s]
 26%|██▌       | 179/693 [00:41<01:55,  4.45it/s]
 26%|██▌       | 180/693 [00:41<01:56,  4.41it/s]
 26%|██▌       | 181/693 [00:42<01:58,  4.34it/s]
 26%|██▋       | 182/693 [00:42<01:45,  4.84it/s]
 26%|██▋       | 183/693 [00:42<01:33,  5.48it/s]
 27%|██▋       | 184/693 [00:42<01:36,  5.26it/s]
 27%|██▋       | 185/693 [00:42<01:43,  4.90it/s]
 27%|██▋       | 186/693 [00:43<01:49,  4.64it/s]
 27%|██▋       | 187/693 [00:43<01:52,  4.50it/s]
 27%|██▋       | 188/693 [00:43<01:54,  4.39it/s]
 27%|██▋       | 189/693 [00:43<01:55,  4.35it/s]
 27%|██▋       | 190/693 [00:44<01:53,  4.44it/s]
 28%|██▊       | 191/693 [00:44<01:50,  4.54it/s]
 28%|██▊       | 192/693 [00:44<01:52,  4.43it/s]
 28%|██▊       | 193/693 [00:44<01:53,  4.39it/s]
 28%|██▊       | 194/693 [00:45<01:54,  4.35it/s]
 28%|██▊       | 195/693 [00:45<01:42,  4.86it/s]
 28%|██▊       | 196/693 [00:45<01:33,  5.34it/s]
 28%|██▊       | 197/693 [00:45<01:35,  5.17it/s]
 29%|██▊       | 198/693 [00:45<01:41,  4.87it/s]
 29%|██▊       | 199/693 [00:45<01:46,  4.66it/s]
 29%|██▉       | 200/693 [00:46<01:48,  4.54it/s]
 29%|██▉       | 201/693 [00:46<01:50,  4.44it/s]
 29%|██▉       | 202/693 [00:46<01:52,  4.38it/s]
 29%|██▉       | 203/693 [00:46<01:50,  4.45it/s]
 29%|██▉       | 204/693 [00:47<01:47,  4.53it/s]
 30%|██▉       | 205/693 [00:47<01:50,  4.43it/s]
 30%|██▉       | 206/693 [00:47<01:50,  4.39it/s]
 30%|██▉       | 207/693 [00:47<01:51,  4.35it/s]
 30%|███       | 208/693 [00:47<01:40,  4.83it/s]
 30%|███       | 209/693 [00:48<01:28,  5.45it/s]
 30%|███       | 210/693 [00:48<01:32,  5.20it/s]
 30%|███       | 211/693 [00:48<01:39,  4.87it/s]
 31%|███       | 212/693 [00:48<01:43,  4.65it/s]
 31%|███       | 213/693 [00:49<01:47,  4.47it/s]
 31%|███       | 214/693 [00:49<01:48,  4.42it/s]
 31%|███       | 215/693 [00:49<01:49,  4.36it/s]
 31%|███       | 216/693 [00:49<01:46,  4.49it/s]
 31%|███▏      | 217/693 [00:49<01:45,  4.50it/s]
 31%|███▏      | 218/693 [00:50<01:47,  4.43it/s]
 32%|███▏      | 219/693 [00:50<01:47,  4.40it/s]
 32%|███▏      | 220/693 [00:50<01:48,  4.35it/s]
 32%|███▏      | 221/693 [00:50<01:35,  4.93it/s]
 32%|███▏      | 222/693 [00:50<01:26,  5.45it/s]
 32%|███▏      | 223/693 [00:51<01:30,  5.21it/s]
 32%|███▏      | 224/693 [00:51<01:35,  4.89it/s]
 32%|███▏      | 225/693 [00:51<01:40,  4.68it/s]
 33%|███▎      | 226/693 [00:51<01:42,  4.55it/s]
 33%|███▎      | 227/693 [00:52<01:44,  4.45it/s]
 33%|███▎      | 228/693 [00:52<01:45,  4.40it/s]
 33%|███▎      | 229/693 [00:52<01:43,  4.50it/s]
 33%|███▎      | 230/693 [00:52<01:42,  4.53it/s]
 33%|███▎      | 231/693 [00:52<01:45,  4.38it/s]
 33%|███▎      | 232/693 [00:53<01:46,  4.32it/s]
 34%|███▎      | 233/693 [00:53<01:46,  4.31it/s]
 34%|███▍      | 234/693 [00:53<01:36,  4.75it/s]
 34%|███▍      | 235/693 [00:53<01:26,  5.28it/s]
 34%|███▍      | 236/693 [00:53<01:30,  5.07it/s]
 34%|███▍      | 237/693 [00:54<01:35,  4.76it/s]
 34%|███▍      | 238/693 [00:54<01:40,  4.55it/s]
 34%|███▍      | 239/693 [00:54<01:42,  4.43it/s]
 35%|███▍      | 240/693 [00:54<01:44,  4.35it/s]
 35%|███▍      | 241/693 [00:55<01:44,  4.32it/s]
 35%|███▍      | 242/693 [00:55<01:43,  4.37it/s]
 35%|███▌      | 243/693 [00:55<01:42,  4.39it/s]
 35%|███▌      | 244/693 [00:55<01:42,  4.37it/s]
 35%|███▌      | 245/693 [00:56<01:42,  4.35it/s]
 35%|███▌      | 246/693 [00:56<01:42,  4.37it/s]
 36%|███▌      | 247/693 [00:56<01:28,  5.03it/s]
 36%|███▌      | 248/693 [00:56<01:22,  5.37it/s]
 36%|███▌      | 249/693 [00:56<01:25,  5.19it/s]
 36%|███▌      | 250/693 [00:57<01:30,  4.87it/s]
 36%|███▌      | 251/693 [00:57<01:35,  4.65it/s]
 36%|███▋      | 252/693 [00:57<01:37,  4.52it/s]
 37%|███▋      | 253/693 [00:57<01:39,  4.43it/s]
 37%|███▋      | 254/693 [00:57<01:40,  4.38it/s]
 37%|███▋      | 255/693 [00:58<01:39,  4.42it/s]
 37%|███▋      | 256/693 [00:58<01:39,  4.37it/s]
 37%|███▋      | 257/693 [00:58<01:40,  4.34it/s]
 37%|███▋      | 258/693 [00:58<01:40,  4.32it/s]
 37%|███▋      | 259/693 [00:59<01:39,  4.38it/s]
 38%|███▊      | 260/693 [00:59<01:26,  4.99it/s]
 38%|███▊      | 261/693 [00:59<01:18,  5.51it/s]
 38%|███▊      | 262/693 [00:59<01:23,  5.17it/s]
 38%|███▊      | 263/693 [00:59<01:28,  4.85it/s]
 38%|███▊      | 264/693 [01:00<01:32,  4.66it/s]
 38%|███▊      | 265/693 [01:00<01:34,  4.51it/s]
 38%|███▊      | 266/693 [01:00<01:35,  4.46it/s]
 39%|███▊      | 267/693 [01:00<01:37,  4.38it/s]
 39%|███▊      | 268/693 [01:00<01:33,  4.52it/s]
 39%|███▉      | 269/693 [01:01<01:34,  4.51it/s]
 39%|███▉      | 270/693 [01:01<01:36,  4.38it/s]
 39%|███▉      | 271/693 [01:01<01:37,  4.34it/s]
 39%|███▉      | 272/693 [01:01<01:37,  4.30it/s]
 39%|███▉      | 273/693 [01:02<01:28,  4.74it/s]
 40%|███▉      | 274/693 [01:02<01:27,  4.76it/s]
 40%|███▉      | 275/693 [01:02<01:31,  4.58it/s]
 40%|███▉      | 276/693 [01:02<01:33,  4.45it/s]
 40%|███▉      | 277/693 [01:02<01:35,  4.36it/s]
 40%|████      | 278/693 [01:03<01:36,  4.30it/s]
 40%|████      | 279/693 [01:03<01:36,  4.28it/s]
 40%|████      | 280/693 [01:03<01:34,  4.36it/s]
 41%|████      | 281/693 [01:03<01:32,  4.45it/s]
 41%|████      | 282/693 [01:04<01:33,  4.37it/s]
 41%|████      | 283/693 [01:04<01:34,  4.34it/s]
 41%|████      | 284/693 [01:04<01:35,  4.30it/s]
 41%|████      | 285/693 [01:04<01:23,  4.91it/s]
 41%|████▏     | 286/693 [01:04<01:15,  5.36it/s]
 41%|████▏     | 287/693 [01:05<01:17,  5.22it/s]
 42%|████▏     | 288/693 [01:05<01:22,  4.90it/s]
 42%|████▏     | 289/693 [01:05<01:26,  4.68it/s]
 42%|████▏     | 290/693 [01:05<01:28,  4.55it/s]
 42%|████▏     | 291/693 [01:06<01:30,  4.44it/s]
 42%|████▏     | 292/693 [01:06<01:31,  4.40it/s]
 42%|████▏     | 293/693 [01:06<01:29,  4.46it/s]
 42%|████▏     | 294/693 [01:06<01:27,  4.55it/s]
 43%|████▎     | 295/693 [01:06<01:30,  4.41it/s]
 43%|████▎     | 296/693 [01:07<01:31,  4.35it/s]
 43%|████▎     | 297/693 [01:07<01:31,  4.32it/s]
 43%|████▎     | 298/693 [01:07<01:22,  4.77it/s]
 43%|████▎     | 299/693 [01:07<01:12,  5.40it/s]
 43%|████▎     | 300/693 [01:07<01:16,  5.16it/s]
 43%|████▎     | 301/693 [01:08<01:21,  4.83it/s]
 44%|████▎     | 302/693 [01:08<01:24,  4.62it/s]
 44%|████▎     | 303/693 [01:08<01:27,  4.47it/s]
 44%|████▍     | 304/693 [01:08<01:29,  4.37it/s]
 44%|████▍     | 305/693 [01:09<01:29,  4.33it/s]
 44%|████▍     | 306/693 [01:09<01:29,  4.33it/s]
 44%|████▍     | 307/693 [01:09<01:29,  4.31it/s]
 44%|████▍     | 308/693 [01:09<01:29,  4.28it/s]
 45%|████▍     | 309/693 [01:10<01:30,  4.26it/s]
 45%|████▍     | 310/693 [01:10<01:27,  4.37it/s]
 45%|████▍     | 311/693 [01:10<01:19,  4.80it/s]
 45%|████▌     | 312/693 [01:10<01:20,  4.72it/s]
 45%|████▌     | 313/693 [01:10<01:23,  4.54it/s]
 45%|████▌     | 314/693 [01:11<01:25,  4.43it/s]
 45%|████▌     | 315/693 [01:11<01:26,  4.37it/s]
 46%|████▌     | 316/693 [01:11<01:27,  4.33it/s]
 46%|████▌     | 317/693 [01:11<01:27,  4.27it/s]
 46%|████▌     | 318/693 [01:12<01:27,  4.27it/s]
 46%|████▌     | 319/693 [01:12<01:28,  4.25it/s]
 46%|████▌     | 320/693 [01:12<01:28,  4.20it/s]
 46%|████▋     | 321/693 [01:12<01:28,  4.21it/s]
 46%|████▋     | 322/693 [01:13<01:24,  4.40it/s]
 47%|████▋     | 323/693 [01:13<01:13,  5.01it/s]
 47%|████▋     | 324/693 [01:13<01:12,  5.10it/s]
 47%|████▋     | 325/693 [01:13<01:16,  4.79it/s]
 47%|████▋     | 326/693 [01:13<01:20,  4.56it/s]
 47%|████▋     | 327/693 [01:14<01:22,  4.45it/s]
 47%|████▋     | 328/693 [01:14<01:23,  4.36it/s]
 47%|████▋     | 329/693 [01:14<01:24,  4.31it/s]
 48%|████▊     | 330/693 [01:14<01:25,  4.26it/s]
 48%|████▊     | 331/693 [01:14<01:21,  4.46it/s]
 48%|████▊     | 332/693 [01:15<01:21,  4.40it/s]
 48%|████▊     | 333/693 [01:15<01:22,  4.35it/s]
 48%|████▊     | 334/693 [01:15<01:22,  4.34it/s]
 48%|████▊     | 335/693 [01:15<01:15,  4.77it/s]
 48%|████▊     | 336/693 [01:15<01:07,  5.25it/s]
 49%|████▊     | 337/693 [01:16<01:11,  5.00it/s]
 49%|████▉     | 338/693 [01:16<01:14,  4.74it/s]
 49%|████▉     | 339/693 [01:16<01:17,  4.57it/s]
 49%|████▉     | 340/693 [01:16<01:18,  4.48it/s]
 49%|████▉     | 341/693 [01:17<01:20,  4.39it/s]
 49%|████▉     | 342/693 [01:17<01:21,  4.33it/s]
 49%|████▉     | 343/693 [01:17<01:20,  4.34it/s]
 50%|████▉     | 344/693 [01:17<01:20,  4.31it/s]
 50%|████▉     | 345/693 [01:18<01:21,  4.29it/s]
 50%|████▉     | 346/693 [01:18<01:20,  4.29it/s]
 50%|█████     | 347/693 [01:18<01:18,  4.43it/s]
 50%|█████     | 348/693 [01:18<01:08,  5.02it/s]
 50%|█████     | 349/693 [01:18<01:01,  5.59it/s]
 51%|█████     | 350/693 [01:19<01:06,  5.17it/s]
 51%|█████     | 351/693 [01:19<01:10,  4.84it/s]
 51%|█████     | 352/693 [01:19<01:12,  4.67it/s]
 51%|█████     | 353/693 [01:19<01:15,  4.52it/s]
 51%|█████     | 354/693 [01:19<01:15,  4.48it/s]
 51%|█████     | 355/693 [01:20<01:16,  4.40it/s]
 51%|█████▏    | 356/693 [01:20<01:13,  4.57it/s]
 52%|█████▏    | 357/693 [01:20<01:14,  4.53it/s]
 52%|█████▏    | 358/693 [01:20<01:14,  4.48it/s]
 52%|█████▏    | 359/693 [01:21<01:15,  4.41it/s]
 52%|█████▏    | 360/693 [01:21<01:15,  4.39it/s]
 52%|█████▏    | 361/693 [01:21<01:06,  4.98it/s]
 52%|█████▏    | 362/693 [01:21<00:59,  5.57it/s]
 52%|█████▏    | 363/693 [01:21<01:00,  5.43it/s]
 53%|█████▎    | 364/693 [01:21<01:04,  5.06it/s]
 53%|█████▎    | 365/693 [01:22<01:08,  4.77it/s]
 53%|█████▎    | 366/693 [01:22<01:10,  4.63it/s]
 53%|█████▎    | 367/693 [01:22<01:12,  4.50it/s]
 53%|█████▎    | 368/693 [01:22<01:12,  4.47it/s]
 53%|█████▎    | 369/693 [01:23<01:13,  4.40it/s]
 53%|█████▎    | 370/693 [01:23<01:10,  4.56it/s]
 54%|█████▎    | 371/693 [01:23<01:12,  4.47it/s]
 54%|█████▎    | 372/693 [01:23<01:12,  4.46it/s]
 54%|█████▍    | 373/693 [01:24<01:13,  4.38it/s]
 54%|█████▍    | 374/693 [01:24<01:06,  4.79it/s]
 54%|█████▍    | 375/693 [01:24<00:57,  5.49it/s]
 54%|█████▍    | 376/693 [01:24<00:53,  5.89it/s]
 54%|█████▍    | 377/693 [01:24<00:59,  5.27it/s]
 55%|█████▍    | 378/693 [01:24<01:03,  4.94it/s]
 55%|█████▍    | 379/693 [01:25<01:07,  4.68it/s]
 55%|█████▍    | 380/693 [01:25<01:08,  4.59it/s]
 55%|█████▍    | 381/693 [01:25<01:09,  4.47it/s]
 55%|█████▌    | 382/693 [01:25<01:10,  4.44it/s]
 55%|█████▌    | 383/693 [01:26<01:09,  4.43it/s]
 55%|█████▌    | 384/693 [01:26<01:10,  4.39it/s]
 56%|█████▌    | 385/693 [01:26<01:10,  4.37it/s]
 56%|█████▌    | 386/693 [01:26<01:10,  4.34it/s]
 56%|█████▌    | 387/693 [01:27<01:08,  4.45it/s]
 56%|█████▌    | 388/693 [01:27<00:59,  5.10it/s]
 56%|█████▌    | 389/693 [01:27<00:53,  5.73it/s]
 56%|█████▋    | 390/693 [01:27<00:55,  5.50it/s]
 56%|█████▋    | 391/693 [01:27<00:59,  5.03it/s]
 57%|█████▋    | 392/693 [01:27<01:02,  4.79it/s]
 57%|█████▋    | 393/693 [01:28<01:05,  4.59it/s]
 57%|█████▋    | 394/693 [01:28<01:06,  4.50it/s]
 57%|█████▋    | 395/693 [01:28<01:07,  4.41it/s]
 57%|█████▋    | 396/693 [01:28<01:07,  4.40it/s]
 57%|█████▋    | 397/693 [01:29<01:04,  4.61it/s]
 57%|█████▋    | 398/693 [01:29<01:04,  4.54it/s]
 58%|█████▊    | 399/693 [01:29<01:05,  4.46it/s]
 58%|█████▊    | 400/693 [01:29<01:06,  4.43it/s]
 58%|█████▊    | 401/693 [01:29<01:00,  4.82it/s]
 58%|█████▊    | 402/693 [01:30<00:53,  5.47it/s]
 58%|█████▊    | 403/693 [01:30<00:48,  5.97it/s]
 58%|█████▊    | 404/693 [01:30<00:53,  5.38it/s]
 58%|█████▊    | 405/693 [01:30<00:58,  4.96it/s]
 59%|█████▊    | 406/693 [01:30<01:00,  4.76it/s]
 59%|█████▊    | 407/693 [01:31<01:02,  4.60it/s]
 59%|█████▉    | 408/693 [01:31<01:03,  4.52it/s]
 59%|█████▉    | 409/693 [01:31<01:04,  4.44it/s]
 59%|█████▉    | 410/693 [01:31<01:01,  4.58it/s]
 59%|█████▉    | 411/693 [01:32<01:02,  4.51it/s]
 59%|█████▉    | 412/693 [01:32<01:03,  4.46it/s]
 60%|█████▉    | 413/693 [01:32<01:03,  4.42it/s]
 60%|█████▉    | 414/693 [01:32<01:03,  4.39it/s]
 60%|█████▉    | 415/693 [01:32<00:55,  4.98it/s]
 60%|██████    | 416/693 [01:33<00:52,  5.32it/s]
 60%|██████    | 417/693 [01:33<00:55,  4.94it/s]
 60%|██████    | 418/693 [01:33<00:58,  4.74it/s]
 60%|██████    | 419/693 [01:33<00:59,  4.58it/s]
 61%|██████    | 420/693 [01:33<01:00,  4.50it/s]
 61%|██████    | 421/693 [01:34<01:01,  4.40it/s]
 61%|██████    | 422/693 [01:34<01:01,  4.38it/s]
 61%|██████    | 423/693 [01:34<01:00,  4.44it/s]
 61%|██████    | 424/693 [01:34<01:01,  4.40it/s]
 61%|██████▏   | 425/693 [01:35<01:01,  4.35it/s]
 61%|██████▏   | 426/693 [01:35<01:01,  4.33it/s]
 62%|██████▏   | 427/693 [01:35<00:59,  4.47it/s]
 62%|██████▏   | 428/693 [01:35<00:51,  5.14it/s]
 62%|██████▏   | 429/693 [01:35<00:45,  5.78it/s]
 62%|██████▏   | 430/693 [01:35<00:47,  5.55it/s]
 62%|██████▏   | 431/693 [01:36<00:51,  5.05it/s]
 62%|██████▏   | 432/693 [01:36<00:54,  4.81it/s]
 62%|██████▏   | 433/693 [01:36<00:56,  4.62it/s]
 63%|██████▎   | 434/693 [01:36<00:57,  4.53it/s]
 63%|██████▎   | 435/693 [01:37<00:58,  4.44it/s]
 63%|██████▎   | 436/693 [01:37<00:58,  4.41it/s]
 63%|██████▎   | 437/693 [01:37<00:55,  4.60it/s]
 63%|██████▎   | 438/693 [01:37<00:56,  4.49it/s]
 63%|██████▎   | 439/693 [01:38<00:56,  4.46it/s]
 63%|██████▎   | 440/693 [01:38<00:57,  4.42it/s]
 64%|██████▎   | 441/693 [01:38<00:52,  4.78it/s]
 64%|██████▍   | 442/693 [01:38<00:46,  5.39it/s]
 64%|██████▍   | 443/693 [01:38<00:43,  5.77it/s]
 64%|██████▍   | 444/693 [01:38<00:47,  5.22it/s]
 64%|██████▍   | 445/693 [01:39<00:50,  4.86it/s]
 64%|██████▍   | 446/693 [01:39<00:52,  4.69it/s]
 65%|██████▍   | 447/693 [01:39<00:54,  4.55it/s]
 65%|██████▍   | 448/693 [01:39<00:54,  4.48it/s]
 65%|██████▍   | 449/693 [01:40<00:55,  4.40it/s]
 65%|██████▍   | 450/693 [01:40<00:54,  4.42it/s]
 65%|██████▌   | 451/693 [01:40<00:54,  4.40it/s]
 65%|██████▌   | 452/693 [01:40<00:54,  4.39it/s]
 65%|██████▌   | 453/693 [01:41<00:55,  4.34it/s]
 66%|██████▌   | 454/693 [01:41<00:53,  4.49it/s]
 66%|██████▌   | 455/693 [01:41<00:45,  5.19it/s]
 66%|██████▌   | 456/693 [01:41<00:40,  5.78it/s]
 66%|██████▌   | 457/693 [01:41<00:39,  6.02it/s]
 66%|██████▌   | 458/693 [01:41<00:43,  5.40it/s]
 66%|██████▌   | 459/693 [01:42<00:47,  4.95it/s]
 66%|██████▋   | 460/693 [01:42<00:49,  4.74it/s]
 67%|██████▋   | 461/693 [01:42<00:50,  4.58it/s]
 67%|██████▋   | 462/693 [01:42<00:51,  4.50it/s]
 67%|██████▋   | 463/693 [01:43<00:51,  4.43it/s]
 67%|██████▋   | 464/693 [01:43<00:50,  4.51it/s]
 67%|██████▋   | 465/693 [01:43<00:51,  4.44it/s]
 67%|██████▋   | 466/693 [01:43<00:51,  4.42it/s]
 67%|██████▋   | 467/693 [01:43<00:51,  4.37it/s]
 68%|██████▊   | 468/693 [01:44<00:49,  4.51it/s]
 68%|██████▊   | 469/693 [01:44<00:43,  5.17it/s]
 68%|██████▊   | 470/693 [01:44<00:38,  5.72it/s]
 68%|██████▊   | 471/693 [01:44<00:40,  5.45it/s]
 68%|██████▊   | 472/693 [01:44<00:43,  5.05it/s]
 68%|██████▊   | 473/693 [01:45<00:46,  4.72it/s]
 68%|██████▊   | 474/693 [01:45<00:47,  4.58it/s]
 69%|██████▊   | 475/693 [01:45<00:48,  4.50it/s]
 69%|██████▊   | 476/693 [01:45<00:48,  4.46it/s]
 69%|██████▉   | 477/693 [01:46<00:47,  4.51it/s]
 69%|██████▉   | 478/693 [01:46<00:46,  4.59it/s]
 69%|██████▉   | 479/693 [01:46<00:48,  4.44it/s]
 69%|██████▉   | 480/693 [01:46<00:48,  4.44it/s]
 69%|██████▉   | 481/693 [01:46<00:48,  4.38it/s]
 70%|██████▉   | 482/693 [01:47<00:43,  4.90it/s]
 70%|██████▉   | 483/693 [01:47<00:38,  5.43it/s]
 70%|██████▉   | 484/693 [01:47<00:39,  5.28it/s]
 70%|██████▉   | 485/693 [01:47<00:42,  4.90it/s]
 70%|███████   | 486/693 [01:47<00:43,  4.70it/s]
 70%|███████   | 487/693 [01:48<00:45,  4.54it/s]
 70%|███████   | 488/693 [01:48<00:45,  4.49it/s]
 71%|███████   | 489/693 [01:48<00:46,  4.42it/s]
 71%|███████   | 490/693 [01:48<00:46,  4.39it/s]
 71%|███████   | 491/693 [01:49<00:44,  4.56it/s]
 71%|███████   | 492/693 [01:49<00:44,  4.50it/s]
 71%|███████   | 493/693 [01:49<00:45,  4.42it/s]
 71%|███████▏  | 494/693 [01:49<00:45,  4.41it/s]
 71%|███████▏  | 495/693 [01:49<00:40,  4.83it/s]
 72%|███████▏  | 496/693 [01:49<00:35,  5.50it/s]
 72%|███████▏  | 497/693 [01:50<00:32,  5.98it/s]
 72%|███████▏  | 498/693 [01:50<00:36,  5.36it/s]
 72%|███████▏  | 499/693 [01:50<00:39,  4.97it/s]
 72%|███████▏  | 500/693 [01:50<00:40,  4.77it/s]
 72%|███████▏  | 501/693 [01:51<00:42,  4.57it/s]
 72%|███████▏  | 502/693 [01:51<00:42,  4.50it/s]
 73%|███████▎  | 503/693 [01:51<00:42,  4.43it/s]
 73%|███████▎  | 504/693 [01:51<00:42,  4.50it/s]
 73%|███████▎  | 505/693 [01:51<00:42,  4.42it/s]
 73%|███████▎  | 506/693 [01:52<00:42,  4.38it/s]
 73%|███████▎  | 507/693 [01:52<00:42,  4.36it/s]
 73%|███████▎  | 508/693 [01:52<00:42,  4.40it/s]
 73%|███████▎  | 509/693 [01:52<00:36,  5.08it/s]
 74%|███████▎  | 510/693 [01:52<00:32,  5.65it/s]
 74%|███████▎  | 511/693 [01:53<00:33,  5.40it/s]
 74%|███████▍  | 512/693 [01:53<00:35,  5.05it/s]
 74%|███████▍  | 513/693 [01:53<00:37,  4.76it/s]
 74%|███████▍  | 514/693 [01:53<00:38,  4.62it/s]
 74%|███████▍  | 515/693 [01:54<00:39,  4.52it/s]
 74%|███████▍  | 516/693 [01:54<00:39,  4.45it/s]
 75%|███████▍  | 517/693 [01:54<00:39,  4.51it/s]
 75%|███████▍  | 518/693 [01:54<00:38,  4.58it/s]
 75%|███████▍  | 519/693 [01:54<00:39,  4.42it/s]
 75%|███████▌  | 520/693 [01:55<00:39,  4.36it/s]
 75%|███████▌  | 521/693 [01:55<00:39,  4.32it/s]
 75%|███████▌  | 522/693 [01:55<00:35,  4.81it/s]
 75%|███████▌  | 523/693 [01:55<00:32,  5.29it/s]
 76%|███████▌  | 524/693 [01:55<00:34,  4.92it/s]
 76%|███████▌  | 525/693 [01:56<00:35,  4.67it/s]
 76%|███████▌  | 526/693 [01:56<00:36,  4.54it/s]
 76%|███████▌  | 527/693 [01:56<00:37,  4.44it/s]
 76%|███████▌  | 528/693 [01:56<00:37,  4.39it/s]
 76%|███████▋  | 529/693 [01:57<00:37,  4.32it/s]
 76%|███████▋  | 530/693 [01:57<00:36,  4.45it/s]
 77%|███████▋  | 531/693 [01:57<00:36,  4.39it/s]
 77%|███████▋  | 532/693 [01:57<00:36,  4.36it/s]
 77%|███████▋  | 533/693 [01:58<00:37,  4.31it/s]
 77%|███████▋  | 534/693 [01:58<00:35,  4.46it/s]
 77%|███████▋  | 535/693 [01:58<00:30,  5.16it/s]
 77%|███████▋  | 536/693 [01:58<00:27,  5.73it/s]
 77%|███████▋  | 537/693 [01:58<00:28,  5.45it/s]
 78%|███████▊  | 538/693 [01:58<00:31,  4.99it/s]
 78%|███████▊  | 539/693 [01:59<00:32,  4.72it/s]
 78%|███████▊  | 540/693 [01:59<00:33,  4.57it/s]
 78%|███████▊  | 541/693 [01:59<00:34,  4.45it/s]
 78%|███████▊  | 542/693 [01:59<00:34,  4.38it/s]
 78%|███████▊  | 543/693 [02:00<00:34,  4.37it/s]
 78%|███████▊  | 544/693 [02:00<00:34,  4.34it/s]
 79%|███████▊  | 545/693 [02:00<00:34,  4.31it/s]
 79%|███████▉  | 546/693 [02:00<00:34,  4.31it/s]
 79%|███████▉  | 547/693 [02:01<00:32,  4.46it/s]
 79%|███████▉  | 548/693 [02:01<00:28,  5.12it/s]
 79%|███████▉  | 549/693 [02:01<00:25,  5.75it/s]
 79%|███████▉  | 550/693 [02:01<00:25,  5.52it/s]
 80%|███████▉  | 551/693 [02:01<00:28,  5.04it/s]
 80%|███████▉  | 552/693 [02:01<00:29,  4.77it/s]
 80%|███████▉  | 553/693 [02:02<00:30,  4.61it/s]
 80%|███████▉  | 554/693 [02:02<00:30,  4.52it/s]
 80%|████████  | 555/693 [02:02<00:31,  4.42it/s]
 80%|████████  | 556/693 [02:02<00:31,  4.41it/s]
 80%|████████  | 557/693 [02:03<00:29,  4.56it/s]
 81%|████████  | 558/693 [02:03<00:30,  4.48it/s]
 81%|████████  | 559/693 [02:03<00:30,  4.43it/s]
 81%|████████  | 560/693 [02:03<00:30,  4.40it/s]
 81%|████████  | 561/693 [02:03<00:27,  4.83it/s]
 81%|████████  | 562/693 [02:04<00:24,  5.35it/s]
 81%|████████  | 563/693 [02:04<00:25,  5.19it/s]
 81%|████████▏ | 564/693 [02:04<00:26,  4.87it/s]
 82%|████████▏ | 565/693 [02:04<00:27,  4.63it/s]
 82%|████████▏ | 566/693 [02:05<00:28,  4.53it/s]
 82%|████████▏ | 567/693 [02:05<00:28,  4.44it/s]
 82%|████████▏ | 568/693 [02:05<00:28,  4.39it/s]
 82%|████████▏ | 569/693 [02:05<00:27,  4.52it/s]
 82%|████████▏ | 570/693 [02:05<00:27,  4.44it/s]
 82%|████████▏ | 571/693 [02:06<00:28,  4.35it/s]
 83%|████████▎ | 572/693 [02:06<00:27,  4.37it/s]
 83%|████████▎ | 573/693 [02:06<00:27,  4.33it/s]
 83%|████████▎ | 574/693 [02:06<00:24,  4.93it/s]
 83%|████████▎ | 575/693 [02:06<00:21,  5.54it/s]
 83%|████████▎ | 576/693 [02:07<00:29,  3.97it/s]
 83%|████████▎ | 577/693 [02:07<00:28,  4.04it/s]
 83%|████████▎ | 578/693 [02:07<00:28,  4.08it/s]
 84%|████████▎ | 579/693 [02:08<00:27,  4.14it/s]
 84%|████████▎ | 580/693 [02:08<00:27,  4.18it/s]
 84%|████████▍ | 581/693 [02:08<00:25,  4.32it/s]
 84%|████████▍ | 582/693 [02:08<00:25,  4.32it/s]
 84%|████████▍ | 583/693 [02:08<00:25,  4.30it/s]
 84%|████████▍ | 584/693 [02:09<00:27,  4.03it/s]
 84%|████████▍ | 585/693 [02:09<00:23,  4.66it/s]
 85%|████████▍ | 586/693 [02:09<00:20,  5.22it/s]
 85%|████████▍ | 587/693 [02:09<00:21,  4.92it/s]
 85%|████████▍ | 588/693 [02:09<00:22,  4.70it/s]
 85%|████████▍ | 589/693 [02:10<00:22,  4.54it/s]
 85%|████████▌ | 590/693 [02:10<00:23,  4.45it/s]
 85%|████████▌ | 591/693 [02:10<00:23,  4.37it/s]
 85%|████████▌ | 592/693 [02:10<00:23,  4.34it/s]
 86%|████████▌ | 593/693 [02:11<00:22,  4.40it/s]
 86%|████████▌ | 594/693 [02:11<00:22,  4.33it/s]
 86%|████████▌ | 595/693 [02:11<00:22,  4.32it/s]
 86%|████████▌ | 596/693 [02:11<00:22,  4.31it/s]
 86%|████████▌ | 597/693 [02:12<00:21,  4.48it/s]
 86%|████████▋ | 598/693 [02:12<00:18,  5.09it/s]
 86%|████████▋ | 599/693 [02:12<00:16,  5.68it/s]
 87%|████████▋ | 600/693 [02:12<00:17,  5.23it/s]
 87%|████████▋ | 601/693 [02:12<00:18,  4.90it/s]
 87%|████████▋ | 602/693 [02:13<00:19,  4.67it/s]
 87%|████████▋ | 603/693 [02:13<00:19,  4.53it/s]
 87%|████████▋ | 604/693 [02:13<00:19,  4.45it/s]
 87%|████████▋ | 605/693 [02:13<00:20,  4.38it/s]
 87%|████████▋ | 606/693 [02:13<00:19,  4.50it/s]
 88%|████████▊ | 607/693 [02:14<00:19,  4.43it/s]
 88%|████████▊ | 608/693 [02:14<00:19,  4.39it/s]
 88%|████████▊ | 609/693 [02:14<00:19,  4.34it/s]
 88%|████████▊ | 610/693 [02:14<00:19,  4.36it/s]
 88%|████████▊ | 611/693 [02:14<00:16,  5.02it/s]
 88%|████████▊ | 612/693 [02:15<00:14,  5.51it/s]
 88%|████████▊ | 613/693 [02:15<00:15,  5.10it/s]
 89%|████████▊ | 614/693 [02:15<00:16,  4.82it/s]
 89%|████████▊ | 615/693 [02:15<00:16,  4.63it/s]
 89%|████████▉ | 616/693 [02:16<00:17,  4.53it/s]
 89%|████████▉ | 617/693 [02:16<00:17,  4.42it/s]
 89%|████████▉ | 618/693 [02:16<00:17,  4.37it/s]
 89%|████████▉ | 619/693 [02:16<00:16,  4.39it/s]
 89%|████████▉ | 620/693 [02:16<00:16,  4.36it/s]
 90%|████████▉ | 621/693 [02:17<00:16,  4.31it/s]
 90%|████████▉ | 622/693 [02:17<00:16,  4.31it/s]
 90%|████████▉ | 623/693 [02:17<00:15,  4.43it/s]
 90%|█████████ | 624/693 [02:17<00:14,  4.88it/s]
 90%|█████████ | 625/693 [02:17<00:12,  5.45it/s]
 90%|█████████ | 626/693 [02:18<00:13,  5.02it/s]
 90%|█████████ | 627/693 [02:18<00:13,  4.76it/s]
 91%|█████████ | 628/693 [02:18<00:14,  4.59it/s]
 91%|█████████ | 629/693 [02:18<00:14,  4.48it/s]
 91%|█████████ | 630/693 [02:19<00:14,  4.43it/s]
 91%|█████████ | 631/693 [02:19<00:14,  4.34it/s]
 91%|█████████ | 632/693 [02:19<00:13,  4.45it/s]
 91%|█████████▏| 633/693 [02:19<00:13,  4.37it/s]
 91%|█████████▏| 634/693 [02:20<00:13,  4.37it/s]
 92%|█████████▏| 635/693 [02:20<00:13,  4.34it/s]
 92%|█████████▏| 636/693 [02:20<00:12,  4.48it/s]
 92%|█████████▏| 637/693 [02:20<00:10,  5.18it/s]
 92%|█████████▏| 638/693 [02:20<00:09,  5.73it/s]
 92%|█████████▏| 639/693 [02:20<00:10,  5.39it/s]
 92%|█████████▏| 640/693 [02:21<00:10,  5.02it/s]
 92%|█████████▏| 641/693 [02:21<00:10,  4.74it/s]
 93%|█████████▎| 642/693 [02:21<00:11,  4.60it/s]
 93%|█████████▎| 643/693 [02:21<00:11,  4.47it/s]
 93%|█████████▎| 644/693 [02:22<00:11,  4.38it/s]
 93%|█████████▎| 645/693 [02:22<00:10,  4.41it/s]
 93%|█████████▎| 646/693 [02:22<00:10,  4.46it/s]
 93%|█████████▎| 647/693 [02:22<00:10,  4.40it/s]
 94%|█████████▎| 648/693 [02:23<00:10,  4.36it/s]
 94%|█████████▎| 649/693 [02:23<00:10,  4.34it/s]
 94%|█████████▍| 650/693 [02:23<00:08,  4.85it/s]
 94%|█████████▍| 651/693 [02:23<00:07,  5.49it/s]
 94%|█████████▍| 652/693 [02:23<00:07,  5.36it/s]
 94%|█████████▍| 653/693 [02:23<00:08,  4.95it/s]
 94%|█████████▍| 654/693 [02:24<00:08,  4.72it/s]
 95%|█████████▍| 655/693 [02:24<00:08,  4.55it/s]
 95%|█████████▍| 656/693 [02:24<00:08,  4.44it/s]
 95%|█████████▍| 657/693 [02:24<00:08,  4.37it/s]
 95%|█████████▍| 658/693 [02:25<00:07,  4.45it/s]
 95%|█████████▌| 659/693 [02:25<00:07,  4.52it/s]
 95%|█████████▌| 660/693 [02:25<00:07,  4.47it/s]
 95%|█████████▌| 661/693 [02:25<00:07,  4.40it/s]
 96%|█████████▌| 662/693 [02:26<00:07,  4.33it/s]
 96%|█████████▌| 663/693 [02:26<00:06,  5.00it/s]
 96%|█████████▌| 664/693 [02:26<00:05,  5.64it/s]
 96%|█████████▌| 665/693 [02:26<00:04,  5.76it/s]
 96%|█████████▌| 666/693 [02:26<00:05,  5.19it/s]
 96%|█████████▌| 667/693 [02:26<00:05,  4.89it/s]
 96%|█████████▋| 668/693 [02:27<00:05,  4.69it/s]
 97%|█████████▋| 669/693 [02:27<00:05,  4.54it/s]
 97%|█████████▋| 670/693 [02:27<00:05,  4.47it/s]
 97%|█████████▋| 671/693 [02:27<00:05,  4.40it/s]
 97%|█████████▋| 672/693 [02:28<00:04,  4.66it/s]
 97%|█████████▋| 673/693 [02:28<00:04,  4.52it/s]
 97%|█████████▋| 674/693 [02:28<00:04,  4.47it/s]
 97%|█████████▋| 675/693 [02:28<00:04,  4.41it/s]
 98%|█████████▊| 676/693 [02:28<00:03,  4.54it/s]
 98%|█████████▊| 677/693 [02:29<00:03,  5.05it/s]
 98%|█████████▊| 678/693 [02:29<00:02,  5.81it/s]
 98%|█████████▊| 679/693 [02:29<00:02,  5.41it/s]
 98%|█████████▊| 680/693 [02:29<00:02,  5.05it/s]
 98%|█████████▊| 681/693 [02:29<00:02,  4.76it/s]
 98%|█████████▊| 682/693 [02:30<00:02,  4.62it/s]
 99%|█████████▊| 683/693 [02:30<00:02,  4.51it/s]
 99%|█████████▊| 684/693 [02:30<00:02,  4.42it/s]
 99%|█████████▉| 685/693 [02:30<00:01,  4.51it/s]
 99%|█████████▉| 686/693 [02:31<00:01,  4.62it/s]
 99%|█████████▉| 687/693 [02:31<00:01,  4.48it/s]
 99%|█████████▉| 688/693 [02:31<00:01,  4.45it/s]
 99%|█████████▉| 689/693 [02:31<00:00,  4.38it/s]
100%|█████████▉| 690/693 [02:31<00:00,  4.89it/s]
100%|█████████▉| 691/693 [02:32<00:00,  5.60it/s]
100%|█████████▉| 692/693 [02:32<00:00,  5.91it/s]
100%|██████████| 693/693 [02:32<00:00,  5.48it/s]
100%|██████████| 693/693 [02:32<00:00,  4.55it/s]
Training loss: 0.830543325232909, KL loss: 0.6870849868349871, Sim loss: 0.000922182790635321, Exo CLS loss: 0.751684273992266, 
Noun sim loss: 0.12027617800889422, Part sim loss: 0.2297738276604794, Proto loss: 1.5158423610235878, Conc loss: 0.1315091611309485
learning rate:4.882791696070814e-05


  0%|          | 0/168 [00:00<?, ?it/s]
  1%|          | 1/168 [00:00<01:37,  1.71it/s]
  2%|▏         | 4/168 [00:00<00:23,  6.85it/s]
  4%|▎         | 6/168 [00:00<00:21,  7.47it/s]
  5%|▌         | 9/168 [00:01<00:14, 10.88it/s]
  7%|▋         | 12/168 [00:01<00:11, 13.92it/s]
  9%|▉         | 15/168 [00:01<00:09, 16.09it/s]
 10%|█         | 17/168 [00:01<00:12, 12.50it/s]
 12%|█▏        | 20/168 [00:01<00:10, 14.71it/s]
 13%|█▎        | 22/168 [00:01<00:09, 15.11it/s]
 15%|█▍        | 25/168 [00:02<00:11, 12.38it/s]
 16%|█▌        | 27/168 [00:02<00:14,  9.77it/s]
 18%|█▊        | 30/168 [00:02<00:11, 12.50it/s]
 20%|█▉        | 33/168 [00:02<00:09, 14.62it/s]
 21%|██        | 35/168 [00:02<00:08, 15.45it/s]
 23%|██▎       | 38/168 [00:03<00:07, 17.26it/s]
 24%|██▍       | 41/168 [00:03<00:06, 18.64it/s]
 26%|██▌       | 44/168 [00:03<00:06, 19.08it/s]
 29%|██▊       | 48/168 [00:03<00:05, 22.52it/s]
 31%|███       | 52/168 [00:03<00:04, 25.04it/s]
 33%|███▎      | 55/168 [00:03<00:04, 23.97it/s]
 35%|███▍      | 58/168 [00:03<00:04, 22.21it/s]
 36%|███▋      | 61/168 [00:04<00:04, 21.54it/s]
 38%|███▊      | 64/168 [00:04<00:04, 21.92it/s]
 40%|███▉      | 67/168 [00:04<00:04, 21.13it/s]
 42%|████▏     | 70/168 [00:04<00:04, 21.74it/s]
 43%|████▎     | 73/168 [00:04<00:04, 22.19it/s]
 45%|████▌     | 76/168 [00:04<00:04, 21.70it/s]
 47%|████▋     | 79/168 [00:04<00:04, 21.07it/s]
 49%|████▉     | 82/168 [00:04<00:03, 22.11it/s]
 51%|█████     | 85/168 [00:05<00:03, 22.05it/s]
 52%|█████▏    | 88/168 [00:05<00:03, 21.35it/s]
 54%|█████▍    | 91/168 [00:05<00:03, 21.44it/s]
 56%|█████▌    | 94/168 [00:05<00:06, 10.90it/s]
 58%|█████▊    | 97/168 [00:06<00:05, 12.95it/s]
 60%|█████▉    | 100/168 [00:06<00:04, 14.88it/s]
 61%|██████▏   | 103/168 [00:06<00:03, 16.58it/s]
 63%|██████▎   | 106/168 [00:06<00:03, 18.16it/s]
 65%|██████▍   | 109/168 [00:06<00:03, 19.28it/s]
 67%|██████▋   | 112/168 [00:06<00:02, 19.74it/s]
 68%|██████▊   | 115/168 [00:06<00:02, 20.07it/s]
 70%|███████   | 118/168 [00:07<00:02, 20.73it/s]
 72%|███████▏  | 121/168 [00:07<00:02, 20.68it/s]
 74%|███████▍  | 124/168 [00:07<00:02, 20.63it/s]
 76%|███████▌  | 127/168 [00:07<00:01, 20.84it/s]
 77%|███████▋  | 130/168 [00:07<00:01, 20.86it/s]
 79%|███████▉  | 133/168 [00:07<00:01, 21.24it/s]
 82%|████████▏ | 137/168 [00:07<00:01, 23.61it/s]
 83%|████████▎ | 140/168 [00:08<00:01, 23.45it/s]
 85%|████████▌ | 143/168 [00:08<00:01, 23.08it/s]
 87%|████████▋ | 146/168 [00:08<00:00, 22.38it/s]
 89%|████████▊ | 149/168 [00:08<00:00, 21.80it/s]
 90%|█████████ | 152/168 [00:08<00:00, 20.60it/s]
 92%|█████████▏| 155/168 [00:08<00:00, 21.05it/s]
 94%|█████████▍| 158/168 [00:08<00:00, 21.27it/s]
 96%|█████████▌| 161/168 [00:09<00:00, 15.55it/s]
 98%|█████████▊| 164/168 [00:09<00:00, 17.26it/s]
 99%|█████████▉| 167/168 [00:09<00:00, 18.75it/s]
100%|██████████| 168/168 [00:09<00:00, 17.45it/s]
Result on AGD: 
KLD=0.9016023874282837, SIM=0.5060705542564392, NSS=1.4958621263504028
noun sim: 0.11553292056279522, part sim: 0.20393565421303114
New best KLD: 0.9016023874282837, 0.5060705542564392, 1.4958621263504028
Epoch 4 loss coeffs: kl=0.3, sim=1.0, exo_cls=0.6, noun=0.1, part=0.01, proto=0.1, conc=0.05
============Training Epoch 4============

  0%|          | 0/693 [00:00<?, ?it/s]/mnt/sdb/wyn/envs/clip-env/lib/python3.10/site-packages/torch/_tensor.py:1002: UserWarning: non-inplace resize is deprecated
  warnings.warn("non-inplace resize is deprecated")
/mnt/sdb/wyn/envs/clip-env/lib/python3.10/site-packages/torch/_tensor.py:1002: UserWarning: non-inplace resize is deprecated
  warnings.warn("non-inplace resize is deprecated")
/mnt/sdb/wyn/envs/clip-env/lib/python3.10/site-packages/torch/_tensor.py:1002: UserWarning: non-inplace resize is deprecated
  warnings.warn("non-inplace resize is deprecated")
/mnt/sdb/wyn/envs/clip-env/lib/python3.10/site-packages/torch/_tensor.py:1002: UserWarning: non-inplace resize is deprecated
  warnings.warn("non-inplace resize is deprecated")
/mnt/sdb/wyn/envs/clip-env/lib/python3.10/site-packages/torch/_tensor.py:1002: UserWarning: non-inplace resize is deprecated
  warnings.warn("non-inplace resize is deprecated")
/mnt/sdb/wyn/envs/clip-env/lib/python3.10/site-packages/torch/_tensor.py:1002: UserWarning: non-inplace resize is deprecated
  warnings.warn("non-inplace resize is deprecated")
/mnt/sdb/wyn/envs/clip-env/lib/python3.10/site-packages/torch/_tensor.py:1002: UserWarning: non-inplace resize is deprecated
  warnings.warn("non-inplace resize is deprecated")
/mnt/sdb/wyn/envs/clip-env/lib/python3.10/site-packages/torch/_tensor.py:1002: UserWarning: non-inplace resize is deprecated
  warnings.warn("non-inplace resize is deprecated")

  0%|          | 1/693 [00:01<18:27,  1.60s/it]
  0%|          | 2/693 [00:04<25:39,  2.23s/it]
  0%|          | 3/693 [00:04<15:08,  1.32s/it]
  1%|          | 4/693 [00:04<10:14,  1.12it/s]
  1%|          | 5/693 [00:04<07:16,  1.58it/s]
  1%|          | 6/693 [00:05<05:19,  2.15it/s]
  1%|          | 7/693 [00:05<04:26,  2.57it/s]
  1%|          | 8/693 [00:05<03:53,  2.93it/s]
  1%|▏         | 9/693 [00:05<03:31,  3.24it/s]
  1%|▏         | 10/693 [00:06<03:15,  3.49it/s]
  2%|▏         | 11/693 [00:06<03:05,  3.68it/s]
  2%|▏         | 12/693 [00:06<02:58,  3.82it/s]
  2%|▏         | 13/693 [00:06<02:46,  4.08it/s]
  2%|▏         | 14/693 [00:06<02:44,  4.12it/s]
  2%|▏         | 15/693 [00:07<02:43,  4.14it/s]
  2%|▏         | 16/693 [00:07<02:42,  4.16it/s]
  2%|▏         | 17/693 [00:07<02:36,  4.32it/s]
  3%|▎         | 18/693 [00:07<02:36,  4.32it/s]
  3%|▎         | 19/693 [00:08<02:37,  4.27it/s]
  3%|▎         | 20/693 [00:08<02:39,  4.21it/s]
  3%|▎         | 21/693 [00:08<02:39,  4.21it/s]
  3%|▎         | 22/693 [00:08<02:40,  4.18it/s]
  3%|▎         | 23/693 [00:09<02:40,  4.19it/s]
  3%|▎         | 24/693 [00:09<02:37,  4.25it/s]
  4%|▎         | 25/693 [00:09<02:32,  4.39it/s]
  4%|▍         | 26/693 [00:09<02:34,  4.31it/s]
  4%|▍         | 27/693 [00:09<02:35,  4.28it/s]
  4%|▍         | 28/693 [00:10<02:35,  4.27it/s]
  4%|▍         | 29/693 [00:10<02:19,  4.78it/s]
  4%|▍         | 30/693 [00:10<02:05,  5.28it/s]
  4%|▍         | 31/693 [00:10<02:06,  5.24it/s]
  5%|▍         | 32/693 [00:10<02:15,  4.86it/s]
  5%|▍         | 33/693 [00:11<02:22,  4.62it/s]
  5%|▍         | 34/693 [00:11<02:27,  4.48it/s]
  5%|▌         | 35/693 [00:11<02:30,  4.38it/s]
  5%|▌         | 36/693 [00:11<02:32,  4.31it/s]
  5%|▌         | 37/693 [00:12<02:32,  4.31it/s]
  5%|▌         | 38/693 [00:12<02:33,  4.28it/s]
  6%|▌         | 39/693 [00:12<02:34,  4.24it/s]
  6%|▌         | 40/693 [00:12<02:34,  4.22it/s]
  6%|▌         | 41/693 [00:13<02:31,  4.32it/s]
  6%|▌         | 42/693 [00:13<02:13,  4.89it/s]
  6%|▌         | 43/693 [00:13<02:02,  5.31it/s]
  6%|▋         | 44/693 [00:13<02:12,  4.90it/s]
  6%|▋         | 45/693 [00:13<02:18,  4.67it/s]
  7%|▋         | 46/693 [00:14<02:23,  4.50it/s]
  7%|▋         | 47/693 [00:14<02:26,  4.42it/s]
  7%|▋         | 48/693 [00:14<02:28,  4.34it/s]
  7%|▋         | 49/693 [00:14<02:30,  4.29it/s]
  7%|▋         | 50/693 [00:15<02:28,  4.33it/s]
  7%|▋         | 51/693 [00:15<02:29,  4.29it/s]
  8%|▊         | 52/693 [00:15<02:31,  4.23it/s]
  8%|▊         | 53/693 [00:15<02:30,  4.24it/s]
  8%|▊         | 54/693 [00:15<02:19,  4.59it/s]
  8%|▊         | 55/693 [00:16<02:03,  5.15it/s]
  8%|▊         | 56/693 [00:16<02:07,  5.01it/s]
  8%|▊         | 57/693 [00:16<02:14,  4.73it/s]
  8%|▊         | 58/693 [00:16<02:19,  4.54it/s]
  9%|▊         | 59/693 [00:16<02:23,  4.42it/s]
  9%|▊         | 60/693 [00:17<02:25,  4.34it/s]
  9%|▉         | 61/693 [00:17<02:27,  4.28it/s]
  9%|▉         | 62/693 [00:17<02:26,  4.32it/s]
  9%|▉         | 63/693 [00:17<02:27,  4.28it/s]
  9%|▉         | 64/693 [00:18<02:28,  4.22it/s]
  9%|▉         | 65/693 [00:18<02:28,  4.23it/s]
 10%|▉         | 66/693 [00:18<02:21,  4.42it/s]
 10%|▉         | 67/693 [00:18<02:04,  5.04it/s]
 10%|▉         | 68/693 [00:18<01:57,  5.31it/s]
 10%|▉         | 69/693 [00:19<02:07,  4.90it/s]
 10%|█         | 70/693 [00:19<02:13,  4.66it/s]
 10%|█         | 71/693 [00:19<02:17,  4.54it/s]
 10%|█         | 72/693 [00:19<02:19,  4.44it/s]
 11%|█         | 73/693 [00:20<02:21,  4.38it/s]
 11%|█         | 74/693 [00:20<02:23,  4.30it/s]
 11%|█         | 75/693 [00:20<02:20,  4.40it/s]
 11%|█         | 76/693 [00:20<02:22,  4.33it/s]
 11%|█         | 77/693 [00:21<02:22,  4.31it/s]
 11%|█▏        | 78/693 [00:21<02:22,  4.30it/s]
 11%|█▏        | 79/693 [00:21<02:09,  4.76it/s]
 12%|█▏        | 80/693 [00:21<01:55,  5.29it/s]
 12%|█▏        | 81/693 [00:21<01:57,  5.19it/s]
 12%|█▏        | 82/693 [00:21<02:05,  4.88it/s]
 12%|█▏        | 83/693 [00:22<02:11,  4.65it/s]
 12%|█▏        | 84/693 [00:22<02:14,  4.53it/s]
 12%|█▏        | 85/693 [00:22<02:16,  4.44it/s]
 12%|█▏        | 86/693 [00:22<02:18,  4.38it/s]
 13%|█▎        | 87/693 [00:23<02:16,  4.43it/s]
 13%|█▎        | 88/693 [00:23<02:13,  4.52it/s]
 13%|█▎        | 89/693 [00:23<02:16,  4.42it/s]
 13%|█▎        | 90/693 [00:23<02:18,  4.36it/s]
 13%|█▎        | 91/693 [00:24<02:18,  4.35it/s]
 13%|█▎        | 92/693 [00:24<02:05,  4.80it/s]
 13%|█▎        | 93/693 [00:24<01:50,  5.44it/s]
 14%|█▎        | 94/693 [00:24<01:55,  5.20it/s]
 14%|█▎        | 95/693 [00:24<02:02,  4.86it/s]
 14%|█▍        | 96/693 [00:25<02:08,  4.65it/s]
 14%|█▍        | 97/693 [00:25<02:12,  4.50it/s]
 14%|█▍        | 98/693 [00:25<02:14,  4.43it/s]
 14%|█▍        | 99/693 [00:25<02:16,  4.35it/s]
 14%|█▍        | 100/693 [00:25<02:12,  4.48it/s]
 15%|█▍        | 101/693 [00:26<02:11,  4.49it/s]
 15%|█▍        | 102/693 [00:26<02:15,  4.36it/s]
 15%|█▍        | 103/693 [00:26<02:15,  4.36it/s]
 15%|█▌        | 104/693 [00:26<02:17,  4.29it/s]
 15%|█▌        | 105/693 [00:27<01:56,  5.03it/s]
 15%|█▌        | 106/693 [00:27<01:46,  5.52it/s]
 15%|█▌        | 107/693 [00:27<01:52,  5.20it/s]
 16%|█▌        | 108/693 [00:27<02:01,  4.81it/s]
 16%|█▌        | 109/693 [00:27<02:06,  4.62it/s]
 16%|█▌        | 110/693 [00:28<02:09,  4.50it/s]
 16%|█▌        | 111/693 [00:28<02:13,  4.37it/s]
 16%|█▌        | 112/693 [00:28<02:13,  4.36it/s]
 16%|█▋        | 113/693 [00:28<02:12,  4.37it/s]
 16%|█▋        | 114/693 [00:29<02:13,  4.33it/s]
 17%|█▋        | 115/693 [00:29<02:14,  4.29it/s]
 17%|█▋        | 116/693 [00:29<02:15,  4.26it/s]
 17%|█▋        | 117/693 [00:29<02:07,  4.50it/s]
 17%|█▋        | 118/693 [00:29<01:55,  4.99it/s]
 17%|█▋        | 119/693 [00:29<01:41,  5.64it/s]
 17%|█▋        | 120/693 [00:30<01:53,  5.06it/s]
 17%|█▋        | 121/693 [00:30<01:57,  4.85it/s]
 18%|█▊        | 122/693 [00:30<02:03,  4.62it/s]
 18%|█▊        | 123/693 [00:30<02:07,  4.46it/s]
 18%|█▊        | 124/693 [00:31<02:08,  4.42it/s]
 18%|█▊        | 125/693 [00:31<02:11,  4.33it/s]
 18%|█▊        | 126/693 [00:31<02:07,  4.46it/s]
 18%|█▊        | 127/693 [00:31<02:08,  4.39it/s]
 18%|█▊        | 128/693 [00:32<02:12,  4.27it/s]
 19%|█▊        | 129/693 [00:32<02:11,  4.29it/s]
 19%|█▉        | 130/693 [00:32<02:04,  4.53it/s]
 19%|█▉        | 131/693 [00:32<01:48,  5.19it/s]
 19%|█▉        | 132/693 [00:32<01:42,  5.47it/s]
 19%|█▉        | 133/693 [00:33<01:47,  5.20it/s]
 19%|█▉        | 134/693 [00:33<01:55,  4.84it/s]
 19%|█▉        | 135/693 [00:33<02:01,  4.58it/s]
 20%|█▉        | 136/693 [00:33<02:02,  4.53it/s]
 20%|█▉        | 137/693 [00:33<02:09,  4.30it/s]
 20%|█▉        | 138/693 [00:34<02:08,  4.31it/s]
 20%|██        | 139/693 [00:34<02:08,  4.32it/s]
 20%|██        | 140/693 [00:34<02:08,  4.29it/s]
 20%|██        | 141/693 [00:34<02:08,  4.31it/s]
 20%|██        | 142/693 [00:35<02:09,  4.25it/s]
 21%|██        | 143/693 [00:35<01:59,  4.61it/s]
 21%|██        | 144/693 [00:35<01:52,  4.90it/s]
 21%|██        | 145/693 [00:35<01:55,  4.73it/s]
 21%|██        | 146/693 [00:35<02:00,  4.52it/s]
 21%|██        | 147/693 [00:36<02:02,  4.47it/s]
 21%|██▏       | 148/693 [00:36<02:04,  4.37it/s]
 22%|██▏       | 149/693 [00:36<02:06,  4.31it/s]
 22%|██▏       | 150/693 [00:36<02:07,  4.27it/s]
 22%|██▏       | 151/693 [00:37<02:08,  4.21it/s]
 22%|██▏       | 152/693 [00:38<05:48,  1.55it/s]
 22%|██▏       | 153/693 [00:38<04:41,  1.92it/s]
 22%|██▏       | 154/693 [00:39<03:55,  2.29it/s]
 22%|██▏       | 155/693 [00:39<03:22,  2.65it/s]
 23%|██▎       | 156/693 [00:39<02:47,  3.20it/s]
 23%|██▎       | 157/693 [00:39<02:19,  3.85it/s]
 23%|██▎       | 158/693 [00:39<02:11,  4.05it/s]
 23%|██▎       | 159/693 [00:40<02:09,  4.11it/s]
 23%|██▎       | 160/693 [00:40<02:10,  4.08it/s]
 23%|██▎       | 161/693 [00:40<02:07,  4.16it/s]
 23%|██▎       | 162/693 [00:40<02:07,  4.17it/s]
 24%|██▎       | 163/693 [00:41<02:07,  4.15it/s]
 24%|██▎       | 164/693 [00:41<02:03,  4.27it/s]
 24%|██▍       | 165/693 [00:41<02:04,  4.24it/s]
 24%|██▍       | 166/693 [00:41<02:05,  4.21it/s]
 24%|██▍       | 167/693 [00:42<02:03,  4.26it/s]
 24%|██▍       | 168/693 [00:42<02:01,  4.33it/s]
 24%|██▍       | 169/693 [00:42<01:43,  5.08it/s]
 25%|██▍       | 170/693 [00:42<01:37,  5.38it/s]
 25%|██▍       | 171/693 [00:42<01:44,  4.98it/s]
 25%|██▍       | 172/693 [00:43<01:50,  4.71it/s]
 25%|██▍       | 173/693 [00:43<01:55,  4.51it/s]
 25%|██▌       | 174/693 [00:43<01:56,  4.45it/s]
 25%|██▌       | 175/693 [00:43<01:58,  4.36it/s]
 25%|██▌       | 176/693 [00:44<01:59,  4.33it/s]
 26%|██▌       | 177/693 [00:44<03:42,  2.32it/s]
 26%|██▌       | 178/693 [00:45<03:13,  2.67it/s]
 26%|██▌       | 179/693 [00:45<02:50,  3.01it/s]
 26%|██▌       | 180/693 [00:45<02:35,  3.29it/s]
 26%|██▌       | 181/693 [00:45<02:25,  3.52it/s]
 26%|██▋       | 182/693 [00:46<02:16,  3.74it/s]
 26%|██▋       | 183/693 [00:46<02:11,  3.87it/s]
 27%|██▋       | 184/693 [00:46<02:09,  3.94it/s]
 27%|██▋       | 185/693 [00:46<02:04,  4.08it/s]
 27%|██▋       | 186/693 [00:47<02:03,  4.12it/s]
 27%|██▋       | 187/693 [00:47<02:00,  4.18it/s]
 27%|██▋       | 188/693 [00:47<01:42,  4.93it/s]
 27%|██▋       | 189/693 [00:47<01:32,  5.43it/s]
 27%|██▋       | 190/693 [00:47<01:40,  5.02it/s]
 28%|██▊       | 191/693 [00:48<01:45,  4.75it/s]
 28%|██▊       | 192/693 [00:48<01:48,  4.60it/s]
 28%|██▊       | 193/693 [00:48<01:52,  4.46it/s]
 28%|██▊       | 194/693 [00:48<01:53,  4.40it/s]
 28%|██▊       | 195/693 [00:48<01:54,  4.34it/s]
 28%|██▊       | 196/693 [00:49<01:52,  4.41it/s]
 28%|██▊       | 197/693 [00:49<01:53,  4.35it/s]
 29%|██▊       | 198/693 [00:49<01:54,  4.33it/s]
 29%|██▊       | 199/693 [00:49<01:54,  4.32it/s]
 29%|██▉       | 200/693 [00:50<01:52,  4.38it/s]
 29%|██▉       | 201/693 [00:50<01:34,  5.20it/s]
 29%|██▉       | 202/693 [00:50<01:28,  5.54it/s]
 29%|██▉       | 203/693 [00:50<01:36,  5.07it/s]
 29%|██▉       | 204/693 [00:50<01:43,  4.74it/s]
 30%|██▉       | 205/693 [00:51<01:45,  4.61it/s]
 30%|██▉       | 206/693 [00:51<01:48,  4.50it/s]
 30%|██▉       | 207/693 [00:51<01:51,  4.37it/s]
 30%|███       | 208/693 [00:51<01:52,  4.31it/s]
 30%|███       | 209/693 [00:52<01:48,  4.45it/s]
 30%|███       | 210/693 [00:52<01:51,  4.35it/s]
 30%|███       | 211/693 [00:52<01:52,  4.29it/s]
 31%|███       | 212/693 [00:52<01:51,  4.32it/s]
 31%|███       | 213/693 [00:52<01:45,  4.55it/s]
 31%|███       | 214/693 [00:53<01:34,  5.07it/s]
 31%|███       | 215/693 [00:53<01:34,  5.06it/s]
 31%|███       | 216/693 [00:53<01:39,  4.80it/s]
 31%|███▏      | 217/693 [00:53<01:43,  4.62it/s]
 31%|███▏      | 218/693 [00:53<01:46,  4.45it/s]
 32%|███▏      | 219/693 [00:54<01:47,  4.41it/s]
 32%|███▏      | 220/693 [00:54<01:49,  4.33it/s]
 32%|███▏      | 221/693 [00:54<01:46,  4.41it/s]
 32%|███▏      | 222/693 [00:54<01:45,  4.46it/s]
 32%|███▏      | 223/693 [00:55<01:47,  4.39it/s]
 32%|███▏      | 224/693 [00:55<01:47,  4.35it/s]
 32%|███▏      | 225/693 [00:55<01:48,  4.33it/s]
 33%|███▎      | 226/693 [00:55<01:38,  4.76it/s]
 33%|███▎      | 227/693 [00:55<01:27,  5.35it/s]
 33%|███▎      | 228/693 [00:56<01:30,  5.16it/s]
 33%|███▎      | 229/693 [00:56<01:36,  4.83it/s]
 33%|███▎      | 230/693 [00:56<01:40,  4.61it/s]
 33%|███▎      | 231/693 [00:56<01:43,  4.48it/s]
 33%|███▎      | 232/693 [00:57<01:45,  4.38it/s]
 34%|███▎      | 233/693 [00:57<01:46,  4.33it/s]
 34%|███▍      | 234/693 [00:57<01:46,  4.29it/s]
 34%|███▍      | 235/693 [00:57<01:47,  4.27it/s]
 34%|███▍      | 236/693 [00:57<01:47,  4.25it/s]
 34%|███▍      | 237/693 [00:58<01:46,  4.27it/s]
 34%|███▍      | 238/693 [00:58<01:43,  4.38it/s]
 34%|███▍      | 239/693 [00:58<01:30,  5.03it/s]
 35%|███▍      | 240/693 [00:58<01:20,  5.61it/s]
 35%|███▍      | 241/693 [00:58<01:25,  5.31it/s]
 35%|███▍      | 242/693 [00:59<01:31,  4.94it/s]
 35%|███▌      | 243/693 [00:59<01:36,  4.69it/s]
 35%|███▌      | 244/693 [00:59<01:38,  4.58it/s]
 35%|███▌      | 245/693 [00:59<01:40,  4.47it/s]
 35%|███▌      | 246/693 [01:00<01:41,  4.42it/s]
 36%|███▌      | 247/693 [01:00<01:42,  4.34it/s]
 36%|███▌      | 248/693 [01:00<01:43,  4.31it/s]
 36%|███▌      | 249/693 [01:00<01:42,  4.31it/s]
 36%|███▌      | 250/693 [01:01<01:43,  4.27it/s]
 36%|███▌      | 251/693 [01:01<01:41,  4.36it/s]
 36%|███▋      | 252/693 [01:01<01:29,  4.90it/s]
 37%|███▋      | 253/693 [01:01<01:21,  5.41it/s]
 37%|███▋      | 254/693 [01:01<01:28,  4.96it/s]
 37%|███▋      | 255/693 [01:02<01:33,  4.71it/s]
 37%|███▋      | 256/693 [01:02<01:36,  4.53it/s]
 37%|███▋      | 257/693 [01:02<01:38,  4.42it/s]
 37%|███▋      | 258/693 [01:02<01:39,  4.35it/s]
 37%|███▋      | 259/693 [01:02<01:40,  4.30it/s]
 38%|███▊      | 260/693 [01:03<01:40,  4.31it/s]
 38%|███▊      | 261/693 [01:03<01:40,  4.30it/s]
 38%|███▊      | 262/693 [01:03<01:41,  4.27it/s]
 38%|███▊      | 263/693 [01:03<01:40,  4.26it/s]
 38%|███▊      | 264/693 [01:04<01:33,  4.57it/s]
 38%|███▊      | 265/693 [01:04<01:22,  5.19it/s]
 38%|███▊      | 266/693 [01:04<01:19,  5.40it/s]
 39%|███▊      | 267/693 [01:04<01:26,  4.94it/s]
 39%|███▊      | 268/693 [01:04<01:31,  4.64it/s]
 39%|███▉      | 269/693 [01:05<01:34,  4.49it/s]
 39%|███▉      | 270/693 [01:05<01:36,  4.38it/s]
 39%|███▉      | 271/693 [01:05<01:37,  4.34it/s]
 39%|███▉      | 272/693 [01:05<01:37,  4.30it/s]
 39%|███▉      | 273/693 [01:06<01:34,  4.44it/s]
 40%|███▉      | 274/693 [01:06<01:36,  4.36it/s]
 40%|███▉      | 275/693 [01:06<01:36,  4.32it/s]
 40%|███▉      | 276/693 [01:06<01:37,  4.26it/s]
 40%|███▉      | 277/693 [01:06<01:27,  4.76it/s]
 40%|████      | 278/693 [01:07<01:18,  5.27it/s]
 40%|████      | 279/693 [01:07<01:22,  5.02it/s]
 40%|████      | 280/693 [01:07<01:27,  4.73it/s]
 41%|████      | 281/693 [01:07<01:30,  4.54it/s]
 41%|████      | 282/693 [01:07<01:33,  4.42it/s]
 41%|████      | 283/693 [01:08<01:34,  4.34it/s]
 41%|████      | 284/693 [01:08<01:35,  4.28it/s]
 41%|████      | 285/693 [01:08<01:32,  4.43it/s]
 41%|████▏     | 286/693 [01:08<01:33,  4.35it/s]
 41%|████▏     | 287/693 [01:09<01:34,  4.30it/s]
 42%|████▏     | 288/693 [01:09<01:35,  4.25it/s]
 42%|████▏     | 289/693 [01:09<01:31,  4.40it/s]
 42%|████▏     | 290/693 [01:09<01:21,  4.96it/s]
 42%|████▏     | 291/693 [01:09<01:23,  4.82it/s]
 42%|████▏     | 292/693 [01:10<01:27,  4.61it/s]
 42%|████▏     | 293/693 [01:10<01:29,  4.49it/s]
 42%|████▏     | 294/693 [01:10<01:30,  4.39it/s]
 43%|████▎     | 295/693 [01:10<01:32,  4.32it/s]
 43%|████▎     | 296/693 [01:11<01:32,  4.27it/s]
 43%|████▎     | 297/693 [01:11<01:30,  4.37it/s]
 43%|████▎     | 298/693 [01:11<01:31,  4.34it/s]
 43%|████▎     | 299/693 [01:11<01:31,  4.31it/s]
 43%|████▎     | 300/693 [01:12<01:31,  4.31it/s]
 43%|████▎     | 301/693 [01:12<01:27,  4.51it/s]
 44%|████▎     | 302/693 [01:12<01:17,  5.07it/s]
 44%|████▎     | 303/693 [01:12<01:12,  5.36it/s]
 44%|████▍     | 304/693 [01:12<01:17,  4.99it/s]
 44%|████▍     | 305/693 [01:13<01:22,  4.73it/s]
 44%|████▍     | 306/693 [01:13<01:24,  4.60it/s]
 44%|████▍     | 307/693 [01:13<01:26,  4.46it/s]
 44%|████▍     | 308/693 [01:13<01:27,  4.39it/s]
 45%|████▍     | 309/693 [01:13<01:28,  4.36it/s]
 45%|████▍     | 310/693 [01:14<01:29,  4.29it/s]
 45%|████▍     | 311/693 [01:14<01:29,  4.26it/s]
 45%|████▌     | 312/693 [01:14<01:29,  4.26it/s]
 45%|████▌     | 313/693 [01:14<01:29,  4.26it/s]
 45%|████▌     | 314/693 [01:15<01:20,  4.71it/s]
 45%|████▌     | 315/693 [01:15<01:10,  5.33it/s]
 46%|████▌     | 316/693 [01:15<01:12,  5.17it/s]
 46%|████▌     | 317/693 [01:15<01:18,  4.81it/s]
 46%|████▌     | 318/693 [01:15<01:20,  4.65it/s]
 46%|████▌     | 319/693 [01:16<01:22,  4.51it/s]
 46%|████▌     | 320/693 [01:16<01:24,  4.42it/s]
 46%|████▋     | 321/693 [01:16<01:24,  4.38it/s]
 46%|████▋     | 322/693 [01:16<01:24,  4.39it/s]
 47%|████▋     | 323/693 [01:17<01:21,  4.55it/s]
 47%|████▋     | 324/693 [01:17<01:22,  4.47it/s]
 47%|████▋     | 325/693 [01:17<01:23,  4.40it/s]
 47%|████▋     | 326/693 [01:17<01:24,  4.33it/s]
 47%|████▋     | 327/693 [01:17<01:16,  4.81it/s]
 47%|████▋     | 328/693 [01:18<01:08,  5.30it/s]
 47%|████▋     | 329/693 [01:18<01:11,  5.09it/s]
 48%|████▊     | 330/693 [01:18<01:15,  4.81it/s]
 48%|████▊     | 331/693 [01:18<01:18,  4.62it/s]
 48%|████▊     | 332/693 [01:18<01:20,  4.49it/s]
 48%|████▊     | 333/693 [01:19<01:21,  4.42it/s]
 48%|████▊     | 334/693 [01:19<01:22,  4.34it/s]
 48%|████▊     | 335/693 [01:19<01:22,  4.32it/s]
 48%|████▊     | 336/693 [01:19<01:22,  4.30it/s]
 49%|████▊     | 337/693 [01:20<01:23,  4.28it/s]
 49%|████▉     | 338/693 [01:20<01:23,  4.26it/s]
 49%|████▉     | 339/693 [01:20<01:20,  4.40it/s]
 49%|████▉     | 340/693 [01:20<01:11,  4.94it/s]
 49%|████▉     | 341/693 [01:20<01:04,  5.45it/s]
 49%|████▉     | 342/693 [01:21<01:09,  5.03it/s]
 49%|████▉     | 343/693 [01:21<01:13,  4.76it/s]
 50%|████▉     | 344/693 [01:21<01:16,  4.59it/s]
 50%|████▉     | 345/693 [01:21<01:18,  4.46it/s]
 50%|████▉     | 346/693 [01:22<01:19,  4.38it/s]
 50%|█████     | 347/693 [01:22<01:20,  4.32it/s]
 50%|█████     | 348/693 [01:22<01:18,  4.41it/s]
 50%|█████     | 349/693 [01:22<01:18,  4.38it/s]
 51%|█████     | 350/693 [01:22<01:18,  4.36it/s]
 51%|█████     | 351/693 [01:23<01:18,  4.34it/s]
 51%|█████     | 352/693 [01:23<01:16,  4.48it/s]
 51%|█████     | 353/693 [01:23<01:06,  5.14it/s]
 51%|█████     | 354/693 [01:23<01:01,  5.49it/s]
 51%|█████     | 355/693 [01:23<01:06,  5.08it/s]
 51%|█████▏    | 356/693 [01:24<01:10,  4.81it/s]
 52%|█████▏    | 357/693 [01:24<01:12,  4.61it/s]
 52%|█████▏    | 358/693 [01:24<01:14,  4.48it/s]
 52%|█████▏    | 359/693 [01:24<01:15,  4.40it/s]
 52%|█████▏    | 360/693 [01:25<01:16,  4.36it/s]
 52%|█████▏    | 361/693 [01:25<01:13,  4.49it/s]
 52%|█████▏    | 362/693 [01:25<01:14,  4.42it/s]
 52%|█████▏    | 363/693 [01:25<01:15,  4.36it/s]
 53%|█████▎    | 364/693 [01:26<01:15,  4.34it/s]
 53%|█████▎    | 365/693 [01:26<01:12,  4.52it/s]
 53%|█████▎    | 366/693 [01:26<01:04,  5.07it/s]
 53%|█████▎    | 367/693 [01:26<00:58,  5.58it/s]
 53%|█████▎    | 368/693 [01:26<01:03,  5.10it/s]
 53%|█████▎    | 369/693 [01:26<01:07,  4.81it/s]
 53%|█████▎    | 370/693 [01:27<01:10,  4.61it/s]
 54%|█████▎    | 371/693 [01:27<01:11,  4.51it/s]
 54%|█████▎    | 372/693 [01:27<01:12,  4.44it/s]
 54%|█████▍    | 373/693 [01:27<01:13,  4.37it/s]
 54%|█████▍    | 374/693 [01:28<01:11,  4.46it/s]
 54%|█████▍    | 375/693 [01:28<01:12,  4.39it/s]
 54%|█████▍    | 376/693 [01:28<01:13,  4.34it/s]
 54%|█████▍    | 377/693 [01:28<01:13,  4.31it/s]
 55%|█████▍    | 378/693 [01:29<01:09,  4.52it/s]
 55%|█████▍    | 379/693 [01:29<01:00,  5.16it/s]
 55%|█████▍    | 380/693 [01:29<00:56,  5.56it/s]
 55%|█████▍    | 381/693 [01:29<01:01,  5.09it/s]
 55%|█████▌    | 382/693 [01:29<01:04,  4.80it/s]
 55%|█████▌    | 383/693 [01:30<01:07,  4.59it/s]
 55%|█████▌    | 384/693 [01:30<01:08,  4.49it/s]
 56%|█████▌    | 385/693 [01:30<01:10,  4.39it/s]
 56%|█████▌    | 386/693 [01:30<01:10,  4.34it/s]
 56%|█████▌    | 387/693 [01:30<01:08,  4.49it/s]
 56%|█████▌    | 388/693 [01:31<01:08,  4.43it/s]
 56%|█████▌    | 389/693 [01:31<01:09,  4.37it/s]
 56%|█████▋    | 390/693 [01:31<01:09,  4.34it/s]
 56%|█████▋    | 391/693 [01:31<01:07,  4.48it/s]
 57%|█████▋    | 392/693 [01:31<01:00,  5.00it/s]
 57%|█████▋    | 393/693 [01:32<00:56,  5.35it/s]
 57%|█████▋    | 394/693 [01:32<01:00,  4.96it/s]
 57%|█████▋    | 395/693 [01:32<01:03,  4.70it/s]
 57%|█████▋    | 396/693 [01:32<01:05,  4.55it/s]
 57%|█████▋    | 397/693 [01:33<01:06,  4.45it/s]
 57%|█████▋    | 398/693 [01:33<01:07,  4.40it/s]
 58%|█████▊    | 399/693 [01:33<01:07,  4.34it/s]
 58%|█████▊    | 400/693 [01:33<01:07,  4.37it/s]
 58%|█████▊    | 401/693 [01:34<01:07,  4.32it/s]
 58%|█████▊    | 402/693 [01:34<01:07,  4.33it/s]
 58%|█████▊    | 403/693 [01:34<01:07,  4.29it/s]
 58%|█████▊    | 404/693 [01:34<01:02,  4.64it/s]
 58%|█████▊    | 405/693 [01:34<00:54,  5.33it/s]
 59%|█████▊    | 406/693 [01:34<00:51,  5.62it/s]
 59%|█████▊    | 407/693 [01:35<00:55,  5.12it/s]
 59%|█████▉    | 408/693 [01:35<00:59,  4.82it/s]
 59%|█████▉    | 409/693 [01:35<01:01,  4.61it/s]
 59%|█████▉    | 410/693 [01:35<01:02,  4.51it/s]
 59%|█████▉    | 411/693 [01:36<01:04,  4.40it/s]
 59%|█████▉    | 412/693 [01:36<01:04,  4.37it/s]
 60%|█████▉    | 413/693 [01:36<01:03,  4.40it/s]
 60%|█████▉    | 414/693 [01:36<01:04,  4.36it/s]
 60%|█████▉    | 415/693 [01:37<01:04,  4.33it/s]
 60%|██████    | 416/693 [01:37<01:04,  4.29it/s]
 60%|██████    | 417/693 [01:37<01:00,  4.57it/s]
 60%|██████    | 418/693 [01:37<00:54,  5.05it/s]
 60%|██████    | 419/693 [01:37<00:54,  5.06it/s]
 61%|██████    | 420/693 [01:38<00:57,  4.79it/s]
 61%|██████    | 421/693 [01:38<00:58,  4.61it/s]
 61%|██████    | 422/693 [01:38<01:00,  4.48it/s]
 61%|██████    | 423/693 [01:38<01:01,  4.39it/s]
 61%|██████    | 424/693 [01:39<01:01,  4.36it/s]
 61%|██████▏   | 425/693 [01:39<01:00,  4.42it/s]
 61%|██████▏   | 426/693 [01:39<00:59,  4.47it/s]
 62%|██████▏   | 427/693 [01:39<01:01,  4.34it/s]
 62%|██████▏   | 428/693 [01:39<01:00,  4.36it/s]
 62%|██████▏   | 429/693 [01:40<01:01,  4.32it/s]
 62%|██████▏   | 430/693 [01:40<00:54,  4.83it/s]
 62%|██████▏   | 431/693 [01:40<00:48,  5.40it/s]
 62%|██████▏   | 432/693 [01:40<00:50,  5.16it/s]
 62%|██████▏   | 433/693 [01:40<00:53,  4.83it/s]
 63%|██████▎   | 434/693 [01:41<00:55,  4.64it/s]
 63%|██████▎   | 435/693 [01:41<00:57,  4.49it/s]
 63%|██████▎   | 436/693 [01:41<00:57,  4.43it/s]
 63%|██████▎   | 437/693 [01:41<00:58,  4.37it/s]
 63%|██████▎   | 438/693 [01:42<00:57,  4.47it/s]
 63%|██████▎   | 439/693 [01:42<00:55,  4.54it/s]
 63%|██████▎   | 440/693 [01:42<00:57,  4.43it/s]
 64%|██████▎   | 441/693 [01:42<00:57,  4.39it/s]
 64%|██████▍   | 442/693 [01:42<00:57,  4.34it/s]
 64%|██████▍   | 443/693 [01:43<00:50,  4.92it/s]
 64%|██████▍   | 444/693 [01:43<00:45,  5.42it/s]
 64%|██████▍   | 445/693 [01:43<00:47,  5.17it/s]
 64%|██████▍   | 446/693 [01:43<00:50,  4.87it/s]
 65%|██████▍   | 447/693 [01:43<00:52,  4.65it/s]
 65%|██████▍   | 448/693 [01:44<00:54,  4.52it/s]
 65%|██████▍   | 449/693 [01:44<00:55,  4.43it/s]
 65%|██████▍   | 450/693 [01:44<00:55,  4.39it/s]
 65%|██████▌   | 451/693 [01:44<00:55,  4.33it/s]
 65%|██████▌   | 452/693 [01:45<00:55,  4.31it/s]
 65%|██████▌   | 453/693 [01:45<00:55,  4.30it/s]
 66%|██████▌   | 454/693 [01:45<00:55,  4.29it/s]
 66%|██████▌   | 455/693 [01:45<00:53,  4.43it/s]
 66%|██████▌   | 456/693 [01:45<00:47,  5.02it/s]
 66%|██████▌   | 457/693 [01:46<00:42,  5.50it/s]
 66%|██████▌   | 458/693 [01:46<00:46,  5.09it/s]
 66%|██████▌   | 459/693 [01:46<00:48,  4.78it/s]
 66%|██████▋   | 460/693 [01:46<00:50,  4.65it/s]
 67%|██████▋   | 461/693 [01:47<00:51,  4.51it/s]
 67%|██████▋   | 462/693 [01:47<00:51,  4.46it/s]
 67%|██████▋   | 463/693 [01:47<00:52,  4.37it/s]
 67%|██████▋   | 464/693 [01:47<00:51,  4.43it/s]
 67%|██████▋   | 465/693 [01:47<00:52,  4.36it/s]
 67%|██████▋   | 466/693 [01:48<00:52,  4.37it/s]
 67%|██████▋   | 467/693 [01:48<00:52,  4.33it/s]
 68%|██████▊   | 468/693 [01:48<00:50,  4.48it/s]
 68%|██████▊   | 469/693 [01:48<00:43,  5.20it/s]
 68%|██████▊   | 470/693 [01:48<00:38,  5.76it/s]
 68%|██████▊   | 471/693 [01:49<00:40,  5.42it/s]
 68%|██████▊   | 472/693 [01:49<00:43,  5.03it/s]
 68%|██████▊   | 473/693 [01:49<00:46,  4.75it/s]
 68%|██████▊   | 474/693 [01:49<00:47,  4.62it/s]
 69%|██████▊   | 475/693 [01:49<00:48,  4.50it/s]
 69%|██████▊   | 476/693 [01:50<00:48,  4.45it/s]
 69%|██████▉   | 477/693 [01:50<00:48,  4.45it/s]
 69%|██████▉   | 478/693 [01:50<00:47,  4.53it/s]
 69%|██████▉   | 479/693 [01:50<00:48,  4.43it/s]
 69%|██████▉   | 480/693 [01:51<00:48,  4.41it/s]
 69%|██████▉   | 481/693 [01:51<00:48,  4.37it/s]
 70%|██████▉   | 482/693 [01:51<00:43,  4.90it/s]
 70%|██████▉   | 483/693 [01:51<00:37,  5.58it/s]
 70%|██████▉   | 484/693 [01:51<00:35,  5.97it/s]
 70%|██████▉   | 485/693 [01:52<00:39,  5.28it/s]
 70%|███████   | 486/693 [01:52<00:42,  4.92it/s]
 70%|███████   | 487/693 [01:52<00:44,  4.66it/s]
 70%|███████   | 488/693 [01:52<00:45,  4.52it/s]
 71%|███████   | 489/693 [01:52<00:46,  4.41it/s]
 71%|███████   | 490/693 [01:53<00:46,  4.37it/s]
 71%|███████   | 491/693 [01:53<00:44,  4.56it/s]
 71%|███████   | 492/693 [01:53<00:45,  4.47it/s]
 71%|███████   | 493/693 [01:53<00:45,  4.39it/s]
 71%|███████▏  | 494/693 [01:54<00:45,  4.36it/s]
 71%|███████▏  | 495/693 [01:54<00:44,  4.45it/s]
 72%|███████▏  | 496/693 [01:54<00:38,  5.06it/s]
 72%|███████▏  | 497/693 [01:54<00:36,  5.37it/s]
 72%|███████▏  | 498/693 [01:54<00:39,  4.99it/s]
 72%|███████▏  | 499/693 [01:55<00:41,  4.70it/s]
 72%|███████▏  | 500/693 [01:55<00:42,  4.56it/s]
 72%|███████▏  | 501/693 [01:55<00:43,  4.44it/s]
 72%|███████▏  | 502/693 [01:55<00:43,  4.39it/s]
 73%|███████▎  | 503/693 [01:56<00:43,  4.32it/s]
 73%|███████▎  | 504/693 [01:56<00:41,  4.51it/s]
 73%|███████▎  | 505/693 [01:56<00:42,  4.43it/s]
 73%|███████▎  | 506/693 [01:56<00:42,  4.41it/s]
 73%|███████▎  | 507/693 [01:56<00:42,  4.37it/s]
 73%|███████▎  | 508/693 [01:57<00:40,  4.53it/s]
 73%|███████▎  | 509/693 [01:57<00:35,  5.23it/s]
 74%|███████▎  | 510/693 [01:57<00:31,  5.78it/s]
 74%|███████▎  | 511/693 [01:57<00:33,  5.41it/s]
 74%|███████▍  | 512/693 [01:57<00:35,  5.04it/s]
 74%|███████▍  | 513/693 [01:58<00:37,  4.75it/s]
 74%|███████▍  | 514/693 [01:58<00:38,  4.62it/s]
 74%|███████▍  | 515/693 [01:58<00:39,  4.50it/s]
 74%|███████▍  | 516/693 [01:58<00:39,  4.44it/s]
 75%|███████▍  | 517/693 [01:58<00:39,  4.50it/s]
 75%|███████▍  | 518/693 [01:59<00:38,  4.58it/s]
 75%|███████▍  | 519/693 [01:59<00:39,  4.45it/s]
 75%|███████▌  | 520/693 [01:59<00:39,  4.42it/s]
 75%|███████▌  | 521/693 [01:59<00:39,  4.38it/s]
 75%|███████▌  | 522/693 [02:00<00:35,  4.84it/s]
 75%|███████▌  | 523/693 [02:00<00:30,  5.51it/s]
 76%|███████▌  | 524/693 [02:00<00:31,  5.36it/s]
 76%|███████▌  | 525/693 [02:00<00:33,  4.96it/s]
 76%|███████▌  | 526/693 [02:00<00:35,  4.74it/s]
 76%|███████▌  | 527/693 [02:01<00:36,  4.57it/s]
 76%|███████▌  | 528/693 [02:01<00:36,  4.49it/s]
 76%|███████▋  | 529/693 [02:01<00:37,  4.41it/s]
 76%|███████▋  | 530/693 [02:01<00:37,  4.38it/s]
 77%|███████▋  | 531/693 [02:01<00:35,  4.58it/s]
 77%|███████▋  | 532/693 [02:02<00:35,  4.52it/s]
 77%|███████▋  | 533/693 [02:02<00:36,  4.43it/s]
 77%|███████▋  | 534/693 [02:02<00:36,  4.42it/s]
 77%|███████▋  | 535/693 [02:02<00:32,  4.82it/s]
 77%|███████▋  | 536/693 [02:02<00:28,  5.44it/s]
 77%|███████▋  | 537/693 [02:03<00:26,  5.91it/s]
 78%|███████▊  | 538/693 [02:03<00:29,  5.32it/s]
 78%|███████▊  | 539/693 [02:03<00:31,  4.92it/s]
 78%|███████▊  | 540/693 [02:03<00:32,  4.72it/s]
 78%|███████▊  | 541/693 [02:04<00:33,  4.56it/s]
 78%|███████▊  | 542/693 [02:04<00:33,  4.49it/s]
 78%|███████▊  | 543/693 [02:04<00:34,  4.40it/s]
 78%|███████▊  | 544/693 [02:04<00:33,  4.43it/s]
 79%|███████▊  | 545/693 [02:04<00:33,  4.37it/s]
 79%|███████▉  | 546/693 [02:05<00:33,  4.38it/s]
 79%|███████▉  | 547/693 [02:05<00:33,  4.33it/s]
 79%|███████▉  | 548/693 [02:05<00:32,  4.47it/s]
 79%|███████▉  | 549/693 [02:05<00:27,  5.19it/s]
 79%|███████▉  | 550/693 [02:05<00:24,  5.74it/s]
 80%|███████▉  | 551/693 [02:06<00:25,  5.51it/s]
 80%|███████▉  | 552/693 [02:06<00:27,  5.09it/s]
 80%|███████▉  | 553/693 [02:06<00:29,  4.78it/s]
 80%|███████▉  | 554/693 [02:06<00:29,  4.64it/s]
 80%|████████  | 555/693 [02:07<00:30,  4.50it/s]
 80%|████████  | 556/693 [02:07<00:30,  4.43it/s]
 80%|████████  | 557/693 [02:07<00:30,  4.47it/s]
 81%|████████  | 558/693 [02:07<00:29,  4.58it/s]
 81%|████████  | 559/693 [02:07<00:29,  4.48it/s]
 81%|████████  | 560/693 [02:08<00:29,  4.43it/s]
 81%|████████  | 561/693 [02:08<00:30,  4.38it/s]
 81%|████████  | 562/693 [02:08<00:26,  4.88it/s]
 81%|████████  | 563/693 [02:08<00:23,  5.55it/s]
 81%|████████▏ | 564/693 [02:08<00:22,  5.64it/s]
 82%|████████▏ | 565/693 [02:09<00:24,  5.14it/s]
 82%|████████▏ | 566/693 [02:09<00:26,  4.85it/s]
 82%|████████▏ | 567/693 [02:09<00:27,  4.64it/s]
 82%|████████▏ | 568/693 [02:09<00:27,  4.52it/s]
 82%|████████▏ | 569/693 [02:09<00:27,  4.43it/s]
 82%|████████▏ | 570/693 [02:10<00:27,  4.40it/s]
 82%|████████▏ | 571/693 [02:10<00:27,  4.44it/s]
 83%|████████▎ | 572/693 [02:10<00:27,  4.43it/s]
 83%|████████▎ | 573/693 [02:10<00:27,  4.38it/s]
 83%|████████▎ | 574/693 [02:11<00:27,  4.37it/s]
 83%|████████▎ | 575/693 [02:11<00:25,  4.71it/s]
 83%|████████▎ | 576/693 [02:11<00:21,  5.35it/s]
 83%|████████▎ | 577/693 [02:11<00:20,  5.65it/s]
 83%|████████▎ | 578/693 [02:11<00:22,  5.18it/s]
 84%|████████▎ | 579/693 [02:12<00:23,  4.83it/s]
 84%|████████▎ | 580/693 [02:12<00:24,  4.67it/s]
 84%|████████▍ | 581/693 [02:12<00:24,  4.52it/s]
 84%|████████▍ | 582/693 [02:12<00:25,  4.44it/s]
 84%|████████▍ | 583/693 [02:12<00:25,  4.37it/s]
 84%|████████▍ | 584/693 [02:13<00:24,  4.46it/s]
 84%|████████▍ | 585/693 [02:13<00:24,  4.41it/s]
 85%|████████▍ | 586/693 [02:13<00:24,  4.39it/s]
 85%|████████▍ | 587/693 [02:13<00:24,  4.35it/s]
 85%|████████▍ | 588/693 [02:14<00:23,  4.48it/s]
 85%|████████▍ | 589/693 [02:14<00:19,  5.20it/s]
 85%|████████▌ | 590/693 [02:14<00:17,  5.75it/s]
 85%|████████▌ | 591/693 [02:14<00:18,  5.51it/s]
 85%|████████▌ | 592/693 [02:14<00:19,  5.09it/s]
 86%|████████▌ | 593/693 [02:15<00:20,  4.79it/s]
 86%|████████▌ | 594/693 [02:15<00:21,  4.64it/s]
 86%|████████▌ | 595/693 [02:15<00:21,  4.52it/s]
 86%|████████▌ | 596/693 [02:15<00:21,  4.46it/s]
 86%|████████▌ | 597/693 [02:15<00:21,  4.43it/s]
 86%|████████▋ | 598/693 [02:16<00:20,  4.61it/s]
 86%|████████▋ | 599/693 [02:16<00:21,  4.47it/s]
 87%|████████▋ | 600/693 [02:16<00:21,  4.41it/s]
 87%|████████▋ | 601/693 [02:16<00:21,  4.35it/s]
 87%|████████▋ | 602/693 [02:17<00:19,  4.77it/s]
 87%|████████▋ | 603/693 [02:17<00:16,  5.35it/s]
 87%|████████▋ | 604/693 [02:17<00:17,  5.07it/s]
 87%|████████▋ | 605/693 [02:17<00:18,  4.78it/s]
 87%|████████▋ | 606/693 [02:17<00:18,  4.61it/s]
 88%|████████▊ | 607/693 [02:18<00:19,  4.43it/s]
 88%|████████▊ | 608/693 [02:18<00:19,  4.34it/s]
 88%|████████▊ | 609/693 [02:18<00:19,  4.29it/s]
 88%|████████▊ | 610/693 [02:18<00:19,  4.30it/s]
 88%|████████▊ | 611/693 [02:19<00:19,  4.27it/s]
 88%|████████▊ | 612/693 [02:19<00:19,  4.25it/s]
 88%|████████▊ | 613/693 [02:19<00:18,  4.23it/s]
 89%|████████▊ | 614/693 [02:19<00:18,  4.36it/s]
 89%|████████▊ | 615/693 [02:19<00:15,  4.99it/s]
 89%|████████▉ | 616/693 [02:20<00:14,  5.40it/s]
 89%|████████▉ | 617/693 [02:20<00:15,  4.96it/s]
 89%|████████▉ | 618/693 [02:20<00:16,  4.68it/s]
 89%|████████▉ | 619/693 [02:20<00:16,  4.50it/s]
 89%|████████▉ | 620/693 [02:20<00:16,  4.39it/s]
 90%|████████▉ | 621/693 [02:21<00:16,  4.35it/s]
 90%|████████▉ | 622/693 [02:21<00:16,  4.31it/s]
 90%|████████▉ | 623/693 [02:21<00:16,  4.32it/s]
 90%|█████████ | 624/693 [02:21<00:16,  4.26it/s]
 90%|█████████ | 625/693 [02:22<00:15,  4.27it/s]
 90%|█████████ | 626/693 [02:22<00:15,  4.22it/s]
 90%|█████████ | 627/693 [02:22<00:14,  4.51it/s]
 91%|█████████ | 628/693 [02:22<00:13,  4.89it/s]
 91%|█████████ | 629/693 [02:23<00:13,  4.64it/s]
 91%|█████████ | 630/693 [02:23<00:14,  4.49it/s]
 91%|█████████ | 631/693 [02:23<00:14,  4.36it/s]
 91%|█████████ | 632/693 [02:23<00:14,  4.29it/s]
 91%|█████████▏| 633/693 [02:23<00:14,  4.27it/s]
 91%|█████████▏| 634/693 [02:24<00:13,  4.24it/s]
 92%|█████████▏| 635/693 [02:24<00:13,  4.33it/s]
 92%|█████████▏| 636/693 [02:24<00:13,  4.28it/s]
 92%|█████████▏| 637/693 [02:24<00:13,  4.28it/s]
 92%|█████████▏| 638/693 [02:25<00:12,  4.26it/s]
 92%|█████████▏| 639/693 [02:25<00:11,  4.66it/s]
 92%|█████████▏| 640/693 [02:25<00:10,  5.11it/s]
 92%|█████████▏| 641/693 [02:25<00:10,  4.98it/s]
 93%|█████████▎| 642/693 [02:25<00:10,  4.71it/s]
 93%|█████████▎| 643/693 [02:26<00:11,  4.54it/s]
 93%|█████████▎| 644/693 [02:26<00:11,  4.41it/s]
 93%|█████████▎| 645/693 [02:26<00:11,  4.35it/s]
 93%|█████████▎| 646/693 [02:26<00:10,  4.30it/s]
 93%|█████████▎| 647/693 [02:27<00:10,  4.35it/s]
 94%|█████████▎| 648/693 [02:27<00:10,  4.29it/s]
 94%|█████████▎| 649/693 [02:27<00:10,  4.27it/s]
 94%|█████████▍| 650/693 [02:27<00:10,  4.25it/s]
 94%|█████████▍| 651/693 [02:28<00:09,  4.40it/s]
 94%|█████████▍| 652/693 [02:28<00:08,  4.99it/s]
 94%|█████████▍| 653/693 [02:28<00:07,  5.50it/s]
 94%|█████████▍| 654/693 [02:28<00:07,  5.01it/s]
 95%|█████████▍| 655/693 [02:28<00:08,  4.74it/s]
 95%|█████████▍| 656/693 [02:29<00:08,  4.53it/s]
 95%|█████████▍| 657/693 [02:29<00:08,  4.42it/s]
 95%|█████████▍| 658/693 [02:29<00:08,  4.33it/s]
 95%|█████████▌| 659/693 [02:29<00:07,  4.30it/s]
 95%|█████████▌| 660/693 [02:29<00:07,  4.29it/s]
 95%|█████████▌| 661/693 [02:30<00:07,  4.28it/s]
 96%|█████████▌| 662/693 [02:30<00:07,  4.25it/s]
 96%|█████████▌| 663/693 [02:30<00:07,  4.23it/s]
 96%|█████████▌| 664/693 [02:30<00:06,  4.51it/s]
 96%|█████████▌| 665/693 [02:31<00:05,  4.96it/s]
 96%|█████████▌| 666/693 [02:31<00:05,  4.73it/s]
 96%|█████████▌| 667/693 [02:31<00:05,  4.54it/s]
 96%|█████████▋| 668/693 [02:31<00:05,  4.46it/s]
 97%|█████████▋| 669/693 [02:31<00:05,  4.37it/s]
 97%|█████████▋| 670/693 [02:32<00:05,  4.35it/s]
 97%|█████████▋| 671/693 [02:32<00:05,  4.30it/s]
 97%|█████████▋| 672/693 [02:32<00:04,  4.51it/s]
 97%|█████████▋| 673/693 [02:32<00:04,  4.45it/s]
 97%|█████████▋| 674/693 [02:33<00:04,  4.42it/s]
 97%|█████████▋| 675/693 [02:33<00:04,  4.37it/s]
 98%|█████████▊| 676/693 [02:33<00:03,  4.51it/s]
 98%|█████████▊| 677/693 [02:33<00:03,  5.21it/s]
 98%|█████████▊| 678/693 [02:33<00:02,  5.57it/s]
 98%|█████████▊| 679/693 [02:34<00:02,  5.09it/s]
 98%|█████████▊| 680/693 [02:34<00:02,  4.85it/s]
 98%|█████████▊| 681/693 [02:34<00:02,  4.66it/s]
 98%|█████████▊| 682/693 [02:34<00:02,  4.56it/s]
 99%|█████████▊| 683/693 [02:34<00:02,  4.47it/s]
 99%|█████████▊| 684/693 [02:35<00:02,  4.45it/s]
 99%|█████████▉| 685/693 [02:35<00:01,  4.44it/s]
 99%|█████████▉| 686/693 [02:35<00:01,  4.44it/s]
 99%|█████████▉| 687/693 [02:35<00:01,  4.37it/s]
 99%|█████████▉| 688/693 [02:36<00:01,  4.39it/s]
 99%|█████████▉| 689/693 [02:36<00:00,  4.43it/s]
100%|█████████▉| 690/693 [02:36<00:00,  5.12it/s]
100%|█████████▉| 691/693 [02:36<00:00,  5.77it/s]
100%|█████████▉| 692/693 [02:36<00:00,  5.50it/s]
100%|██████████| 693/693 [02:37<00:00,  5.15it/s]
100%|██████████| 693/693 [02:37<00:00,  4.41it/s]
Training loss: 0.7619840775819395, KL loss: 0.6301788778876157, Sim loss: 0.0005197892567864309, Exo CLS loss: 0.6801601262147636, 
Noun sim loss: 0.11979106965261105, Part sim loss: 0.18998105290734235, Proto loss: 1.4413207153565268, Conc loss: 0.12607061400644018
learning rate:4.817689868860664e-05


  0%|          | 0/168 [00:00<?, ?it/s]
  1%|          | 1/168 [00:00<01:35,  1.74it/s]
  2%|▏         | 4/168 [00:00<00:24,  6.76it/s]
  4%|▎         | 6/168 [00:00<00:17,  9.30it/s]
  5%|▌         | 9/168 [00:01<00:18,  8.52it/s]
  8%|▊         | 13/168 [00:01<00:11, 13.46it/s]
 10%|▉         | 16/168 [00:01<00:09, 15.83it/s]
 11%|█▏        | 19/168 [00:02<00:16,  9.28it/s]
 13%|█▎        | 22/168 [00:02<00:12, 11.38it/s]
 15%|█▍        | 25/168 [00:02<00:13, 10.26it/s]
 17%|█▋        | 28/168 [00:02<00:11, 12.39it/s]
 18%|█▊        | 31/168 [00:02<00:09, 14.48it/s]
 20%|██        | 34/168 [00:02<00:08, 16.17it/s]
 22%|██▏       | 37/168 [00:03<00:07, 17.70it/s]
 24%|██▍       | 41/168 [00:03<00:05, 21.52it/s]
 27%|██▋       | 45/168 [00:03<00:04, 24.66it/s]
 29%|██▊       | 48/168 [00:03<00:05, 23.90it/s]
 30%|███       | 51/168 [00:03<00:05, 22.80it/s]
 32%|███▏      | 54/168 [00:03<00:05, 22.33it/s]
 34%|███▍      | 57/168 [00:03<00:05, 21.15it/s]
 36%|███▌      | 60/168 [00:04<00:05, 20.91it/s]
 38%|███▊      | 63/168 [00:04<00:04, 21.45it/s]
 39%|███▉      | 66/168 [00:04<00:04, 21.30it/s]
 41%|████      | 69/168 [00:04<00:04, 20.45it/s]
 43%|████▎     | 72/168 [00:04<00:04, 20.89it/s]
 45%|████▍     | 75/168 [00:04<00:04, 21.97it/s]
 46%|████▋     | 78/168 [00:04<00:04, 21.56it/s]
 48%|████▊     | 81/168 [00:05<00:04, 21.36it/s]
 50%|█████     | 84/168 [00:05<00:04, 20.89it/s]
 52%|█████▏    | 87/168 [00:05<00:03, 21.18it/s]
 54%|█████▎    | 90/168 [00:05<00:03, 21.45it/s]
 56%|█████▌    | 94/168 [00:05<00:03, 23.98it/s]
 58%|█████▊    | 97/168 [00:05<00:02, 24.46it/s]
 60%|█████▉    | 100/168 [00:05<00:02, 24.00it/s]
 61%|██████▏   | 103/168 [00:05<00:02, 23.11it/s]
 63%|██████▎   | 106/168 [00:06<00:02, 21.94it/s]
 65%|██████▍   | 109/168 [00:06<00:02, 22.31it/s]
 67%|██████▋   | 112/168 [00:06<00:02, 22.50it/s]
 68%|██████▊   | 115/168 [00:06<00:02, 22.03it/s]
 70%|███████   | 118/168 [00:06<00:02, 21.99it/s]
 72%|███████▏  | 121/168 [00:06<00:02, 21.76it/s]
 74%|███████▍  | 124/168 [00:06<00:02, 21.58it/s]
 76%|███████▌  | 127/168 [00:07<00:01, 22.19it/s]
 77%|███████▋  | 130/168 [00:07<00:01, 21.90it/s]
 79%|███████▉  | 133/168 [00:07<00:01, 21.74it/s]
 81%|████████  | 136/168 [00:07<00:01, 21.50it/s]
 83%|████████▎ | 139/168 [00:07<00:01, 20.76it/s]
 85%|████████▍ | 142/168 [00:07<00:01, 21.48it/s]
 87%|████████▋ | 146/168 [00:07<00:00, 25.12it/s]
 89%|████████▉ | 150/168 [00:08<00:00, 26.65it/s]
 91%|█████████ | 153/168 [00:08<00:00, 24.46it/s]
 93%|█████████▎| 156/168 [00:08<00:00, 23.90it/s]
 95%|█████████▍| 159/168 [00:08<00:00, 22.15it/s]
 96%|█████████▋| 162/168 [00:08<00:00, 21.66it/s]
 98%|█████████▊| 165/168 [00:08<00:00, 22.14it/s]
100%|██████████| 168/168 [00:08<00:00, 23.19it/s]
100%|██████████| 168/168 [00:08<00:00, 18.69it/s]
Result on AGD: 
KLD=0.8883094191551208, SIM=0.5106715559959412, NSS=1.516991138458252
noun sim: 0.11437588238290378, part sim: 0.17696694972082264
New best KLD: 0.8883094191551208, 0.5106715559959412, 1.516991138458252
Epoch 5 loss coeffs: kl=0.3, sim=1.0, exo_cls=0.6, noun=0.1, part=0.01, proto=0.1, conc=0.05
============Training Epoch 5============

  0%|          | 0/693 [00:00<?, ?it/s]/mnt/sdb/wyn/envs/clip-env/lib/python3.10/site-packages/torch/_tensor.py:1002: UserWarning: non-inplace resize is deprecated
  warnings.warn("non-inplace resize is deprecated")
/mnt/sdb/wyn/envs/clip-env/lib/python3.10/site-packages/torch/_tensor.py:1002: UserWarning: non-inplace resize is deprecated
  warnings.warn("non-inplace resize is deprecated")
/mnt/sdb/wyn/envs/clip-env/lib/python3.10/site-packages/torch/_tensor.py:1002: UserWarning: non-inplace resize is deprecated
  warnings.warn("non-inplace resize is deprecated")
/mnt/sdb/wyn/envs/clip-env/lib/python3.10/site-packages/torch/_tensor.py:1002: UserWarning: non-inplace resize is deprecated
  warnings.warn("non-inplace resize is deprecated")
/mnt/sdb/wyn/envs/clip-env/lib/python3.10/site-packages/torch/_tensor.py:1002: UserWarning: non-inplace resize is deprecated
  warnings.warn("non-inplace resize is deprecated")
/mnt/sdb/wyn/envs/clip-env/lib/python3.10/site-packages/torch/_tensor.py:1002: UserWarning: non-inplace resize is deprecated
  warnings.warn("non-inplace resize is deprecated")
/mnt/sdb/wyn/envs/clip-env/lib/python3.10/site-packages/torch/_tensor.py:1002: UserWarning: non-inplace resize is deprecated
  warnings.warn("non-inplace resize is deprecated")
/mnt/sdb/wyn/envs/clip-env/lib/python3.10/site-packages/torch/_tensor.py:1002: UserWarning: non-inplace resize is deprecated
  warnings.warn("non-inplace resize is deprecated")

  0%|          | 1/693 [00:01<19:25,  1.68s/it]
  0%|          | 2/693 [00:01<09:37,  1.20it/s]
  0%|          | 3/693 [00:02<09:55,  1.16it/s]
  1%|          | 4/693 [00:02<06:38,  1.73it/s]
  1%|          | 5/693 [00:03<04:51,  2.36it/s]
  1%|          | 6/693 [00:03<04:08,  2.77it/s]
  1%|          | 7/693 [00:03<03:40,  3.11it/s]
  1%|          | 8/693 [00:03<03:23,  3.36it/s]
  1%|▏         | 9/693 [00:04<03:11,  3.57it/s]
  1%|▏         | 10/693 [00:04<03:03,  3.72it/s]
  2%|▏         | 11/693 [00:04<02:56,  3.86it/s]
  2%|▏         | 12/693 [00:04<02:51,  3.98it/s]
  2%|▏         | 13/693 [00:05<02:49,  4.01it/s]
  2%|▏         | 14/693 [00:05<02:48,  4.02it/s]
  2%|▏         | 15/693 [00:05<02:46,  4.07it/s]
  2%|▏         | 16/693 [00:05<02:35,  4.35it/s]
  2%|▏         | 17/693 [00:05<02:39,  4.24it/s]
  3%|▎         | 18/693 [00:06<02:39,  4.24it/s]
  3%|▎         | 19/693 [00:06<02:39,  4.23it/s]
  3%|▎         | 20/693 [00:06<02:39,  4.21it/s]
  3%|▎         | 21/693 [00:06<02:39,  4.23it/s]
  3%|▎         | 22/693 [00:07<02:39,  4.20it/s]
  3%|▎         | 23/693 [00:07<02:33,  4.35it/s]
  3%|▎         | 24/693 [00:07<02:35,  4.31it/s]
  4%|▎         | 25/693 [00:07<02:35,  4.29it/s]
  4%|▍         | 26/693 [00:08<02:35,  4.28it/s]
  4%|▍         | 27/693 [00:08<02:21,  4.72it/s]
  4%|▍         | 28/693 [00:08<02:09,  5.13it/s]
  4%|▍         | 29/693 [00:08<02:11,  5.04it/s]
  4%|▍         | 30/693 [00:08<02:19,  4.77it/s]
  4%|▍         | 31/693 [00:09<02:24,  4.57it/s]
  5%|▍         | 32/693 [00:09<02:28,  4.44it/s]
  5%|▍         | 33/693 [00:09<02:30,  4.38it/s]
  5%|▍         | 34/693 [00:09<02:32,  4.33it/s]
  5%|▌         | 35/693 [00:10<02:32,  4.31it/s]
  5%|▌         | 36/693 [00:10<02:33,  4.28it/s]
  5%|▌         | 37/693 [00:10<02:33,  4.27it/s]
  5%|▌         | 38/693 [00:10<02:33,  4.25it/s]
  6%|▌         | 39/693 [00:10<02:27,  4.44it/s]
  6%|▌         | 40/693 [00:11<02:10,  5.01it/s]
  6%|▌         | 41/693 [00:11<01:58,  5.52it/s]
  6%|▌         | 42/693 [00:11<02:08,  5.07it/s]
  6%|▌         | 43/693 [00:11<02:16,  4.78it/s]
  6%|▋         | 44/693 [00:11<02:21,  4.57it/s]
  6%|▋         | 45/693 [00:12<02:24,  4.48it/s]
  7%|▋         | 46/693 [00:12<02:27,  4.40it/s]
  7%|▋         | 47/693 [00:12<02:28,  4.34it/s]
  7%|▋         | 48/693 [00:12<02:25,  4.44it/s]
  7%|▋         | 49/693 [00:13<02:27,  4.38it/s]
  7%|▋         | 50/693 [00:13<02:28,  4.34it/s]
  7%|▋         | 51/693 [00:13<02:28,  4.32it/s]
  8%|▊         | 52/693 [00:13<02:23,  4.47it/s]
  8%|▊         | 53/693 [00:13<02:04,  5.13it/s]
  8%|▊         | 54/693 [00:14<01:56,  5.49it/s]
  8%|▊         | 55/693 [00:14<02:06,  5.06it/s]
  8%|▊         | 56/693 [00:14<02:13,  4.78it/s]
  8%|▊         | 57/693 [00:14<02:19,  4.57it/s]
  8%|▊         | 58/693 [00:14<02:22,  4.47it/s]
  9%|▊         | 59/693 [00:15<02:24,  4.38it/s]
  9%|▊         | 60/693 [00:15<02:25,  4.34it/s]
  9%|▉         | 61/693 [00:15<02:22,  4.44it/s]
  9%|▉         | 62/693 [00:15<02:25,  4.34it/s]
  9%|▉         | 63/693 [00:16<02:26,  4.31it/s]
  9%|▉         | 64/693 [00:16<02:27,  4.26it/s]
  9%|▉         | 65/693 [00:16<02:20,  4.47it/s]
 10%|▉         | 66/693 [00:16<02:03,  5.08it/s]
 10%|▉         | 67/693 [00:16<01:51,  5.61it/s]
 10%|▉         | 68/693 [00:17<02:00,  5.20it/s]
 10%|▉         | 69/693 [00:17<02:08,  4.86it/s]
 10%|█         | 70/693 [00:17<02:13,  4.65it/s]
 10%|█         | 71/693 [00:17<02:17,  4.51it/s]
 10%|█         | 72/693 [00:18<02:20,  4.42it/s]
 11%|█         | 73/693 [00:18<02:21,  4.37it/s]
 11%|█         | 74/693 [00:18<02:22,  4.33it/s]
 11%|█         | 75/693 [00:18<02:23,  4.31it/s]
 11%|█         | 76/693 [00:18<02:23,  4.29it/s]
 11%|█         | 77/693 [00:19<02:24,  4.26it/s]
 11%|█▏        | 78/693 [00:19<02:19,  4.42it/s]
 11%|█▏        | 79/693 [00:19<02:00,  5.09it/s]
 12%|█▏        | 80/693 [00:19<01:56,  5.24it/s]
 12%|█▏        | 81/693 [00:19<02:05,  4.88it/s]
 12%|█▏        | 82/693 [00:20<02:10,  4.67it/s]
 12%|█▏        | 83/693 [00:20<02:15,  4.50it/s]
 12%|█▏        | 84/693 [00:20<02:19,  4.38it/s]
 12%|█▏        | 85/693 [00:20<02:21,  4.31it/s]
 12%|█▏        | 86/693 [00:21<02:22,  4.25it/s]
 13%|█▎        | 87/693 [00:21<02:17,  4.40it/s]
 13%|█▎        | 88/693 [00:21<02:20,  4.31it/s]
 13%|█▎        | 89/693 [00:21<02:21,  4.28it/s]
 13%|█▎        | 90/693 [00:22<02:23,  4.22it/s]
 13%|█▎        | 91/693 [00:22<02:08,  4.69it/s]
 13%|█▎        | 92/693 [00:22<01:55,  5.19it/s]
 13%|█▎        | 93/693 [00:22<01:59,  5.03it/s]
 14%|█▎        | 94/693 [00:22<02:07,  4.72it/s]
 14%|█▎        | 95/693 [00:23<02:11,  4.55it/s]
 14%|█▍        | 96/693 [00:23<02:14,  4.43it/s]
 14%|█▍        | 97/693 [00:23<02:17,  4.35it/s]
 14%|█▍        | 98/693 [00:23<02:19,  4.27it/s]
 14%|█▍        | 99/693 [00:24<02:14,  4.41it/s]
 14%|█▍        | 100/693 [00:24<02:17,  4.32it/s]
 15%|█▍        | 101/693 [00:24<02:17,  4.29it/s]
 15%|█▍        | 102/693 [00:24<02:18,  4.28it/s]
 15%|█▍        | 103/693 [00:24<02:12,  4.44it/s]
 15%|█▌        | 104/693 [00:25<01:57,  5.01it/s]
 15%|█▌        | 105/693 [00:25<01:49,  5.35it/s]
 15%|█▌        | 106/693 [00:25<01:58,  4.94it/s]
 15%|█▌        | 107/693 [00:25<02:04,  4.71it/s]
 16%|█▌        | 108/693 [00:25<02:08,  4.54it/s]
 16%|█▌        | 109/693 [00:26<02:12,  4.41it/s]
 16%|█▌        | 110/693 [00:26<02:15,  4.32it/s]
 16%|█▌        | 111/693 [00:26<02:15,  4.28it/s]
 16%|█▌        | 112/693 [00:26<02:13,  4.37it/s]
 16%|█▋        | 113/693 [00:27<02:14,  4.30it/s]
 16%|█▋        | 114/693 [00:27<02:15,  4.26it/s]
 17%|█▋        | 115/693 [00:27<02:15,  4.27it/s]
 17%|█▋        | 116/693 [00:27<02:04,  4.64it/s]
 17%|█▋        | 117/693 [00:27<01:53,  5.08it/s]
 17%|█▋        | 118/693 [00:28<02:01,  4.73it/s]
 17%|█▋        | 119/693 [00:28<02:06,  4.55it/s]
 17%|█▋        | 120/693 [00:28<02:09,  4.42it/s]
 17%|█▋        | 121/693 [00:28<02:11,  4.35it/s]
 18%|█▊        | 122/693 [00:29<02:13,  4.28it/s]
 18%|█▊        | 123/693 [00:29<02:14,  4.25it/s]
 18%|█▊        | 124/693 [00:29<02:11,  4.34it/s]
 18%|█▊        | 125/693 [00:29<02:11,  4.32it/s]
 18%|█▊        | 126/693 [00:30<02:12,  4.26it/s]
 18%|█▊        | 127/693 [00:30<02:13,  4.24it/s]
 18%|█▊        | 128/693 [00:30<02:02,  4.63it/s]
 19%|█▊        | 129/693 [00:30<01:51,  5.06it/s]
 19%|█▉        | 130/693 [00:30<01:58,  4.74it/s]
 19%|█▉        | 131/693 [00:31<02:03,  4.55it/s]
 19%|█▉        | 132/693 [00:31<02:07,  4.41it/s]
 19%|█▉        | 133/693 [00:31<02:09,  4.33it/s]
 19%|█▉        | 134/693 [00:31<02:10,  4.28it/s]
 19%|█▉        | 135/693 [00:32<02:11,  4.24it/s]
 20%|█▉        | 136/693 [00:32<02:08,  4.32it/s]
 20%|█▉        | 137/693 [00:32<02:09,  4.28it/s]
 20%|█▉        | 138/693 [00:32<02:10,  4.24it/s]
 20%|██        | 139/693 [00:33<02:11,  4.22it/s]
 20%|██        | 140/693 [00:33<01:59,  4.61it/s]
 20%|██        | 141/693 [00:33<01:49,  5.04it/s]
 20%|██        | 142/693 [00:33<01:56,  4.73it/s]
 21%|██        | 143/693 [00:33<02:01,  4.54it/s]
 21%|██        | 144/693 [00:34<02:05,  4.39it/s]
 21%|██        | 145/693 [00:34<02:06,  4.33it/s]
 21%|██        | 146/693 [00:34<02:08,  4.26it/s]
 21%|██        | 147/693 [00:34<02:08,  4.24it/s]
 21%|██▏       | 148/693 [00:35<02:05,  4.34it/s]
 22%|██▏       | 149/693 [00:35<02:06,  4.29it/s]
 22%|██▏       | 150/693 [00:35<02:07,  4.25it/s]
 22%|██▏       | 151/693 [00:35<02:07,  4.24it/s]
 22%|██▏       | 152/693 [00:35<02:00,  4.48it/s]
 22%|██▏       | 153/693 [00:36<02:01,  4.46it/s]
 22%|██▏       | 154/693 [00:36<02:03,  4.36it/s]
 22%|██▏       | 155/693 [00:36<02:05,  4.29it/s]
 23%|██▎       | 156/693 [00:36<02:06,  4.23it/s]
 23%|██▎       | 157/693 [00:37<02:07,  4.19it/s]
 23%|██▎       | 158/693 [00:37<02:08,  4.18it/s]
 23%|██▎       | 159/693 [00:37<02:05,  4.24it/s]
 23%|██▎       | 160/693 [00:37<02:06,  4.20it/s]
 23%|██▎       | 161/693 [00:38<02:06,  4.20it/s]
 23%|██▎       | 162/693 [00:38<02:06,  4.19it/s]
 24%|██▎       | 163/693 [00:38<01:55,  4.58it/s]
 24%|██▎       | 164/693 [00:38<01:42,  5.19it/s]
 24%|██▍       | 165/693 [00:38<01:43,  5.12it/s]
 24%|██▍       | 166/693 [00:39<01:49,  4.80it/s]
 24%|██▍       | 167/693 [00:39<01:54,  4.59it/s]
 24%|██▍       | 168/693 [00:39<01:57,  4.47it/s]
 24%|██▍       | 169/693 [00:39<01:59,  4.37it/s]
 25%|██▍       | 170/693 [00:40<02:01,  4.29it/s]
 25%|██▍       | 171/693 [00:40<02:01,  4.29it/s]
 25%|██▍       | 172/693 [00:40<02:01,  4.27it/s]
 25%|██▍       | 173/693 [00:40<02:02,  4.25it/s]
 25%|██▌       | 174/693 [00:40<02:02,  4.24it/s]
 25%|██▌       | 175/693 [00:41<01:56,  4.46it/s]
 25%|██▌       | 176/693 [00:41<01:42,  5.07it/s]
 26%|██▌       | 177/693 [00:41<01:36,  5.36it/s]
 26%|██▌       | 178/693 [00:41<01:42,  5.00it/s]
 26%|██▌       | 179/693 [00:41<01:48,  4.72it/s]
 26%|██▌       | 180/693 [00:42<01:52,  4.58it/s]
 26%|██▌       | 181/693 [00:42<01:54,  4.47it/s]
 26%|██▋       | 182/693 [00:42<01:55,  4.41it/s]
 26%|██▋       | 183/693 [00:42<01:56,  4.36it/s]
 27%|██▋       | 184/693 [00:43<01:53,  4.50it/s]
 27%|██▋       | 185/693 [00:43<01:55,  4.41it/s]
 27%|██▋       | 186/693 [00:43<01:55,  4.38it/s]
 27%|██▋       | 187/693 [00:43<01:56,  4.34it/s]
 27%|██▋       | 188/693 [00:43<01:52,  4.48it/s]
 27%|██▋       | 189/693 [00:44<01:38,  5.13it/s]
 27%|██▋       | 190/693 [00:44<01:34,  5.30it/s]
 28%|██▊       | 191/693 [00:44<01:42,  4.91it/s]
 28%|██▊       | 192/693 [00:44<01:47,  4.67it/s]
 28%|██▊       | 193/693 [00:45<01:50,  4.53it/s]
 28%|██▊       | 194/693 [00:45<01:53,  4.41it/s]
 28%|██▊       | 195/693 [00:45<01:54,  4.37it/s]
 28%|██▊       | 196/693 [00:45<01:55,  4.32it/s]
 28%|██▊       | 197/693 [00:45<01:52,  4.40it/s]
 29%|██▊       | 198/693 [00:46<01:53,  4.35it/s]
 29%|██▊       | 199/693 [00:46<01:54,  4.31it/s]
 29%|██▉       | 200/693 [00:46<01:55,  4.28it/s]
 29%|██▉       | 201/693 [00:46<01:45,  4.66it/s]
 29%|██▉       | 202/693 [00:47<01:42,  4.79it/s]
 29%|██▉       | 203/693 [00:47<01:46,  4.60it/s]
 29%|██▉       | 204/693 [00:47<01:49,  4.48it/s]
 30%|██▉       | 205/693 [00:47<01:50,  4.40it/s]
 30%|██▉       | 206/693 [00:47<01:52,  4.34it/s]
 30%|██▉       | 207/693 [00:48<01:52,  4.31it/s]
 30%|███       | 208/693 [00:48<01:53,  4.26it/s]
 30%|███       | 209/693 [00:48<01:49,  4.41it/s]
 30%|███       | 210/693 [00:48<01:50,  4.36it/s]
 30%|███       | 211/693 [00:49<01:51,  4.32it/s]
 31%|███       | 212/693 [00:49<01:52,  4.28it/s]
 31%|███       | 213/693 [00:49<01:41,  4.73it/s]
 31%|███       | 214/693 [00:49<01:31,  5.23it/s]
 31%|███       | 215/693 [00:49<01:38,  4.86it/s]
 31%|███       | 216/693 [00:50<01:42,  4.65it/s]
 31%|███▏      | 217/693 [00:50<01:45,  4.52it/s]
 31%|███▏      | 218/693 [00:50<01:47,  4.43it/s]
 32%|███▏      | 219/693 [00:50<01:48,  4.36it/s]
 32%|███▏      | 220/693 [00:51<01:49,  4.32it/s]
 32%|███▏      | 221/693 [00:51<01:45,  4.46it/s]
 32%|███▏      | 222/693 [00:51<01:46,  4.40it/s]
 32%|███▏      | 223/693 [00:51<01:47,  4.37it/s]
 32%|███▏      | 224/693 [00:51<01:48,  4.32it/s]
 32%|███▏      | 225/693 [00:52<01:44,  4.50it/s]
 33%|███▎      | 226/693 [00:52<01:40,  4.67it/s]
 33%|███▎      | 227/693 [00:52<01:43,  4.52it/s]
 33%|███▎      | 228/693 [00:52<01:45,  4.41it/s]
 33%|███▎      | 229/693 [00:53<01:46,  4.36it/s]
 33%|███▎      | 230/693 [00:53<01:47,  4.31it/s]
 33%|███▎      | 231/693 [00:53<01:47,  4.28it/s]
 33%|███▎      | 232/693 [00:53<01:47,  4.27it/s]
 34%|███▎      | 233/693 [00:54<01:47,  4.29it/s]
 34%|███▍      | 234/693 [00:54<01:47,  4.28it/s]
 34%|███▍      | 235/693 [00:54<01:46,  4.28it/s]
 34%|███▍      | 236/693 [00:54<01:46,  4.28it/s]
 34%|███▍      | 237/693 [00:54<01:37,  4.69it/s]
 34%|███▍      | 238/693 [00:55<01:27,  5.18it/s]
 34%|███▍      | 239/693 [00:55<01:32,  4.90it/s]
 35%|███▍      | 240/693 [00:55<01:37,  4.66it/s]
 35%|███▍      | 241/693 [00:55<01:40,  4.52it/s]
 35%|███▍      | 242/693 [00:55<01:41,  4.42it/s]
 35%|███▌      | 243/693 [00:56<01:43,  4.36it/s]
 35%|███▌      | 244/693 [00:56<01:44,  4.31it/s]
 35%|███▌      | 245/693 [00:56<01:42,  4.39it/s]
 35%|███▌      | 246/693 [00:56<01:43,  4.33it/s]
 36%|███▌      | 247/693 [00:57<01:43,  4.32it/s]
 36%|███▌      | 248/693 [00:57<01:43,  4.30it/s]
 36%|███▌      | 249/693 [00:58<03:06,  2.38it/s]
 36%|███▌      | 250/693 [00:58<02:42,  2.73it/s]
 36%|███▌      | 251/693 [00:58<02:24,  3.06it/s]
 36%|███▋      | 252/693 [00:58<02:08,  3.43it/s]
 37%|███▋      | 253/693 [00:59<02:00,  3.64it/s]
 37%|███▋      | 254/693 [00:59<01:55,  3.80it/s]
 37%|███▋      | 255/693 [00:59<01:51,  3.92it/s]
 37%|███▋      | 256/693 [00:59<01:43,  4.22it/s]
 37%|███▋      | 257/693 [01:00<02:08,  3.39it/s]
 37%|███▋      | 258/693 [01:00<02:00,  3.60it/s]
 37%|███▋      | 259/693 [01:00<01:55,  3.77it/s]
 38%|███▊      | 260/693 [01:00<01:51,  3.89it/s]
 38%|███▊      | 261/693 [01:01<01:48,  3.99it/s]
 38%|███▊      | 262/693 [01:01<01:44,  4.14it/s]
 38%|███▊      | 263/693 [01:01<01:39,  4.32it/s]
 38%|███▊      | 264/693 [01:01<01:41,  4.24it/s]
 38%|███▊      | 265/693 [01:02<01:40,  4.24it/s]
 38%|███▊      | 266/693 [01:02<01:41,  4.21it/s]
 39%|███▊      | 267/693 [01:02<01:30,  4.71it/s]
 39%|███▊      | 268/693 [01:02<01:21,  5.20it/s]
 39%|███▉      | 269/693 [01:02<01:25,  4.95it/s]
 39%|███▉      | 270/693 [01:03<01:31,  4.65it/s]
 39%|███▉      | 271/693 [01:03<01:33,  4.50it/s]
 39%|███▉      | 272/693 [01:03<01:36,  4.36it/s]
 39%|███▉      | 273/693 [01:03<01:36,  4.33it/s]
 40%|███▉      | 274/693 [01:04<01:38,  4.27it/s]
 40%|███▉      | 275/693 [01:04<01:37,  4.30it/s]
 40%|███▉      | 276/693 [01:04<01:38,  4.25it/s]
 40%|███▉      | 277/693 [01:04<01:37,  4.25it/s]
 40%|████      | 278/693 [01:05<01:39,  4.19it/s]
 40%|████      | 279/693 [01:05<01:32,  4.49it/s]
 40%|████      | 280/693 [01:05<01:22,  4.98it/s]
 41%|████      | 281/693 [01:05<01:25,  4.83it/s]
 41%|████      | 282/693 [01:05<01:29,  4.58it/s]
 41%|████      | 283/693 [01:06<01:32,  4.44it/s]
 41%|████      | 284/693 [01:06<01:34,  4.33it/s]
 41%|████      | 285/693 [01:06<01:35,  4.29it/s]
 41%|████▏     | 286/693 [01:06<01:35,  4.25it/s]
 41%|████▏     | 287/693 [01:07<01:34,  4.29it/s]
 42%|████▏     | 288/693 [01:07<01:35,  4.26it/s]
 42%|████▏     | 289/693 [01:07<01:34,  4.27it/s]
 42%|████▏     | 290/693 [01:07<01:34,  4.27it/s]
 42%|████▏     | 291/693 [01:07<01:27,  4.61it/s]
 42%|████▏     | 292/693 [01:08<01:18,  5.10it/s]
 42%|████▏     | 293/693 [01:08<01:19,  5.04it/s]
 42%|████▏     | 294/693 [01:08<01:23,  4.76it/s]
 43%|████▎     | 295/693 [01:08<01:26,  4.59it/s]
 43%|████▎     | 296/693 [01:08<01:28,  4.47it/s]
 43%|████▎     | 297/693 [01:09<01:30,  4.38it/s]
 43%|████▎     | 298/693 [01:09<01:31,  4.34it/s]
 43%|████▎     | 299/693 [01:09<01:30,  4.37it/s]
 43%|████▎     | 300/693 [01:09<01:30,  4.32it/s]
 43%|████▎     | 301/693 [01:10<01:31,  4.30it/s]
 44%|████▎     | 302/693 [01:10<01:31,  4.26it/s]
 44%|████▎     | 303/693 [01:10<01:28,  4.40it/s]
 44%|████▍     | 304/693 [01:10<01:18,  4.94it/s]
 44%|████▍     | 305/693 [01:10<01:12,  5.38it/s]
 44%|████▍     | 306/693 [01:11<01:17,  4.97it/s]
 44%|████▍     | 307/693 [01:11<01:21,  4.72it/s]
 44%|████▍     | 308/693 [01:11<01:24,  4.54it/s]
 45%|████▍     | 309/693 [01:11<01:26,  4.45it/s]
 45%|████▍     | 310/693 [01:12<01:27,  4.36it/s]
 45%|████▍     | 311/693 [01:12<01:28,  4.32it/s]
 45%|████▌     | 312/693 [01:12<01:25,  4.46it/s]
 45%|████▌     | 313/693 [01:12<01:26,  4.40it/s]
 45%|████▌     | 314/693 [01:13<01:27,  4.35it/s]
 45%|████▌     | 315/693 [01:13<01:27,  4.33it/s]
 46%|████▌     | 316/693 [01:13<01:23,  4.52it/s]
 46%|████▌     | 317/693 [01:13<01:13,  5.15it/s]
 46%|████▌     | 318/693 [01:13<01:09,  5.43it/s]
 46%|████▌     | 319/693 [01:13<01:14,  5.01it/s]
 46%|████▌     | 320/693 [01:14<01:18,  4.74it/s]
 46%|████▋     | 321/693 [01:14<01:21,  4.56it/s]
 46%|████▋     | 322/693 [01:14<01:23,  4.45it/s]
 47%|████▋     | 323/693 [01:14<01:24,  4.38it/s]
 47%|████▋     | 324/693 [01:15<01:25,  4.33it/s]
 47%|████▋     | 325/693 [01:15<01:25,  4.32it/s]
 47%|████▋     | 326/693 [01:15<01:25,  4.28it/s]
 47%|████▋     | 327/693 [01:15<01:25,  4.28it/s]
 47%|████▋     | 328/693 [01:16<01:25,  4.26it/s]
 47%|████▋     | 329/693 [01:16<01:18,  4.64it/s]
 48%|████▊     | 330/693 [01:16<01:11,  5.11it/s]
 48%|████▊     | 331/693 [01:16<01:14,  4.85it/s]
 48%|████▊     | 332/693 [01:16<01:17,  4.67it/s]
 48%|████▊     | 333/693 [01:17<01:19,  4.52it/s]
 48%|████▊     | 334/693 [01:17<01:20,  4.46it/s]
 48%|████▊     | 335/693 [01:17<01:21,  4.38it/s]
 48%|████▊     | 336/693 [01:17<01:21,  4.36it/s]
 49%|████▊     | 337/693 [01:18<01:21,  4.38it/s]
 49%|████▉     | 338/693 [01:18<01:21,  4.37it/s]
 49%|████▉     | 339/693 [01:18<01:21,  4.32it/s]
 49%|████▉     | 340/693 [01:18<01:21,  4.33it/s]
 49%|████▉     | 341/693 [01:18<01:19,  4.44it/s]
 49%|████▉     | 342/693 [01:19<01:09,  5.07it/s]
 49%|████▉     | 343/693 [01:19<01:01,  5.72it/s]
 50%|████▉     | 344/693 [01:19<01:04,  5.45it/s]
 50%|████▉     | 345/693 [01:19<01:09,  5.00it/s]
 50%|████▉     | 346/693 [01:19<01:13,  4.69it/s]
 50%|█████     | 347/693 [01:20<01:16,  4.54it/s]
 50%|█████     | 348/693 [01:20<01:17,  4.44it/s]
 50%|█████     | 349/693 [01:20<01:18,  4.36it/s]
 51%|█████     | 350/693 [01:20<01:16,  4.50it/s]
 51%|█████     | 351/693 [01:21<01:15,  4.51it/s]
 51%|█████     | 352/693 [01:21<01:17,  4.42it/s]
 51%|█████     | 353/693 [01:21<01:17,  4.38it/s]
 51%|█████     | 354/693 [01:21<01:18,  4.34it/s]
 51%|█████     | 355/693 [01:21<01:09,  4.88it/s]
 51%|█████▏    | 356/693 [01:22<01:02,  5.37it/s]
 52%|█████▏    | 357/693 [01:22<01:06,  5.06it/s]
 52%|█████▏    | 358/693 [01:22<01:10,  4.78it/s]
 52%|█████▏    | 359/693 [01:22<01:12,  4.59it/s]
 52%|█████▏    | 360/693 [01:22<01:14,  4.48it/s]
 52%|█████▏    | 361/693 [01:23<01:15,  4.39it/s]
 52%|█████▏    | 362/693 [01:23<01:16,  4.31it/s]
 52%|█████▏    | 363/693 [01:23<01:15,  4.36it/s]
 53%|█████▎    | 364/693 [01:23<01:16,  4.31it/s]
 53%|█████▎    | 365/693 [01:24<01:15,  4.32it/s]
 53%|█████▎    | 366/693 [01:24<01:16,  4.29it/s]
 53%|█████▎    | 367/693 [01:24<01:12,  4.48it/s]
 53%|█████▎    | 368/693 [01:24<01:05,  5.00it/s]
 53%|█████▎    | 369/693 [01:24<00:59,  5.42it/s]
 53%|█████▎    | 370/693 [01:25<01:04,  4.99it/s]
 54%|█████▎    | 371/693 [01:25<01:08,  4.73it/s]
 54%|█████▎    | 372/693 [01:25<01:10,  4.57it/s]
 54%|█████▍    | 373/693 [01:25<01:11,  4.46it/s]
 54%|█████▍    | 374/693 [01:26<01:12,  4.38it/s]
 54%|█████▍    | 375/693 [01:26<01:13,  4.33it/s]
 54%|█████▍    | 376/693 [01:26<01:11,  4.45it/s]
 54%|█████▍    | 377/693 [01:26<01:11,  4.40it/s]
 55%|█████▍    | 378/693 [01:26<01:12,  4.33it/s]
 55%|█████▍    | 379/693 [01:27<01:12,  4.32it/s]
 55%|█████▍    | 380/693 [01:27<01:09,  4.50it/s]
 55%|█████▍    | 381/693 [01:27<01:01,  5.10it/s]
 55%|█████▌    | 382/693 [01:27<00:57,  5.43it/s]
 55%|█████▌    | 383/693 [01:27<01:02,  4.98it/s]
 55%|█████▌    | 384/693 [01:28<01:05,  4.74it/s]
 56%|█████▌    | 385/693 [01:28<01:07,  4.56it/s]
 56%|█████▌    | 386/693 [01:28<01:08,  4.47it/s]
 56%|█████▌    | 387/693 [01:28<01:09,  4.38it/s]
 56%|█████▌    | 388/693 [01:29<01:10,  4.33it/s]
 56%|█████▌    | 389/693 [01:29<01:09,  4.36it/s]
 56%|█████▋    | 390/693 [01:29<01:10,  4.30it/s]
 56%|█████▋    | 391/693 [01:29<01:10,  4.30it/s]
 57%|█████▋    | 392/693 [01:30<01:10,  4.29it/s]
 57%|█████▋    | 393/693 [01:30<01:05,  4.61it/s]
 57%|█████▋    | 394/693 [01:30<01:08,  4.36it/s]
 57%|█████▋    | 395/693 [01:30<01:09,  4.31it/s]
 57%|█████▋    | 396/693 [01:30<01:09,  4.26it/s]
 57%|█████▋    | 397/693 [01:31<01:09,  4.26it/s]
 57%|█████▋    | 398/693 [01:31<01:09,  4.24it/s]
 58%|█████▊    | 399/693 [01:31<01:09,  4.23it/s]
 58%|█████▊    | 400/693 [01:31<01:08,  4.26it/s]
 58%|█████▊    | 401/693 [01:32<01:05,  4.49it/s]
 58%|█████▊    | 402/693 [01:32<01:06,  4.39it/s]
 58%|█████▊    | 403/693 [01:32<01:06,  4.36it/s]
 58%|█████▊    | 404/693 [01:32<01:06,  4.32it/s]
 58%|█████▊    | 405/693 [01:32<01:01,  4.72it/s]
 59%|█████▊    | 406/693 [01:33<00:55,  5.19it/s]
 59%|█████▊    | 407/693 [01:33<00:58,  4.93it/s]
 59%|█████▉    | 408/693 [01:33<01:00,  4.69it/s]
 59%|█████▉    | 409/693 [01:33<01:02,  4.53it/s]
 59%|█████▉    | 410/693 [01:34<01:03,  4.44it/s]
 59%|█████▉    | 411/693 [01:34<01:04,  4.36it/s]
 59%|█████▉    | 412/693 [01:34<01:05,  4.32it/s]
 60%|█████▉    | 413/693 [01:34<01:03,  4.38it/s]
 60%|█████▉    | 414/693 [01:34<01:04,  4.33it/s]
 60%|█████▉    | 415/693 [01:35<01:04,  4.31it/s]
 60%|██████    | 416/693 [01:35<01:04,  4.29it/s]
 60%|██████    | 417/693 [01:35<01:01,  4.45it/s]
 60%|██████    | 418/693 [01:35<00:56,  4.89it/s]
 60%|██████    | 419/693 [01:36<00:56,  4.81it/s]
 61%|██████    | 420/693 [01:36<00:59,  4.59it/s]
 61%|██████    | 421/693 [01:36<01:01,  4.42it/s]
 61%|██████    | 422/693 [01:36<01:03,  4.30it/s]
 61%|██████    | 423/693 [01:37<01:03,  4.25it/s]
 61%|██████    | 424/693 [01:37<01:03,  4.21it/s]
 61%|██████▏   | 425/693 [01:37<01:01,  4.34it/s]
 61%|██████▏   | 426/693 [01:37<01:02,  4.27it/s]
 62%|██████▏   | 427/693 [01:37<01:02,  4.26it/s]
 62%|██████▏   | 428/693 [01:38<01:02,  4.22it/s]
 62%|██████▏   | 429/693 [01:38<01:00,  4.39it/s]
 62%|██████▏   | 430/693 [01:38<00:52,  5.03it/s]
 62%|██████▏   | 431/693 [01:38<00:48,  5.38it/s]
 62%|██████▏   | 432/693 [01:38<00:52,  4.96it/s]
 62%|██████▏   | 433/693 [01:39<00:55,  4.68it/s]
 63%|██████▎   | 434/693 [01:39<00:57,  4.54it/s]
 63%|██████▎   | 435/693 [01:39<00:58,  4.43it/s]
 63%|██████▎   | 436/693 [01:39<00:58,  4.38it/s]
 63%|██████▎   | 437/693 [01:40<00:59,  4.30it/s]
 63%|██████▎   | 438/693 [01:40<00:57,  4.40it/s]
 63%|██████▎   | 439/693 [01:40<00:58,  4.33it/s]
 63%|██████▎   | 440/693 [01:40<00:58,  4.31it/s]
 64%|██████▎   | 441/693 [01:41<00:58,  4.27it/s]
 64%|██████▍   | 442/693 [01:41<00:53,  4.69it/s]
 64%|██████▍   | 443/693 [01:41<00:46,  5.33it/s]
 64%|██████▍   | 444/693 [01:41<00:47,  5.28it/s]
 64%|██████▍   | 445/693 [01:41<00:50,  4.90it/s]
 64%|██████▍   | 446/693 [01:42<00:52,  4.67it/s]
 65%|██████▍   | 447/693 [01:42<00:54,  4.53it/s]
 65%|██████▍   | 448/693 [01:42<00:55,  4.43it/s]
 65%|██████▍   | 449/693 [01:42<00:56,  4.36it/s]
 65%|██████▍   | 450/693 [01:42<00:55,  4.39it/s]
 65%|██████▌   | 451/693 [01:43<00:54,  4.44it/s]
 65%|██████▌   | 452/693 [01:43<00:55,  4.32it/s]
 65%|██████▌   | 453/693 [01:43<00:55,  4.30it/s]
 66%|██████▌   | 454/693 [01:43<00:55,  4.30it/s]
 66%|██████▌   | 455/693 [01:44<00:48,  4.94it/s]
 66%|██████▌   | 456/693 [01:44<00:44,  5.30it/s]
 66%|██████▌   | 457/693 [01:44<00:48,  4.91it/s]
 66%|██████▌   | 458/693 [01:44<00:50,  4.69it/s]
 66%|██████▌   | 459/693 [01:44<00:51,  4.51it/s]
 66%|██████▋   | 460/693 [01:45<00:52,  4.43it/s]
 67%|██████▋   | 461/693 [01:45<00:53,  4.37it/s]
 67%|██████▋   | 462/693 [01:45<00:53,  4.33it/s]
 67%|██████▋   | 463/693 [01:45<00:52,  4.35it/s]
 67%|██████▋   | 464/693 [01:46<00:53,  4.29it/s]
 67%|██████▋   | 465/693 [01:46<00:53,  4.29it/s]
 67%|██████▋   | 466/693 [01:46<00:53,  4.26it/s]
 67%|██████▋   | 467/693 [01:46<00:49,  4.61it/s]
 68%|██████▊   | 468/693 [01:46<00:43,  5.15it/s]
 68%|██████▊   | 469/693 [01:47<00:44,  5.08it/s]
 68%|██████▊   | 470/693 [01:47<00:46,  4.80it/s]
 68%|██████▊   | 471/693 [01:47<00:48,  4.60it/s]
 68%|██████▊   | 472/693 [01:47<00:49,  4.51it/s]
 68%|██████▊   | 473/693 [01:47<00:49,  4.42it/s]
 68%|██████▊   | 474/693 [01:48<00:49,  4.39it/s]
 69%|██████▊   | 475/693 [01:48<00:48,  4.49it/s]
 69%|██████▊   | 476/693 [01:48<00:48,  4.49it/s]
 69%|██████▉   | 477/693 [01:48<00:48,  4.43it/s]
 69%|██████▉   | 478/693 [01:49<00:49,  4.35it/s]
 69%|██████▉   | 479/693 [01:49<00:49,  4.30it/s]
 69%|██████▉   | 480/693 [01:49<00:44,  4.74it/s]
 69%|██████▉   | 481/693 [01:49<00:40,  5.30it/s]
 70%|██████▉   | 482/693 [01:49<00:42,  5.00it/s]
 70%|██████▉   | 483/693 [01:50<00:44,  4.73it/s]
 70%|██████▉   | 484/693 [01:50<00:46,  4.53it/s]
 70%|██████▉   | 485/693 [01:50<00:47,  4.41it/s]
 70%|███████   | 486/693 [01:50<00:47,  4.32it/s]
 70%|███████   | 487/693 [01:51<00:48,  4.25it/s]
 70%|███████   | 488/693 [01:51<00:48,  4.27it/s]
 71%|███████   | 489/693 [01:51<00:48,  4.25it/s]
 71%|███████   | 490/693 [01:51<00:48,  4.21it/s]
 71%|███████   | 491/693 [01:52<00:48,  4.20it/s]
 71%|███████   | 492/693 [01:52<00:44,  4.53it/s]
 71%|███████   | 493/693 [01:52<00:38,  5.13it/s]
 71%|███████▏  | 494/693 [01:52<00:40,  4.90it/s]
 71%|███████▏  | 495/693 [01:52<00:42,  4.64it/s]
 72%|███████▏  | 496/693 [01:53<00:43,  4.48it/s]
 72%|███████▏  | 497/693 [01:53<00:44,  4.39it/s]
 72%|███████▏  | 498/693 [01:53<00:45,  4.25it/s]
 72%|███████▏  | 499/693 [01:53<00:45,  4.25it/s]
 72%|███████▏  | 500/693 [01:54<00:44,  4.35it/s]
 72%|███████▏  | 501/693 [01:54<00:44,  4.32it/s]
 72%|███████▏  | 502/693 [01:54<00:44,  4.31it/s]
 73%|███████▎  | 503/693 [01:54<00:44,  4.26it/s]
 73%|███████▎  | 504/693 [01:54<00:41,  4.51it/s]
 73%|███████▎  | 505/693 [01:55<00:37,  5.02it/s]
 73%|███████▎  | 506/693 [01:55<00:38,  4.85it/s]
 73%|███████▎  | 507/693 [01:55<00:40,  4.64it/s]
 73%|███████▎  | 508/693 [01:55<00:41,  4.50it/s]
 73%|███████▎  | 509/693 [01:56<00:41,  4.42it/s]
 74%|███████▎  | 510/693 [01:56<00:42,  4.34it/s]
 74%|███████▎  | 511/693 [01:56<00:42,  4.29it/s]
 74%|███████▍  | 512/693 [01:56<00:42,  4.31it/s]
 74%|███████▍  | 513/693 [01:56<00:42,  4.27it/s]
 74%|███████▍  | 514/693 [01:57<00:42,  4.23it/s]
 74%|███████▍  | 515/693 [01:57<00:42,  4.23it/s]
 74%|███████▍  | 516/693 [01:57<00:40,  4.39it/s]
 75%|███████▍  | 517/693 [01:57<00:35,  4.95it/s]
 75%|███████▍  | 518/693 [01:57<00:35,  4.92it/s]
 75%|███████▍  | 519/693 [01:58<00:37,  4.67it/s]
 75%|███████▌  | 520/693 [01:58<00:38,  4.50it/s]
 75%|███████▌  | 521/693 [01:58<00:39,  4.39it/s]
 75%|███████▌  | 522/693 [01:58<00:39,  4.32it/s]
 75%|███████▌  | 523/693 [01:59<00:39,  4.32it/s]
 76%|███████▌  | 524/693 [01:59<00:37,  4.48it/s]
 76%|███████▌  | 525/693 [01:59<00:37,  4.44it/s]
 76%|███████▌  | 526/693 [01:59<00:38,  4.38it/s]
 76%|███████▌  | 527/693 [02:00<00:38,  4.34it/s]
 76%|███████▌  | 528/693 [02:00<00:38,  4.31it/s]
 76%|███████▋  | 529/693 [02:00<00:33,  4.95it/s]
 76%|███████▋  | 530/693 [02:00<00:30,  5.43it/s]
 77%|███████▋  | 531/693 [02:00<00:32,  5.05it/s]
 77%|███████▋  | 532/693 [02:01<00:33,  4.76it/s]
 77%|███████▋  | 533/693 [02:01<00:34,  4.58it/s]
 77%|███████▋  | 534/693 [02:01<00:35,  4.48it/s]
 77%|███████▋  | 535/693 [02:01<00:35,  4.40it/s]
 77%|███████▋  | 536/693 [02:02<00:36,  4.35it/s]
 77%|███████▋  | 537/693 [02:02<00:35,  4.39it/s]
 78%|███████▊  | 538/693 [02:02<00:35,  4.36it/s]
 78%|███████▊  | 539/693 [02:02<00:35,  4.35it/s]
 78%|███████▊  | 540/693 [02:02<00:35,  4.33it/s]
 78%|███████▊  | 541/693 [02:03<00:34,  4.45it/s]
 78%|███████▊  | 542/693 [02:03<00:29,  5.09it/s]
 78%|███████▊  | 543/693 [02:03<00:26,  5.67it/s]
 78%|███████▊  | 544/693 [02:03<00:27,  5.38it/s]
 79%|███████▊  | 545/693 [02:03<00:29,  5.00it/s]
 79%|███████▉  | 546/693 [02:04<00:30,  4.77it/s]
 79%|███████▉  | 547/693 [02:04<00:31,  4.59it/s]
 79%|███████▉  | 548/693 [02:04<00:32,  4.50it/s]
 79%|███████▉  | 549/693 [02:04<00:32,  4.41it/s]
 79%|███████▉  | 550/693 [02:05<00:32,  4.42it/s]
 80%|███████▉  | 551/693 [02:05<00:31,  4.55it/s]
 80%|███████▉  | 552/693 [02:05<00:31,  4.48it/s]
 80%|███████▉  | 553/693 [02:05<00:31,  4.43it/s]
 80%|███████▉  | 554/693 [02:05<00:31,  4.39it/s]
 80%|████████  | 555/693 [02:06<00:28,  4.84it/s]
 80%|████████  | 556/693 [02:06<00:25,  5.43it/s]
 80%|████████  | 557/693 [02:06<00:25,  5.32it/s]
 81%|████████  | 558/693 [02:06<00:27,  4.97it/s]
 81%|████████  | 559/693 [02:06<00:28,  4.71it/s]
 81%|████████  | 560/693 [02:07<00:29,  4.57it/s]
 81%|████████  | 561/693 [02:07<00:29,  4.45it/s]
 81%|████████  | 562/693 [02:07<00:39,  3.29it/s]
 81%|████████  | 563/693 [02:08<00:36,  3.55it/s]
 81%|████████▏ | 564/693 [02:08<00:34,  3.75it/s]
 82%|████████▏ | 565/693 [02:08<00:32,  3.90it/s]
 82%|████████▏ | 566/693 [02:08<00:28,  4.53it/s]
 82%|████████▏ | 567/693 [02:08<00:24,  5.20it/s]
 82%|████████▏ | 568/693 [02:08<00:24,  5.12it/s]
 82%|████████▏ | 569/693 [02:09<00:25,  4.81it/s]
 82%|████████▏ | 570/693 [02:09<00:26,  4.62it/s]
 82%|████████▏ | 571/693 [02:09<00:27,  4.51it/s]
 83%|████████▎ | 572/693 [02:09<00:27,  4.42it/s]
 83%|████████▎ | 573/693 [02:10<00:27,  4.36it/s]
 83%|████████▎ | 574/693 [02:10<00:27,  4.39it/s]
 83%|████████▎ | 575/693 [02:10<00:25,  4.57it/s]
 83%|████████▎ | 576/693 [02:10<00:26,  4.49it/s]
 83%|████████▎ | 577/693 [02:11<00:26,  4.41it/s]
 83%|████████▎ | 578/693 [02:11<00:26,  4.40it/s]
 84%|████████▎ | 579/693 [02:11<00:23,  4.82it/s]
 84%|████████▎ | 580/693 [02:11<00:20,  5.41it/s]
 84%|████████▍ | 581/693 [02:11<00:21,  5.29it/s]
 84%|████████▍ | 582/693 [02:12<00:22,  4.94it/s]
 84%|████████▍ | 583/693 [02:12<00:23,  4.70it/s]
 84%|████████▍ | 584/693 [02:12<00:23,  4.58it/s]
 84%|████████▍ | 585/693 [02:12<00:24,  4.46it/s]
 85%|████████▍ | 586/693 [02:12<00:24,  4.41it/s]
 85%|████████▍ | 587/693 [02:13<00:24,  4.38it/s]
 85%|████████▍ | 588/693 [02:13<00:22,  4.58it/s]
 85%|████████▍ | 589/693 [02:13<00:23,  4.45it/s]
 85%|████████▌ | 590/693 [02:13<00:23,  4.40it/s]
 85%|████████▌ | 591/693 [02:14<00:23,  4.35it/s]
 85%|████████▌ | 592/693 [02:14<00:20,  4.83it/s]
 86%|████████▌ | 593/693 [02:14<00:18,  5.44it/s]
 86%|████████▌ | 594/693 [02:14<00:16,  5.83it/s]
 86%|████████▌ | 595/693 [02:14<00:18,  5.24it/s]
 86%|████████▌ | 596/693 [02:14<00:19,  4.92it/s]
 86%|████████▌ | 597/693 [02:15<00:20,  4.68it/s]
 86%|████████▋ | 598/693 [02:15<00:20,  4.52it/s]
 86%|████████▋ | 599/693 [02:15<00:21,  4.41it/s]
 87%|████████▋ | 600/693 [02:15<00:21,  4.37it/s]
 87%|████████▋ | 601/693 [02:16<00:20,  4.40it/s]
 87%|████████▋ | 602/693 [02:16<00:20,  4.35it/s]
 87%|████████▋ | 603/693 [02:16<00:21,  4.27it/s]
 87%|████████▋ | 604/693 [02:16<00:20,  4.25it/s]
 87%|████████▋ | 605/693 [02:17<00:20,  4.37it/s]
 87%|████████▋ | 606/693 [02:17<00:16,  5.12it/s]
 88%|████████▊ | 607/693 [02:17<00:14,  5.78it/s]
 88%|████████▊ | 608/693 [02:17<00:15,  5.48it/s]
 88%|████████▊ | 609/693 [02:17<00:16,  5.01it/s]
 88%|████████▊ | 610/693 [02:17<00:17,  4.79it/s]
 88%|████████▊ | 611/693 [02:18<00:17,  4.60it/s]
 88%|████████▊ | 612/693 [02:18<00:18,  4.46it/s]
 88%|████████▊ | 613/693 [02:18<00:18,  4.36it/s]
 89%|████████▊ | 614/693 [02:18<00:17,  4.40it/s]
 89%|████████▊ | 615/693 [02:19<00:17,  4.50it/s]
 89%|████████▉ | 616/693 [02:19<00:17,  4.40it/s]
 89%|████████▉ | 617/693 [02:19<00:17,  4.34it/s]
 89%|████████▉ | 618/693 [02:19<00:17,  4.31it/s]
 89%|████████▉ | 619/693 [02:20<00:15,  4.81it/s]
 89%|████████▉ | 620/693 [02:20<00:13,  5.38it/s]
 90%|████████▉ | 621/693 [02:20<00:13,  5.25it/s]
 90%|████████▉ | 622/693 [02:20<00:14,  4.87it/s]
 90%|████████▉ | 623/693 [02:20<00:15,  4.66it/s]
 90%|█████████ | 624/693 [02:21<00:15,  4.54it/s]
 90%|█████████ | 625/693 [02:21<00:15,  4.43it/s]
 90%|█████████ | 626/693 [02:21<00:15,  4.39it/s]
 90%|█████████ | 627/693 [02:21<00:14,  4.48it/s]
 91%|█████████ | 628/693 [02:21<00:14,  4.55it/s]
 91%|█████████ | 629/693 [02:22<00:14,  4.39it/s]
 91%|█████████ | 630/693 [02:22<00:14,  4.34it/s]
 91%|█████████ | 631/693 [02:22<00:14,  4.30it/s]
 91%|█████████ | 632/693 [02:22<00:12,  4.80it/s]
 91%|█████████▏| 633/693 [02:22<00:11,  5.36it/s]
 91%|█████████▏| 634/693 [02:23<00:11,  5.05it/s]
 92%|█████████▏| 635/693 [02:23<00:12,  4.75it/s]
 92%|█████████▏| 636/693 [02:23<00:12,  4.56it/s]
 92%|█████████▏| 637/693 [02:23<00:12,  4.44it/s]
 92%|█████████▏| 638/693 [02:24<00:12,  4.36it/s]
 92%|█████████▏| 639/693 [02:24<00:12,  4.28it/s]
 92%|█████████▏| 640/693 [02:24<00:12,  4.30it/s]
 92%|█████████▏| 641/693 [02:24<00:12,  4.29it/s]
 93%|█████████▎| 642/693 [02:25<00:12,  4.24it/s]
 93%|█████████▎| 643/693 [02:25<00:11,  4.24it/s]
 93%|█████████▎| 644/693 [02:25<00:11,  4.40it/s]
 93%|█████████▎| 645/693 [02:25<00:09,  5.03it/s]
 93%|█████████▎| 646/693 [02:25<00:08,  5.42it/s]
 93%|█████████▎| 647/693 [02:26<00:09,  4.97it/s]
 94%|█████████▎| 648/693 [02:26<00:09,  4.69it/s]
 94%|█████████▎| 649/693 [02:26<00:09,  4.55it/s]
 94%|█████████▍| 650/693 [02:26<00:09,  4.41it/s]
 94%|█████████▍| 651/693 [02:27<00:09,  4.35it/s]
 94%|█████████▍| 652/693 [02:27<00:09,  4.30it/s]
 94%|█████████▍| 653/693 [02:27<00:09,  4.35it/s]
 94%|█████████▍| 654/693 [02:27<00:09,  4.30it/s]
 95%|█████████▍| 655/693 [02:27<00:08,  4.28it/s]
 95%|█████████▍| 656/693 [02:28<00:08,  4.29it/s]
 95%|█████████▍| 657/693 [02:28<00:07,  4.69it/s]
 95%|█████████▍| 658/693 [02:28<00:06,  5.11it/s]
 95%|█████████▌| 659/693 [02:28<00:07,  4.84it/s]
 95%|█████████▌| 660/693 [02:28<00:07,  4.64it/s]
 95%|█████████▌| 661/693 [02:29<00:07,  4.50it/s]
 96%|█████████▌| 662/693 [02:29<00:07,  4.42it/s]
 96%|█████████▌| 663/693 [02:29<00:06,  4.36it/s]
 96%|█████████▌| 664/693 [02:29<00:06,  4.31it/s]
 96%|█████████▌| 665/693 [02:30<00:06,  4.40it/s]
 96%|█████████▌| 666/693 [02:30<00:06,  4.36it/s]
 96%|█████████▌| 667/693 [02:30<00:06,  4.32it/s]
 96%|█████████▋| 668/693 [02:30<00:05,  4.30it/s]
 97%|█████████▋| 669/693 [02:31<00:05,  4.49it/s]
 97%|█████████▋| 670/693 [02:31<00:04,  5.01it/s]
 97%|█████████▋| 671/693 [02:31<00:04,  5.49it/s]
 97%|█████████▋| 672/693 [02:31<00:04,  5.02it/s]
 97%|█████████▋| 673/693 [02:31<00:04,  4.75it/s]
 97%|█████████▋| 674/693 [02:32<00:04,  4.58it/s]
 97%|█████████▋| 675/693 [02:32<00:04,  4.46it/s]
 98%|█████████▊| 676/693 [02:32<00:03,  4.39it/s]
 98%|█████████▊| 677/693 [02:32<00:03,  4.34it/s]
 98%|█████████▊| 678/693 [02:32<00:03,  4.46it/s]
 98%|█████████▊| 679/693 [02:33<00:03,  4.40it/s]
 98%|█████████▊| 680/693 [02:33<00:02,  4.36it/s]
 98%|█████████▊| 681/693 [02:33<00:02,  4.33it/s]
 98%|█████████▊| 682/693 [02:33<00:02,  4.49it/s]
 99%|█████████▊| 683/693 [02:34<00:01,  5.11it/s]
 99%|█████████▊| 684/693 [02:34<00:01,  5.30it/s]
 99%|█████████▉| 685/693 [02:34<00:01,  4.93it/s]
 99%|█████████▉| 686/693 [02:34<00:01,  4.71it/s]
 99%|█████████▉| 687/693 [02:34<00:01,  4.57it/s]
 99%|█████████▉| 688/693 [02:35<00:01,  4.46it/s]
 99%|█████████▉| 689/693 [02:35<00:00,  4.38it/s]
100%|█████████▉| 690/693 [02:35<00:00,  4.34it/s]
100%|█████████▉| 691/693 [02:35<00:00,  4.40it/s]
100%|█████████▉| 692/693 [02:36<00:00,  4.36it/s]
100%|██████████| 693/693 [02:36<00:00,  4.35it/s]
100%|██████████| 693/693 [02:36<00:00,  4.43it/s]
Training loss: 0.7163793440763052, KL loss: 0.5850203005115879, Sim loss: 0.00036424820053354497, Exo CLS loss: 0.6373268992493593, 
Noun sim loss: 0.11937106552320126, Part sim loss: 0.17161670024002784, Proto loss: 1.3842116415414631, Conc loss: 0.12076804742840633
learning rate:4.738924560924572e-05


  0%|          | 0/168 [00:00<?, ?it/s]
  1%|          | 1/168 [00:00<01:58,  1.41it/s]
  2%|▏         | 3/168 [00:00<00:36,  4.50it/s]
  3%|▎         | 5/168 [00:01<00:27,  5.88it/s]
  5%|▍         | 8/168 [00:01<00:16,  9.91it/s]
  6%|▌         | 10/168 [00:01<00:15, 10.10it/s]
  8%|▊         | 13/168 [00:01<00:11, 13.20it/s]
 10%|▉         | 16/168 [00:01<00:09, 15.77it/s]
 11%|█         | 18/168 [00:02<00:15,  9.78it/s]
 12%|█▎        | 21/168 [00:02<00:11, 12.26it/s]
 14%|█▍        | 24/168 [00:02<00:09, 14.76it/s]
 15%|█▌        | 26/168 [00:02<00:18,  7.80it/s]
 17%|█▋        | 29/168 [00:03<00:13, 10.19it/s]
 19%|█▉        | 32/168 [00:03<00:10, 12.51it/s]
 21%|██        | 35/168 [00:03<00:09, 14.46it/s]
 23%|██▎       | 38/168 [00:03<00:07, 16.43it/s]
 24%|██▍       | 41/168 [00:03<00:07, 18.09it/s]
 26%|██▌       | 44/168 [00:03<00:06, 18.83it/s]
 28%|██▊       | 47/168 [00:03<00:05, 20.59it/s]
 30%|███       | 51/168 [00:03<00:04, 24.48it/s]
 32%|███▏      | 54/168 [00:04<00:04, 25.28it/s]
 34%|███▍      | 57/168 [00:04<00:04, 23.31it/s]
 36%|███▌      | 60/168 [00:04<00:05, 20.38it/s]
 38%|███▊      | 63/168 [00:04<00:04, 21.16it/s]
 39%|███▉      | 66/168 [00:04<00:04, 21.76it/s]
 41%|████      | 69/168 [00:04<00:04, 21.50it/s]
 43%|████▎     | 72/168 [00:04<00:04, 21.99it/s]
 45%|████▍     | 75/168 [00:05<00:04, 21.86it/s]
 46%|████▋     | 78/168 [00:05<00:04, 21.34it/s]
 48%|████▊     | 81/168 [00:05<00:03, 22.09it/s]
 50%|█████     | 84/168 [00:05<00:03, 21.25it/s]
 52%|█████▏    | 87/168 [00:05<00:03, 20.98it/s]
 54%|█████▎    | 90/168 [00:05<00:03, 21.65it/s]
 55%|█████▌    | 93/168 [00:06<00:04, 17.02it/s]
 57%|█████▋    | 95/168 [00:06<00:04, 16.14it/s]
 58%|█████▊    | 98/168 [00:06<00:03, 18.55it/s]
 60%|██████    | 101/168 [00:06<00:03, 20.00it/s]
 62%|██████▏   | 104/168 [00:06<00:03, 20.84it/s]
 64%|██████▎   | 107/168 [00:06<00:02, 21.76it/s]
 65%|██████▌   | 110/168 [00:06<00:02, 22.13it/s]
 67%|██████▋   | 113/168 [00:06<00:02, 22.37it/s]
 69%|██████▉   | 116/168 [00:07<00:02, 22.35it/s]
 71%|███████   | 119/168 [00:07<00:02, 22.41it/s]
 73%|███████▎  | 122/168 [00:07<00:02, 22.37it/s]
 74%|███████▍  | 125/168 [00:07<00:01, 22.33it/s]
 76%|███████▌  | 128/168 [00:07<00:01, 22.22it/s]
 78%|███████▊  | 131/168 [00:07<00:01, 23.33it/s]
 80%|███████▉  | 134/168 [00:07<00:01, 23.00it/s]
 82%|████████▏ | 137/168 [00:07<00:01, 22.47it/s]
 83%|████████▎ | 140/168 [00:08<00:01, 22.52it/s]
 85%|████████▌ | 143/168 [00:08<00:01, 22.16it/s]
 87%|████████▋ | 146/168 [00:08<00:01, 21.90it/s]
 89%|████████▉ | 150/168 [00:08<00:00, 25.52it/s]
 92%|█████████▏| 154/168 [00:08<00:00, 27.93it/s]
 93%|█████████▎| 157/168 [00:08<00:00, 26.43it/s]
 95%|█████████▌| 160/168 [00:09<00:00, 13.92it/s]
 97%|█████████▋| 163/168 [00:09<00:00, 15.72it/s]
 99%|█████████▉| 166/168 [00:09<00:00, 17.53it/s]
100%|██████████| 168/168 [00:09<00:00, 17.32it/s]
Result on AGD: 
KLD=0.893377423286438, SIM=0.5050539970397949, NSS=1.5360215902328491
noun sim: 0.11360216233879328, part sim: 0.16453607380390167
No KLD improvement for 1 epoch(s). Best KLD: 0.8883094191551208, Current KLD: 0.893377423286438
Epoch 6 loss coeffs: kl=0.3, sim=1.0, exo_cls=0.6, noun=0.1, part=0.01, proto=0.1, conc=0.05
============Training Epoch 6============

  0%|          | 0/693 [00:00<?, ?it/s]/mnt/sdb/wyn/envs/clip-env/lib/python3.10/site-packages/torch/_tensor.py:1002: UserWarning: non-inplace resize is deprecated
  warnings.warn("non-inplace resize is deprecated")
/mnt/sdb/wyn/envs/clip-env/lib/python3.10/site-packages/torch/_tensor.py:1002: UserWarning: non-inplace resize is deprecated
  warnings.warn("non-inplace resize is deprecated")
/mnt/sdb/wyn/envs/clip-env/lib/python3.10/site-packages/torch/_tensor.py:1002: UserWarning: non-inplace resize is deprecated
  warnings.warn("non-inplace resize is deprecated")
/mnt/sdb/wyn/envs/clip-env/lib/python3.10/site-packages/torch/_tensor.py:1002: UserWarning: non-inplace resize is deprecated
  warnings.warn("non-inplace resize is deprecated")
/mnt/sdb/wyn/envs/clip-env/lib/python3.10/site-packages/torch/_tensor.py:1002: UserWarning: non-inplace resize is deprecated
  warnings.warn("non-inplace resize is deprecated")
/mnt/sdb/wyn/envs/clip-env/lib/python3.10/site-packages/torch/_tensor.py:1002: UserWarning: non-inplace resize is deprecated
  warnings.warn("non-inplace resize is deprecated")
/mnt/sdb/wyn/envs/clip-env/lib/python3.10/site-packages/torch/_tensor.py:1002: UserWarning: non-inplace resize is deprecated
  warnings.warn("non-inplace resize is deprecated")
/mnt/sdb/wyn/envs/clip-env/lib/python3.10/site-packages/torch/_tensor.py:1002: UserWarning: non-inplace resize is deprecated
  warnings.warn("non-inplace resize is deprecated")

  0%|          | 1/693 [00:02<24:04,  2.09s/it]
  0%|          | 2/693 [00:02<10:47,  1.07it/s]
  0%|          | 3/693 [00:02<06:32,  1.76it/s]
  1%|          | 4/693 [00:02<05:00,  2.30it/s]
  1%|          | 5/693 [00:03<08:15,  1.39it/s]
  1%|          | 6/693 [00:04<06:17,  1.82it/s]
  1%|          | 7/693 [00:04<04:43,  2.42it/s]
  1%|          | 8/693 [00:04<03:44,  3.05it/s]
  1%|▏         | 9/693 [00:04<03:25,  3.33it/s]
  1%|▏         | 10/693 [00:04<03:12,  3.55it/s]
  2%|▏         | 11/693 [00:05<03:03,  3.72it/s]
  2%|▏         | 12/693 [00:05<02:57,  3.83it/s]
  2%|▏         | 13/693 [00:05<02:52,  3.93it/s]
  2%|▏         | 14/693 [00:05<02:50,  3.97it/s]
  2%|▏         | 15/693 [00:05<02:45,  4.11it/s]
  2%|▏         | 16/693 [00:06<02:44,  4.11it/s]
  2%|▏         | 17/693 [00:06<02:42,  4.16it/s]
  3%|▎         | 18/693 [00:06<02:42,  4.16it/s]
  3%|▎         | 19/693 [00:06<02:25,  4.62it/s]
  3%|▎         | 20/693 [00:06<02:09,  5.20it/s]
  3%|▎         | 21/693 [00:07<02:17,  4.89it/s]
  3%|▎         | 22/693 [00:07<02:26,  4.59it/s]
  3%|▎         | 23/693 [00:07<02:30,  4.45it/s]
  3%|▎         | 24/693 [00:07<02:32,  4.37it/s]
  4%|▎         | 25/693 [00:08<02:35,  4.30it/s]
  4%|▍         | 26/693 [00:08<02:37,  4.23it/s]
  4%|▍         | 27/693 [00:08<02:32,  4.35it/s]
  4%|▍         | 28/693 [00:08<02:34,  4.32it/s]
  4%|▍         | 29/693 [00:09<02:33,  4.31it/s]
  4%|▍         | 30/693 [00:09<02:36,  4.23it/s]
  4%|▍         | 31/693 [00:09<02:29,  4.44it/s]
  5%|▍         | 32/693 [00:09<02:18,  4.77it/s]
  5%|▍         | 33/693 [00:09<02:24,  4.58it/s]
  5%|▍         | 34/693 [00:10<02:26,  4.50it/s]
  5%|▌         | 35/693 [00:10<02:29,  4.41it/s]
  5%|▌         | 36/693 [00:10<02:30,  4.36it/s]
  5%|▌         | 37/693 [00:10<02:32,  4.29it/s]
  5%|▌         | 38/693 [00:11<02:35,  4.22it/s]
  6%|▌         | 39/693 [00:11<02:33,  4.27it/s]
  6%|▌         | 40/693 [00:11<02:34,  4.23it/s]
  6%|▌         | 41/693 [00:11<02:33,  4.26it/s]
  6%|▌         | 42/693 [00:12<02:32,  4.26it/s]
  6%|▌         | 43/693 [00:12<02:18,  4.70it/s]
  6%|▋         | 44/693 [00:12<02:02,  5.32it/s]
  6%|▋         | 45/693 [00:12<01:50,  5.85it/s]
  7%|▋         | 46/693 [00:12<02:01,  5.32it/s]
  7%|▋         | 47/693 [00:12<02:11,  4.90it/s]
  7%|▋         | 48/693 [00:13<02:16,  4.72it/s]
  7%|▋         | 49/693 [00:13<02:21,  4.55it/s]
  7%|▋         | 50/693 [00:13<02:23,  4.48it/s]
  7%|▋         | 51/693 [00:13<02:26,  4.38it/s]
  8%|▊         | 52/693 [00:14<02:26,  4.38it/s]
  8%|▊         | 53/693 [00:14<02:26,  4.36it/s]
  8%|▊         | 54/693 [00:14<02:27,  4.34it/s]
  8%|▊         | 55/693 [00:14<02:28,  4.31it/s]
  8%|▊         | 56/693 [00:15<02:23,  4.45it/s]
  8%|▊         | 57/693 [00:15<02:02,  5.18it/s]
  8%|▊         | 58/693 [00:15<01:51,  5.72it/s]
  9%|▊         | 59/693 [00:15<01:55,  5.47it/s]
  9%|▊         | 60/693 [00:15<02:05,  5.06it/s]
  9%|▉         | 61/693 [00:15<02:12,  4.76it/s]
  9%|▉         | 62/693 [00:16<02:16,  4.62it/s]
  9%|▉         | 63/693 [00:16<02:20,  4.49it/s]
  9%|▉         | 64/693 [00:16<02:21,  4.44it/s]
  9%|▉         | 65/693 [00:16<02:21,  4.45it/s]
 10%|▉         | 66/693 [00:17<02:18,  4.53it/s]
 10%|▉         | 67/693 [00:17<02:22,  4.39it/s]
 10%|▉         | 68/693 [00:17<02:24,  4.31it/s]
 10%|▉         | 69/693 [00:17<02:25,  4.28it/s]
 10%|█         | 70/693 [00:18<02:12,  4.69it/s]
 10%|█         | 71/693 [00:18<01:58,  5.23it/s]
 10%|█         | 72/693 [00:18<02:07,  4.89it/s]
 11%|█         | 73/693 [00:18<02:13,  4.66it/s]
 11%|█         | 74/693 [00:18<02:18,  4.48it/s]
 11%|█         | 75/693 [00:19<02:20,  4.39it/s]
 11%|█         | 76/693 [00:19<02:23,  4.30it/s]
 11%|█         | 77/693 [00:19<02:24,  4.26it/s]
 11%|█▏        | 78/693 [00:19<02:24,  4.27it/s]
 11%|█▏        | 79/693 [00:20<02:24,  4.25it/s]
 12%|█▏        | 80/693 [00:20<02:24,  4.24it/s]
 12%|█▏        | 81/693 [00:20<02:23,  4.26it/s]
 12%|█▏        | 82/693 [00:20<02:11,  4.64it/s]
 12%|█▏        | 83/693 [00:20<01:56,  5.23it/s]
 12%|█▏        | 84/693 [00:21<01:59,  5.10it/s]
 12%|█▏        | 85/693 [00:21<02:06,  4.79it/s]
 12%|█▏        | 86/693 [00:21<02:11,  4.60it/s]
 13%|█▎        | 87/693 [00:21<02:15,  4.46it/s]
 13%|█▎        | 88/693 [00:22<02:18,  4.36it/s]
 13%|█▎        | 89/693 [00:22<02:19,  4.32it/s]
 13%|█▎        | 90/693 [00:22<02:15,  4.44it/s]
 13%|█▎        | 91/693 [00:22<02:14,  4.49it/s]
 13%|█▎        | 92/693 [00:22<02:16,  4.40it/s]
 13%|█▎        | 93/693 [00:23<02:17,  4.35it/s]
 14%|█▎        | 94/693 [00:23<02:20,  4.27it/s]
 14%|█▎        | 95/693 [00:23<02:04,  4.82it/s]
 14%|█▍        | 96/693 [00:23<01:50,  5.40it/s]
 14%|█▍        | 97/693 [00:23<01:54,  5.20it/s]
 14%|█▍        | 98/693 [00:24<02:02,  4.88it/s]
 14%|█▍        | 99/693 [00:24<02:07,  4.64it/s]
 14%|█▍        | 100/693 [00:24<02:11,  4.49it/s]
 15%|█▍        | 101/693 [00:24<02:14,  4.39it/s]
 15%|█▍        | 102/693 [00:25<02:15,  4.36it/s]
 15%|█▍        | 103/693 [00:25<02:16,  4.32it/s]
 15%|█▌        | 104/693 [00:25<02:16,  4.31it/s]
 15%|█▌        | 105/693 [00:25<02:16,  4.29it/s]
 15%|█▌        | 106/693 [00:26<02:17,  4.28it/s]
 15%|█▌        | 107/693 [00:26<02:12,  4.42it/s]
 16%|█▌        | 108/693 [00:26<01:57,  4.98it/s]
 16%|█▌        | 109/693 [00:26<01:47,  5.45it/s]
 16%|█▌        | 110/693 [00:26<01:56,  5.01it/s]
 16%|█▌        | 111/693 [00:26<02:02,  4.74it/s]
 16%|█▌        | 112/693 [00:27<02:06,  4.57it/s]
 16%|█▋        | 113/693 [00:27<02:10,  4.45it/s]
 16%|█▋        | 114/693 [00:27<02:11,  4.39it/s]
 17%|█▋        | 115/693 [00:27<02:13,  4.32it/s]
 17%|█▋        | 116/693 [00:28<02:09,  4.45it/s]
 17%|█▋        | 117/693 [00:28<02:11,  4.39it/s]
 17%|█▋        | 118/693 [00:28<02:12,  4.34it/s]
 17%|█▋        | 119/693 [00:28<02:13,  4.31it/s]
 17%|█▋        | 120/693 [00:29<02:07,  4.49it/s]
 17%|█▋        | 121/693 [00:29<01:51,  5.15it/s]
 18%|█▊        | 122/693 [00:29<01:50,  5.15it/s]
 18%|█▊        | 123/693 [00:29<01:58,  4.83it/s]
 18%|█▊        | 124/693 [00:29<02:02,  4.63it/s]
 18%|█▊        | 125/693 [00:30<02:06,  4.50it/s]
 18%|█▊        | 126/693 [00:30<02:08,  4.41it/s]
 18%|█▊        | 127/693 [00:30<02:09,  4.36it/s]
 18%|█▊        | 128/693 [00:30<02:11,  4.31it/s]
 19%|█▊        | 129/693 [00:31<02:09,  4.35it/s]
 19%|█▉        | 130/693 [00:31<02:10,  4.33it/s]
 19%|█▉        | 131/693 [00:31<02:10,  4.30it/s]
 19%|█▉        | 132/693 [00:31<02:11,  4.27it/s]
 19%|█▉        | 133/693 [00:31<01:59,  4.69it/s]
 19%|█▉        | 134/693 [00:32<01:47,  5.19it/s]
 19%|█▉        | 135/693 [00:32<01:49,  5.08it/s]
 20%|█▉        | 136/693 [00:32<01:57,  4.76it/s]
 20%|█▉        | 137/693 [00:32<02:01,  4.58it/s]
 20%|█▉        | 138/693 [00:32<02:04,  4.46it/s]
 20%|██        | 139/693 [00:33<02:06,  4.40it/s]
 20%|██        | 140/693 [00:33<02:07,  4.33it/s]
 20%|██        | 141/693 [00:33<02:03,  4.46it/s]
 20%|██        | 142/693 [00:33<02:05,  4.40it/s]
 21%|██        | 143/693 [00:34<02:06,  4.33it/s]
 21%|██        | 144/693 [00:34<02:06,  4.33it/s]
 21%|██        | 145/693 [00:34<02:06,  4.34it/s]
 21%|██        | 146/693 [00:34<01:52,  4.88it/s]
 21%|██        | 147/693 [00:34<01:40,  5.44it/s]
 21%|██▏       | 148/693 [00:35<01:47,  5.06it/s]
 22%|██▏       | 149/693 [00:35<01:53,  4.77it/s]
 22%|██▏       | 150/693 [00:35<01:58,  4.57it/s]
 22%|██▏       | 151/693 [00:35<02:01,  4.46it/s]
 22%|██▏       | 152/693 [00:36<02:03,  4.39it/s]
 22%|██▏       | 153/693 [00:36<02:04,  4.34it/s]
 22%|██▏       | 154/693 [00:36<02:03,  4.36it/s]
 22%|██▏       | 155/693 [00:36<02:04,  4.31it/s]
 23%|██▎       | 156/693 [00:36<02:05,  4.27it/s]
 23%|██▎       | 157/693 [00:37<02:05,  4.27it/s]
 23%|██▎       | 158/693 [00:37<02:00,  4.44it/s]
 23%|██▎       | 159/693 [00:37<01:44,  5.10it/s]
 23%|██▎       | 160/693 [00:37<01:37,  5.45it/s]
 23%|██▎       | 161/693 [00:37<01:46,  5.01it/s]
 23%|██▎       | 162/693 [00:38<01:51,  4.74it/s]
 24%|██▎       | 163/693 [00:38<01:56,  4.56it/s]
 24%|██▎       | 164/693 [00:38<01:59,  4.43it/s]
 24%|██▍       | 165/693 [00:38<02:01,  4.36it/s]
 24%|██▍       | 166/693 [00:39<02:02,  4.32it/s]
 24%|██▍       | 167/693 [00:39<02:01,  4.33it/s]
 24%|██▍       | 168/693 [00:39<02:02,  4.28it/s]
 24%|██▍       | 169/693 [00:39<02:02,  4.28it/s]
 25%|██▍       | 170/693 [00:40<02:02,  4.28it/s]
 25%|██▍       | 171/693 [00:40<01:54,  4.57it/s]
 25%|██▍       | 172/693 [00:40<01:40,  5.16it/s]
 25%|██▍       | 173/693 [00:40<01:42,  5.08it/s]
 25%|██▌       | 174/693 [00:40<01:48,  4.76it/s]
 25%|██▌       | 175/693 [00:41<01:53,  4.58it/s]
 25%|██▌       | 176/693 [00:41<01:55,  4.47it/s]
 26%|██▌       | 177/693 [00:41<01:57,  4.39it/s]
 26%|██▌       | 178/693 [00:41<01:58,  4.34it/s]
 26%|██▌       | 179/693 [00:41<01:54,  4.48it/s]
 26%|██▌       | 180/693 [00:42<01:54,  4.46it/s]
 26%|██▌       | 181/693 [00:42<01:56,  4.40it/s]
 26%|██▋       | 182/693 [00:42<01:57,  4.35it/s]
 26%|██▋       | 183/693 [00:42<01:58,  4.31it/s]
 27%|██▋       | 184/693 [00:43<01:44,  4.87it/s]
 27%|██▋       | 185/693 [00:43<01:32,  5.50it/s]
 27%|██▋       | 186/693 [00:43<01:36,  5.26it/s]
 27%|██▋       | 187/693 [00:43<01:43,  4.90it/s]
 27%|██▋       | 188/693 [00:43<01:47,  4.68it/s]
 27%|██▋       | 189/693 [00:44<01:51,  4.52it/s]
 27%|██▋       | 190/693 [00:44<01:53,  4.43it/s]
 28%|██▊       | 191/693 [00:44<01:55,  4.36it/s]
 28%|██▊       | 192/693 [00:44<01:51,  4.48it/s]
 28%|██▊       | 193/693 [00:44<01:51,  4.50it/s]
 28%|██▊       | 194/693 [00:45<01:52,  4.43it/s]
 28%|██▊       | 195/693 [00:45<01:54,  4.36it/s]
 28%|██▊       | 196/693 [00:45<01:54,  4.34it/s]
 28%|██▊       | 197/693 [00:45<01:40,  4.93it/s]
 29%|██▊       | 198/693 [00:45<01:31,  5.41it/s]
 29%|██▊       | 199/693 [00:46<01:35,  5.18it/s]
 29%|██▉       | 200/693 [00:46<01:41,  4.85it/s]
 29%|██▉       | 201/693 [00:46<01:45,  4.64it/s]
 29%|██▉       | 202/693 [00:46<01:48,  4.51it/s]
 29%|██▉       | 203/693 [00:47<01:51,  4.41it/s]
 29%|██▉       | 204/693 [00:47<01:52,  4.36it/s]
 30%|██▉       | 205/693 [00:47<01:53,  4.32it/s]
 30%|██▉       | 206/693 [00:47<01:53,  4.29it/s]
 30%|██▉       | 207/693 [00:48<01:53,  4.28it/s]
 30%|███       | 208/693 [00:48<01:53,  4.27it/s]
 30%|███       | 209/693 [00:48<01:49,  4.40it/s]
 30%|███       | 210/693 [00:48<01:37,  4.96it/s]
 30%|███       | 211/693 [00:48<01:29,  5.39it/s]
 31%|███       | 212/693 [00:49<01:37,  4.95it/s]
 31%|███       | 213/693 [00:49<01:42,  4.70it/s]
 31%|███       | 214/693 [00:49<01:45,  4.55it/s]
 31%|███       | 215/693 [00:49<01:47,  4.45it/s]
 31%|███       | 216/693 [00:50<01:48,  4.38it/s]
 31%|███▏      | 217/693 [00:50<01:49,  4.34it/s]
 31%|███▏      | 218/693 [00:50<01:49,  4.35it/s]
 32%|███▏      | 219/693 [00:50<01:49,  4.32it/s]
 32%|███▏      | 220/693 [00:50<01:50,  4.28it/s]
 32%|███▏      | 221/693 [00:51<01:50,  4.26it/s]
 32%|███▏      | 222/693 [00:51<01:47,  4.39it/s]
 32%|███▏      | 223/693 [00:51<01:33,  5.05it/s]
 32%|███▏      | 224/693 [00:51<01:26,  5.39it/s]
 32%|███▏      | 225/693 [00:51<01:33,  5.00it/s]
 33%|███▎      | 226/693 [00:52<01:38,  4.74it/s]
 33%|███▎      | 227/693 [00:52<01:42,  4.54it/s]
 33%|███▎      | 228/693 [00:52<01:44,  4.45it/s]
 33%|███▎      | 229/693 [00:52<01:46,  4.36it/s]
 33%|███▎      | 230/693 [00:53<01:46,  4.33it/s]
 33%|███▎      | 231/693 [00:53<01:43,  4.44it/s]
 33%|███▎      | 232/693 [00:53<01:45,  4.38it/s]
 34%|███▎      | 233/693 [00:53<01:46,  4.33it/s]
 34%|███▍      | 234/693 [00:54<01:46,  4.31it/s]
 34%|███▍      | 235/693 [00:54<01:41,  4.53it/s]
 34%|███▍      | 236/693 [00:54<01:29,  5.09it/s]
 34%|███▍      | 237/693 [00:54<01:21,  5.61it/s]
 34%|███▍      | 238/693 [00:54<01:28,  5.13it/s]
 34%|███▍      | 239/693 [00:54<01:34,  4.81it/s]
 35%|███▍      | 240/693 [00:55<01:38,  4.62it/s]
 35%|███▍      | 241/693 [00:55<01:40,  4.49it/s]
 35%|███▍      | 242/693 [00:55<01:42,  4.39it/s]
 35%|███▌      | 243/693 [00:55<01:43,  4.35it/s]
 35%|███▌      | 244/693 [00:56<01:43,  4.36it/s]
 35%|███▌      | 245/693 [00:56<01:43,  4.33it/s]
 35%|███▌      | 246/693 [00:56<01:43,  4.30it/s]
 36%|███▌      | 247/693 [00:56<01:44,  4.27it/s]
 36%|███▌      | 248/693 [00:57<01:40,  4.43it/s]
 36%|███▌      | 249/693 [00:57<01:27,  5.07it/s]
 36%|███▌      | 250/693 [00:57<01:21,  5.42it/s]
 36%|███▌      | 251/693 [00:57<01:26,  5.12it/s]
 36%|███▋      | 252/693 [00:57<01:32,  4.79it/s]
 37%|███▋      | 253/693 [00:58<01:36,  4.58it/s]
 37%|███▋      | 254/693 [00:58<01:38,  4.46it/s]
 37%|███▋      | 255/693 [00:58<01:40,  4.38it/s]
 37%|███▋      | 256/693 [00:58<01:41,  4.31it/s]
 37%|███▋      | 257/693 [00:58<01:39,  4.39it/s]
 37%|███▋      | 258/693 [00:59<01:40,  4.32it/s]
 37%|███▋      | 259/693 [00:59<01:40,  4.32it/s]
 38%|███▊      | 260/693 [00:59<01:40,  4.29it/s]
 38%|███▊      | 261/693 [00:59<01:35,  4.51it/s]
 38%|███▊      | 262/693 [01:00<01:24,  5.08it/s]
 38%|███▊      | 263/693 [01:00<01:18,  5.51it/s]
 38%|███▊      | 264/693 [01:00<01:25,  5.05it/s]
 38%|███▊      | 265/693 [01:00<01:29,  4.76it/s]
 38%|███▊      | 266/693 [01:00<01:33,  4.57it/s]
 39%|███▊      | 267/693 [01:01<01:35,  4.45it/s]
 39%|███▊      | 268/693 [01:01<01:37,  4.37it/s]
 39%|███▉      | 269/693 [01:01<01:38,  4.32it/s]
 39%|███▉      | 270/693 [01:01<01:35,  4.45it/s]
 39%|███▉      | 271/693 [01:02<01:35,  4.41it/s]
 39%|███▉      | 272/693 [01:02<01:37,  4.33it/s]
 39%|███▉      | 273/693 [01:02<01:37,  4.30it/s]
 40%|███▉      | 274/693 [01:02<01:33,  4.50it/s]
 40%|███▉      | 275/693 [01:02<01:21,  5.14it/s]
 40%|███▉      | 276/693 [01:02<01:15,  5.51it/s]
 40%|███▉      | 277/693 [01:03<01:22,  5.07it/s]
 40%|████      | 278/693 [01:03<01:26,  4.79it/s]
 40%|████      | 279/693 [01:03<01:30,  4.58it/s]
 40%|████      | 280/693 [01:03<01:32,  4.48it/s]
 41%|████      | 281/693 [01:04<01:33,  4.38it/s]
 41%|████      | 282/693 [01:04<01:34,  4.34it/s]
 41%|████      | 283/693 [01:04<01:30,  4.51it/s]
 41%|████      | 284/693 [01:04<01:32,  4.43it/s]
 41%|████      | 285/693 [01:05<01:33,  4.37it/s]
 41%|████▏     | 286/693 [01:05<01:34,  4.33it/s]
 41%|████▏     | 287/693 [01:05<01:29,  4.52it/s]
 42%|████▏     | 288/693 [01:05<01:19,  5.09it/s]
 42%|████▏     | 289/693 [01:05<01:11,  5.67it/s]
 42%|████▏     | 290/693 [01:06<01:16,  5.27it/s]
 42%|████▏     | 291/693 [01:06<01:22,  4.88it/s]
 42%|████▏     | 292/693 [01:06<01:25,  4.67it/s]
 42%|████▏     | 293/693 [01:06<01:28,  4.51it/s]
 42%|████▏     | 294/693 [01:06<01:30,  4.43it/s]
 43%|████▎     | 295/693 [01:07<01:31,  4.35it/s]
 43%|████▎     | 296/693 [01:07<01:32,  4.29it/s]
 43%|████▎     | 297/693 [01:07<01:31,  4.31it/s]
 43%|████▎     | 298/693 [01:07<01:32,  4.29it/s]
 43%|████▎     | 299/693 [01:08<01:32,  4.28it/s]
 43%|████▎     | 300/693 [01:08<01:28,  4.43it/s]
 43%|████▎     | 301/693 [01:08<01:17,  5.09it/s]
 44%|████▎     | 302/693 [01:08<01:11,  5.47it/s]
 44%|████▎     | 303/693 [01:08<01:17,  5.04it/s]
 44%|████▍     | 304/693 [01:09<01:21,  4.78it/s]
 44%|████▍     | 305/693 [01:09<01:24,  4.59it/s]
 44%|████▍     | 306/693 [01:09<01:26,  4.48it/s]
 44%|████▍     | 307/693 [01:09<01:27,  4.40it/s]
 44%|████▍     | 308/693 [01:10<01:28,  4.34it/s]
 45%|████▍     | 309/693 [01:10<01:26,  4.46it/s]
 45%|████▍     | 310/693 [01:10<01:27,  4.39it/s]
 45%|████▍     | 311/693 [01:10<01:28,  4.34it/s]
 45%|████▌     | 312/693 [01:10<01:28,  4.32it/s]
 45%|████▌     | 313/693 [01:11<01:24,  4.51it/s]
 45%|████▌     | 314/693 [01:11<01:17,  4.91it/s]
 45%|████▌     | 315/693 [01:11<01:16,  4.91it/s]
 46%|████▌     | 316/693 [01:11<01:20,  4.68it/s]
 46%|████▌     | 317/693 [01:11<01:22,  4.54it/s]
 46%|████▌     | 318/693 [01:12<01:24,  4.43it/s]
 46%|████▌     | 319/693 [01:12<01:25,  4.37it/s]
 46%|████▌     | 320/693 [01:12<01:26,  4.33it/s]
 46%|████▋     | 321/693 [01:12<01:23,  4.44it/s]
 46%|████▋     | 322/693 [01:13<01:23,  4.44it/s]
 47%|████▋     | 323/693 [01:13<01:24,  4.36it/s]
 47%|████▋     | 324/693 [01:13<01:25,  4.33it/s]
 47%|████▋     | 325/693 [01:13<01:25,  4.32it/s]
 47%|████▋     | 326/693 [01:14<01:16,  4.80it/s]
 47%|████▋     | 327/693 [01:14<01:08,  5.34it/s]
 47%|████▋     | 328/693 [01:14<01:13,  4.97it/s]
 47%|████▋     | 329/693 [01:14<01:17,  4.71it/s]
 48%|████▊     | 330/693 [01:14<01:19,  4.59it/s]
 48%|████▊     | 331/693 [01:15<01:21,  4.47it/s]
 48%|████▊     | 332/693 [01:15<01:21,  4.40it/s]
 48%|████▊     | 333/693 [01:15<01:22,  4.36it/s]
 48%|████▊     | 334/693 [01:15<01:22,  4.38it/s]
 48%|████▊     | 335/693 [01:16<01:22,  4.32it/s]
 48%|████▊     | 336/693 [01:16<01:22,  4.33it/s]
 49%|████▊     | 337/693 [01:16<01:22,  4.31it/s]
 49%|████▉     | 338/693 [01:16<01:19,  4.46it/s]
 49%|████▉     | 339/693 [01:16<01:08,  5.15it/s]
 49%|████▉     | 340/693 [01:16<01:02,  5.65it/s]
 49%|████▉     | 341/693 [01:17<01:05,  5.39it/s]
 49%|████▉     | 342/693 [01:17<01:09,  5.02it/s]
 49%|████▉     | 343/693 [01:17<01:13,  4.75it/s]
 50%|████▉     | 344/693 [01:17<01:15,  4.61it/s]
 50%|████▉     | 345/693 [01:18<01:17,  4.50it/s]
 50%|████▉     | 346/693 [01:18<01:18,  4.44it/s]
 50%|█████     | 347/693 [01:18<01:17,  4.49it/s]
 50%|█████     | 348/693 [01:18<01:15,  4.55it/s]
 50%|█████     | 349/693 [01:18<01:17,  4.45it/s]
 51%|█████     | 350/693 [01:19<01:17,  4.41it/s]
 51%|█████     | 351/693 [01:19<01:18,  4.36it/s]
 51%|█████     | 352/693 [01:19<01:10,  4.87it/s]
 51%|█████     | 353/693 [01:19<01:01,  5.54it/s]
 51%|█████     | 354/693 [01:19<01:01,  5.53it/s]
 51%|█████     | 355/693 [01:20<01:07,  5.02it/s]
 51%|█████▏    | 356/693 [01:20<01:10,  4.79it/s]
 52%|█████▏    | 357/693 [01:20<01:13,  4.58it/s]
 52%|█████▏    | 358/693 [01:20<01:14,  4.47it/s]
 52%|█████▏    | 359/693 [01:21<01:16,  4.39it/s]
 52%|█████▏    | 360/693 [01:21<01:16,  4.33it/s]
 52%|█████▏    | 361/693 [01:21<01:13,  4.52it/s]
 52%|█████▏    | 362/693 [01:21<01:14,  4.44it/s]
 52%|█████▏    | 363/693 [01:22<01:15,  4.37it/s]
 53%|█████▎    | 364/693 [01:22<01:16,  4.31it/s]
 53%|█████▎    | 365/693 [01:22<01:09,  4.73it/s]
 53%|█████▎    | 366/693 [01:22<01:02,  5.22it/s]
 53%|█████▎    | 367/693 [01:22<01:04,  5.02it/s]
 53%|█████▎    | 368/693 [01:23<01:08,  4.77it/s]
 53%|█████▎    | 369/693 [01:23<01:10,  4.58it/s]
 53%|█████▎    | 370/693 [01:23<01:12,  4.47it/s]
 54%|█████▎    | 371/693 [01:23<01:13,  4.39it/s]
 54%|█████▎    | 372/693 [01:23<01:14,  4.33it/s]
 54%|█████▍    | 373/693 [01:24<01:14,  4.30it/s]
 54%|█████▍    | 374/693 [01:24<01:14,  4.27it/s]
 54%|█████▍    | 375/693 [01:24<01:14,  4.27it/s]
 54%|█████▍    | 376/693 [01:24<01:14,  4.25it/s]
 54%|█████▍    | 377/693 [01:25<01:11,  4.42it/s]
 55%|█████▍    | 378/693 [01:25<01:03,  4.99it/s]
 55%|█████▍    | 379/693 [01:25<00:57,  5.45it/s]
 55%|█████▍    | 380/693 [01:25<01:02,  5.00it/s]
 55%|█████▍    | 381/693 [01:25<01:05,  4.73it/s]
 55%|█████▌    | 382/693 [01:26<01:08,  4.57it/s]
 55%|█████▌    | 383/693 [01:26<01:09,  4.46it/s]
 55%|█████▌    | 384/693 [01:26<01:10,  4.37it/s]
 56%|█████▌    | 385/693 [01:26<01:10,  4.34it/s]
 56%|█████▌    | 386/693 [01:27<01:09,  4.44it/s]
 56%|█████▌    | 387/693 [01:27<01:09,  4.39it/s]
 56%|█████▌    | 388/693 [01:27<01:10,  4.35it/s]
 56%|█████▌    | 389/693 [01:27<01:10,  4.33it/s]
 56%|█████▋    | 390/693 [01:27<01:07,  4.48it/s]
 56%|█████▋    | 391/693 [01:28<00:58,  5.13it/s]
 57%|█████▋    | 392/693 [01:28<00:54,  5.48it/s]
 57%|█████▋    | 393/693 [01:28<00:59,  5.05it/s]
 57%|█████▋    | 394/693 [01:28<01:02,  4.77it/s]
 57%|█████▋    | 395/693 [01:28<01:04,  4.59it/s]
 57%|█████▋    | 396/693 [01:29<01:06,  4.48it/s]
 57%|█████▋    | 397/693 [01:29<01:07,  4.39it/s]
 57%|█████▋    | 398/693 [01:29<01:07,  4.34it/s]
 58%|█████▊    | 399/693 [01:29<01:07,  4.38it/s]
 58%|█████▊    | 400/693 [01:30<01:08,  4.30it/s]
 58%|█████▊    | 401/693 [01:30<01:07,  4.31it/s]
 58%|█████▊    | 402/693 [01:30<01:08,  4.24it/s]
 58%|█████▊    | 403/693 [01:30<01:04,  4.50it/s]
 58%|█████▊    | 404/693 [01:30<00:56,  5.15it/s]
 58%|█████▊    | 405/693 [01:31<00:52,  5.50it/s]
 59%|█████▊    | 406/693 [01:31<00:56,  5.04it/s]
 59%|█████▊    | 407/693 [01:31<01:00,  4.76it/s]
 59%|█████▉    | 408/693 [01:31<01:02,  4.58it/s]
 59%|█████▉    | 409/693 [01:31<01:03,  4.47it/s]
 59%|█████▉    | 410/693 [01:32<01:04,  4.39it/s]
 59%|█████▉    | 411/693 [01:33<03:12,  1.47it/s]
 59%|█████▉    | 412/693 [01:34<02:33,  1.83it/s]
 60%|█████▉    | 413/693 [01:34<02:06,  2.21it/s]
 60%|█████▉    | 414/693 [01:34<01:48,  2.57it/s]
 60%|█████▉    | 415/693 [01:34<01:35,  2.92it/s]
 60%|██████    | 416/693 [01:35<01:18,  3.51it/s]
 60%|██████    | 417/693 [01:35<01:07,  4.11it/s]
 60%|██████    | 418/693 [01:35<01:06,  4.14it/s]
 60%|██████    | 419/693 [01:35<01:05,  4.16it/s]
 61%|██████    | 420/693 [01:35<01:05,  4.18it/s]
 61%|██████    | 421/693 [01:36<01:04,  4.19it/s]
 61%|██████    | 422/693 [01:36<01:04,  4.19it/s]
 61%|██████    | 423/693 [01:36<01:04,  4.19it/s]
 61%|██████    | 424/693 [01:36<01:02,  4.28it/s]
 61%|██████▏   | 425/693 [01:37<01:02,  4.30it/s]
 61%|██████▏   | 426/693 [01:37<01:02,  4.29it/s]
 62%|██████▏   | 427/693 [01:37<01:02,  4.27it/s]
 62%|██████▏   | 428/693 [01:37<00:59,  4.49it/s]
 62%|██████▏   | 429/693 [01:37<00:51,  5.11it/s]
 62%|██████▏   | 430/693 [01:38<00:48,  5.41it/s]
 62%|██████▏   | 431/693 [01:38<00:52,  5.00it/s]
 62%|██████▏   | 432/693 [01:38<00:55,  4.73it/s]
 62%|██████▏   | 433/693 [01:38<00:57,  4.56it/s]
 63%|██████▎   | 434/693 [01:38<00:58,  4.46it/s]
 63%|██████▎   | 435/693 [01:39<00:58,  4.38it/s]
 63%|██████▎   | 436/693 [01:39<00:59,  4.32it/s]
 63%|██████▎   | 437/693 [01:39<00:58,  4.35it/s]
 63%|██████▎   | 438/693 [01:39<00:59,  4.29it/s]
 63%|██████▎   | 439/693 [01:40<00:59,  4.30it/s]
 63%|██████▎   | 440/693 [01:40<00:59,  4.29it/s]
 64%|██████▎   | 441/693 [01:40<00:54,  4.64it/s]
 64%|██████▍   | 442/693 [01:40<00:48,  5.17it/s]
 64%|██████▍   | 443/693 [01:40<00:48,  5.11it/s]
 64%|██████▍   | 444/693 [01:41<00:52,  4.79it/s]
 64%|██████▍   | 445/693 [01:41<00:53,  4.60it/s]
 64%|██████▍   | 446/693 [01:41<00:55,  4.47it/s]
 65%|██████▍   | 447/693 [01:41<00:55,  4.39it/s]
 65%|██████▍   | 448/693 [01:42<00:56,  4.34it/s]
 65%|██████▍   | 449/693 [01:42<00:54,  4.45it/s]
 65%|██████▍   | 450/693 [01:42<00:54,  4.44it/s]
 65%|██████▌   | 451/693 [01:42<00:55,  4.38it/s]
 65%|██████▌   | 452/693 [01:43<00:55,  4.34it/s]
 65%|██████▌   | 453/693 [01:43<00:55,  4.33it/s]
 66%|██████▌   | 454/693 [01:43<00:49,  4.86it/s]
 66%|██████▌   | 455/693 [01:43<00:43,  5.45it/s]
 66%|██████▌   | 456/693 [01:43<00:45,  5.21it/s]
 66%|██████▌   | 457/693 [01:43<00:48,  4.86it/s]
 66%|██████▌   | 458/693 [01:44<00:50,  4.64it/s]
 66%|██████▌   | 459/693 [01:44<00:51,  4.51it/s]
 66%|██████▋   | 460/693 [01:44<00:52,  4.42it/s]
 67%|██████▋   | 461/693 [01:44<00:53,  4.35it/s]
 67%|██████▋   | 462/693 [01:45<00:51,  4.47it/s]
 67%|██████▋   | 463/693 [01:45<00:51,  4.51it/s]
 67%|██████▋   | 464/693 [01:45<00:52,  4.40it/s]
 67%|██████▋   | 465/693 [01:45<00:52,  4.37it/s]
 67%|██████▋   | 466/693 [01:46<00:52,  4.32it/s]
 67%|██████▋   | 467/693 [01:46<00:46,  4.90it/s]
 68%|██████▊   | 468/693 [01:46<00:41,  5.37it/s]
 68%|██████▊   | 469/693 [01:46<00:44,  5.06it/s]
 68%|██████▊   | 470/693 [01:46<00:46,  4.78it/s]
 68%|██████▊   | 471/693 [01:47<00:48,  4.59it/s]
 68%|██████▊   | 472/693 [01:47<00:49,  4.51it/s]
 68%|██████▊   | 473/693 [01:47<00:49,  4.41it/s]
 68%|██████▊   | 474/693 [01:47<00:49,  4.38it/s]
 69%|██████▊   | 475/693 [01:47<00:50,  4.32it/s]
 69%|██████▊   | 476/693 [01:48<00:50,  4.31it/s]
 69%|██████▉   | 477/693 [01:48<00:50,  4.28it/s]
 69%|██████▉   | 478/693 [01:48<00:50,  4.25it/s]
 69%|██████▉   | 479/693 [01:48<00:48,  4.41it/s]
 69%|██████▉   | 480/693 [01:49<00:42,  4.99it/s]
 69%|██████▉   | 481/693 [01:49<00:38,  5.46it/s]
 70%|██████▉   | 482/693 [01:49<00:42,  5.02it/s]
 70%|██████▉   | 483/693 [01:49<00:44,  4.74it/s]
 70%|██████▉   | 484/693 [01:49<00:45,  4.57it/s]
 70%|██████▉   | 485/693 [01:50<00:46,  4.45it/s]
 70%|███████   | 486/693 [01:50<00:47,  4.38it/s]
 70%|███████   | 487/693 [01:50<00:48,  4.29it/s]
 70%|███████   | 488/693 [01:50<00:47,  4.34it/s]
 71%|███████   | 489/693 [01:51<00:47,  4.31it/s]
 71%|███████   | 490/693 [01:51<00:47,  4.28it/s]
 71%|███████   | 491/693 [01:51<00:47,  4.26it/s]
 71%|███████   | 492/693 [01:51<00:44,  4.51it/s]
 71%|███████   | 493/693 [01:51<00:38,  5.16it/s]
 71%|███████▏  | 494/693 [01:52<00:36,  5.51it/s]
 71%|███████▏  | 495/693 [01:52<00:39,  5.07it/s]
 72%|███████▏  | 496/693 [01:52<00:40,  4.81it/s]
 72%|███████▏  | 497/693 [01:52<00:42,  4.61it/s]
 72%|███████▏  | 498/693 [01:52<00:43,  4.52it/s]
 72%|███████▏  | 499/693 [01:53<00:43,  4.42it/s]
 72%|███████▏  | 500/693 [01:53<00:43,  4.39it/s]
 72%|███████▏  | 501/693 [01:53<00:43,  4.41it/s]
 72%|███████▏  | 502/693 [01:53<00:43,  4.37it/s]
 73%|███████▎  | 503/693 [01:54<00:43,  4.33it/s]
 73%|███████▎  | 504/693 [01:54<00:43,  4.34it/s]
 73%|███████▎  | 505/693 [01:54<00:42,  4.45it/s]
 73%|███████▎  | 506/693 [01:54<00:38,  4.91it/s]
 73%|███████▎  | 507/693 [01:54<00:38,  4.89it/s]
 73%|███████▎  | 508/693 [01:55<00:39,  4.66it/s]
 73%|███████▎  | 509/693 [01:55<00:40,  4.52it/s]
 74%|███████▎  | 510/693 [01:55<00:41,  4.42it/s]
 74%|███████▎  | 511/693 [01:55<00:41,  4.36it/s]
 74%|███████▍  | 512/693 [01:56<00:41,  4.32it/s]
 74%|███████▍  | 513/693 [01:56<00:41,  4.32it/s]
 74%|███████▍  | 514/693 [01:56<00:41,  4.27it/s]
 74%|███████▍  | 515/693 [01:56<00:42,  4.23it/s]
 74%|███████▍  | 516/693 [01:57<00:41,  4.23it/s]
 75%|███████▍  | 517/693 [01:57<00:40,  4.40it/s]
 75%|███████▍  | 518/693 [01:57<00:35,  4.99it/s]
 75%|███████▍  | 519/693 [01:57<00:31,  5.59it/s]
 75%|███████▌  | 520/693 [01:57<00:32,  5.40it/s]
 75%|███████▌  | 521/693 [01:57<00:34,  4.97it/s]
 75%|███████▌  | 522/693 [01:58<00:36,  4.73it/s]
 75%|███████▌  | 523/693 [01:58<00:37,  4.55it/s]
 76%|███████▌  | 524/693 [01:58<00:38,  4.44it/s]
 76%|███████▌  | 525/693 [01:58<00:38,  4.38it/s]
 76%|███████▌  | 526/693 [01:59<00:37,  4.40it/s]
 76%|███████▌  | 527/693 [01:59<00:36,  4.55it/s]
 76%|███████▌  | 528/693 [01:59<00:37,  4.44it/s]
 76%|███████▋  | 529/693 [01:59<00:37,  4.38it/s]
 76%|███████▋  | 530/693 [02:00<00:37,  4.34it/s]
 77%|███████▋  | 531/693 [02:00<00:33,  4.84it/s]
 77%|███████▋  | 532/693 [02:00<00:32,  5.03it/s]
 77%|███████▋  | 533/693 [02:00<00:33,  4.76it/s]
 77%|███████▋  | 534/693 [02:00<00:34,  4.56it/s]
 77%|███████▋  | 535/693 [02:01<00:35,  4.45it/s]
 77%|███████▋  | 536/693 [02:01<00:36,  4.36it/s]
 77%|███████▋  | 537/693 [02:01<00:36,  4.32it/s]
 78%|███████▊  | 538/693 [02:01<00:36,  4.30it/s]
 78%|███████▊  | 539/693 [02:02<00:35,  4.33it/s]
 78%|███████▊  | 540/693 [02:02<00:35,  4.31it/s]
 78%|███████▊  | 541/693 [02:02<00:35,  4.29it/s]
 78%|███████▊  | 542/693 [02:02<00:35,  4.30it/s]
 78%|███████▊  | 543/693 [02:02<00:32,  4.66it/s]
 78%|███████▊  | 544/693 [02:03<00:28,  5.21it/s]
 79%|███████▊  | 545/693 [02:03<00:27,  5.43it/s]
 79%|███████▉  | 546/693 [02:03<00:30,  4.86it/s]
 79%|███████▉  | 547/693 [02:03<00:30,  4.73it/s]
 79%|███████▉  | 548/693 [02:03<00:31,  4.59it/s]
 79%|███████▉  | 549/693 [02:04<00:32,  4.46it/s]
 79%|███████▉  | 550/693 [02:04<00:32,  4.39it/s]
 80%|███████▉  | 551/693 [02:04<00:32,  4.33it/s]
 80%|███████▉  | 552/693 [02:04<00:32,  4.37it/s]
 80%|███████▉  | 553/693 [02:05<00:32,  4.34it/s]
 80%|███████▉  | 554/693 [02:05<00:32,  4.31it/s]
 80%|████████  | 555/693 [02:05<00:32,  4.29it/s]
 80%|████████  | 556/693 [02:05<00:29,  4.63it/s]
 80%|████████  | 557/693 [02:05<00:25,  5.26it/s]
 81%|████████  | 558/693 [02:06<00:25,  5.26it/s]
 81%|████████  | 559/693 [02:06<00:27,  4.88it/s]
 81%|████████  | 560/693 [02:06<00:28,  4.66it/s]
 81%|████████  | 561/693 [02:06<00:29,  4.51it/s]
 81%|████████  | 562/693 [02:07<00:29,  4.42it/s]
 81%|████████  | 563/693 [02:07<00:29,  4.34it/s]
 81%|████████▏ | 564/693 [02:07<00:29,  4.31it/s]
 82%|████████▏ | 565/693 [02:07<00:29,  4.27it/s]
 82%|████████▏ | 566/693 [02:07<00:29,  4.29it/s]
 82%|████████▏ | 567/693 [02:08<00:29,  4.27it/s]
 82%|████████▏ | 568/693 [02:08<00:29,  4.26it/s]
 82%|████████▏ | 569/693 [02:08<00:26,  4.69it/s]
 82%|████████▏ | 570/693 [02:08<00:23,  5.18it/s]
 82%|████████▏ | 571/693 [02:08<00:25,  4.84it/s]
 83%|████████▎ | 572/693 [02:09<00:26,  4.64it/s]
 83%|████████▎ | 573/693 [02:09<00:26,  4.48it/s]
 83%|████████▎ | 574/693 [02:09<00:26,  4.41it/s]
 83%|████████▎ | 575/693 [02:09<00:27,  4.33it/s]
 83%|████████▎ | 576/693 [02:10<00:27,  4.29it/s]
 83%|████████▎ | 577/693 [02:10<00:26,  4.39it/s]
 83%|████████▎ | 578/693 [02:10<00:26,  4.34it/s]
 84%|████████▎ | 579/693 [02:10<00:26,  4.30it/s]
 84%|████████▎ | 580/693 [02:11<00:26,  4.27it/s]
 84%|████████▍ | 581/693 [02:11<00:24,  4.51it/s]
 84%|████████▍ | 582/693 [02:11<00:21,  5.08it/s]
 84%|████████▍ | 583/693 [02:11<00:19,  5.59it/s]
 84%|████████▍ | 584/693 [02:11<00:21,  5.12it/s]
 84%|████████▍ | 585/693 [02:12<00:22,  4.81it/s]
 85%|████████▍ | 586/693 [02:12<00:23,  4.60it/s]
 85%|████████▍ | 587/693 [02:12<00:23,  4.48it/s]
 85%|████████▍ | 588/693 [02:12<00:23,  4.40it/s]
 85%|████████▍ | 589/693 [02:13<00:23,  4.34it/s]
 85%|████████▌ | 590/693 [02:13<00:23,  4.44it/s]
 85%|████████▌ | 591/693 [02:13<00:23,  4.39it/s]
 85%|████████▌ | 592/693 [02:13<00:23,  4.34it/s]
 86%|████████▌ | 593/693 [02:13<00:23,  4.31it/s]
 86%|████████▌ | 594/693 [02:14<00:22,  4.48it/s]
 86%|████████▌ | 595/693 [02:14<00:19,  5.11it/s]
 86%|████████▌ | 596/693 [02:14<00:18,  5.36it/s]
 86%|████████▌ | 597/693 [02:14<00:19,  4.93it/s]
 86%|████████▋ | 598/693 [02:14<00:20,  4.72it/s]
 86%|████████▋ | 599/693 [02:15<00:20,  4.54it/s]
 87%|████████▋ | 600/693 [02:15<00:20,  4.44it/s]
 87%|████████▋ | 601/693 [02:15<00:21,  4.36it/s]
 87%|████████▋ | 602/693 [02:15<00:21,  4.32it/s]
 87%|████████▋ | 603/693 [02:16<00:20,  4.35it/s]
 87%|████████▋ | 604/693 [02:16<00:20,  4.32it/s]
 87%|████████▋ | 605/693 [02:16<00:20,  4.30it/s]
 87%|████████▋ | 606/693 [02:16<00:20,  4.28it/s]
 88%|████████▊ | 607/693 [02:16<00:18,  4.70it/s]
 88%|████████▊ | 608/693 [02:17<00:16,  5.23it/s]
 88%|████████▊ | 609/693 [02:17<00:16,  5.12it/s]
 88%|████████▊ | 610/693 [02:17<00:17,  4.82it/s]
 88%|████████▊ | 611/693 [02:17<00:17,  4.59it/s]
 88%|████████▊ | 612/693 [02:18<00:18,  4.46it/s]
 88%|████████▊ | 613/693 [02:18<00:18,  4.41it/s]
 89%|████████▊ | 614/693 [02:18<00:18,  4.35it/s]
 89%|████████▊ | 615/693 [02:18<00:17,  4.46it/s]
 89%|████████▉ | 616/693 [02:18<00:17,  4.47it/s]
 89%|████████▉ | 617/693 [02:19<00:17,  4.42it/s]
 89%|████████▉ | 618/693 [02:19<00:17,  4.36it/s]
 89%|████████▉ | 619/693 [02:19<00:17,  4.34it/s]
 89%|████████▉ | 620/693 [02:19<00:14,  4.87it/s]
 90%|████████▉ | 621/693 [02:19<00:13,  5.43it/s]
 90%|████████▉ | 622/693 [02:20<00:13,  5.18it/s]
 90%|████████▉ | 623/693 [02:20<00:14,  4.85it/s]
 90%|█████████ | 624/693 [02:20<00:14,  4.64it/s]
 90%|█████████ | 625/693 [02:20<00:15,  4.50it/s]
 90%|█████████ | 626/693 [02:21<00:15,  4.42it/s]
 90%|█████████ | 627/693 [02:21<00:15,  4.35it/s]
 91%|█████████ | 628/693 [02:21<00:14,  4.48it/s]
 91%|█████████ | 629/693 [02:21<00:14,  4.50it/s]
 91%|█████████ | 630/693 [02:21<00:14,  4.42it/s]
 91%|█████████ | 631/693 [02:22<00:14,  4.37it/s]
 91%|█████████ | 632/693 [02:22<00:14,  4.33it/s]
 91%|█████████▏| 633/693 [02:22<00:12,  4.93it/s]
 91%|█████████▏| 634/693 [02:22<00:10,  5.40it/s]
 92%|█████████▏| 635/693 [02:22<00:11,  5.23it/s]
 92%|█████████▏| 636/693 [02:23<00:11,  4.85it/s]
 92%|█████████▏| 637/693 [02:23<00:12,  4.66it/s]
 92%|█████████▏| 638/693 [02:23<00:12,  4.52it/s]
 92%|█████████▏| 639/693 [02:23<00:12,  4.41it/s]
 92%|█████████▏| 640/693 [02:24<00:12,  4.38it/s]
 92%|█████████▏| 641/693 [02:24<00:12,  4.31it/s]
 93%|█████████▎| 642/693 [02:24<00:11,  4.29it/s]
 93%|█████████▎| 643/693 [02:24<00:11,  4.26it/s]
 93%|█████████▎| 644/693 [02:25<00:11,  4.26it/s]
 93%|█████████▎| 645/693 [02:25<00:10,  4.41it/s]
 93%|█████████▎| 646/693 [02:25<00:09,  4.96it/s]
 93%|█████████▎| 647/693 [02:25<00:08,  5.43it/s]
 94%|█████████▎| 648/693 [02:25<00:08,  5.01it/s]
 94%|█████████▎| 649/693 [02:26<00:09,  4.74it/s]
 94%|█████████▍| 650/693 [02:26<00:09,  4.53it/s]
 94%|█████████▍| 651/693 [02:26<00:09,  4.44it/s]
 94%|█████████▍| 652/693 [02:26<00:09,  4.38it/s]
 94%|█████████▍| 653/693 [02:26<00:09,  4.29it/s]
 94%|█████████▍| 654/693 [02:27<00:08,  4.43it/s]
 95%|█████████▍| 655/693 [02:27<00:08,  4.36it/s]
 95%|█████████▍| 656/693 [02:27<00:08,  4.34it/s]
 95%|█████████▍| 657/693 [02:27<00:08,  4.32it/s]
 95%|█████████▍| 658/693 [02:28<00:07,  4.70it/s]
 95%|█████████▌| 659/693 [02:28<00:06,  5.28it/s]
 95%|█████████▌| 660/693 [02:28<00:06,  4.94it/s]
 95%|█████████▌| 661/693 [02:28<00:06,  4.70it/s]
 96%|█████████▌| 662/693 [02:28<00:06,  4.55it/s]
 96%|█████████▌| 663/693 [02:29<00:06,  4.96it/s]
 96%|█████████▌| 664/693 [02:29<00:05,  5.59it/s]
 96%|█████████▌| 665/693 [02:29<00:04,  6.23it/s]
 96%|█████████▌| 666/693 [02:29<00:04,  6.54it/s]
 96%|█████████▌| 667/693 [02:29<00:03,  7.03it/s]
 96%|█████████▋| 668/693 [02:29<00:03,  7.26it/s]
 97%|█████████▋| 669/693 [02:29<00:03,  7.50it/s]
 97%|█████████▋| 670/693 [02:29<00:03,  7.24it/s]
 97%|█████████▋| 671/693 [02:30<00:02,  7.36it/s]
 97%|█████████▋| 672/693 [02:30<00:02,  7.78it/s]
 97%|█████████▋| 673/693 [02:30<00:02,  7.59it/s]
 97%|█████████▋| 674/693 [02:30<00:02,  7.61it/s]
 97%|█████████▋| 675/693 [02:30<00:02,  7.81it/s]
 98%|█████████▊| 676/693 [02:30<00:02,  7.77it/s]
 98%|█████████▊| 677/693 [02:30<00:02,  7.93it/s]
 98%|█████████▊| 678/693 [02:30<00:01,  7.77it/s]
 98%|█████████▊| 679/693 [02:31<00:01,  7.89it/s]
 98%|█████████▊| 680/693 [02:31<00:01,  7.88it/s]
 98%|█████████▊| 681/693 [02:31<00:01,  8.03it/s]
 98%|█████████▊| 682/693 [02:31<00:01,  7.89it/s]
 99%|█████████▊| 683/693 [02:31<00:01,  8.03it/s]
 99%|█████████▊| 684/693 [02:31<00:01,  7.94it/s]
 99%|█████████▉| 685/693 [02:32<00:01,  4.95it/s]
 99%|█████████▉| 686/693 [02:32<00:01,  5.54it/s]
 99%|█████████▉| 687/693 [02:32<00:00,  6.31it/s]
 99%|█████████▉| 688/693 [02:32<00:00,  6.86it/s]
 99%|█████████▉| 689/693 [02:32<00:00,  7.42it/s]
100%|█████████▉| 690/693 [02:32<00:00,  7.61it/s]
100%|█████████▉| 691/693 [02:32<00:00,  7.81it/s]
100%|█████████▉| 692/693 [02:32<00:00,  7.93it/s]
100%|██████████| 693/693 [02:33<00:00,  8.15it/s]
100%|██████████| 693/693 [02:33<00:00,  4.52it/s]
Training loss: 0.6875989407860011, KL loss: 0.555862432907498, Sim loss: 0.0002683549353639608, Exo CLS loss: 0.6151153332705664, 
Noun sim loss: 0.11897502280502953, Part sim loss: 0.16335238782960443, Proto loss: 1.3217486808826397, Conc loss: 0.11593475268043653
learning rate:4.646970355794271e-05


  0%|          | 0/168 [00:00<?, ?it/s]
  1%|          | 1/168 [00:00<01:44,  1.59it/s]
  2%|▏         | 4/168 [00:00<00:24,  6.78it/s]
  4%|▎         | 6/168 [00:00<00:22,  7.18it/s]
  5%|▌         | 9/168 [00:01<00:16,  9.61it/s]
  7%|▋         | 11/168 [00:01<00:14, 11.08it/s]
 10%|▉         | 16/168 [00:01<00:08, 18.47it/s]
 11%|█▏        | 19/168 [00:01<00:14, 10.62it/s]
 14%|█▎        | 23/168 [00:02<00:10, 14.34it/s]
 15%|█▌        | 26/168 [00:02<00:11, 12.78it/s]
 18%|█▊        | 30/168 [00:02<00:08, 16.77it/s]
 20%|██        | 34/168 [00:02<00:06, 20.32it/s]
 23%|██▎       | 38/168 [00:02<00:05, 23.76it/s]
 25%|██▌       | 42/168 [00:02<00:04, 26.42it/s]
 27%|██▋       | 46/168 [00:02<00:04, 27.12it/s]
 30%|██▉       | 50/168 [00:03<00:04, 28.90it/s]
 32%|███▏      | 54/168 [00:03<00:03, 29.35it/s]
 35%|███▍      | 58/168 [00:03<00:03, 28.89it/s]
 37%|███▋      | 62/168 [00:03<00:04, 22.08it/s]
 39%|███▉      | 66/168 [00:03<00:04, 25.01it/s]
 41%|████      | 69/168 [00:03<00:04, 21.43it/s]
 44%|████▍     | 74/168 [00:04<00:03, 26.31it/s]
 46%|████▋     | 78/168 [00:04<00:03, 25.65it/s]
 49%|████▉     | 83/168 [00:04<00:04, 18.02it/s]
 52%|█████▏    | 88/168 [00:04<00:03, 22.11it/s]
 54%|█████▍    | 91/168 [00:04<00:03, 20.89it/s]
 56%|█████▌    | 94/168 [00:05<00:05, 12.59it/s]
 59%|█████▉    | 99/168 [00:05<00:04, 16.88it/s]
 61%|██████    | 102/168 [00:05<00:03, 18.81it/s]
 62%|██████▎   | 105/168 [00:05<00:03, 19.76it/s]
 64%|██████▍   | 108/168 [00:05<00:02, 20.76it/s]
 66%|██████▌   | 111/168 [00:06<00:02, 21.05it/s]
 68%|██████▊   | 114/168 [00:06<00:02, 21.64it/s]
 70%|██████▉   | 117/168 [00:06<00:02, 22.12it/s]
 71%|███████▏  | 120/168 [00:06<00:02, 22.23it/s]
 73%|███████▎  | 123/168 [00:06<00:02, 22.13it/s]
 75%|███████▌  | 126/168 [00:06<00:01, 22.17it/s]
 77%|███████▋  | 129/168 [00:06<00:01, 22.19it/s]
 79%|███████▊  | 132/168 [00:07<00:01, 22.42it/s]
 80%|████████  | 135/168 [00:07<00:01, 22.25it/s]
 82%|████████▏ | 138/168 [00:07<00:01, 22.01it/s]
 84%|████████▍ | 141/168 [00:07<00:01, 22.24it/s]
 86%|████████▌ | 144/168 [00:07<00:01, 22.05it/s]
 88%|████████▊ | 147/168 [00:07<00:01, 20.95it/s]
 89%|████████▉ | 150/168 [00:07<00:00, 21.54it/s]
 92%|█████████▏| 154/168 [00:07<00:00, 25.45it/s]
 95%|█████████▍| 159/168 [00:08<00:00, 25.86it/s]
 96%|█████████▋| 162/168 [00:08<00:00, 14.71it/s]
 98%|█████████▊| 165/168 [00:08<00:00, 16.29it/s]
100%|██████████| 168/168 [00:08<00:00, 18.11it/s]
100%|██████████| 168/168 [00:08<00:00, 18.67it/s]
Result on AGD: 
KLD=0.8691259026527405, SIM=0.52483069896698, NSS=1.539548397064209
noun sim: 0.11273089698737576, part sim: 0.15850350597784632
New best KLD: 0.8691259026527405, 0.52483069896698, 1.539548397064209
Epoch 7 loss coeffs: kl=0.3, sim=1.0, exo_cls=0.6, noun=0.1, part=0.01, proto=0.1, conc=0.05
============Training Epoch 7============

  0%|          | 0/693 [00:00<?, ?it/s]/mnt/sdb/wyn/envs/clip-env/lib/python3.10/site-packages/torch/_tensor.py:1002: UserWarning: non-inplace resize is deprecated
  warnings.warn("non-inplace resize is deprecated")
/mnt/sdb/wyn/envs/clip-env/lib/python3.10/site-packages/torch/_tensor.py:1002: UserWarning: non-inplace resize is deprecated
  warnings.warn("non-inplace resize is deprecated")
/mnt/sdb/wyn/envs/clip-env/lib/python3.10/site-packages/torch/_tensor.py:1002: UserWarning: non-inplace resize is deprecated
  warnings.warn("non-inplace resize is deprecated")
/mnt/sdb/wyn/envs/clip-env/lib/python3.10/site-packages/torch/_tensor.py:1002: UserWarning: non-inplace resize is deprecated
  warnings.warn("non-inplace resize is deprecated")
/mnt/sdb/wyn/envs/clip-env/lib/python3.10/site-packages/torch/_tensor.py:1002: UserWarning: non-inplace resize is deprecated
  warnings.warn("non-inplace resize is deprecated")
/mnt/sdb/wyn/envs/clip-env/lib/python3.10/site-packages/torch/_tensor.py:1002: UserWarning: non-inplace resize is deprecated
  warnings.warn("non-inplace resize is deprecated")
/mnt/sdb/wyn/envs/clip-env/lib/python3.10/site-packages/torch/_tensor.py:1002: UserWarning: non-inplace resize is deprecated
  warnings.warn("non-inplace resize is deprecated")
/mnt/sdb/wyn/envs/clip-env/lib/python3.10/site-packages/torch/_tensor.py:1002: UserWarning: non-inplace resize is deprecated
  warnings.warn("non-inplace resize is deprecated")

  0%|          | 1/693 [00:02<27:58,  2.43s/it]
  0%|          | 2/693 [00:02<13:08,  1.14s/it]
  0%|          | 3/693 [00:03<11:08,  1.03it/s]
  1%|          | 4/693 [00:03<07:47,  1.47it/s]
  1%|          | 5/693 [00:03<05:56,  1.93it/s]
  1%|          | 6/693 [00:04<04:49,  2.37it/s]
  1%|          | 7/693 [00:04<04:02,  2.83it/s]
  1%|          | 8/693 [00:04<03:16,  3.49it/s]
  1%|▏         | 9/693 [00:04<02:42,  4.21it/s]
  1%|▏         | 10/693 [00:04<02:37,  4.33it/s]
  2%|▏         | 11/693 [00:05<02:39,  4.28it/s]
  2%|▏         | 12/693 [00:05<02:39,  4.27it/s]
  2%|▏         | 13/693 [00:05<02:39,  4.25it/s]
  2%|▏         | 14/693 [00:05<02:40,  4.24it/s]
  2%|▏         | 15/693 [00:06<02:40,  4.24it/s]
  2%|▏         | 16/693 [00:06<02:39,  4.25it/s]
  2%|▏         | 17/693 [00:06<02:38,  4.25it/s]
  3%|▎         | 18/693 [00:06<02:38,  4.25it/s]
  3%|▎         | 19/693 [00:06<02:38,  4.26it/s]
  3%|▎         | 20/693 [00:07<02:32,  4.40it/s]
  3%|▎         | 21/693 [00:07<02:13,  5.04it/s]
  3%|▎         | 22/693 [00:07<02:02,  5.49it/s]
  3%|▎         | 23/693 [00:07<02:11,  5.08it/s]
  3%|▎         | 24/693 [00:07<02:19,  4.79it/s]
  4%|▎         | 25/693 [00:08<02:25,  4.60it/s]
  4%|▍         | 26/693 [00:08<02:28,  4.48it/s]
  4%|▍         | 27/693 [00:08<02:31,  4.38it/s]
  4%|▍         | 28/693 [00:08<02:33,  4.33it/s]
  4%|▍         | 29/693 [00:09<02:29,  4.43it/s]
  4%|▍         | 30/693 [00:09<02:31,  4.39it/s]
  4%|▍         | 31/693 [00:09<02:32,  4.33it/s]
  5%|▍         | 32/693 [00:09<02:33,  4.30it/s]
  5%|▍         | 33/693 [00:09<02:25,  4.52it/s]
  5%|▍         | 34/693 [00:10<02:09,  5.08it/s]
  5%|▌         | 35/693 [00:10<01:56,  5.65it/s]
  5%|▌         | 36/693 [00:10<02:07,  5.17it/s]
  5%|▌         | 37/693 [00:10<02:15,  4.84it/s]
  5%|▌         | 38/693 [00:10<02:21,  4.62it/s]
  6%|▌         | 39/693 [00:11<02:25,  4.50it/s]
  6%|▌         | 40/693 [00:11<02:28,  4.39it/s]
  6%|▌         | 41/693 [00:11<02:30,  4.32it/s]
  6%|▌         | 42/693 [00:11<02:29,  4.35it/s]
  6%|▌         | 43/693 [00:12<02:29,  4.33it/s]
  6%|▋         | 44/693 [00:12<02:30,  4.30it/s]
  6%|▋         | 45/693 [00:12<02:31,  4.27it/s]
  7%|▋         | 46/693 [00:12<02:26,  4.43it/s]
  7%|▋         | 47/693 [00:12<02:07,  5.06it/s]
  7%|▋         | 48/693 [00:13<02:02,  5.26it/s]
  7%|▋         | 49/693 [00:13<02:10,  4.93it/s]
  7%|▋         | 50/693 [00:13<02:18,  4.64it/s]
  7%|▋         | 51/693 [00:13<02:22,  4.51it/s]
  8%|▊         | 52/693 [00:14<02:25,  4.42it/s]
  8%|▊         | 53/693 [00:14<02:27,  4.33it/s]
  8%|▊         | 54/693 [00:14<02:29,  4.28it/s]
  8%|▊         | 55/693 [00:14<02:24,  4.41it/s]
  8%|▊         | 56/693 [00:14<02:26,  4.35it/s]
  8%|▊         | 57/693 [00:15<02:26,  4.33it/s]
  8%|▊         | 58/693 [00:15<02:27,  4.30it/s]
  9%|▊         | 59/693 [00:15<02:14,  4.73it/s]
  9%|▊         | 60/693 [00:15<02:00,  5.26it/s]
  9%|▉         | 61/693 [00:15<02:06,  4.98it/s]
  9%|▉         | 62/693 [00:16<02:13,  4.72it/s]
  9%|▉         | 63/693 [00:16<02:18,  4.55it/s]
  9%|▉         | 64/693 [00:16<02:21,  4.43it/s]
  9%|▉         | 65/693 [00:16<02:23,  4.38it/s]
 10%|▉         | 66/693 [00:17<02:24,  4.33it/s]
 10%|▉         | 67/693 [00:17<02:21,  4.41it/s]
 10%|▉         | 68/693 [00:17<02:23,  4.35it/s]
 10%|▉         | 69/693 [00:17<02:24,  4.33it/s]
 10%|█         | 70/693 [00:18<02:24,  4.31it/s]
 10%|█         | 71/693 [00:18<02:18,  4.48it/s]
 10%|█         | 72/693 [00:18<02:02,  5.05it/s]
 11%|█         | 73/693 [00:18<01:52,  5.49it/s]
 11%|█         | 74/693 [00:18<02:02,  5.04it/s]
 11%|█         | 75/693 [00:19<02:10,  4.74it/s]
 11%|█         | 76/693 [00:19<02:14,  4.60it/s]
 11%|█         | 77/693 [00:19<02:18,  4.44it/s]
 11%|█▏        | 78/693 [00:19<02:21,  4.36it/s]
 11%|█▏        | 79/693 [00:20<02:22,  4.30it/s]
 12%|█▏        | 80/693 [00:20<02:16,  4.49it/s]
 12%|█▏        | 81/693 [00:20<02:19,  4.40it/s]
 12%|█▏        | 82/693 [00:20<02:21,  4.33it/s]
 12%|█▏        | 83/693 [00:20<02:21,  4.30it/s]
 12%|█▏        | 84/693 [00:21<02:15,  4.51it/s]
 12%|█▏        | 85/693 [00:21<01:57,  5.16it/s]
 12%|█▏        | 86/693 [00:21<01:53,  5.33it/s]
 13%|█▎        | 87/693 [00:21<02:02,  4.94it/s]
 13%|█▎        | 88/693 [00:21<02:08,  4.70it/s]
 13%|█▎        | 89/693 [00:22<02:13,  4.54it/s]
 13%|█▎        | 90/693 [00:22<02:16,  4.41it/s]
 13%|█▎        | 91/693 [00:22<02:17,  4.37it/s]
 13%|█▎        | 92/693 [00:22<02:19,  4.32it/s]
 13%|█▎        | 93/693 [00:23<02:16,  4.38it/s]
 14%|█▎        | 94/693 [00:23<02:18,  4.33it/s]
 14%|█▎        | 95/693 [00:23<02:18,  4.32it/s]
 14%|█▍        | 96/693 [00:23<02:19,  4.29it/s]
 14%|█▍        | 97/693 [00:23<02:06,  4.73it/s]
 14%|█▍        | 98/693 [00:24<01:54,  5.20it/s]
 14%|█▍        | 99/693 [00:24<02:01,  4.90it/s]
 14%|█▍        | 100/693 [00:24<02:06,  4.67it/s]
 15%|█▍        | 101/693 [00:24<02:10,  4.52it/s]
 15%|█▍        | 102/693 [00:25<02:13,  4.43it/s]
 15%|█▍        | 103/693 [00:25<02:15,  4.36it/s]
 15%|█▌        | 104/693 [00:25<02:16,  4.30it/s]
 15%|█▌        | 105/693 [00:25<02:14,  4.39it/s]
 15%|█▌        | 106/693 [00:25<02:15,  4.34it/s]
 15%|█▌        | 107/693 [00:26<02:16,  4.31it/s]
 16%|█▌        | 108/693 [00:26<02:16,  4.29it/s]
 16%|█▌        | 109/693 [00:26<02:11,  4.44it/s]
 16%|█▌        | 110/693 [00:26<01:55,  5.04it/s]
 16%|█▌        | 111/693 [00:26<01:48,  5.34it/s]
 16%|█▌        | 112/693 [00:27<01:57,  4.94it/s]
 16%|█▋        | 113/693 [00:27<02:03,  4.70it/s]
 16%|█▋        | 114/693 [00:27<02:07,  4.55it/s]
 17%|█▋        | 115/693 [00:27<02:10,  4.44it/s]
 17%|█▋        | 116/693 [00:28<02:11,  4.37it/s]
 17%|█▋        | 117/693 [00:28<02:12,  4.34it/s]
 17%|█▋        | 118/693 [00:28<02:11,  4.36it/s]
 17%|█▋        | 119/693 [00:28<02:13,  4.31it/s]
 17%|█▋        | 120/693 [00:29<02:13,  4.29it/s]
 17%|█▋        | 121/693 [00:29<02:14,  4.26it/s]
 18%|█▊        | 122/693 [00:29<02:01,  4.70it/s]
 18%|█▊        | 123/693 [00:29<01:47,  5.29it/s]
 18%|█▊        | 124/693 [00:29<01:55,  4.94it/s]
 18%|█▊        | 125/693 [00:30<02:01,  4.69it/s]
 18%|█▊        | 126/693 [00:30<02:04,  4.54it/s]
 18%|█▊        | 127/693 [00:30<02:07,  4.43it/s]
 18%|█▊        | 128/693 [00:30<02:09,  4.35it/s]
 19%|█▊        | 129/693 [00:31<02:11,  4.30it/s]
 19%|█▉        | 130/693 [00:31<02:11,  4.28it/s]
 19%|█▉        | 131/693 [00:31<02:11,  4.26it/s]
 19%|█▉        | 132/693 [00:31<02:11,  4.25it/s]
 19%|█▉        | 133/693 [00:31<02:11,  4.27it/s]
 19%|█▉        | 134/693 [00:32<02:04,  4.49it/s]
 19%|█▉        | 135/693 [00:32<01:48,  5.15it/s]
 20%|█▉        | 136/693 [00:32<01:41,  5.48it/s]
 20%|█▉        | 137/693 [00:32<01:49,  5.07it/s]
 20%|█▉        | 138/693 [00:32<01:55,  4.80it/s]
 20%|██        | 139/693 [00:33<02:00,  4.61it/s]
 20%|██        | 140/693 [00:33<02:03,  4.49it/s]
 20%|██        | 141/693 [00:33<02:05,  4.40it/s]
 20%|██        | 142/693 [00:33<02:06,  4.35it/s]
 21%|██        | 143/693 [00:34<02:03,  4.47it/s]
 21%|██        | 144/693 [00:34<02:04,  4.40it/s]
 21%|██        | 145/693 [00:34<02:06,  4.35it/s]
 21%|██        | 146/693 [00:34<02:06,  4.31it/s]
 21%|██        | 147/693 [00:34<02:01,  4.51it/s]
 21%|██▏       | 148/693 [00:35<01:46,  5.10it/s]
 22%|██▏       | 149/693 [00:35<01:35,  5.68it/s]
 22%|██▏       | 150/693 [00:35<01:43,  5.22it/s]
 22%|██▏       | 151/693 [00:35<01:51,  4.87it/s]
 22%|██▏       | 152/693 [00:35<01:56,  4.65it/s]
 22%|██▏       | 153/693 [00:36<01:59,  4.51it/s]
 22%|██▏       | 154/693 [00:36<02:01,  4.44it/s]
 22%|██▏       | 155/693 [00:36<02:03,  4.37it/s]
 23%|██▎       | 156/693 [00:36<02:03,  4.33it/s]
 23%|██▎       | 157/693 [00:37<02:03,  4.33it/s]
 23%|██▎       | 158/693 [00:37<02:03,  4.33it/s]
 23%|██▎       | 159/693 [00:37<02:04,  4.29it/s]
 23%|██▎       | 160/693 [00:37<01:59,  4.44it/s]
 23%|██▎       | 161/693 [00:37<01:43,  5.14it/s]
 23%|██▎       | 162/693 [00:38<01:33,  5.69it/s]
 24%|██▎       | 163/693 [00:38<01:37,  5.42it/s]
 24%|██▎       | 164/693 [00:38<01:44,  5.04it/s]
 24%|██▍       | 165/693 [00:38<01:50,  4.76it/s]
 24%|██▍       | 166/693 [00:38<01:54,  4.61it/s]
 24%|██▍       | 167/693 [00:39<01:57,  4.46it/s]
 24%|██▍       | 168/693 [00:39<01:58,  4.42it/s]
 24%|██▍       | 169/693 [00:39<01:57,  4.45it/s]
 25%|██▍       | 170/693 [00:39<01:54,  4.55it/s]
 25%|██▍       | 171/693 [00:40<01:58,  4.41it/s]
 25%|██▍       | 172/693 [00:40<01:59,  4.36it/s]
 25%|██▍       | 173/693 [00:40<02:01,  4.29it/s]
 25%|██▌       | 174/693 [00:40<01:49,  4.74it/s]
 25%|██▌       | 175/693 [00:40<01:36,  5.38it/s]
 25%|██▌       | 176/693 [00:41<01:36,  5.33it/s]
 26%|██▌       | 177/693 [00:41<01:44,  4.93it/s]
 26%|██▌       | 178/693 [00:41<01:50,  4.68it/s]
 26%|██▌       | 179/693 [00:41<01:53,  4.51it/s]
 26%|██▌       | 180/693 [00:42<01:55,  4.43it/s]
 26%|██▌       | 181/693 [00:42<01:57,  4.34it/s]
 26%|██▋       | 182/693 [00:42<01:56,  4.38it/s]
 26%|██▋       | 183/693 [00:42<01:53,  4.48it/s]
 27%|██▋       | 184/693 [00:42<01:56,  4.39it/s]
 27%|██▋       | 185/693 [00:43<01:57,  4.31it/s]
 27%|██▋       | 186/693 [00:43<01:58,  4.29it/s]
 27%|██▋       | 187/693 [00:43<01:45,  4.82it/s]
 27%|██▋       | 188/693 [00:43<01:36,  5.23it/s]
 27%|██▋       | 189/693 [00:43<01:43,  4.85it/s]
 27%|██▋       | 190/693 [00:44<01:49,  4.60it/s]
 28%|██▊       | 191/693 [00:44<01:52,  4.46it/s]
 28%|██▊       | 192/693 [00:44<01:55,  4.35it/s]
 28%|██▊       | 193/693 [00:44<01:56,  4.31it/s]
 28%|██▊       | 194/693 [00:45<01:56,  4.27it/s]
 28%|██▊       | 195/693 [00:45<01:53,  4.37it/s]
 28%|██▊       | 196/693 [00:45<01:55,  4.32it/s]
 28%|██▊       | 197/693 [00:45<01:55,  4.29it/s]
 29%|██▊       | 198/693 [00:46<01:55,  4.27it/s]
 29%|██▊       | 199/693 [00:46<01:45,  4.68it/s]
 29%|██▉       | 200/693 [00:46<01:35,  5.16it/s]
 29%|██▉       | 201/693 [00:46<01:40,  4.88it/s]
 29%|██▉       | 202/693 [00:46<01:46,  4.60it/s]
 29%|██▉       | 203/693 [00:47<01:49,  4.48it/s]
 29%|██▉       | 204/693 [00:47<01:51,  4.38it/s]
 30%|██▉       | 205/693 [00:47<01:52,  4.33it/s]
 30%|██▉       | 206/693 [00:47<01:54,  4.26it/s]
 30%|██▉       | 207/693 [00:48<01:49,  4.43it/s]
 30%|███       | 208/693 [00:48<01:51,  4.36it/s]
 30%|███       | 209/693 [00:48<01:51,  4.34it/s]
 30%|███       | 210/693 [00:48<01:51,  4.31it/s]
 30%|███       | 211/693 [00:48<01:47,  4.50it/s]
 31%|███       | 212/693 [00:49<01:35,  5.06it/s]
 31%|███       | 213/693 [00:49<01:28,  5.41it/s]
 31%|███       | 214/693 [00:49<01:36,  4.98it/s]
 31%|███       | 215/693 [00:49<01:41,  4.71it/s]
 31%|███       | 216/693 [00:49<01:44,  4.56it/s]
 31%|███▏      | 217/693 [00:50<01:46,  4.45it/s]
 31%|███▏      | 218/693 [00:50<01:48,  4.37it/s]
 32%|███▏      | 219/693 [00:50<01:49,  4.32it/s]
 32%|███▏      | 220/693 [00:50<01:47,  4.41it/s]
 32%|███▏      | 221/693 [00:51<01:49,  4.31it/s]
 32%|███▏      | 222/693 [00:51<01:49,  4.31it/s]
 32%|███▏      | 223/693 [00:51<01:49,  4.30it/s]
 32%|███▏      | 224/693 [00:51<01:42,  4.56it/s]
 32%|███▏      | 225/693 [00:51<01:29,  5.23it/s]
 33%|███▎      | 226/693 [00:52<01:23,  5.57it/s]
 33%|███▎      | 227/693 [00:52<01:32,  5.06it/s]
 33%|███▎      | 228/693 [00:52<01:37,  4.76it/s]
 33%|███▎      | 229/693 [00:52<01:42,  4.55it/s]
 33%|███▎      | 230/693 [00:53<01:44,  4.43it/s]
 33%|███▎      | 231/693 [00:53<01:46,  4.36it/s]
 33%|███▎      | 232/693 [00:53<01:47,  4.29it/s]
 34%|███▎      | 233/693 [00:53<01:45,  4.37it/s]
 34%|███▍      | 234/693 [00:53<01:46,  4.31it/s]
 34%|███▍      | 235/693 [00:54<01:46,  4.31it/s]
 34%|███▍      | 236/693 [00:54<01:46,  4.29it/s]
 34%|███▍      | 237/693 [00:54<01:38,  4.63it/s]
 34%|███▍      | 238/693 [00:54<01:27,  5.19it/s]
 34%|███▍      | 239/693 [00:54<01:20,  5.64it/s]
 35%|███▍      | 240/693 [00:55<01:28,  5.12it/s]
 35%|███▍      | 241/693 [00:55<01:33,  4.81it/s]
 35%|███▍      | 242/693 [00:55<01:37,  4.62it/s]
 35%|███▌      | 243/693 [00:55<01:39,  4.50it/s]
 35%|███▌      | 244/693 [00:56<01:41,  4.42it/s]
 35%|███▌      | 245/693 [00:56<01:42,  4.35it/s]
 35%|███▌      | 246/693 [00:56<01:40,  4.45it/s]
 36%|███▌      | 247/693 [00:56<01:41,  4.40it/s]
 36%|███▌      | 248/693 [00:56<01:42,  4.36it/s]
 36%|███▌      | 249/693 [00:57<01:42,  4.32it/s]
 36%|███▌      | 250/693 [00:57<01:38,  4.50it/s]
 36%|███▌      | 251/693 [00:57<01:26,  5.13it/s]
 36%|███▋      | 252/693 [00:57<01:20,  5.50it/s]
 37%|███▋      | 253/693 [00:57<01:27,  5.04it/s]
 37%|███▋      | 254/693 [00:58<01:32,  4.75it/s]
 37%|███▋      | 255/693 [00:58<01:35,  4.56it/s]
 37%|███▋      | 256/693 [00:58<01:37,  4.48it/s]
 37%|███▋      | 257/693 [00:58<01:39,  4.38it/s]
 37%|███▋      | 258/693 [00:59<01:40,  4.34it/s]
 37%|███▋      | 259/693 [00:59<01:39,  4.35it/s]
 38%|███▊      | 260/693 [00:59<01:40,  4.29it/s]
 38%|███▊      | 261/693 [00:59<01:40,  4.30it/s]
 38%|███▊      | 262/693 [01:00<01:40,  4.29it/s]
 38%|███▊      | 263/693 [01:00<01:32,  4.64it/s]
 38%|███▊      | 264/693 [01:00<01:23,  5.16it/s]
 38%|███▊      | 265/693 [01:00<01:24,  5.06it/s]
 38%|███▊      | 266/693 [01:00<01:29,  4.78it/s]
 39%|███▊      | 267/693 [01:01<01:32,  4.59it/s]
 39%|███▊      | 268/693 [01:01<01:34,  4.49it/s]
 39%|███▉      | 269/693 [01:01<01:36,  4.38it/s]
 39%|███▉      | 270/693 [01:01<01:37,  4.32it/s]
 39%|███▉      | 271/693 [01:01<01:37,  4.35it/s]
 39%|███▉      | 272/693 [01:02<01:37,  4.30it/s]
 39%|███▉      | 273/693 [01:02<01:38,  4.28it/s]
 40%|███▉      | 274/693 [01:02<01:38,  4.26it/s]
 40%|███▉      | 275/693 [01:02<01:34,  4.41it/s]
 40%|███▉      | 276/693 [01:03<01:24,  4.94it/s]
 40%|███▉      | 277/693 [01:03<01:17,  5.34it/s]
 40%|████      | 278/693 [01:03<01:24,  4.94it/s]
 40%|████      | 279/693 [01:03<01:28,  4.70it/s]
 40%|████      | 280/693 [01:03<01:30,  4.55it/s]
 41%|████      | 281/693 [01:04<01:32,  4.45it/s]
 41%|████      | 282/693 [01:04<01:33,  4.39it/s]
 41%|████      | 283/693 [01:04<01:34,  4.35it/s]
 41%|████      | 284/693 [01:04<01:30,  4.52it/s]
 41%|████      | 285/693 [01:05<01:31,  4.44it/s]
 41%|████▏     | 286/693 [01:05<01:32,  4.38it/s]
 41%|████▏     | 287/693 [01:05<01:33,  4.35it/s]
 42%|████▏     | 288/693 [01:05<01:29,  4.51it/s]
 42%|████▏     | 289/693 [01:05<01:18,  5.16it/s]
 42%|████▏     | 290/693 [01:06<01:13,  5.51it/s]
 42%|████▏     | 291/693 [01:06<01:19,  5.09it/s]
 42%|████▏     | 292/693 [01:06<01:23,  4.78it/s]
 42%|████▏     | 293/693 [01:06<01:27,  4.59it/s]
 42%|████▏     | 294/693 [01:06<01:29,  4.47it/s]
 43%|████▎     | 295/693 [01:07<01:30,  4.38it/s]
 43%|████▎     | 296/693 [01:07<01:31,  4.33it/s]
 43%|████▎     | 297/693 [01:07<01:29,  4.43it/s]
 43%|████▎     | 298/693 [01:07<01:30,  4.37it/s]
 43%|████▎     | 299/693 [01:08<01:56,  3.37it/s]
 43%|████▎     | 300/693 [01:08<01:38,  3.99it/s]
 43%|████▎     | 301/693 [01:08<01:33,  4.20it/s]
 44%|████▎     | 302/693 [01:08<01:32,  4.24it/s]
 44%|████▎     | 303/693 [01:09<01:32,  4.21it/s]
 44%|████▍     | 304/693 [01:09<01:31,  4.23it/s]
 44%|████▍     | 305/693 [01:09<01:31,  4.23it/s]
 44%|████▍     | 306/693 [01:09<01:31,  4.23it/s]
 44%|████▍     | 307/693 [01:10<01:29,  4.33it/s]
 44%|████▍     | 308/693 [01:10<01:29,  4.30it/s]
 45%|████▍     | 309/693 [01:10<01:29,  4.28it/s]
 45%|████▍     | 310/693 [01:10<01:30,  4.25it/s]
 45%|████▍     | 311/693 [01:11<01:27,  4.35it/s]
 45%|████▌     | 312/693 [01:11<01:17,  4.95it/s]
 45%|████▌     | 313/693 [01:11<01:10,  5.38it/s]
 45%|████▌     | 314/693 [01:11<01:15,  5.01it/s]
 45%|████▌     | 315/693 [01:11<01:19,  4.75it/s]
 46%|████▌     | 316/693 [01:12<01:22,  4.56it/s]
 46%|████▌     | 317/693 [01:12<01:24,  4.45it/s]
 46%|████▌     | 318/693 [01:12<01:25,  4.37it/s]
 46%|████▌     | 319/693 [01:12<01:26,  4.31it/s]
 46%|████▌     | 320/693 [01:12<01:23,  4.48it/s]
 46%|████▋     | 321/693 [01:13<01:24,  4.40it/s]
 46%|████▋     | 322/693 [01:13<01:24,  4.37it/s]
 47%|████▋     | 323/693 [01:13<01:25,  4.33it/s]
 47%|████▋     | 324/693 [01:13<01:21,  4.50it/s]
 47%|████▋     | 325/693 [01:13<01:11,  5.15it/s]
 47%|████▋     | 326/693 [01:14<01:06,  5.51it/s]
 47%|████▋     | 327/693 [01:14<01:12,  5.04it/s]
 47%|████▋     | 328/693 [01:14<01:16,  4.76it/s]
 47%|████▋     | 329/693 [01:14<01:19,  4.58it/s]
 48%|████▊     | 330/693 [01:15<01:21,  4.47it/s]
 48%|████▊     | 331/693 [01:15<01:22,  4.39it/s]
 48%|████▊     | 332/693 [01:15<01:23,  4.35it/s]
 48%|████▊     | 333/693 [01:15<01:22,  4.36it/s]
 48%|████▊     | 334/693 [01:15<01:22,  4.34it/s]
 48%|████▊     | 335/693 [01:16<01:23,  4.29it/s]
 48%|████▊     | 336/693 [01:16<01:23,  4.28it/s]
 49%|████▊     | 337/693 [01:16<01:17,  4.59it/s]
 49%|████▉     | 338/693 [01:16<01:09,  5.11it/s]
 49%|████▉     | 339/693 [01:16<01:09,  5.09it/s]
 49%|████▉     | 340/693 [01:17<01:13,  4.81it/s]
 49%|████▉     | 341/693 [01:17<01:16,  4.57it/s]
 49%|████▉     | 342/693 [01:17<01:18,  4.46it/s]
 49%|████▉     | 343/693 [01:17<01:19,  4.38it/s]
 50%|████▉     | 344/693 [01:18<01:20,  4.32it/s]
 50%|████▉     | 345/693 [01:18<01:17,  4.46it/s]
 50%|████▉     | 346/693 [01:18<01:18,  4.43it/s]
 50%|█████     | 347/693 [01:18<01:19,  4.37it/s]
 50%|█████     | 348/693 [01:19<01:19,  4.32it/s]
 50%|█████     | 349/693 [01:19<01:19,  4.32it/s]
 51%|█████     | 350/693 [01:19<01:10,  4.86it/s]
 51%|█████     | 351/693 [01:19<01:02,  5.45it/s]
 51%|█████     | 352/693 [01:19<01:07,  5.07it/s]
 51%|█████     | 353/693 [01:20<01:11,  4.74it/s]
 51%|█████     | 354/693 [01:20<01:15,  4.50it/s]
 51%|█████     | 355/693 [01:20<01:16,  4.41it/s]
 51%|█████▏    | 356/693 [01:20<01:18,  4.31it/s]
 52%|█████▏    | 357/693 [01:21<01:18,  4.29it/s]
 52%|█████▏    | 358/693 [01:21<01:16,  4.35it/s]
 52%|█████▏    | 359/693 [01:21<01:16,  4.37it/s]
 52%|█████▏    | 360/693 [01:21<01:16,  4.33it/s]
 52%|█████▏    | 361/693 [01:21<01:18,  4.26it/s]
 52%|█████▏    | 362/693 [01:22<01:14,  4.43it/s]
 52%|█████▏    | 363/693 [01:22<01:06,  4.97it/s]
 53%|█████▎    | 364/693 [01:22<01:03,  5.20it/s]
 53%|█████▎    | 365/693 [01:22<01:07,  4.87it/s]
 53%|█████▎    | 366/693 [01:22<01:10,  4.66it/s]
 53%|█████▎    | 367/693 [01:23<01:12,  4.50it/s]
 53%|█████▎    | 368/693 [01:23<01:13,  4.41it/s]
 53%|█████▎    | 369/693 [01:23<01:15,  4.31it/s]
 53%|█████▎    | 370/693 [01:23<01:15,  4.25it/s]
 54%|█████▎    | 371/693 [01:24<01:11,  4.48it/s]
 54%|█████▎    | 372/693 [01:24<01:12,  4.46it/s]
 54%|█████▍    | 373/693 [01:24<01:12,  4.39it/s]
 54%|█████▍    | 374/693 [01:24<01:13,  4.33it/s]
 54%|█████▍    | 375/693 [01:24<01:07,  4.73it/s]
 54%|█████▍    | 376/693 [01:25<01:01,  5.20it/s]
 54%|█████▍    | 377/693 [01:25<01:05,  4.80it/s]
 55%|█████▍    | 378/693 [01:25<01:09,  4.54it/s]
 55%|█████▍    | 379/693 [01:25<01:10,  4.44it/s]
 55%|█████▍    | 380/693 [01:26<01:11,  4.36it/s]
 55%|█████▍    | 381/693 [01:26<01:12,  4.33it/s]
 55%|█████▌    | 382/693 [01:26<01:12,  4.30it/s]
 55%|█████▌    | 383/693 [01:26<01:11,  4.31it/s]
 55%|█████▌    | 384/693 [01:27<01:12,  4.27it/s]
 56%|█████▌    | 385/693 [01:27<01:13,  4.21it/s]
 56%|█████▌    | 386/693 [01:27<01:13,  4.20it/s]
 56%|█████▌    | 387/693 [01:27<01:08,  4.46it/s]
 56%|█████▌    | 388/693 [01:27<01:01,  4.93it/s]
 56%|█████▌    | 389/693 [01:28<01:02,  4.90it/s]
 56%|█████▋    | 390/693 [01:28<01:04,  4.70it/s]
 56%|█████▋    | 391/693 [01:28<01:06,  4.53it/s]
 57%|█████▋    | 392/693 [01:28<01:08,  4.43it/s]
 57%|█████▋    | 393/693 [01:29<01:09,  4.30it/s]
 57%|█████▋    | 394/693 [01:29<01:10,  4.25it/s]
 57%|█████▋    | 395/693 [01:29<01:08,  4.35it/s]
 57%|█████▋    | 396/693 [01:29<01:09,  4.28it/s]
 57%|█████▋    | 397/693 [01:29<01:08,  4.30it/s]
 57%|█████▋    | 398/693 [01:30<01:08,  4.28it/s]
 58%|█████▊    | 399/693 [01:30<01:05,  4.51it/s]
 58%|█████▊    | 400/693 [01:30<00:58,  5.05it/s]
 58%|█████▊    | 401/693 [01:30<00:53,  5.45it/s]
 58%|█████▊    | 402/693 [01:30<00:57,  5.02it/s]
 58%|█████▊    | 403/693 [01:31<01:01,  4.74it/s]
 58%|█████▊    | 404/693 [01:31<01:03,  4.57it/s]
 58%|█████▊    | 405/693 [01:31<01:04,  4.46it/s]
 59%|█████▊    | 406/693 [01:31<01:05,  4.39it/s]
 59%|█████▊    | 407/693 [01:32<01:06,  4.33it/s]
 59%|█████▉    | 408/693 [01:32<01:03,  4.49it/s]
 59%|█████▉    | 409/693 [01:32<01:04,  4.41it/s]
 59%|█████▉    | 410/693 [01:32<01:05,  4.35it/s]
 59%|█████▉    | 411/693 [01:33<01:05,  4.32it/s]
 59%|█████▉    | 412/693 [01:33<01:02,  4.51it/s]
 60%|█████▉    | 413/693 [01:33<00:54,  5.17it/s]
 60%|█████▉    | 414/693 [01:33<00:50,  5.47it/s]
 60%|█████▉    | 415/693 [01:33<00:55,  5.02it/s]
 60%|██████    | 416/693 [01:33<00:58,  4.74it/s]
 60%|██████    | 417/693 [01:34<01:00,  4.57it/s]
 60%|██████    | 418/693 [01:34<01:01,  4.46it/s]
 60%|██████    | 419/693 [01:34<01:02,  4.39it/s]
 61%|██████    | 420/693 [01:34<01:02,  4.33it/s]
 61%|██████    | 421/693 [01:35<01:02,  4.35it/s]
 61%|██████    | 422/693 [01:35<01:02,  4.32it/s]
 61%|██████    | 423/693 [01:35<01:02,  4.31it/s]
 61%|██████    | 424/693 [01:35<01:02,  4.29it/s]
 61%|██████▏   | 425/693 [01:36<00:58,  4.61it/s]
 61%|██████▏   | 426/693 [01:36<00:51,  5.20it/s]
 62%|██████▏   | 427/693 [01:36<00:47,  5.54it/s]
 62%|██████▏   | 428/693 [01:36<00:52,  5.07it/s]
 62%|██████▏   | 429/693 [01:36<00:55,  4.77it/s]
 62%|██████▏   | 430/693 [01:37<00:57,  4.59it/s]
 62%|██████▏   | 431/693 [01:37<00:58,  4.49it/s]
 62%|██████▏   | 432/693 [01:37<00:59,  4.40it/s]
 62%|██████▏   | 433/693 [01:37<01:00,  4.32it/s]
 63%|██████▎   | 434/693 [01:37<00:59,  4.38it/s]
 63%|██████▎   | 435/693 [01:38<00:59,  4.32it/s]
 63%|██████▎   | 436/693 [01:40<03:11,  1.34it/s]
 63%|██████▎   | 437/693 [01:40<02:27,  1.74it/s]
 63%|██████▎   | 438/693 [01:40<02:01,  2.10it/s]
 63%|██████▎   | 439/693 [01:40<01:42,  2.47it/s]
 63%|██████▎   | 440/693 [01:41<01:30,  2.81it/s]
 64%|██████▎   | 441/693 [01:41<01:20,  3.12it/s]
 64%|██████▍   | 442/693 [01:41<01:14,  3.37it/s]
 64%|██████▍   | 443/693 [01:41<01:09,  3.61it/s]
 64%|██████▍   | 444/693 [01:41<01:03,  3.90it/s]
 64%|██████▍   | 445/693 [01:42<01:02,  3.99it/s]
 64%|██████▍   | 446/693 [01:42<01:01,  4.04it/s]
 65%|██████▍   | 447/693 [01:42<01:00,  4.09it/s]
 65%|██████▍   | 448/693 [01:42<00:53,  4.57it/s]
 65%|██████▍   | 449/693 [01:43<00:47,  5.14it/s]
 65%|██████▍   | 450/693 [01:43<00:49,  4.92it/s]
 65%|██████▌   | 451/693 [01:43<00:51,  4.69it/s]
 65%|██████▌   | 452/693 [01:43<00:53,  4.51it/s]
 65%|██████▌   | 453/693 [01:43<00:54,  4.41it/s]
 66%|██████▌   | 454/693 [01:44<00:55,  4.31it/s]
 66%|██████▌   | 455/693 [01:44<00:55,  4.27it/s]
 66%|██████▌   | 456/693 [01:44<00:54,  4.36it/s]
 66%|██████▌   | 457/693 [01:44<00:54,  4.33it/s]
 66%|██████▌   | 458/693 [01:45<00:55,  4.26it/s]
 66%|██████▌   | 459/693 [01:45<00:54,  4.26it/s]
 66%|██████▋   | 460/693 [01:45<00:52,  4.40it/s]
 67%|██████▋   | 461/693 [01:45<00:48,  4.79it/s]
 67%|██████▋   | 462/693 [01:45<00:50,  4.57it/s]
 67%|██████▋   | 463/693 [01:46<00:51,  4.44it/s]
 67%|██████▋   | 464/693 [01:46<00:53,  4.32it/s]
 67%|██████▋   | 465/693 [01:46<00:52,  4.30it/s]
 67%|██████▋   | 466/693 [01:46<00:53,  4.28it/s]
 67%|██████▋   | 467/693 [01:47<00:53,  4.26it/s]
 68%|██████▊   | 468/693 [01:47<00:52,  4.31it/s]
 68%|██████▊   | 469/693 [01:47<00:52,  4.27it/s]
 68%|██████▊   | 470/693 [01:47<00:52,  4.27it/s]
 68%|██████▊   | 471/693 [01:48<00:52,  4.26it/s]
 68%|██████▊   | 472/693 [01:48<00:47,  4.63it/s]
 68%|██████▊   | 473/693 [01:48<00:41,  5.26it/s]
 68%|██████▊   | 474/693 [01:48<00:42,  5.13it/s]
 69%|██████▊   | 475/693 [01:48<00:44,  4.85it/s]
 69%|██████▊   | 476/693 [01:49<00:46,  4.66it/s]
 69%|██████▉   | 477/693 [01:49<00:47,  4.51it/s]
 69%|██████▉   | 478/693 [01:49<00:48,  4.42it/s]
 69%|██████▉   | 479/693 [01:49<00:49,  4.36it/s]
 69%|██████▉   | 480/693 [01:50<00:48,  4.37it/s]
 69%|██████▉   | 481/693 [01:50<00:46,  4.54it/s]
 70%|██████▉   | 482/693 [01:50<00:47,  4.42it/s]
 70%|██████▉   | 483/693 [01:50<00:47,  4.38it/s]
 70%|██████▉   | 484/693 [01:50<00:48,  4.34it/s]
 70%|██████▉   | 485/693 [01:51<00:43,  4.83it/s]
 70%|███████   | 486/693 [01:51<00:38,  5.32it/s]
 70%|███████   | 487/693 [01:51<00:41,  5.02it/s]
 70%|███████   | 488/693 [01:51<00:43,  4.75it/s]
 71%|███████   | 489/693 [01:51<00:44,  4.58it/s]
 71%|███████   | 490/693 [01:52<00:45,  4.47it/s]
 71%|███████   | 491/693 [01:52<00:46,  4.38it/s]
 71%|███████   | 492/693 [01:52<00:46,  4.34it/s]
 71%|███████   | 493/693 [01:52<00:45,  4.36it/s]
 71%|███████▏  | 494/693 [01:53<00:45,  4.34it/s]
 71%|███████▏  | 495/693 [01:53<00:46,  4.30it/s]
 72%|███████▏  | 496/693 [01:53<00:45,  4.29it/s]
 72%|███████▏  | 497/693 [01:53<00:44,  4.44it/s]
 72%|███████▏  | 498/693 [01:53<00:38,  5.01it/s]
 72%|███████▏  | 499/693 [01:54<00:34,  5.56it/s]
 72%|███████▏  | 500/693 [01:54<00:37,  5.11it/s]
 72%|███████▏  | 501/693 [01:54<00:40,  4.78it/s]
 72%|███████▏  | 502/693 [01:54<00:41,  4.64it/s]
 73%|███████▎  | 503/693 [01:54<00:42,  4.50it/s]
 73%|███████▎  | 504/693 [01:55<00:42,  4.44it/s]
 73%|███████▎  | 505/693 [01:55<00:43,  4.37it/s]
 73%|███████▎  | 506/693 [01:55<00:42,  4.40it/s]
 73%|███████▎  | 507/693 [01:55<00:42,  4.37it/s]
 73%|███████▎  | 508/693 [01:56<00:42,  4.33it/s]
 73%|███████▎  | 509/693 [01:56<00:42,  4.32it/s]
 74%|███████▎  | 510/693 [01:56<00:41,  4.44it/s]
 74%|███████▎  | 511/693 [01:56<00:35,  5.15it/s]
 74%|███████▍  | 512/693 [01:56<00:32,  5.65it/s]
 74%|███████▍  | 513/693 [01:57<00:33,  5.38it/s]
 74%|███████▍  | 514/693 [01:57<00:35,  4.98it/s]
 74%|███████▍  | 515/693 [01:57<00:37,  4.72it/s]
 74%|███████▍  | 516/693 [01:57<00:38,  4.55it/s]
 75%|███████▍  | 517/693 [01:58<00:39,  4.46it/s]
 75%|███████▍  | 518/693 [01:58<00:40,  4.35it/s]
 75%|███████▍  | 519/693 [01:58<00:38,  4.48it/s]
 75%|███████▌  | 520/693 [01:58<00:38,  4.46it/s]
 75%|███████▌  | 521/693 [01:58<00:39,  4.39it/s]
 75%|███████▌  | 522/693 [01:59<00:39,  4.35it/s]
 75%|███████▌  | 523/693 [01:59<00:39,  4.33it/s]
 76%|███████▌  | 524/693 [01:59<00:34,  4.89it/s]
 76%|███████▌  | 525/693 [01:59<00:30,  5.49it/s]
 76%|███████▌  | 526/693 [01:59<00:31,  5.29it/s]
 76%|███████▌  | 527/693 [02:00<00:33,  4.91it/s]
 76%|███████▌  | 528/693 [02:00<00:35,  4.68it/s]
 76%|███████▋  | 529/693 [02:00<00:36,  4.54it/s]
 76%|███████▋  | 530/693 [02:00<00:36,  4.43it/s]
 77%|███████▋  | 531/693 [02:01<00:37,  4.36it/s]
 77%|███████▋  | 532/693 [02:01<00:36,  4.43it/s]
 77%|███████▋  | 533/693 [02:01<00:35,  4.51it/s]
 77%|███████▋  | 534/693 [02:01<00:35,  4.42it/s]
 77%|███████▋  | 535/693 [02:01<00:36,  4.36it/s]
 77%|███████▋  | 536/693 [02:02<00:36,  4.35it/s]
 77%|███████▋  | 537/693 [02:02<00:31,  4.89it/s]
 78%|███████▊  | 538/693 [02:02<00:28,  5.38it/s]
 78%|███████▊  | 539/693 [02:02<00:29,  5.15it/s]
 78%|███████▊  | 540/693 [02:02<00:31,  4.81it/s]
 78%|███████▊  | 541/693 [02:03<00:32,  4.62it/s]
 78%|███████▊  | 542/693 [02:03<00:33,  4.48it/s]
 78%|███████▊  | 543/693 [02:03<00:34,  4.40it/s]
 78%|███████▊  | 544/693 [02:03<00:34,  4.34it/s]
 79%|███████▊  | 545/693 [02:04<00:34,  4.33it/s]
 79%|███████▉  | 546/693 [02:04<00:34,  4.31it/s]
 79%|███████▉  | 547/693 [02:04<00:34,  4.29it/s]
 79%|███████▉  | 548/693 [02:04<00:34,  4.26it/s]
 79%|███████▉  | 549/693 [02:05<00:32,  4.42it/s]
 79%|███████▉  | 550/693 [02:05<00:28,  5.00it/s]
 80%|███████▉  | 551/693 [02:05<00:25,  5.49it/s]
 80%|███████▉  | 552/693 [02:05<00:27,  5.07it/s]
 80%|███████▉  | 553/693 [02:05<00:29,  4.77it/s]
 80%|███████▉  | 554/693 [02:06<00:30,  4.62it/s]
 80%|████████  | 555/693 [02:06<00:30,  4.49it/s]
 80%|████████  | 556/693 [02:06<00:30,  4.42it/s]
 80%|████████  | 557/693 [02:06<00:31,  4.36it/s]
 81%|████████  | 558/693 [02:06<00:30,  4.42it/s]
 81%|████████  | 559/693 [02:07<00:30,  4.37it/s]
 81%|████████  | 560/693 [02:07<00:30,  4.36it/s]
 81%|████████  | 561/693 [02:07<00:30,  4.32it/s]
 81%|████████  | 562/693 [02:07<00:29,  4.46it/s]
 81%|████████  | 563/693 [02:07<00:25,  5.17it/s]
 81%|████████▏ | 564/693 [02:08<00:22,  5.68it/s]
 82%|████████▏ | 565/693 [02:08<00:23,  5.47it/s]
 82%|████████▏ | 566/693 [02:08<00:25,  5.06it/s]
 82%|████████▏ | 567/693 [02:08<00:26,  4.77it/s]
 82%|████████▏ | 568/693 [02:09<00:27,  4.62it/s]
 82%|████████▏ | 569/693 [02:09<00:27,  4.49it/s]
 82%|████████▏ | 570/693 [02:09<00:27,  4.42it/s]
 82%|████████▏ | 571/693 [02:09<00:27,  4.45it/s]
 83%|████████▎ | 572/693 [02:09<00:26,  4.59it/s]
 83%|████████▎ | 573/693 [02:10<00:26,  4.45it/s]
 83%|████████▎ | 574/693 [02:10<00:26,  4.41it/s]
 83%|████████▎ | 575/693 [02:10<00:26,  4.38it/s]
 83%|████████▎ | 576/693 [02:10<00:24,  4.84it/s]
 83%|████████▎ | 577/693 [02:10<00:21,  5.50it/s]
 83%|████████▎ | 578/693 [02:11<00:20,  5.61it/s]
 84%|████████▎ | 579/693 [02:11<00:22,  5.08it/s]
 84%|████████▎ | 580/693 [02:11<00:23,  4.81it/s]
 84%|████████▍ | 581/693 [02:11<00:24,  4.64it/s]
 84%|████████▍ | 582/693 [02:11<00:24,  4.53it/s]
 84%|████████▍ | 583/693 [02:12<00:24,  4.41it/s]
 84%|████████▍ | 584/693 [02:12<00:24,  4.39it/s]
 84%|████████▍ | 585/693 [02:12<00:24,  4.41it/s]
 85%|████████▍ | 586/693 [02:12<00:24,  4.39it/s]
 85%|████████▍ | 587/693 [02:13<00:24,  4.35it/s]
 85%|████████▍ | 588/693 [02:13<00:24,  4.34it/s]
 85%|████████▍ | 589/693 [02:13<00:22,  4.70it/s]
 85%|████████▌ | 590/693 [02:13<00:19,  5.33it/s]
 85%|████████▌ | 591/693 [02:13<00:17,  5.84it/s]
 85%|████████▌ | 592/693 [02:14<00:19,  5.27it/s]
 86%|████████▌ | 593/693 [02:14<00:20,  4.89it/s]
 86%|████████▌ | 594/693 [02:14<00:20,  4.71it/s]
 86%|████████▌ | 595/693 [02:14<00:21,  4.54it/s]
 86%|████████▌ | 596/693 [02:14<00:21,  4.47it/s]
 86%|████████▌ | 597/693 [02:15<00:21,  4.37it/s]
 86%|████████▋ | 598/693 [02:15<00:21,  4.42it/s]
 86%|████████▋ | 599/693 [02:15<00:21,  4.36it/s]
 87%|████████▋ | 600/693 [02:15<00:21,  4.33it/s]
 87%|████████▋ | 601/693 [02:16<00:21,  4.30it/s]
 87%|████████▋ | 602/693 [02:16<00:20,  4.46it/s]
 87%|████████▋ | 603/693 [02:16<00:17,  5.12it/s]
 87%|████████▋ | 604/693 [02:16<00:16,  5.46it/s]
 87%|████████▋ | 605/693 [02:16<00:17,  5.03it/s]
 87%|████████▋ | 606/693 [02:17<00:18,  4.76it/s]
 88%|████████▊ | 607/693 [02:17<00:18,  4.57it/s]
 88%|████████▊ | 608/693 [02:17<00:19,  4.45it/s]
 88%|████████▊ | 609/693 [02:17<00:19,  4.37it/s]
 88%|████████▊ | 610/693 [02:18<00:19,  4.33it/s]
 88%|████████▊ | 611/693 [02:18<00:18,  4.35it/s]
 88%|████████▊ | 612/693 [02:18<00:18,  4.29it/s]
 88%|████████▊ | 613/693 [02:18<00:18,  4.27it/s]
 89%|████████▊ | 614/693 [02:19<00:18,  4.26it/s]
 89%|████████▊ | 615/693 [02:19<00:16,  4.64it/s]
 89%|████████▉ | 616/693 [02:19<00:14,  5.17it/s]
 89%|████████▉ | 617/693 [02:19<00:14,  5.10it/s]
 89%|████████▉ | 618/693 [02:19<00:15,  4.84it/s]
 89%|████████▉ | 619/693 [02:19<00:16,  4.62it/s]
 89%|████████▉ | 620/693 [02:20<00:16,  4.49it/s]
 90%|████████▉ | 621/693 [02:20<00:16,  4.41it/s]
 90%|████████▉ | 622/693 [02:20<00:16,  4.35it/s]
 90%|████████▉ | 623/693 [02:20<00:15,  4.45it/s]
 90%|█████████ | 624/693 [02:21<00:15,  4.49it/s]
 90%|█████████ | 625/693 [02:21<00:15,  4.41it/s]
 90%|█████████ | 626/693 [02:21<00:15,  4.35it/s]
 90%|█████████ | 627/693 [02:21<00:15,  4.32it/s]
 91%|█████████ | 628/693 [02:21<00:13,  4.83it/s]
 91%|█████████ | 629/693 [02:22<00:11,  5.40it/s]
 91%|█████████ | 630/693 [02:22<00:12,  4.99it/s]
 91%|█████████ | 631/693 [02:22<00:13,  4.69it/s]
 91%|█████████ | 632/693 [02:22<00:13,  4.54it/s]
 91%|█████████▏| 633/693 [02:23<00:13,  4.44it/s]
 91%|█████████▏| 634/693 [02:23<00:13,  4.38it/s]
 92%|█████████▏| 635/693 [02:23<00:13,  4.32it/s]
 92%|█████████▏| 636/693 [02:23<00:12,  4.41it/s]
 92%|█████████▏| 637/693 [02:24<00:12,  4.33it/s]
 92%|█████████▏| 638/693 [02:24<00:12,  4.31it/s]
 92%|█████████▏| 639/693 [02:24<00:12,  4.28it/s]
 92%|█████████▏| 640/693 [02:24<00:11,  4.49it/s]
 92%|█████████▏| 641/693 [02:24<00:10,  5.16it/s]
 93%|█████████▎| 642/693 [02:24<00:09,  5.42it/s]
 93%|█████████▎| 643/693 [02:25<00:10,  4.98it/s]
 93%|█████████▎| 644/693 [02:25<00:10,  4.73it/s]
 93%|█████████▎| 645/693 [02:25<00:10,  4.55it/s]
 93%|█████████▎| 646/693 [02:25<00:10,  4.44it/s]
 93%|█████████▎| 647/693 [02:26<00:10,  4.37it/s]
 94%|█████████▎| 648/693 [02:26<00:10,  4.33it/s]
 94%|█████████▎| 649/693 [02:26<00:10,  4.35it/s]
 94%|█████████▍| 650/693 [02:26<00:10,  4.30it/s]
 94%|█████████▍| 651/693 [02:27<00:09,  4.29it/s]
 94%|█████████▍| 652/693 [02:27<00:09,  4.28it/s]
 94%|█████████▍| 653/693 [02:27<00:08,  4.63it/s]
 94%|█████████▍| 654/693 [02:27<00:07,  5.13it/s]
 95%|█████████▍| 655/693 [02:27<00:07,  5.05it/s]
 95%|█████████▍| 656/693 [02:28<00:07,  4.78it/s]
 95%|█████████▍| 657/693 [02:28<00:07,  4.58it/s]
 95%|█████████▍| 658/693 [02:28<00:07,  4.46it/s]
 95%|█████████▌| 659/693 [02:28<00:07,  4.40it/s]
 95%|█████████▌| 660/693 [02:29<00:07,  4.33it/s]
 95%|█████████▌| 661/693 [02:29<00:07,  4.33it/s]
 96%|█████████▌| 662/693 [02:29<00:07,  4.30it/s]
 96%|█████████▌| 663/693 [02:29<00:07,  4.28it/s]
 96%|█████████▌| 664/693 [02:29<00:06,  4.27it/s]
 96%|█████████▌| 665/693 [02:30<00:06,  4.40it/s]
 96%|█████████▌| 666/693 [02:30<00:05,  5.04it/s]
 96%|█████████▌| 667/693 [02:30<00:04,  5.69it/s]
 96%|█████████▋| 668/693 [02:30<00:04,  5.37it/s]
 97%|█████████▋| 669/693 [02:30<00:04,  4.96it/s]
 97%|█████████▋| 670/693 [02:31<00:04,  4.67it/s]
 97%|█████████▋| 671/693 [02:31<00:04,  4.51it/s]
 97%|█████████▋| 672/693 [02:31<00:04,  4.44it/s]
 97%|█████████▋| 673/693 [02:31<00:04,  4.36it/s]
 97%|█████████▋| 674/693 [02:32<00:04,  4.50it/s]
 97%|█████████▋| 675/693 [02:32<00:04,  4.49it/s]
 98%|█████████▊| 676/693 [02:32<00:03,  4.42it/s]
 98%|█████████▊| 677/693 [02:32<00:03,  4.38it/s]
 98%|█████████▊| 678/693 [02:32<00:03,  4.33it/s]
 98%|█████████▊| 679/693 [02:33<00:02,  4.96it/s]
 98%|█████████▊| 680/693 [02:33<00:02,  5.44it/s]
 98%|█████████▊| 681/693 [02:33<00:02,  5.15it/s]
 98%|█████████▊| 682/693 [02:33<00:02,  4.84it/s]
 99%|█████████▊| 683/693 [02:33<00:02,  4.62it/s]
 99%|█████████▊| 684/693 [02:34<00:02,  4.50it/s]
 99%|█████████▉| 685/693 [02:34<00:01,  4.43it/s]
 99%|█████████▉| 686/693 [02:34<00:01,  4.36it/s]
 99%|█████████▉| 687/693 [02:34<00:01,  4.34it/s]
 99%|█████████▉| 688/693 [02:35<00:01,  4.32it/s]
 99%|█████████▉| 689/693 [02:35<00:00,  4.30it/s]
100%|█████████▉| 690/693 [02:35<00:00,  4.29it/s]
100%|█████████▉| 691/693 [02:35<00:00,  4.44it/s]
100%|█████████▉| 692/693 [02:35<00:00,  5.04it/s]
100%|██████████| 693/693 [02:36<00:00,  5.67it/s]
100%|██████████| 693/693 [02:36<00:00,  4.44it/s]
Training loss: 0.6353556056215306, KL loss: 0.5110962832558895, Sim loss: 0.00016937421501730794, Exo CLS loss: 0.5586675110435675, 
Noun sim loss: 0.11878773534581774, Part sim loss: 0.1589887412466528, Proto loss: 1.276364074640976, Conc loss: 0.11103500028021236
learning rate:4.542381303883242e-05


  0%|          | 0/168 [00:00<?, ?it/s]
  1%|          | 1/168 [00:00<01:44,  1.59it/s]
  2%|▏         | 4/168 [00:00<00:25,  6.49it/s]
  4%|▎         | 6/168 [00:00<00:19,  8.42it/s]
  5%|▌         | 9/168 [00:01<00:18,  8.55it/s]
  7%|▋         | 11/168 [00:01<00:16,  9.26it/s]
 10%|▉         | 16/168 [00:01<00:09, 15.97it/s]
 11%|█▏        | 19/168 [00:02<00:15,  9.40it/s]
 13%|█▎        | 22/168 [00:02<00:12, 11.52it/s]
 15%|█▍        | 25/168 [00:02<00:13, 10.38it/s]
 16%|█▌        | 27/168 [00:02<00:15,  9.21it/s]
 18%|█▊        | 30/168 [00:03<00:12, 11.48it/s]
 20%|█▉        | 33/168 [00:03<00:09, 13.70it/s]
 21%|██▏       | 36/168 [00:03<00:08, 16.28it/s]
 24%|██▍       | 41/168 [00:03<00:05, 22.11it/s]
 26%|██▌       | 44/168 [00:03<00:05, 23.43it/s]
 28%|██▊       | 47/168 [00:03<00:05, 23.40it/s]
 30%|██▉       | 50/168 [00:03<00:05, 22.76it/s]
 32%|███▏      | 53/168 [00:03<00:05, 22.29it/s]
 33%|███▎      | 56/168 [00:04<00:05, 21.93it/s]
 35%|███▌      | 59/168 [00:04<00:05, 20.62it/s]
 37%|███▋      | 62/168 [00:04<00:04, 21.35it/s]
 39%|███▊      | 65/168 [00:04<00:04, 21.69it/s]
 40%|████      | 68/168 [00:04<00:04, 20.50it/s]
 42%|████▏     | 71/168 [00:04<00:04, 20.97it/s]
 44%|████▍     | 74/168 [00:04<00:04, 21.82it/s]
 46%|████▌     | 77/168 [00:05<00:04, 21.08it/s]
 48%|████▊     | 80/168 [00:05<00:04, 20.80it/s]
 49%|████▉     | 83/168 [00:05<00:04, 21.15it/s]
 51%|█████     | 86/168 [00:05<00:04, 19.30it/s]
 54%|█████▎    | 90/168 [00:05<00:03, 22.73it/s]
 55%|█████▌    | 93/168 [00:06<00:05, 13.95it/s]
 57%|█████▋    | 95/168 [00:06<00:07, 10.22it/s]
 58%|█████▊    | 98/168 [00:06<00:05, 12.38it/s]
 60%|██████    | 101/168 [00:06<00:04, 14.46it/s]
 62%|██████▏   | 104/168 [00:06<00:03, 16.57it/s]
 64%|██████▎   | 107/168 [00:06<00:03, 18.17it/s]
 65%|██████▌   | 110/168 [00:07<00:03, 19.08it/s]
 67%|██████▋   | 113/168 [00:07<00:02, 20.06it/s]
 69%|██████▉   | 116/168 [00:07<00:02, 20.68it/s]
 71%|███████   | 119/168 [00:07<00:02, 21.16it/s]
 73%|███████▎  | 122/168 [00:07<00:02, 21.77it/s]
 76%|███████▌  | 127/168 [00:07<00:01, 27.07it/s]
 78%|███████▊  | 131/168 [00:07<00:01, 28.64it/s]
 80%|███████▉  | 134/168 [00:08<00:01, 26.54it/s]
 82%|████████▏ | 137/168 [00:08<00:01, 24.17it/s]
 83%|████████▎ | 140/168 [00:08<00:01, 24.14it/s]
 85%|████████▌ | 143/168 [00:08<00:01, 24.23it/s]
 87%|████████▋ | 146/168 [00:08<00:00, 23.83it/s]
 89%|████████▊ | 149/168 [00:08<00:00, 23.32it/s]
 90%|█████████ | 152/168 [00:08<00:00, 22.45it/s]
 92%|█████████▏| 155/168 [00:08<00:00, 23.00it/s]
 94%|█████████▍| 158/168 [00:09<00:00, 22.96it/s]
 96%|█████████▌| 161/168 [00:09<00:00, 16.89it/s]
 98%|█████████▊| 164/168 [00:09<00:00, 18.51it/s]
 99%|█████████▉| 167/168 [00:09<00:00, 20.01it/s]
100%|██████████| 168/168 [00:09<00:00, 17.18it/s]
Result on AGD: 
KLD=0.919460654258728, SIM=0.5202718377113342, NSS=1.510124921798706
noun sim: 0.11161742612187352, part sim: 0.15611179691872426
No KLD improvement for 1 epoch(s). Best KLD: 0.8691259026527405, Current KLD: 0.919460654258728
Epoch 8 loss coeffs: kl=0.3, sim=1.0, exo_cls=0.6, noun=0.1, part=0.01, proto=0.1, conc=0.05
============Training Epoch 8============

  0%|          | 0/693 [00:00<?, ?it/s]/mnt/sdb/wyn/envs/clip-env/lib/python3.10/site-packages/torch/_tensor.py:1002: UserWarning: non-inplace resize is deprecated
  warnings.warn("non-inplace resize is deprecated")
/mnt/sdb/wyn/envs/clip-env/lib/python3.10/site-packages/torch/_tensor.py:1002: UserWarning: non-inplace resize is deprecated
  warnings.warn("non-inplace resize is deprecated")
/mnt/sdb/wyn/envs/clip-env/lib/python3.10/site-packages/torch/_tensor.py:1002: UserWarning: non-inplace resize is deprecated
  warnings.warn("non-inplace resize is deprecated")
/mnt/sdb/wyn/envs/clip-env/lib/python3.10/site-packages/torch/_tensor.py:1002: UserWarning: non-inplace resize is deprecated
  warnings.warn("non-inplace resize is deprecated")
/mnt/sdb/wyn/envs/clip-env/lib/python3.10/site-packages/torch/_tensor.py:1002: UserWarning: non-inplace resize is deprecated
  warnings.warn("non-inplace resize is deprecated")
/mnt/sdb/wyn/envs/clip-env/lib/python3.10/site-packages/torch/_tensor.py:1002: UserWarning: non-inplace resize is deprecated
  warnings.warn("non-inplace resize is deprecated")
/mnt/sdb/wyn/envs/clip-env/lib/python3.10/site-packages/torch/_tensor.py:1002: UserWarning: non-inplace resize is deprecated
  warnings.warn("non-inplace resize is deprecated")
/mnt/sdb/wyn/envs/clip-env/lib/python3.10/site-packages/torch/_tensor.py:1002: UserWarning: non-inplace resize is deprecated
  warnings.warn("non-inplace resize is deprecated")

  0%|          | 1/693 [00:01<22:51,  1.98s/it]
  0%|          | 2/693 [00:02<11:00,  1.05it/s]
  0%|          | 3/693 [00:02<07:18,  1.58it/s]
  1%|          | 4/693 [00:02<05:32,  2.07it/s]
  1%|          | 5/693 [00:02<04:31,  2.53it/s]
  1%|          | 6/693 [00:03<03:56,  2.91it/s]
  1%|          | 7/693 [00:03<03:28,  3.30it/s]
  1%|          | 8/693 [00:03<03:13,  3.54it/s]
  1%|▏         | 9/693 [00:05<07:01,  1.62it/s]
  1%|▏         | 10/693 [00:05<05:40,  2.00it/s]
  2%|▏         | 11/693 [00:05<04:45,  2.39it/s]
  2%|▏         | 12/693 [00:05<04:07,  2.75it/s]
  2%|▏         | 13/693 [00:05<03:37,  3.13it/s]
  2%|▏         | 14/693 [00:06<02:58,  3.80it/s]
  2%|▏         | 15/693 [00:06<02:30,  4.50it/s]
  2%|▏         | 16/693 [00:06<02:26,  4.62it/s]
  2%|▏         | 17/693 [00:07<04:47,  2.35it/s]
  3%|▎         | 18/693 [00:07<04:08,  2.72it/s]
  3%|▎         | 19/693 [00:07<03:41,  3.04it/s]
  3%|▎         | 20/693 [00:08<03:23,  3.31it/s]
  3%|▎         | 21/693 [00:08<02:59,  3.75it/s]
  3%|▎         | 22/693 [00:08<02:31,  4.43it/s]
  3%|▎         | 23/693 [00:08<02:17,  4.88it/s]
  3%|▎         | 24/693 [00:08<02:23,  4.65it/s]
  4%|▎         | 25/693 [00:08<02:29,  4.48it/s]
  4%|▍         | 26/693 [00:09<02:32,  4.38it/s]
  4%|▍         | 27/693 [00:09<02:33,  4.33it/s]
  4%|▍         | 28/693 [00:09<02:34,  4.31it/s]
  4%|▍         | 29/693 [00:09<02:35,  4.28it/s]
  4%|▍         | 30/693 [00:10<02:30,  4.41it/s]
  4%|▍         | 31/693 [00:10<02:32,  4.34it/s]
  5%|▍         | 32/693 [00:10<02:33,  4.31it/s]
  5%|▍         | 33/693 [00:10<02:33,  4.29it/s]
  5%|▍         | 34/693 [00:11<02:19,  4.73it/s]
  5%|▌         | 35/693 [00:11<02:02,  5.36it/s]
  5%|▌         | 36/693 [00:11<02:06,  5.19it/s]
  5%|▌         | 37/693 [00:11<02:15,  4.85it/s]
  5%|▌         | 38/693 [00:11<02:21,  4.64it/s]
  6%|▌         | 39/693 [00:12<02:25,  4.50it/s]
  6%|▌         | 40/693 [00:12<02:27,  4.42it/s]
  6%|▌         | 41/693 [00:12<02:30,  4.34it/s]
  6%|▌         | 42/693 [00:12<02:25,  4.46it/s]
  6%|▌         | 43/693 [00:12<02:24,  4.51it/s]
  6%|▋         | 44/693 [00:13<02:26,  4.44it/s]
  6%|▋         | 45/693 [00:13<02:28,  4.36it/s]
  7%|▋         | 46/693 [00:13<02:28,  4.35it/s]
  7%|▋         | 47/693 [00:13<02:12,  4.88it/s]
  7%|▋         | 48/693 [00:13<01:57,  5.48it/s]
  7%|▋         | 49/693 [00:14<02:02,  5.27it/s]
  7%|▋         | 50/693 [00:14<02:10,  4.94it/s]
  7%|▋         | 51/693 [00:14<02:16,  4.70it/s]
  8%|▊         | 52/693 [00:14<02:20,  4.57it/s]
  8%|▊         | 53/693 [00:15<02:23,  4.46it/s]
  8%|▊         | 54/693 [00:15<02:24,  4.41it/s]
  8%|▊         | 55/693 [00:15<02:22,  4.49it/s]
  8%|▊         | 56/693 [00:15<02:19,  4.56it/s]
  8%|▊         | 57/693 [00:15<02:22,  4.46it/s]
  8%|▊         | 58/693 [00:16<02:23,  4.42it/s]
  9%|▊         | 59/693 [00:16<02:25,  4.36it/s]
  9%|▊         | 60/693 [00:16<02:11,  4.83it/s]
  9%|▉         | 61/693 [00:16<01:54,  5.52it/s]
  9%|▉         | 62/693 [00:16<01:58,  5.34it/s]
  9%|▉         | 63/693 [00:17<02:06,  4.97it/s]
  9%|▉         | 64/693 [00:17<02:13,  4.70it/s]
  9%|▉         | 65/693 [00:17<02:17,  4.56it/s]
 10%|▉         | 66/693 [00:17<02:22,  4.40it/s]
 10%|▉         | 67/693 [00:18<02:23,  4.36it/s]
 10%|▉         | 68/693 [00:18<02:22,  4.37it/s]
 10%|▉         | 69/693 [00:18<02:17,  4.54it/s]
 10%|█         | 70/693 [00:18<02:20,  4.42it/s]
 10%|█         | 71/693 [00:19<02:22,  4.38it/s]
 10%|█         | 72/693 [00:19<02:23,  4.33it/s]
 11%|█         | 73/693 [00:19<02:08,  4.82it/s]
 11%|█         | 74/693 [00:20<06:23,  1.62it/s]
 11%|█         | 75/693 [00:21<04:53,  2.11it/s]
 11%|█         | 76/693 [00:21<04:07,  2.50it/s]
 11%|█         | 77/693 [00:21<03:36,  2.84it/s]
 11%|█▏        | 78/693 [00:21<03:15,  3.15it/s]
 11%|█▏        | 79/693 [00:22<03:00,  3.40it/s]
 12%|█▏        | 80/693 [00:22<02:49,  3.62it/s]
 12%|█▏        | 81/693 [00:22<02:42,  3.78it/s]
 12%|█▏        | 82/693 [00:22<02:35,  3.93it/s]
 12%|█▏        | 83/693 [00:22<02:31,  4.02it/s]
 12%|█▏        | 84/693 [00:23<02:28,  4.09it/s]
 12%|█▏        | 85/693 [00:23<02:27,  4.13it/s]
 12%|█▏        | 86/693 [00:23<02:20,  4.32it/s]
 13%|█▎        | 87/693 [00:23<02:01,  4.99it/s]
 13%|█▎        | 88/693 [00:23<01:53,  5.34it/s]
 13%|█▎        | 89/693 [00:24<02:02,  4.94it/s]
 13%|█▎        | 90/693 [00:24<02:07,  4.71it/s]
 13%|█▎        | 91/693 [00:24<02:12,  4.53it/s]
 13%|█▎        | 92/693 [00:24<02:15,  4.44it/s]
 13%|█▎        | 93/693 [00:25<02:18,  4.32it/s]
 14%|█▎        | 94/693 [00:25<02:19,  4.29it/s]
 14%|█▎        | 95/693 [00:25<02:17,  4.34it/s]
 14%|█▍        | 96/693 [00:25<02:19,  4.29it/s]
 14%|█▍        | 97/693 [00:26<02:18,  4.29it/s]
 14%|█▍        | 98/693 [00:26<02:19,  4.28it/s]
 14%|█▍        | 99/693 [00:26<02:08,  4.63it/s]
 14%|█▍        | 100/693 [00:26<01:55,  5.15it/s]
 15%|█▍        | 101/693 [00:26<01:56,  5.09it/s]
 15%|█▍        | 102/693 [00:27<02:03,  4.80it/s]
 15%|█▍        | 103/693 [00:27<02:08,  4.61it/s]
 15%|█▌        | 104/693 [00:27<02:11,  4.48it/s]
 15%|█▌        | 105/693 [00:27<02:14,  4.36it/s]
 15%|█▌        | 106/693 [00:28<02:16,  4.31it/s]
 15%|█▌        | 107/693 [00:28<02:11,  4.45it/s]
 16%|█▌        | 108/693 [00:28<02:12,  4.41it/s]
 16%|█▌        | 109/693 [00:28<02:14,  4.36it/s]
 16%|█▌        | 110/693 [00:28<02:15,  4.32it/s]
 16%|█▌        | 111/693 [00:29<02:15,  4.31it/s]
 16%|█▌        | 112/693 [00:29<02:00,  4.83it/s]
 16%|█▋        | 113/693 [00:29<01:48,  5.37it/s]
 16%|█▋        | 114/693 [00:29<01:56,  4.97it/s]
 17%|█▋        | 115/693 [00:29<02:02,  4.71it/s]
 17%|█▋        | 116/693 [00:30<02:07,  4.52it/s]
 17%|█▋        | 117/693 [00:30<02:09,  4.43it/s]
 17%|█▋        | 118/693 [00:30<02:12,  4.35it/s]
 17%|█▋        | 119/693 [00:30<02:13,  4.31it/s]
 17%|█▋        | 120/693 [00:31<02:08,  4.45it/s]
 17%|█▋        | 121/693 [00:31<02:10,  4.40it/s]
 18%|█▊        | 122/693 [00:31<02:11,  4.36it/s]
 18%|█▊        | 123/693 [00:31<02:12,  4.32it/s]
 18%|█▊        | 124/693 [00:32<02:06,  4.49it/s]
 18%|█▊        | 125/693 [00:32<01:50,  5.15it/s]
 18%|█▊        | 126/693 [00:32<01:42,  5.56it/s]
 18%|█▊        | 127/693 [00:32<01:51,  5.08it/s]
 18%|█▊        | 128/693 [00:32<01:58,  4.79it/s]
 19%|█▊        | 129/693 [00:32<02:02,  4.61it/s]
 19%|█▉        | 130/693 [00:33<02:05,  4.49it/s]
 19%|█▉        | 131/693 [00:33<02:07,  4.39it/s]
 19%|█▉        | 132/693 [00:33<02:09,  4.35it/s]
 19%|█▉        | 133/693 [00:33<02:04,  4.49it/s]
 19%|█▉        | 134/693 [00:34<02:06,  4.42it/s]
 19%|█▉        | 135/693 [00:34<02:08,  4.36it/s]
 20%|█▉        | 136/693 [00:34<02:08,  4.32it/s]
 20%|█▉        | 137/693 [00:34<02:03,  4.51it/s]
 20%|█▉        | 138/693 [00:34<01:49,  5.06it/s]
 20%|██        | 139/693 [00:35<01:39,  5.55it/s]
 20%|██        | 140/693 [00:35<01:49,  5.05it/s]
 20%|██        | 141/693 [00:35<01:55,  4.77it/s]
 20%|██        | 142/693 [00:35<01:59,  4.60it/s]
 21%|██        | 143/693 [00:36<02:02,  4.48it/s]
 21%|██        | 144/693 [00:36<02:04,  4.40it/s]
 21%|██        | 145/693 [00:36<02:06,  4.34it/s]
 21%|██        | 146/693 [00:36<02:03,  4.43it/s]
 21%|██        | 147/693 [00:36<02:05,  4.37it/s]
 21%|██▏       | 148/693 [00:37<02:05,  4.35it/s]
 22%|██▏       | 149/693 [00:37<02:06,  4.31it/s]
 22%|██▏       | 150/693 [00:37<02:00,  4.50it/s]
 22%|██▏       | 151/693 [00:37<01:43,  5.22it/s]
 22%|██▏       | 152/693 [00:37<01:33,  5.76it/s]
 22%|██▏       | 153/693 [00:38<01:39,  5.45it/s]
 22%|██▏       | 154/693 [00:38<01:46,  5.05it/s]
 22%|██▏       | 155/693 [00:38<01:52,  4.76it/s]
 23%|██▎       | 156/693 [00:38<01:56,  4.62it/s]
 23%|██▎       | 157/693 [00:39<01:59,  4.49it/s]
 23%|██▎       | 158/693 [00:39<02:01,  4.39it/s]
 23%|██▎       | 159/693 [00:39<02:01,  4.38it/s]
 23%|██▎       | 160/693 [00:39<02:01,  4.39it/s]
 23%|██▎       | 161/693 [00:39<02:02,  4.34it/s]
 23%|██▎       | 162/693 [00:40<02:04,  4.27it/s]
 24%|██▎       | 163/693 [00:40<02:01,  4.35it/s]
 24%|██▎       | 164/693 [00:40<01:51,  4.75it/s]
 24%|██▍       | 165/693 [00:40<01:49,  4.81it/s]
 24%|██▍       | 166/693 [00:41<01:55,  4.57it/s]
 24%|██▍       | 167/693 [00:41<01:58,  4.44it/s]
 24%|██▍       | 168/693 [00:41<02:00,  4.36it/s]
 24%|██▍       | 169/693 [00:41<02:02,  4.29it/s]
 25%|██▍       | 170/693 [00:42<02:03,  4.24it/s]
 25%|██▍       | 171/693 [00:42<01:58,  4.40it/s]
 25%|██▍       | 172/693 [00:42<02:00,  4.32it/s]
 25%|██▍       | 173/693 [00:42<02:01,  4.29it/s]
 25%|██▌       | 174/693 [00:42<02:02,  4.25it/s]
 25%|██▌       | 175/693 [00:43<01:57,  4.40it/s]
 25%|██▌       | 176/693 [00:43<01:45,  4.91it/s]
 26%|██▌       | 177/693 [00:43<01:44,  4.96it/s]
 26%|██▌       | 178/693 [00:43<01:50,  4.67it/s]
 26%|██▌       | 179/693 [00:43<01:54,  4.50it/s]
 26%|██▌       | 180/693 [00:44<01:56,  4.40it/s]
 26%|██▌       | 181/693 [00:44<01:58,  4.32it/s]
 26%|██▋       | 182/693 [00:44<01:59,  4.26it/s]
 26%|██▋       | 183/693 [00:44<01:58,  4.30it/s]
 27%|██▋       | 184/693 [00:45<01:59,  4.24it/s]
 27%|██▋       | 185/693 [00:45<02:00,  4.23it/s]
 27%|██▋       | 186/693 [00:45<02:00,  4.20it/s]
 27%|██▋       | 187/693 [00:45<01:56,  4.35it/s]
 27%|██▋       | 188/693 [00:46<01:42,  4.91it/s]
 27%|██▋       | 189/693 [00:46<01:34,  5.34it/s]
 27%|██▋       | 190/693 [00:46<01:42,  4.90it/s]
 28%|██▊       | 191/693 [00:46<01:47,  4.67it/s]
 28%|██▊       | 192/693 [00:46<01:51,  4.50it/s]
 28%|██▊       | 193/693 [00:47<01:52,  4.44it/s]
 28%|██▊       | 194/693 [00:47<01:54,  4.37it/s]
 28%|██▊       | 195/693 [00:47<01:55,  4.32it/s]
 28%|██▊       | 196/693 [00:47<01:56,  4.28it/s]
 28%|██▊       | 197/693 [00:48<01:56,  4.26it/s]
 29%|██▊       | 198/693 [00:48<01:56,  4.25it/s]
 29%|██▊       | 199/693 [00:48<01:56,  4.24it/s]
 29%|██▉       | 200/693 [00:48<01:43,  4.77it/s]
 29%|██▉       | 201/693 [00:48<01:31,  5.39it/s]
 29%|██▉       | 202/693 [00:49<01:34,  5.19it/s]
 29%|██▉       | 203/693 [00:49<01:40,  4.85it/s]
 29%|██▉       | 204/693 [00:49<01:45,  4.65it/s]
 30%|██▉       | 205/693 [00:49<01:48,  4.51it/s]
 30%|██▉       | 206/693 [00:49<01:49,  4.44it/s]
 30%|██▉       | 207/693 [00:50<01:51,  4.37it/s]
 30%|███       | 208/693 [00:50<01:50,  4.40it/s]
 30%|███       | 209/693 [00:50<01:46,  4.56it/s]
 30%|███       | 210/693 [00:50<01:47,  4.48it/s]
 30%|███       | 211/693 [00:51<01:49,  4.42it/s]
 31%|███       | 212/693 [00:51<01:51,  4.33it/s]
 31%|███       | 213/693 [00:51<01:39,  4.80it/s]
 31%|███       | 214/693 [00:51<01:30,  5.31it/s]
 31%|███       | 215/693 [00:51<01:33,  5.10it/s]
 31%|███       | 216/693 [00:52<01:38,  4.83it/s]
 31%|███▏      | 217/693 [00:52<01:42,  4.62it/s]
 31%|███▏      | 218/693 [00:52<01:45,  4.50it/s]
 32%|███▏      | 219/693 [00:52<01:47,  4.41it/s]
 32%|███▏      | 220/693 [00:53<01:48,  4.35it/s]
 32%|███▏      | 221/693 [00:53<01:47,  4.37it/s]
 32%|███▏      | 222/693 [00:53<01:48,  4.34it/s]
 32%|███▏      | 223/693 [00:53<01:49,  4.30it/s]
 32%|███▏      | 224/693 [00:53<01:49,  4.28it/s]
 32%|███▏      | 225/693 [00:54<01:45,  4.42it/s]
 33%|███▎      | 226/693 [00:54<01:33,  5.00it/s]
 33%|███▎      | 227/693 [00:54<01:23,  5.58it/s]
 33%|███▎      | 228/693 [00:54<01:31,  5.11it/s]
 33%|███▎      | 229/693 [00:54<01:35,  4.84it/s]
 33%|███▎      | 230/693 [00:55<01:39,  4.65it/s]
 33%|███▎      | 231/693 [00:55<01:43,  4.48it/s]
 33%|███▎      | 232/693 [00:55<01:44,  4.40it/s]
 34%|███▎      | 233/693 [00:55<01:45,  4.34it/s]
 34%|███▍      | 234/693 [00:56<01:44,  4.38it/s]
 34%|███▍      | 235/693 [00:56<01:45,  4.34it/s]
 34%|███▍      | 236/693 [00:56<01:45,  4.32it/s]
 34%|███▍      | 237/693 [00:56<01:46,  4.28it/s]
 34%|███▍      | 238/693 [00:56<01:42,  4.45it/s]
 34%|███▍      | 239/693 [00:57<01:29,  5.10it/s]
 35%|███▍      | 240/693 [00:57<01:23,  5.44it/s]
 35%|███▍      | 241/693 [00:57<01:30,  5.00it/s]
 35%|███▍      | 242/693 [00:57<01:35,  4.72it/s]
 35%|███▌      | 243/693 [00:57<01:38,  4.56it/s]
 35%|███▌      | 244/693 [00:58<01:40,  4.46it/s]
 35%|███▌      | 245/693 [00:58<01:42,  4.37it/s]
 35%|███▌      | 246/693 [00:58<01:43,  4.33it/s]
 36%|███▌      | 247/693 [00:58<01:41,  4.38it/s]
 36%|███▌      | 248/693 [00:59<01:43,  4.32it/s]
 36%|███▌      | 249/693 [00:59<01:43,  4.31it/s]
 36%|███▌      | 250/693 [00:59<01:43,  4.29it/s]
 36%|███▌      | 251/693 [00:59<01:34,  4.66it/s]
 36%|███▋      | 252/693 [00:59<01:25,  5.19it/s]
 37%|███▋      | 253/693 [01:00<01:25,  5.13it/s]
 37%|███▋      | 254/693 [01:00<01:31,  4.81it/s]
 37%|███▋      | 255/693 [01:00<01:34,  4.62it/s]
 37%|███▋      | 256/693 [01:00<01:37,  4.50it/s]
 37%|███▋      | 257/693 [01:01<01:38,  4.41it/s]
 37%|███▋      | 258/693 [01:01<01:40,  4.35it/s]
 37%|███▋      | 259/693 [01:01<01:37,  4.45it/s]
 38%|███▊      | 260/693 [01:01<01:36,  4.47it/s]
 38%|███▊      | 261/693 [01:01<01:38,  4.40it/s]
 38%|███▊      | 262/693 [01:02<01:39,  4.35it/s]
 38%|███▊      | 263/693 [01:02<01:39,  4.31it/s]
 38%|███▊      | 264/693 [01:02<01:28,  4.85it/s]
 38%|███▊      | 265/693 [01:02<01:18,  5.46it/s]
 38%|███▊      | 266/693 [01:02<01:22,  5.17it/s]
 39%|███▊      | 267/693 [01:03<01:27,  4.86it/s]
 39%|███▊      | 268/693 [01:03<01:31,  4.66it/s]
 39%|███▉      | 269/693 [01:03<01:34,  4.51it/s]
 39%|███▉      | 270/693 [01:03<01:35,  4.42it/s]
 39%|███▉      | 271/693 [01:04<01:36,  4.36it/s]
 39%|███▉      | 272/693 [01:04<01:34,  4.45it/s]
 39%|███▉      | 273/693 [01:04<01:33,  4.50it/s]
 40%|███▉      | 274/693 [01:04<01:34,  4.42it/s]
 40%|███▉      | 275/693 [01:05<01:35,  4.37it/s]
 40%|███▉      | 276/693 [01:05<01:36,  4.33it/s]
 40%|███▉      | 277/693 [01:05<01:26,  4.84it/s]
 40%|████      | 278/693 [01:05<01:18,  5.29it/s]
 40%|████      | 279/693 [01:05<01:23,  4.93it/s]
 40%|████      | 280/693 [01:06<01:28,  4.66it/s]
 41%|████      | 281/693 [01:06<01:31,  4.52it/s]
 41%|████      | 282/693 [01:06<01:33,  4.42it/s]
 41%|████      | 283/693 [01:06<01:34,  4.36it/s]
 41%|████      | 284/693 [01:07<01:34,  4.32it/s]
 41%|████      | 285/693 [01:07<01:31,  4.46it/s]
 41%|████▏     | 286/693 [01:07<01:32,  4.40it/s]
 41%|████▏     | 287/693 [01:07<01:33,  4.36it/s]
 42%|████▏     | 288/693 [01:07<01:33,  4.33it/s]
 42%|████▏     | 289/693 [01:08<01:29,  4.50it/s]
 42%|████▏     | 290/693 [01:08<01:19,  5.06it/s]
 42%|████▏     | 291/693 [01:08<01:12,  5.55it/s]
 42%|████▏     | 292/693 [01:08<01:18,  5.11it/s]
 42%|████▏     | 293/693 [01:08<01:23,  4.80it/s]
 42%|████▏     | 294/693 [01:09<01:26,  4.64it/s]
 43%|████▎     | 295/693 [01:09<01:28,  4.50it/s]
 43%|████▎     | 296/693 [01:09<01:29,  4.42it/s]
 43%|████▎     | 297/693 [01:09<01:30,  4.37it/s]
 43%|████▎     | 298/693 [01:10<01:29,  4.43it/s]
 43%|████▎     | 299/693 [01:10<01:30,  4.38it/s]
 43%|████▎     | 300/693 [01:10<01:30,  4.33it/s]
 43%|████▎     | 301/693 [01:10<01:31,  4.29it/s]
 44%|████▎     | 302/693 [01:10<01:27,  4.45it/s]
 44%|████▎     | 303/693 [01:11<01:18,  4.97it/s]
 44%|████▍     | 304/693 [01:11<01:18,  4.96it/s]
 44%|████▍     | 305/693 [01:11<01:22,  4.72it/s]
 44%|████▍     | 306/693 [01:11<01:24,  4.58it/s]
 44%|████▍     | 307/693 [01:11<01:26,  4.47it/s]
 44%|████▍     | 308/693 [01:12<01:28,  4.37it/s]
 45%|████▍     | 309/693 [01:12<01:28,  4.35it/s]
 45%|████▍     | 310/693 [01:12<01:26,  4.40it/s]
 45%|████▍     | 311/693 [01:12<01:24,  4.53it/s]
 45%|████▌     | 312/693 [01:13<01:26,  4.42it/s]
 45%|████▌     | 313/693 [01:13<01:26,  4.38it/s]
 45%|████▌     | 314/693 [01:13<01:27,  4.32it/s]
 45%|████▌     | 315/693 [01:13<01:17,  4.86it/s]
 46%|████▌     | 316/693 [01:13<01:10,  5.34it/s]
 46%|████▌     | 317/693 [01:14<01:13,  5.15it/s]
 46%|████▌     | 318/693 [01:14<01:17,  4.84it/s]
 46%|████▌     | 319/693 [01:14<01:21,  4.61it/s]
 46%|████▌     | 320/693 [01:14<01:23,  4.48it/s]
 46%|████▋     | 321/693 [01:15<01:24,  4.41it/s]
 46%|████▋     | 322/693 [01:15<01:25,  4.33it/s]
 47%|████▋     | 323/693 [01:15<01:26,  4.29it/s]
 47%|████▋     | 324/693 [01:15<01:27,  4.20it/s]
 47%|████▋     | 325/693 [01:16<01:26,  4.26it/s]
 47%|████▋     | 326/693 [01:16<01:26,  4.23it/s]
 47%|████▋     | 327/693 [01:16<01:24,  4.34it/s]
 47%|████▋     | 328/693 [01:16<01:14,  4.89it/s]
 47%|████▋     | 329/693 [01:16<01:10,  5.13it/s]
 48%|████▊     | 330/693 [01:17<01:15,  4.82it/s]
 48%|████▊     | 331/693 [01:17<01:18,  4.62it/s]
 48%|████▊     | 332/693 [01:17<01:20,  4.50it/s]
 48%|████▊     | 333/693 [01:17<01:21,  4.40it/s]
 48%|████▊     | 334/693 [01:17<01:22,  4.36it/s]
 48%|████▊     | 335/693 [01:18<01:22,  4.35it/s]
 48%|████▊     | 336/693 [01:18<01:19,  4.51it/s]
 49%|████▊     | 337/693 [01:18<01:21,  4.39it/s]
 49%|████▉     | 338/693 [01:18<01:21,  4.35it/s]
 49%|████▉     | 339/693 [01:19<01:22,  4.32it/s]
 49%|████▉     | 340/693 [01:19<01:13,  4.80it/s]
 49%|████▉     | 341/693 [01:19<01:05,  5.41it/s]
 49%|████▉     | 342/693 [01:19<01:07,  5.19it/s]
 49%|████▉     | 343/693 [01:19<01:12,  4.84it/s]
 50%|████▉     | 344/693 [01:20<01:16,  4.57it/s]
 50%|████▉     | 345/693 [01:20<01:18,  4.45it/s]
 50%|████▉     | 346/693 [01:20<01:19,  4.39it/s]
 50%|█████     | 347/693 [01:20<01:19,  4.33it/s]
 50%|█████     | 348/693 [01:21<01:17,  4.47it/s]
 50%|█████     | 349/693 [01:21<01:17,  4.45it/s]
 51%|█████     | 350/693 [01:21<01:17,  4.41it/s]
 51%|█████     | 351/693 [01:21<01:18,  4.33it/s]
 51%|█████     | 352/693 [01:21<01:19,  4.31it/s]
 51%|█████     | 353/693 [01:22<01:09,  4.88it/s]
 51%|█████     | 354/693 [01:22<01:02,  5.45it/s]
 51%|█████     | 355/693 [01:22<01:03,  5.30it/s]
 51%|█████▏    | 356/693 [01:22<01:08,  4.90it/s]
 52%|█████▏    | 357/693 [01:22<01:11,  4.68it/s]
 52%|█████▏    | 358/693 [01:23<01:14,  4.51it/s]
 52%|█████▏    | 359/693 [01:23<01:15,  4.41it/s]
 52%|█████▏    | 360/693 [01:23<01:16,  4.35it/s]
 52%|█████▏    | 361/693 [01:23<01:17,  4.30it/s]
 52%|█████▏    | 362/693 [01:24<01:16,  4.33it/s]
 52%|█████▏    | 363/693 [01:24<01:16,  4.29it/s]
 53%|█████▎    | 364/693 [01:24<01:16,  4.28it/s]
 53%|█████▎    | 365/693 [01:24<01:14,  4.42it/s]
 53%|█████▎    | 366/693 [01:24<01:05,  4.99it/s]
 53%|█████▎    | 367/693 [01:25<01:00,  5.42it/s]
 53%|█████▎    | 368/693 [01:25<01:05,  4.98it/s]
 53%|█████▎    | 369/693 [01:25<01:08,  4.71it/s]
 53%|█████▎    | 370/693 [01:25<01:11,  4.54it/s]
 54%|█████▎    | 371/693 [01:26<01:12,  4.44it/s]
 54%|█████▎    | 372/693 [01:26<01:13,  4.37it/s]
 54%|█████▍    | 373/693 [01:26<01:14,  4.32it/s]
 54%|█████▍    | 374/693 [01:26<01:11,  4.46it/s]
 54%|█████▍    | 375/693 [01:26<01:12,  4.38it/s]
 54%|█████▍    | 376/693 [01:27<01:12,  4.34it/s]
 54%|█████▍    | 377/693 [01:27<01:13,  4.32it/s]
 55%|█████▍    | 378/693 [01:27<01:09,  4.51it/s]
 55%|█████▍    | 379/693 [01:27<01:00,  5.16it/s]
 55%|█████▍    | 380/693 [01:27<00:56,  5.51it/s]
 55%|█████▍    | 381/693 [01:28<01:01,  5.05it/s]
 55%|█████▌    | 382/693 [01:28<01:05,  4.77it/s]
 55%|█████▌    | 383/693 [01:28<01:07,  4.58it/s]
 55%|█████▌    | 384/693 [01:28<01:08,  4.48it/s]
 56%|█████▌    | 385/693 [01:29<01:10,  4.39it/s]
 56%|█████▌    | 386/693 [01:29<01:10,  4.34it/s]
 56%|█████▌    | 387/693 [01:29<01:09,  4.38it/s]
 56%|█████▌    | 388/693 [01:29<01:10,  4.34it/s]
 56%|█████▌    | 389/693 [01:29<01:10,  4.32it/s]
 56%|█████▋    | 390/693 [01:30<01:10,  4.30it/s]
 56%|█████▋    | 391/693 [01:30<01:05,  4.59it/s]
 57%|█████▋    | 392/693 [01:30<00:58,  5.15it/s]
 57%|█████▋    | 393/693 [01:30<00:54,  5.49it/s]
 57%|█████▋    | 394/693 [01:30<00:59,  5.06it/s]
 57%|█████▋    | 395/693 [01:31<01:02,  4.77it/s]
 57%|█████▋    | 396/693 [01:31<01:04,  4.59it/s]
 57%|█████▋    | 397/693 [01:31<01:06,  4.47it/s]
 57%|█████▋    | 398/693 [01:31<01:07,  4.40it/s]
 58%|█████▊    | 399/693 [01:32<01:07,  4.34it/s]
 58%|█████▊    | 400/693 [01:32<01:06,  4.41it/s]
 58%|█████▊    | 401/693 [01:32<01:07,  4.34it/s]
 58%|█████▊    | 402/693 [01:32<01:07,  4.33it/s]
 58%|█████▊    | 403/693 [01:33<01:07,  4.31it/s]
 58%|█████▊    | 404/693 [01:33<01:02,  4.59it/s]
 58%|█████▊    | 405/693 [01:33<00:54,  5.26it/s]
 59%|█████▊    | 406/693 [01:33<00:51,  5.62it/s]
 59%|█████▊    | 407/693 [01:33<00:56,  5.09it/s]
 59%|█████▉    | 408/693 [01:33<00:59,  4.80it/s]
 59%|█████▉    | 409/693 [01:34<01:01,  4.60it/s]
 59%|█████▉    | 410/693 [01:34<01:03,  4.48it/s]
 59%|█████▉    | 411/693 [01:34<01:04,  4.39it/s]
 59%|█████▉    | 412/693 [01:34<01:04,  4.34it/s]
 60%|█████▉    | 413/693 [01:35<01:02,  4.49it/s]
 60%|█████▉    | 414/693 [01:35<01:03,  4.42it/s]
 60%|█████▉    | 415/693 [01:35<01:03,  4.36it/s]
 60%|██████    | 416/693 [01:35<01:03,  4.33it/s]
 60%|██████    | 417/693 [01:36<01:00,  4.53it/s]
 60%|██████    | 418/693 [01:36<00:53,  5.10it/s]
 60%|██████    | 419/693 [01:36<00:50,  5.48it/s]
 61%|██████    | 420/693 [01:36<00:54,  5.04it/s]
 61%|██████    | 421/693 [01:36<00:57,  4.75it/s]
 61%|██████    | 422/693 [01:37<00:59,  4.59it/s]
 61%|██████    | 423/693 [01:37<01:00,  4.46it/s]
 61%|██████    | 424/693 [01:37<01:01,  4.38it/s]
 61%|██████▏   | 425/693 [01:37<01:01,  4.34it/s]
 61%|██████▏   | 426/693 [01:37<00:59,  4.45it/s]
 62%|██████▏   | 427/693 [01:38<01:00,  4.39it/s]
 62%|██████▏   | 428/693 [01:38<01:00,  4.35it/s]
 62%|██████▏   | 429/693 [01:38<01:01,  4.33it/s]
 62%|██████▏   | 430/693 [01:38<00:58,  4.49it/s]
 62%|██████▏   | 431/693 [01:38<00:51,  5.13it/s]
 62%|██████▏   | 432/693 [01:39<00:47,  5.50it/s]
 62%|██████▏   | 433/693 [01:39<00:51,  5.06it/s]
 63%|██████▎   | 434/693 [01:39<00:54,  4.78it/s]
 63%|██████▎   | 435/693 [01:39<00:56,  4.59it/s]
 63%|██████▎   | 436/693 [01:40<00:57,  4.47it/s]
 63%|██████▎   | 437/693 [01:40<00:58,  4.39it/s]
 63%|██████▎   | 438/693 [01:40<00:58,  4.35it/s]
 63%|██████▎   | 439/693 [01:40<00:56,  4.48it/s]
 63%|██████▎   | 440/693 [01:41<00:57,  4.41it/s]
 64%|██████▎   | 441/693 [01:41<00:57,  4.37it/s]
 64%|██████▍   | 442/693 [01:41<00:58,  4.32it/s]
 64%|██████▍   | 443/693 [01:41<00:55,  4.51it/s]
 64%|██████▍   | 444/693 [01:41<00:49,  5.07it/s]
 64%|██████▍   | 445/693 [01:41<00:44,  5.58it/s]
 64%|██████▍   | 446/693 [01:42<00:48,  5.07it/s]
 65%|██████▍   | 447/693 [01:42<00:51,  4.81it/s]
 65%|██████▍   | 448/693 [01:42<00:53,  4.62it/s]
 65%|██████▍   | 449/693 [01:42<00:54,  4.49it/s]
 65%|██████▍   | 450/693 [01:43<00:55,  4.41it/s]
 65%|██████▌   | 451/693 [01:43<00:55,  4.35it/s]
 65%|██████▌   | 452/693 [01:43<00:54,  4.41it/s]
 65%|██████▌   | 453/693 [01:43<00:54,  4.37it/s]
 66%|██████▌   | 454/693 [01:44<00:55,  4.33it/s]
 66%|██████▌   | 455/693 [01:44<00:55,  4.31it/s]
 66%|██████▌   | 456/693 [01:44<00:53,  4.45it/s]
 66%|██████▌   | 457/693 [01:44<00:46,  5.13it/s]
 66%|██████▌   | 458/693 [01:44<00:43,  5.42it/s]
 66%|██████▌   | 459/693 [01:45<00:46,  5.00it/s]
 66%|██████▋   | 460/693 [01:45<00:49,  4.73it/s]
 67%|██████▋   | 461/693 [01:45<00:50,  4.56it/s]
 67%|██████▋   | 462/693 [01:45<00:51,  4.46it/s]
 67%|██████▋   | 463/693 [01:45<00:52,  4.37it/s]
 67%|██████▋   | 464/693 [01:46<00:52,  4.33it/s]
 67%|██████▋   | 465/693 [01:46<00:52,  4.33it/s]
 67%|██████▋   | 466/693 [01:46<00:52,  4.30it/s]
 67%|██████▋   | 467/693 [01:46<00:52,  4.28it/s]
 68%|██████▊   | 468/693 [01:47<00:52,  4.28it/s]
 68%|██████▊   | 469/693 [01:47<00:48,  4.65it/s]
 68%|██████▊   | 470/693 [01:47<00:42,  5.19it/s]
 68%|██████▊   | 471/693 [01:47<00:43,  5.13it/s]
 68%|██████▊   | 472/693 [01:47<00:45,  4.82it/s]
 68%|██████▊   | 473/693 [01:48<00:47,  4.62it/s]
 68%|██████▊   | 474/693 [01:48<00:48,  4.49it/s]
 69%|██████▊   | 475/693 [01:48<00:49,  4.40it/s]
 69%|██████▊   | 476/693 [01:48<00:49,  4.35it/s]
 69%|██████▉   | 477/693 [01:49<00:48,  4.45it/s]
 69%|██████▉   | 478/693 [01:49<00:47,  4.50it/s]
 69%|██████▉   | 479/693 [01:49<00:48,  4.42it/s]
 69%|██████▉   | 480/693 [01:49<00:48,  4.36it/s]
 69%|██████▉   | 481/693 [01:49<00:48,  4.34it/s]
 70%|██████▉   | 482/693 [01:50<00:43,  4.81it/s]
 70%|██████▉   | 483/693 [01:50<00:38,  5.41it/s]
 70%|██████▉   | 484/693 [01:50<00:41,  5.09it/s]
 70%|██████▉   | 485/693 [01:50<00:43,  4.80it/s]
 70%|███████   | 486/693 [01:50<00:44,  4.61it/s]
 70%|███████   | 487/693 [01:51<00:45,  4.48it/s]
 70%|███████   | 488/693 [01:51<00:46,  4.40it/s]
 71%|███████   | 489/693 [01:51<00:46,  4.34it/s]
 71%|███████   | 490/693 [01:51<00:47,  4.31it/s]
 71%|███████   | 491/693 [01:52<00:46,  4.30it/s]
 71%|███████   | 492/693 [01:52<00:46,  4.29it/s]
 71%|███████   | 493/693 [01:52<00:46,  4.28it/s]
 71%|███████▏  | 494/693 [01:52<00:45,  4.41it/s]
 71%|███████▏  | 495/693 [01:52<00:38,  5.08it/s]
 72%|███████▏  | 496/693 [01:53<00:36,  5.47it/s]
 72%|███████▏  | 497/693 [01:53<00:39,  5.01it/s]
 72%|███████▏  | 498/693 [01:53<00:41,  4.75it/s]
 72%|███████▏  | 499/693 [01:53<00:42,  4.57it/s]
 72%|███████▏  | 500/693 [01:54<00:43,  4.48it/s]
 72%|███████▏  | 501/693 [01:54<00:43,  4.39it/s]
 72%|███████▏  | 502/693 [01:54<00:43,  4.36it/s]
 73%|███████▎  | 503/693 [01:54<00:42,  4.50it/s]
 73%|███████▎  | 504/693 [01:54<00:42,  4.43it/s]
 73%|███████▎  | 505/693 [01:55<00:43,  4.37it/s]
 73%|███████▎  | 506/693 [01:55<00:43,  4.32it/s]
 73%|███████▎  | 507/693 [01:55<00:41,  4.50it/s]
 73%|███████▎  | 508/693 [01:55<00:36,  5.07it/s]
 73%|███████▎  | 509/693 [01:55<00:33,  5.50it/s]
 74%|███████▎  | 510/693 [01:56<00:36,  5.05it/s]
 74%|███████▎  | 511/693 [01:56<00:38,  4.76it/s]
 74%|███████▍  | 512/693 [01:56<00:39,  4.55it/s]
 74%|███████▍  | 513/693 [01:56<00:40,  4.47it/s]
 74%|███████▍  | 514/693 [01:57<00:40,  4.39it/s]
 74%|███████▍  | 515/693 [01:57<00:41,  4.33it/s]
 74%|███████▍  | 516/693 [01:57<00:39,  4.47it/s]
 75%|███████▍  | 517/693 [01:57<00:39,  4.42it/s]
 75%|███████▍  | 518/693 [01:58<00:40,  4.36it/s]
 75%|███████▍  | 519/693 [01:58<00:40,  4.33it/s]
 75%|███████▌  | 520/693 [01:58<00:38,  4.50it/s]
 75%|███████▌  | 521/693 [01:58<00:33,  5.17it/s]
 75%|███████▌  | 522/693 [01:58<00:31,  5.47it/s]
 75%|███████▌  | 523/693 [01:58<00:33,  5.02it/s]
 76%|███████▌  | 524/693 [01:59<00:35,  4.73it/s]
 76%|███████▌  | 525/693 [01:59<00:36,  4.56it/s]
 76%|███████▌  | 526/693 [01:59<00:37,  4.46it/s]
 76%|███████▌  | 527/693 [01:59<00:37,  4.37it/s]
 76%|███████▌  | 528/693 [02:00<00:38,  4.33it/s]
 76%|███████▋  | 529/693 [02:00<00:37,  4.35it/s]
 76%|███████▋  | 530/693 [02:00<00:37,  4.30it/s]
 77%|███████▋  | 531/693 [02:00<00:37,  4.31it/s]
 77%|███████▋  | 532/693 [02:01<00:37,  4.29it/s]
 77%|███████▋  | 533/693 [02:01<00:34,  4.64it/s]
 77%|███████▋  | 534/693 [02:01<00:30,  5.20it/s]
 77%|███████▋  | 535/693 [02:01<00:28,  5.52it/s]
 77%|███████▋  | 536/693 [02:01<00:31,  5.04it/s]
 77%|███████▋  | 537/693 [02:02<00:32,  4.77it/s]
 78%|███████▊  | 538/693 [02:02<00:33,  4.59it/s]
 78%|███████▊  | 539/693 [02:02<00:34,  4.48it/s]
 78%|███████▊  | 540/693 [02:02<00:34,  4.40it/s]
 78%|███████▊  | 541/693 [02:02<00:34,  4.36it/s]
 78%|███████▊  | 542/693 [02:03<00:34,  4.40it/s]
 78%|███████▊  | 543/693 [02:03<00:34,  4.34it/s]
 78%|███████▊  | 544/693 [02:03<00:34,  4.32it/s]
 79%|███████▊  | 545/693 [02:03<00:34,  4.31it/s]
 79%|███████▉  | 546/693 [02:04<00:31,  4.61it/s]
 79%|███████▉  | 547/693 [02:04<00:27,  5.27it/s]
 79%|███████▉  | 548/693 [02:04<00:26,  5.42it/s]
 79%|███████▉  | 549/693 [02:04<00:28,  4.99it/s]
 79%|███████▉  | 550/693 [02:04<00:30,  4.74it/s]
 80%|███████▉  | 551/693 [02:05<00:30,  4.58it/s]
 80%|███████▉  | 552/693 [02:05<00:31,  4.44it/s]
 80%|███████▉  | 553/693 [02:05<00:32,  4.37it/s]
 80%|███████▉  | 554/693 [02:05<00:32,  4.33it/s]
 80%|████████  | 555/693 [02:06<00:31,  4.38it/s]
 80%|████████  | 556/693 [02:06<00:31,  4.31it/s]
 80%|████████  | 557/693 [02:06<00:31,  4.33it/s]
 81%|████████  | 558/693 [02:06<00:31,  4.30it/s]
 81%|████████  | 559/693 [02:06<00:28,  4.64it/s]
 81%|████████  | 560/693 [02:07<00:25,  5.16it/s]
 81%|████████  | 561/693 [02:07<00:25,  5.12it/s]
 81%|████████  | 562/693 [02:07<00:27,  4.83it/s]
 81%|████████  | 563/693 [02:07<00:28,  4.62it/s]
 81%|████████▏ | 564/693 [02:07<00:28,  4.50it/s]
 82%|████████▏ | 565/693 [02:08<00:29,  4.41it/s]
 82%|████████▏ | 566/693 [02:08<00:29,  4.34it/s]
 82%|████████▏ | 567/693 [02:08<00:28,  4.45it/s]
 82%|████████▏ | 568/693 [02:08<00:27,  4.48it/s]
 82%|████████▏ | 569/693 [02:09<00:28,  4.40it/s]
 82%|████████▏ | 570/693 [02:09<00:28,  4.36it/s]
 82%|████████▏ | 571/693 [02:09<00:28,  4.33it/s]
 83%|████████▎ | 572/693 [02:09<00:24,  4.84it/s]
 83%|████████▎ | 573/693 [02:09<00:22,  5.42it/s]
 83%|████████▎ | 574/693 [02:10<00:23,  5.07it/s]
 83%|████████▎ | 575/693 [02:10<00:24,  4.78it/s]
 83%|████████▎ | 576/693 [02:10<00:25,  4.60it/s]
 83%|████████▎ | 577/693 [02:10<00:25,  4.47it/s]
 83%|████████▎ | 578/693 [02:11<00:26,  4.40it/s]
 84%|████████▎ | 579/693 [02:11<00:26,  4.33it/s]
 84%|████████▎ | 580/693 [02:11<00:26,  4.33it/s]
 84%|████████▍ | 581/693 [02:11<00:26,  4.31it/s]
 84%|████████▍ | 582/693 [02:11<00:25,  4.29it/s]
 84%|████████▍ | 583/693 [02:12<00:25,  4.28it/s]
 84%|████████▍ | 584/693 [02:12<00:24,  4.42it/s]
 84%|████████▍ | 585/693 [02:12<00:21,  5.09it/s]
 85%|████████▍ | 586/693 [02:12<00:19,  5.44it/s]
 85%|████████▍ | 587/693 [02:12<00:21,  5.03it/s]
 85%|████████▍ | 588/693 [02:13<00:22,  4.74it/s]
 85%|████████▍ | 589/693 [02:13<00:22,  4.56it/s]
 85%|████████▌ | 590/693 [02:13<00:23,  4.47it/s]
 85%|████████▌ | 591/693 [02:13<00:23,  4.38it/s]
 85%|████████▌ | 592/693 [02:14<00:23,  4.31it/s]
 86%|████████▌ | 593/693 [02:14<00:23,  4.34it/s]
 86%|████████▌ | 594/693 [02:14<00:23,  4.29it/s]
 86%|████████▌ | 595/693 [02:14<00:22,  4.29it/s]
 86%|████████▌ | 596/693 [02:15<00:22,  4.28it/s]
 86%|████████▌ | 597/693 [02:15<00:20,  4.63it/s]
 86%|████████▋ | 598/693 [02:15<00:18,  5.21it/s]
 86%|████████▋ | 599/693 [02:15<00:17,  5.47it/s]
 87%|████████▋ | 600/693 [02:15<00:18,  5.02it/s]
 87%|████████▋ | 601/693 [02:16<00:19,  4.75it/s]
 87%|████████▋ | 602/693 [02:16<00:19,  4.57it/s]
 87%|████████▋ | 603/693 [02:16<00:20,  4.45it/s]
 87%|████████▋ | 604/693 [02:16<00:20,  4.39it/s]
 87%|████████▋ | 605/693 [02:16<00:20,  4.33it/s]
 87%|████████▋ | 606/693 [02:17<00:19,  4.36it/s]
 88%|████████▊ | 607/693 [02:17<00:19,  4.32it/s]
 88%|████████▊ | 608/693 [02:17<00:19,  4.29it/s]
 88%|████████▊ | 609/693 [02:17<00:19,  4.30it/s]
 88%|████████▊ | 610/693 [02:18<00:17,  4.64it/s]
 88%|████████▊ | 611/693 [02:18<00:15,  5.30it/s]
 88%|████████▊ | 612/693 [02:18<00:14,  5.55it/s]
 88%|████████▊ | 613/693 [02:18<00:15,  5.07it/s]
 89%|████████▊ | 614/693 [02:18<00:16,  4.78it/s]
 89%|████████▊ | 615/693 [02:19<00:16,  4.59it/s]
 89%|████████▉ | 616/693 [02:19<00:17,  4.47it/s]
 89%|████████▉ | 617/693 [02:19<00:17,  4.39it/s]
 89%|████████▉ | 618/693 [02:19<00:17,  4.34it/s]
 89%|████████▉ | 619/693 [02:19<00:16,  4.57it/s]
 89%|████████▉ | 620/693 [02:20<00:16,  4.47it/s]
 90%|████████▉ | 621/693 [02:20<00:16,  4.41it/s]
 90%|████████▉ | 622/693 [02:20<00:16,  4.35it/s]
 90%|████████▉ | 623/693 [02:20<00:15,  4.51it/s]
 90%|█████████ | 624/693 [02:21<00:13,  5.04it/s]
 90%|█████████ | 625/693 [02:21<00:12,  5.50it/s]
 90%|█████████ | 626/693 [02:21<00:13,  5.05it/s]
 90%|█████████ | 627/693 [02:21<00:13,  4.76it/s]
 91%|█████████ | 628/693 [02:21<00:14,  4.59it/s]
 91%|█████████ | 629/693 [02:22<00:14,  4.46it/s]
 91%|█████████ | 630/693 [02:22<00:14,  4.40it/s]
 91%|█████████ | 631/693 [02:22<00:14,  4.34it/s]
 91%|█████████ | 632/693 [02:22<00:13,  4.47it/s]
 91%|█████████▏| 633/693 [02:23<00:13,  4.42it/s]
 91%|█████████▏| 634/693 [02:23<00:13,  4.36it/s]
 92%|█████████▏| 635/693 [02:23<00:13,  4.34it/s]
 92%|█████████▏| 636/693 [02:23<00:12,  4.49it/s]
 92%|█████████▏| 637/693 [02:23<00:10,  5.14it/s]
 92%|█████████▏| 638/693 [02:23<00:10,  5.49it/s]
 92%|█████████▏| 639/693 [02:24<00:10,  5.05it/s]
 92%|█████████▏| 640/693 [02:24<00:11,  4.77it/s]
 92%|█████████▏| 641/693 [02:24<00:11,  4.59it/s]
 93%|█████████▎| 642/693 [02:24<00:11,  4.48it/s]
 93%|█████████▎| 643/693 [02:25<00:11,  4.38it/s]
 93%|█████████▎| 644/693 [02:25<00:11,  4.31it/s]
 93%|█████████▎| 645/693 [02:25<00:11,  4.35it/s]
 93%|█████████▎| 646/693 [02:25<00:10,  4.28it/s]
 93%|█████████▎| 647/693 [02:26<00:10,  4.30it/s]
 94%|█████████▎| 648/693 [02:26<00:10,  4.29it/s]
 94%|█████████▎| 649/693 [02:26<00:09,  4.64it/s]
 94%|█████████▍| 650/693 [02:26<00:08,  5.16it/s]
 94%|█████████▍| 651/693 [02:26<00:07,  5.39it/s]
 94%|█████████▍| 652/693 [02:27<00:08,  4.98it/s]
 94%|█████████▍| 653/693 [02:27<00:08,  4.71it/s]
 94%|█████████▍| 654/693 [02:27<00:08,  4.56it/s]
 95%|█████████▍| 655/693 [02:27<00:08,  4.44it/s]
 95%|█████████▍| 656/693 [02:28<00:08,  4.37it/s]
 95%|█████████▍| 657/693 [02:28<00:08,  4.32it/s]
 95%|█████████▍| 658/693 [02:28<00:07,  4.41it/s]
 95%|█████████▌| 659/693 [02:28<00:07,  4.36it/s]
 95%|█████████▌| 660/693 [02:28<00:07,  4.32it/s]
 95%|█████████▌| 661/693 [02:29<00:07,  4.31it/s]
 96%|█████████▌| 662/693 [02:29<00:06,  4.71it/s]
 96%|█████████▌| 663/693 [02:29<00:05,  5.31it/s]
 96%|█████████▌| 664/693 [02:29<00:05,  5.14it/s]
 96%|█████████▌| 665/693 [02:29<00:05,  4.83it/s]
 96%|█████████▌| 666/693 [02:30<00:05,  4.63it/s]
 96%|█████████▌| 667/693 [02:30<00:05,  4.49it/s]
 96%|█████████▋| 668/693 [02:30<00:05,  4.41it/s]
 97%|█████████▋| 669/693 [02:30<00:05,  4.35it/s]
 97%|█████████▋| 670/693 [02:31<00:05,  4.45it/s]
 97%|█████████▋| 671/693 [02:31<00:04,  4.50it/s]
 97%|█████████▋| 672/693 [02:31<00:04,  4.41it/s]
 97%|█████████▋| 673/693 [02:31<00:04,  4.37it/s]
 97%|█████████▋| 674/693 [02:31<00:04,  4.34it/s]
 97%|█████████▋| 675/693 [02:32<00:03,  4.89it/s]
 98%|█████████▊| 676/693 [02:32<00:03,  5.38it/s]
 98%|█████████▊| 677/693 [02:32<00:03,  5.13it/s]
 98%|█████████▊| 678/693 [02:32<00:03,  4.83it/s]
 98%|█████████▊| 679/693 [02:32<00:03,  4.61it/s]
 98%|█████████▊| 680/693 [02:33<00:02,  4.49it/s]
 98%|█████████▊| 681/693 [02:33<00:02,  4.41it/s]
 98%|█████████▊| 682/693 [02:33<00:02,  4.35it/s]
 99%|█████████▊| 683/693 [02:33<00:02,  4.33it/s]
 99%|█████████▊| 684/693 [02:34<00:02,  4.30it/s]
 99%|█████████▉| 685/693 [02:34<00:01,  4.30it/s]
 99%|█████████▉| 686/693 [02:34<00:01,  4.29it/s]
 99%|█████████▉| 687/693 [02:34<00:01,  4.42it/s]
 99%|█████████▉| 688/693 [02:35<00:01,  4.77it/s]
 99%|█████████▉| 689/693 [02:35<00:00,  4.63it/s]
100%|█████████▉| 690/693 [02:35<00:00,  4.48it/s]
100%|█████████▉| 691/693 [02:35<00:00,  4.41it/s]
100%|█████████▉| 692/693 [02:35<00:00,  4.35it/s]
100%|██████████| 693/693 [02:36<00:00,  4.37it/s]
100%|██████████| 693/693 [02:36<00:00,  4.43it/s]
Training loss: 0.6260452195249423, KL loss: 0.48209509048154, Sim loss: 9.675333605515244e-05, Exo CLS loss: 0.565459826890437, 
Noun sim loss: 0.11854385039507052, Part sim loss: 0.15584985454920222, Proto loss: 1.2328008802078159, Conc loss: 0.10702098573828156
learning rate:4.4257875841743186e-05


  0%|          | 0/168 [00:00<?, ?it/s]
  1%|          | 1/168 [00:00<01:55,  1.45it/s]
  2%|▏         | 4/168 [00:00<00:27,  5.98it/s]
  4%|▎         | 6/168 [00:01<00:23,  7.02it/s]
  5%|▌         | 9/168 [00:01<00:15, 10.35it/s]
  7%|▋         | 11/168 [00:01<00:16,  9.75it/s]
  8%|▊         | 14/168 [00:01<00:12, 12.60it/s]
 10%|█         | 17/168 [00:01<00:10, 14.47it/s]
 11%|█▏        | 19/168 [00:02<00:14, 10.09it/s]
 13%|█▎        | 22/168 [00:02<00:11, 12.57it/s]
 15%|█▍        | 25/168 [00:02<00:09, 14.74it/s]
 16%|█▌        | 27/168 [00:02<00:15,  8.92it/s]
 18%|█▊        | 30/168 [00:02<00:12, 11.21it/s]
 20%|█▉        | 33/168 [00:03<00:10, 13.39it/s]
 21%|██▏       | 36/168 [00:03<00:08, 15.29it/s]
 23%|██▎       | 39/168 [00:03<00:07, 16.94it/s]
 25%|██▌       | 42/168 [00:03<00:07, 17.72it/s]
 27%|██▋       | 45/168 [00:03<00:06, 18.89it/s]
 29%|██▊       | 48/168 [00:03<00:06, 19.79it/s]
 30%|███       | 51/168 [00:03<00:05, 20.45it/s]
 32%|███▏      | 54/168 [00:04<00:05, 20.49it/s]
 34%|███▍      | 57/168 [00:04<00:05, 20.03it/s]
 36%|███▌      | 60/168 [00:04<00:05, 19.88it/s]
 38%|███▊      | 63/168 [00:04<00:05, 20.54it/s]
 39%|███▉      | 66/168 [00:04<00:04, 21.29it/s]
 41%|████      | 69/168 [00:04<00:04, 22.57it/s]
 43%|████▎     | 72/168 [00:04<00:04, 23.45it/s]
 45%|████▍     | 75/168 [00:05<00:04, 22.86it/s]
 46%|████▋     | 78/168 [00:05<00:04, 21.53it/s]
 48%|████▊     | 81/168 [00:05<00:04, 21.31it/s]
 50%|█████     | 84/168 [00:05<00:04, 20.54it/s]
 52%|█████▏    | 87/168 [00:05<00:03, 20.84it/s]
 54%|█████▎    | 90/168 [00:05<00:03, 20.57it/s]
 55%|█████▌    | 93/168 [00:05<00:03, 20.15it/s]
 57%|█████▋    | 96/168 [00:06<00:03, 20.60it/s]
 59%|█████▉    | 99/168 [00:06<00:03, 22.39it/s]
 61%|██████    | 102/168 [00:06<00:02, 22.04it/s]
 62%|██████▎   | 105/168 [00:06<00:02, 21.72it/s]
 64%|██████▍   | 108/168 [00:06<00:02, 21.19it/s]
 66%|██████▌   | 111/168 [00:06<00:02, 21.06it/s]
 68%|██████▊   | 114/168 [00:06<00:02, 21.04it/s]
 70%|███████   | 118/168 [00:07<00:02, 24.29it/s]
 73%|███████▎  | 122/168 [00:07<00:01, 26.93it/s]
 74%|███████▍  | 125/168 [00:07<00:01, 24.58it/s]
 76%|███████▌  | 128/168 [00:07<00:01, 23.51it/s]
 78%|███████▊  | 131/168 [00:07<00:01, 22.71it/s]
 80%|███████▉  | 134/168 [00:07<00:01, 22.07it/s]
 82%|████████▏ | 137/168 [00:07<00:01, 21.12it/s]
 83%|████████▎ | 140/168 [00:08<00:01, 21.61it/s]
 85%|████████▌ | 143/168 [00:08<00:01, 21.67it/s]
 87%|████████▋ | 146/168 [00:08<00:01, 21.54it/s]
 89%|████████▊ | 149/168 [00:08<00:00, 21.04it/s]
 90%|█████████ | 152/168 [00:08<00:00, 21.38it/s]
 92%|█████████▏| 155/168 [00:08<00:00, 21.54it/s]
 94%|█████████▍| 158/168 [00:08<00:00, 21.47it/s]
 96%|█████████▌| 161/168 [00:09<00:00, 18.88it/s]
 98%|█████████▊| 164/168 [00:09<00:00, 19.97it/s]
100%|██████████| 168/168 [00:09<00:00, 23.61it/s]
100%|██████████| 168/168 [00:09<00:00, 17.80it/s]
Result on AGD: 
KLD=0.8930957913398743, SIM=0.5189077854156494, NSS=1.5580240488052368
noun sim: 0.11141080861645085, part sim: 0.15119593803371703
No KLD improvement for 2 epoch(s). Best KLD: 0.8691259026527405, Current KLD: 0.8930957913398743
Epoch 9 loss coeffs: kl=0.3, sim=1.0, exo_cls=0.6, noun=0.1, part=0.01, proto=0.2, conc=0.05
============Training Epoch 9============

  0%|          | 0/693 [00:00<?, ?it/s]/mnt/sdb/wyn/envs/clip-env/lib/python3.10/site-packages/torch/_tensor.py:1002: UserWarning: non-inplace resize is deprecated
  warnings.warn("non-inplace resize is deprecated")
/mnt/sdb/wyn/envs/clip-env/lib/python3.10/site-packages/torch/_tensor.py:1002: UserWarning: non-inplace resize is deprecated
  warnings.warn("non-inplace resize is deprecated")
/mnt/sdb/wyn/envs/clip-env/lib/python3.10/site-packages/torch/_tensor.py:1002: UserWarning: non-inplace resize is deprecated
  warnings.warn("non-inplace resize is deprecated")
/mnt/sdb/wyn/envs/clip-env/lib/python3.10/site-packages/torch/_tensor.py:1002: UserWarning: non-inplace resize is deprecated
  warnings.warn("non-inplace resize is deprecated")
/mnt/sdb/wyn/envs/clip-env/lib/python3.10/site-packages/torch/_tensor.py:1002: UserWarning: non-inplace resize is deprecated
  warnings.warn("non-inplace resize is deprecated")
/mnt/sdb/wyn/envs/clip-env/lib/python3.10/site-packages/torch/_tensor.py:1002: UserWarning: non-inplace resize is deprecated
  warnings.warn("non-inplace resize is deprecated")
/mnt/sdb/wyn/envs/clip-env/lib/python3.10/site-packages/torch/_tensor.py:1002: UserWarning: non-inplace resize is deprecated
  warnings.warn("non-inplace resize is deprecated")
/mnt/sdb/wyn/envs/clip-env/lib/python3.10/site-packages/torch/_tensor.py:1002: UserWarning: non-inplace resize is deprecated
  warnings.warn("non-inplace resize is deprecated")

  0%|          | 1/693 [00:01<20:28,  1.78s/it]
  0%|          | 2/693 [00:02<10:02,  1.15it/s]
  0%|          | 3/693 [00:02<07:53,  1.46it/s]
  1%|          | 4/693 [00:02<05:46,  1.99it/s]
  1%|          | 5/693 [00:02<04:39,  2.46it/s]
  1%|          | 6/693 [00:03<03:59,  2.87it/s]
  1%|          | 7/693 [00:03<03:32,  3.22it/s]
  1%|          | 8/693 [00:03<03:09,  3.61it/s]
  1%|▏         | 9/693 [00:03<03:02,  3.74it/s]
  1%|▏         | 10/693 [00:04<02:55,  3.90it/s]
  2%|▏         | 11/693 [00:04<02:49,  4.02it/s]
  2%|▏         | 12/693 [00:04<02:44,  4.13it/s]
  2%|▏         | 13/693 [00:04<02:44,  4.13it/s]
  2%|▏         | 14/693 [00:05<02:42,  4.17it/s]
  2%|▏         | 15/693 [00:05<02:42,  4.18it/s]
  2%|▏         | 16/693 [00:05<02:37,  4.31it/s]
  2%|▏         | 17/693 [00:05<02:46,  4.05it/s]
  3%|▎         | 18/693 [00:05<02:44,  4.10it/s]
  3%|▎         | 19/693 [00:06<02:38,  4.24it/s]
  3%|▎         | 20/693 [00:06<02:20,  4.79it/s]
  3%|▎         | 21/693 [00:06<02:04,  5.38it/s]
  3%|▎         | 22/693 [00:06<02:15,  4.95it/s]
  3%|▎         | 23/693 [00:06<02:22,  4.70it/s]
  3%|▎         | 24/693 [00:07<02:27,  4.54it/s]
  4%|▎         | 25/693 [00:07<02:30,  4.43it/s]
  4%|▍         | 26/693 [00:07<02:32,  4.36it/s]
  4%|▍         | 27/693 [00:07<02:34,  4.31it/s]
  4%|▍         | 28/693 [00:08<02:28,  4.47it/s]
  4%|▍         | 29/693 [00:08<02:31,  4.40it/s]
  4%|▍         | 30/693 [00:08<02:32,  4.34it/s]
  4%|▍         | 31/693 [00:08<02:33,  4.30it/s]
  5%|▍         | 32/693 [00:09<02:28,  4.45it/s]
  5%|▍         | 33/693 [00:09<02:13,  4.94it/s]
  5%|▍         | 34/693 [00:09<02:18,  4.77it/s]
  5%|▌         | 35/693 [00:09<02:23,  4.59it/s]
  5%|▌         | 36/693 [00:09<02:26,  4.47it/s]
  5%|▌         | 37/693 [00:10<02:29,  4.39it/s]
  5%|▌         | 38/693 [00:10<02:30,  4.34it/s]
  6%|▌         | 39/693 [00:10<02:32,  4.30it/s]
  6%|▌         | 40/693 [00:10<02:29,  4.38it/s]
  6%|▌         | 41/693 [00:11<02:30,  4.34it/s]
  6%|▌         | 42/693 [00:11<02:29,  4.35it/s]
  6%|▌         | 43/693 [00:11<02:30,  4.31it/s]
  6%|▋         | 44/693 [00:11<02:24,  4.48it/s]
  6%|▋         | 45/693 [00:11<02:04,  5.19it/s]
  7%|▋         | 46/693 [00:11<01:52,  5.76it/s]
  7%|▋         | 47/693 [00:12<01:59,  5.40it/s]
  7%|▋         | 48/693 [00:12<02:08,  5.03it/s]
  7%|▋         | 49/693 [00:12<02:15,  4.75it/s]
  7%|▋         | 50/693 [00:12<02:18,  4.65it/s]
  7%|▋         | 51/693 [00:13<02:22,  4.50it/s]
  8%|▊         | 52/693 [00:13<02:22,  4.50it/s]
  8%|▊         | 53/693 [00:13<02:22,  4.50it/s]
  8%|▊         | 54/693 [00:13<02:17,  4.64it/s]
  8%|▊         | 55/693 [00:14<02:22,  4.47it/s]
  8%|▊         | 56/693 [00:14<02:24,  4.41it/s]
  8%|▊         | 57/693 [00:14<02:25,  4.36it/s]
  8%|▊         | 58/693 [00:14<02:12,  4.81it/s]
  9%|▊         | 59/693 [00:14<01:55,  5.47it/s]
  9%|▊         | 60/693 [00:14<01:48,  5.81it/s]
  9%|▉         | 61/693 [00:15<01:48,  5.81it/s]
  9%|▉         | 62/693 [00:15<02:00,  5.22it/s]
  9%|▉         | 63/693 [00:15<02:09,  4.85it/s]
  9%|▉         | 64/693 [00:15<02:15,  4.65it/s]
  9%|▉         | 65/693 [00:16<02:19,  4.50it/s]
 10%|▉         | 66/693 [00:16<02:21,  4.43it/s]
 10%|▉         | 67/693 [00:16<02:22,  4.39it/s]
 10%|▉         | 68/693 [00:16<02:21,  4.41it/s]
 10%|▉         | 69/693 [00:16<02:24,  4.31it/s]
 10%|█         | 70/693 [00:17<02:22,  4.36it/s]
 10%|█         | 71/693 [00:17<02:23,  4.33it/s]
 10%|█         | 72/693 [00:17<02:07,  4.87it/s]
 11%|█         | 73/693 [00:17<01:53,  5.48it/s]
 11%|█         | 74/693 [00:17<01:55,  5.35it/s]
 11%|█         | 75/693 [00:18<02:05,  4.94it/s]
 11%|█         | 76/693 [00:18<02:10,  4.71it/s]
 11%|█         | 77/693 [00:18<02:15,  4.53it/s]
 11%|█▏        | 78/693 [00:18<02:18,  4.42it/s]
 11%|█▏        | 79/693 [00:19<02:21,  4.35it/s]
 12%|█▏        | 80/693 [00:19<02:18,  4.44it/s]
 12%|█▏        | 81/693 [00:19<02:17,  4.46it/s]
 12%|█▏        | 82/693 [00:19<02:18,  4.40it/s]
 12%|█▏        | 83/693 [00:19<02:19,  4.38it/s]
 12%|█▏        | 84/693 [00:20<02:19,  4.37it/s]
 12%|█▏        | 85/693 [00:20<02:02,  4.98it/s]
 12%|█▏        | 86/693 [00:20<01:52,  5.39it/s]
 13%|█▎        | 87/693 [00:20<02:01,  4.99it/s]
 13%|█▎        | 88/693 [00:20<02:06,  4.79it/s]
 13%|█▎        | 89/693 [00:21<02:11,  4.59it/s]
 13%|█▎        | 90/693 [00:21<02:12,  4.55it/s]
 13%|█▎        | 91/693 [00:21<02:15,  4.45it/s]
 13%|█▎        | 92/693 [00:21<02:15,  4.42it/s]
 13%|█▎        | 93/693 [00:22<02:15,  4.44it/s]
 14%|█▎        | 94/693 [00:22<02:16,  4.40it/s]
 14%|█▎        | 95/693 [00:22<02:16,  4.37it/s]
 14%|█▍        | 96/693 [00:22<02:16,  4.37it/s]
 14%|█▍        | 97/693 [00:23<02:13,  4.47it/s]
 14%|█▍        | 98/693 [00:23<01:55,  5.14it/s]
 14%|█▍        | 99/693 [00:23<01:42,  5.78it/s]
 14%|█▍        | 100/693 [00:23<01:45,  5.60it/s]
 15%|█▍        | 101/693 [00:23<01:56,  5.08it/s]
 15%|█▍        | 102/693 [00:23<02:02,  4.83it/s]
 15%|█▍        | 103/693 [00:24<02:07,  4.64it/s]
 15%|█▌        | 104/693 [00:24<02:09,  4.54it/s]
 15%|█▌        | 105/693 [00:24<02:12,  4.44it/s]
 15%|█▌        | 106/693 [00:24<02:12,  4.42it/s]
 15%|█▌        | 107/693 [00:25<02:06,  4.62it/s]
 16%|█▌        | 108/693 [00:25<02:08,  4.54it/s]
 16%|█▌        | 109/693 [00:25<02:10,  4.48it/s]
 16%|█▌        | 110/693 [00:25<02:11,  4.45it/s]
 16%|█▌        | 111/693 [00:25<02:01,  4.80it/s]
 16%|█▌        | 112/693 [00:26<01:48,  5.37it/s]
 16%|█▋        | 113/693 [00:26<01:38,  5.86it/s]
 16%|█▋        | 114/693 [00:26<01:48,  5.32it/s]
 17%|█▋        | 115/693 [00:26<01:57,  4.92it/s]
 17%|█▋        | 116/693 [00:26<02:02,  4.72it/s]
 17%|█▋        | 117/693 [00:27<02:06,  4.55it/s]
 17%|█▋        | 118/693 [00:27<02:08,  4.48it/s]
 17%|█▋        | 119/693 [00:27<02:10,  4.39it/s]
 17%|█▋        | 120/693 [00:27<02:08,  4.46it/s]
 17%|█▋        | 121/693 [00:28<02:10,  4.40it/s]
 18%|█▊        | 122/693 [00:28<02:10,  4.39it/s]
 18%|█▊        | 123/693 [00:28<02:11,  4.33it/s]
 18%|█▊        | 124/693 [00:28<02:08,  4.43it/s]
 18%|█▊        | 125/693 [00:28<01:51,  5.10it/s]
 18%|█▊        | 126/693 [00:28<01:40,  5.63it/s]
 18%|█▊        | 127/693 [00:29<01:45,  5.37it/s]
 18%|█▊        | 128/693 [00:29<01:53,  5.00it/s]
 19%|█▊        | 129/693 [00:29<01:58,  4.76it/s]
 19%|█▉        | 130/693 [00:29<02:01,  4.64it/s]
 19%|█▉        | 131/693 [00:30<02:05,  4.50it/s]
 19%|█▉        | 132/693 [00:30<02:05,  4.46it/s]
 19%|█▉        | 133/693 [00:30<02:04,  4.51it/s]
 19%|█▉        | 134/693 [00:30<02:01,  4.59it/s]
 19%|█▉        | 135/693 [00:31<02:05,  4.45it/s]
 20%|█▉        | 136/693 [00:31<02:05,  4.43it/s]
 20%|█▉        | 137/693 [00:31<02:07,  4.37it/s]
 20%|█▉        | 138/693 [00:31<01:54,  4.85it/s]
 20%|██        | 139/693 [00:31<01:39,  5.60it/s]
 20%|██        | 140/693 [00:31<01:39,  5.55it/s]
 20%|██        | 141/693 [00:32<01:48,  5.09it/s]
 20%|██        | 142/693 [00:32<01:53,  4.85it/s]
 21%|██        | 143/693 [00:32<01:59,  4.62it/s]
 21%|██        | 144/693 [00:32<02:01,  4.53it/s]
 21%|██        | 145/693 [00:33<02:03,  4.44it/s]
 21%|██        | 146/693 [00:33<02:03,  4.43it/s]
 21%|██        | 147/693 [00:33<02:01,  4.49it/s]
 21%|██▏       | 148/693 [00:33<02:02,  4.46it/s]
 22%|██▏       | 149/693 [00:34<02:04,  4.38it/s]
 22%|██▏       | 150/693 [00:34<02:04,  4.37it/s]
 22%|██▏       | 151/693 [00:34<01:53,  4.76it/s]
 22%|██▏       | 152/693 [00:34<01:40,  5.40it/s]
 22%|██▏       | 153/693 [00:34<01:31,  5.90it/s]
 22%|██▏       | 154/693 [00:34<01:41,  5.30it/s]
 22%|██▏       | 155/693 [00:35<01:48,  4.96it/s]
 23%|██▎       | 156/693 [00:35<01:52,  4.76it/s]
 23%|██▎       | 157/693 [00:35<01:56,  4.59it/s]
 23%|██▎       | 158/693 [00:35<01:58,  4.52it/s]
 23%|██▎       | 159/693 [00:36<02:00,  4.44it/s]
 23%|██▎       | 160/693 [00:36<01:56,  4.59it/s]
 23%|██▎       | 161/693 [00:36<01:57,  4.53it/s]
 23%|██▎       | 162/693 [00:36<01:58,  4.48it/s]
 24%|██▎       | 163/693 [00:36<01:59,  4.42it/s]
 24%|██▎       | 164/693 [00:37<02:01,  4.37it/s]
 24%|██▍       | 165/693 [00:37<01:47,  4.89it/s]
 24%|██▍       | 166/693 [00:37<01:34,  5.59it/s]
 24%|██▍       | 167/693 [00:37<01:29,  5.89it/s]
 24%|██▍       | 168/693 [00:37<01:38,  5.33it/s]
 24%|██▍       | 169/693 [00:38<01:46,  4.94it/s]
 25%|██▍       | 170/693 [00:38<01:50,  4.75it/s]
 25%|██▍       | 171/693 [00:38<01:54,  4.58it/s]
 25%|██▍       | 172/693 [00:38<01:55,  4.50it/s]
 25%|██▍       | 173/693 [00:39<01:58,  4.40it/s]
 25%|██▌       | 174/693 [00:39<01:53,  4.57it/s]
 25%|██▌       | 175/693 [00:39<01:55,  4.50it/s]
 25%|██▌       | 176/693 [00:39<01:55,  4.47it/s]
 26%|██▌       | 177/693 [00:39<01:57,  4.40it/s]
 26%|██▌       | 178/693 [00:40<01:57,  4.39it/s]
 26%|██▌       | 179/693 [00:40<01:42,  5.01it/s]
 26%|██▌       | 180/693 [00:40<01:31,  5.63it/s]
 26%|██▌       | 181/693 [00:40<01:32,  5.56it/s]
 26%|██▋       | 182/693 [00:40<01:39,  5.12it/s]
 26%|██▋       | 183/693 [00:41<01:45,  4.82it/s]
 27%|██▋       | 184/693 [00:41<01:49,  4.66it/s]
 27%|██▋       | 185/693 [00:41<01:52,  4.52it/s]
 27%|██▋       | 186/693 [00:41<01:53,  4.48it/s]
 27%|██▋       | 187/693 [00:41<01:55,  4.40it/s]
 27%|██▋       | 188/693 [00:42<01:52,  4.49it/s]
 27%|██▋       | 189/693 [00:42<01:54,  4.40it/s]
 27%|██▋       | 190/693 [00:42<01:54,  4.38it/s]
 28%|██▊       | 191/693 [00:42<01:55,  4.35it/s]
 28%|██▊       | 192/693 [00:43<01:44,  4.77it/s]
 28%|██▊       | 193/693 [00:43<01:31,  5.46it/s]
 28%|██▊       | 194/693 [00:43<01:27,  5.73it/s]
 28%|██▊       | 195/693 [00:43<01:35,  5.20it/s]
 28%|██▊       | 196/693 [00:43<01:42,  4.87it/s]
 28%|██▊       | 197/693 [00:44<01:46,  4.64it/s]
 29%|██▊       | 198/693 [00:44<01:49,  4.52it/s]
 29%|██▊       | 199/693 [00:44<01:51,  4.43it/s]
 29%|██▉       | 200/693 [00:44<01:52,  4.38it/s]
 29%|██▉       | 201/693 [00:45<02:06,  3.90it/s]
 29%|██▉       | 202/693 [00:45<02:02,  4.00it/s]
 29%|██▉       | 203/693 [00:45<02:00,  4.07it/s]
 29%|██▉       | 204/693 [00:45<01:55,  4.23it/s]
 30%|██▉       | 205/693 [00:45<01:38,  4.93it/s]
 30%|██▉       | 206/693 [00:46<01:29,  5.43it/s]
 30%|██▉       | 207/693 [00:46<01:35,  5.07it/s]
 30%|███       | 208/693 [00:46<01:41,  4.80it/s]
 30%|███       | 209/693 [00:47<02:43,  2.95it/s]
 30%|███       | 210/693 [00:47<02:23,  3.36it/s]
 30%|███       | 211/693 [00:47<02:14,  3.59it/s]
 31%|███       | 212/693 [00:47<02:07,  3.77it/s]
 31%|███       | 213/693 [00:48<02:03,  3.90it/s]
 31%|███       | 214/693 [00:48<01:54,  4.18it/s]
 31%|███       | 215/693 [00:48<01:39,  4.82it/s]
 31%|███       | 216/693 [00:48<01:29,  5.31it/s]
 31%|███▏      | 217/693 [00:48<01:36,  4.93it/s]
 31%|███▏      | 218/693 [00:48<01:40,  4.71it/s]
 32%|███▏      | 219/693 [00:49<01:45,  4.49it/s]
 32%|███▏      | 220/693 [00:49<01:46,  4.44it/s]
 32%|███▏      | 221/693 [00:49<01:48,  4.37it/s]
 32%|███▏      | 222/693 [00:49<01:48,  4.34it/s]
 32%|███▏      | 223/693 [00:50<01:44,  4.50it/s]
 32%|███▏      | 224/693 [00:50<01:46,  4.42it/s]
 32%|███▏      | 225/693 [00:50<01:47,  4.35it/s]
 33%|███▎      | 226/693 [00:50<01:47,  4.34it/s]
 33%|███▎      | 227/693 [00:51<01:43,  4.48it/s]
 33%|███▎      | 228/693 [00:51<01:32,  5.01it/s]
 33%|███▎      | 229/693 [00:51<01:25,  5.45it/s]
 33%|███▎      | 230/693 [00:51<01:32,  5.01it/s]
 33%|███▎      | 231/693 [00:51<01:37,  4.74it/s]
 33%|███▎      | 232/693 [00:52<01:40,  4.58it/s]
 34%|███▎      | 233/693 [00:52<01:42,  4.48it/s]
 34%|███▍      | 234/693 [00:52<01:44,  4.41it/s]
 34%|███▍      | 235/693 [00:52<01:45,  4.36it/s]
 34%|███▍      | 236/693 [00:52<01:42,  4.46it/s]
 34%|███▍      | 237/693 [00:53<01:43,  4.39it/s]
 34%|███▍      | 238/693 [00:53<01:44,  4.35it/s]
 34%|███▍      | 239/693 [00:53<01:45,  4.32it/s]
 35%|███▍      | 240/693 [00:53<01:40,  4.52it/s]
 35%|███▍      | 241/693 [00:53<01:27,  5.14it/s]
 35%|███▍      | 242/693 [00:54<01:21,  5.52it/s]
 35%|███▌      | 243/693 [00:54<01:28,  5.06it/s]
 35%|███▌      | 244/693 [00:54<01:33,  4.78it/s]
 35%|███▌      | 245/693 [00:54<01:37,  4.59it/s]
 35%|███▌      | 246/693 [00:55<01:39,  4.49it/s]
 36%|███▌      | 247/693 [00:55<01:41,  4.40it/s]
 36%|███▌      | 248/693 [00:55<01:42,  4.34it/s]
 36%|███▌      | 249/693 [00:55<01:38,  4.50it/s]
 36%|███▌      | 250/693 [00:56<01:40,  4.40it/s]
 36%|███▌      | 251/693 [00:56<01:41,  4.36it/s]
 36%|███▋      | 252/693 [00:56<01:42,  4.30it/s]
 37%|███▋      | 253/693 [00:56<01:38,  4.46it/s]
 37%|███▋      | 254/693 [00:56<01:28,  4.96it/s]
 37%|███▋      | 255/693 [00:56<01:20,  5.41it/s]
 37%|███▋      | 256/693 [00:57<01:28,  4.94it/s]
 37%|███▋      | 257/693 [00:57<01:33,  4.68it/s]
 37%|███▋      | 258/693 [00:57<01:36,  4.49it/s]
 37%|███▋      | 259/693 [00:57<01:38,  4.40it/s]
 38%|███▊      | 260/693 [00:58<01:40,  4.32it/s]
 38%|███▊      | 261/693 [00:58<01:41,  4.27it/s]
 38%|███▊      | 262/693 [00:58<01:38,  4.37it/s]
 38%|███▊      | 263/693 [00:58<01:39,  4.31it/s]
 38%|███▊      | 264/693 [00:59<01:40,  4.25it/s]
 38%|███▊      | 265/693 [00:59<01:41,  4.20it/s]
 38%|███▊      | 266/693 [00:59<01:30,  4.73it/s]
 39%|███▊      | 267/693 [00:59<01:19,  5.37it/s]
 39%|███▊      | 268/693 [00:59<01:21,  5.24it/s]
 39%|███▉      | 269/693 [01:00<01:27,  4.86it/s]
 39%|███▉      | 270/693 [01:00<01:31,  4.63it/s]
 39%|███▉      | 271/693 [01:00<01:34,  4.48it/s]
 39%|███▉      | 272/693 [01:00<01:35,  4.39it/s]
 39%|███▉      | 273/693 [01:01<01:37,  4.31it/s]
 40%|███▉      | 274/693 [01:01<01:35,  4.37it/s]
 40%|███▉      | 275/693 [01:01<01:36,  4.33it/s]
 40%|███▉      | 276/693 [01:01<01:37,  4.29it/s]
 40%|███▉      | 277/693 [01:01<01:37,  4.26it/s]
 40%|████      | 278/693 [01:02<01:36,  4.32it/s]
 40%|████      | 279/693 [01:02<01:24,  4.89it/s]
 40%|████      | 280/693 [01:02<01:22,  4.98it/s]
 41%|████      | 281/693 [01:02<01:27,  4.70it/s]
 41%|████      | 282/693 [01:03<01:30,  4.52it/s]
 41%|████      | 283/693 [01:03<01:32,  4.42it/s]
 41%|████      | 284/693 [01:03<01:34,  4.33it/s]
 41%|████      | 285/693 [01:03<01:35,  4.29it/s]
 41%|████▏     | 286/693 [01:03<01:33,  4.34it/s]
 41%|████▏     | 287/693 [01:04<01:32,  4.37it/s]
 42%|████▏     | 288/693 [01:04<01:33,  4.32it/s]
 42%|████▏     | 289/693 [01:05<03:18,  2.03it/s]
 42%|████▏     | 290/693 [01:05<02:47,  2.40it/s]
 42%|████▏     | 291/693 [01:06<02:25,  2.76it/s]
 42%|████▏     | 292/693 [01:06<02:10,  3.06it/s]
 42%|████▏     | 293/693 [01:06<01:59,  3.34it/s]
 42%|████▏     | 294/693 [01:06<01:52,  3.55it/s]
 43%|████▎     | 295/693 [01:06<01:43,  3.85it/s]
 43%|████▎     | 296/693 [01:07<01:28,  4.46it/s]
 43%|████▎     | 297/693 [01:07<01:19,  4.98it/s]
 43%|████▎     | 298/693 [01:07<01:24,  4.69it/s]
 43%|████▎     | 299/693 [01:07<01:26,  4.54it/s]
 43%|████▎     | 300/693 [01:07<01:29,  4.40it/s]
 43%|████▎     | 301/693 [01:08<01:30,  4.32it/s]
 44%|████▎     | 302/693 [01:08<01:31,  4.28it/s]
 44%|████▎     | 303/693 [01:08<01:31,  4.25it/s]
 44%|████▍     | 304/693 [01:08<01:31,  4.26it/s]
 44%|████▍     | 305/693 [01:09<01:31,  4.25it/s]
 44%|████▍     | 306/693 [01:09<01:31,  4.25it/s]
 44%|████▍     | 307/693 [01:09<01:31,  4.22it/s]
 44%|████▍     | 308/693 [01:09<01:24,  4.58it/s]
 45%|████▍     | 309/693 [01:09<01:14,  5.18it/s]
 45%|████▍     | 310/693 [01:10<01:17,  4.97it/s]
 45%|████▍     | 311/693 [01:10<01:20,  4.72it/s]
 45%|████▌     | 312/693 [01:10<01:23,  4.56it/s]
 45%|████▌     | 313/693 [01:10<01:25,  4.45it/s]
 45%|████▌     | 314/693 [01:11<01:26,  4.37it/s]
 45%|████▌     | 315/693 [01:11<01:27,  4.31it/s]
 46%|████▌     | 316/693 [01:11<01:27,  4.33it/s]
 46%|████▌     | 317/693 [01:11<01:27,  4.31it/s]
 46%|████▌     | 318/693 [01:12<01:27,  4.30it/s]
 46%|████▌     | 319/693 [01:12<01:27,  4.27it/s]
 46%|████▌     | 320/693 [01:12<01:25,  4.39it/s]
 46%|████▋     | 321/693 [01:12<01:14,  5.01it/s]
 46%|████▋     | 322/693 [01:12<01:09,  5.33it/s]
 47%|████▋     | 323/693 [01:13<01:15,  4.93it/s]
 47%|████▋     | 324/693 [01:13<01:18,  4.70it/s]
 47%|████▋     | 325/693 [01:13<01:21,  4.54it/s]
 47%|████▋     | 326/693 [01:13<01:22,  4.45it/s]
 47%|████▋     | 327/693 [01:13<01:23,  4.37it/s]
 47%|████▋     | 328/693 [01:14<01:23,  4.35it/s]
 47%|████▋     | 329/693 [01:14<01:20,  4.51it/s]
 48%|████▊     | 330/693 [01:14<01:21,  4.46it/s]
 48%|████▊     | 331/693 [01:14<01:22,  4.40it/s]
 48%|████▊     | 332/693 [01:15<01:22,  4.38it/s]
 48%|████▊     | 333/693 [01:15<01:18,  4.57it/s]
 48%|████▊     | 334/693 [01:15<01:08,  5.22it/s]
 48%|████▊     | 335/693 [01:15<01:01,  5.84it/s]
 48%|████▊     | 336/693 [01:15<01:04,  5.51it/s]
 49%|████▊     | 337/693 [01:15<01:10,  5.06it/s]
 49%|████▉     | 338/693 [01:16<01:13,  4.80it/s]
 49%|████▉     | 339/693 [01:16<01:16,  4.61it/s]
 49%|████▉     | 340/693 [01:16<01:18,  4.53it/s]
 49%|████▉     | 341/693 [01:16<01:19,  4.44it/s]
 49%|████▉     | 342/693 [01:17<01:19,  4.43it/s]
 49%|████▉     | 343/693 [01:17<01:15,  4.61it/s]
 50%|████▉     | 344/693 [01:17<01:17,  4.51it/s]
 50%|████▉     | 345/693 [01:17<01:18,  4.45it/s]
 50%|████▉     | 346/693 [01:18<01:19,  4.38it/s]
 50%|█████     | 347/693 [01:18<01:11,  4.85it/s]
 50%|█████     | 348/693 [01:18<01:04,  5.37it/s]
 50%|█████     | 349/693 [01:18<00:59,  5.74it/s]
 51%|█████     | 350/693 [01:18<01:05,  5.22it/s]
 51%|█████     | 351/693 [01:18<01:11,  4.80it/s]
 51%|█████     | 352/693 [01:19<01:13,  4.66it/s]
 51%|█████     | 353/693 [01:20<02:24,  2.35it/s]
 51%|█████     | 354/693 [01:20<02:03,  2.74it/s]
 51%|█████     | 355/693 [01:20<01:39,  3.39it/s]
 51%|█████▏    | 356/693 [01:20<01:24,  3.97it/s]
 52%|█████▏    | 357/693 [01:20<01:23,  4.03it/s]
 52%|█████▏    | 358/693 [01:21<01:21,  4.11it/s]
 52%|█████▏    | 359/693 [01:21<01:21,  4.12it/s]
 52%|█████▏    | 360/693 [01:21<01:19,  4.18it/s]
 52%|█████▏    | 361/693 [01:21<01:19,  4.17it/s]
 52%|█████▏    | 362/693 [01:22<01:19,  4.17it/s]
 52%|█████▏    | 363/693 [01:22<01:15,  4.36it/s]
 53%|█████▎    | 364/693 [01:22<01:15,  4.34it/s]
 53%|█████▎    | 365/693 [01:22<01:16,  4.30it/s]
 53%|█████▎    | 366/693 [01:22<01:16,  4.29it/s]
 53%|█████▎    | 367/693 [01:23<01:12,  4.48it/s]
 53%|█████▎    | 368/693 [01:23<01:04,  5.05it/s]
 53%|█████▎    | 369/693 [01:23<00:58,  5.56it/s]
 53%|█████▎    | 370/693 [01:23<01:03,  5.08it/s]
 54%|█████▎    | 371/693 [01:23<01:07,  4.79it/s]
 54%|█████▎    | 372/693 [01:24<01:09,  4.62it/s]
 54%|█████▍    | 373/693 [01:24<01:11,  4.48it/s]
 54%|█████▍    | 374/693 [01:24<01:12,  4.41it/s]
 54%|█████▍    | 375/693 [01:24<01:13,  4.33it/s]
 54%|█████▍    | 376/693 [01:25<01:11,  4.41it/s]
 54%|█████▍    | 377/693 [01:25<01:12,  4.37it/s]
 55%|█████▍    | 378/693 [01:25<01:12,  4.35it/s]
 55%|█████▍    | 379/693 [01:25<01:12,  4.32it/s]
 55%|█████▍    | 380/693 [01:25<01:10,  4.47it/s]
 55%|█████▍    | 381/693 [01:26<01:00,  5.12it/s]
 55%|█████▌    | 382/693 [01:26<00:56,  5.54it/s]
 55%|█████▌    | 383/693 [01:26<01:00,  5.08it/s]
 55%|█████▌    | 384/693 [01:26<01:04,  4.80it/s]
 56%|█████▌    | 385/693 [01:26<01:07,  4.58it/s]
 56%|█████▌    | 386/693 [01:27<01:08,  4.50it/s]
 56%|█████▌    | 387/693 [01:27<01:09,  4.40it/s]
 56%|█████▌    | 388/693 [01:27<01:09,  4.36it/s]
 56%|█████▌    | 389/693 [01:27<01:08,  4.46it/s]
 56%|█████▋    | 390/693 [01:28<01:08,  4.40it/s]
 56%|█████▋    | 391/693 [01:28<01:10,  4.31it/s]
 57%|█████▋    | 392/693 [01:28<01:10,  4.27it/s]
 57%|█████▋    | 393/693 [01:28<01:07,  4.41it/s]
 57%|█████▋    | 394/693 [01:28<00:59,  5.00it/s]
 57%|█████▋    | 395/693 [01:29<00:54,  5.47it/s]
 57%|█████▋    | 396/693 [01:29<00:59,  5.01it/s]
 57%|█████▋    | 397/693 [01:29<01:02,  4.73it/s]
 57%|█████▋    | 398/693 [01:29<01:05,  4.52it/s]
 58%|█████▊    | 399/693 [01:30<01:06,  4.42it/s]
 58%|█████▊    | 400/693 [01:30<01:07,  4.35it/s]
 58%|█████▊    | 401/693 [01:30<01:08,  4.29it/s]
 58%|█████▊    | 402/693 [01:30<01:10,  4.15it/s]
 58%|█████▊    | 403/693 [01:31<01:09,  4.15it/s]
 58%|█████▊    | 404/693 [01:31<01:09,  4.14it/s]
 58%|█████▊    | 405/693 [01:31<01:08,  4.19it/s]
 59%|█████▊    | 406/693 [01:31<01:01,  4.63it/s]
 59%|█████▊    | 407/693 [01:31<00:55,  5.19it/s]
 59%|█████▉    | 408/693 [01:32<00:57,  4.97it/s]
 59%|█████▉    | 409/693 [01:32<01:00,  4.70it/s]
 59%|█████▉    | 410/693 [01:32<01:02,  4.51it/s]
 59%|█████▉    | 411/693 [01:32<01:03,  4.41it/s]
 59%|█████▉    | 412/693 [01:32<01:04,  4.33it/s]
 60%|█████▉    | 413/693 [01:33<01:05,  4.28it/s]
 60%|█████▉    | 414/693 [01:33<01:03,  4.38it/s]
 60%|█████▉    | 415/693 [01:33<01:04,  4.33it/s]
 60%|██████    | 416/693 [01:33<01:04,  4.28it/s]
 60%|██████    | 417/693 [01:34<01:04,  4.27it/s]
 60%|██████    | 418/693 [01:34<01:01,  4.44it/s]
 60%|██████    | 419/693 [01:34<00:54,  5.05it/s]
 61%|██████    | 420/693 [01:34<00:53,  5.12it/s]
 61%|██████    | 421/693 [01:34<00:56,  4.79it/s]
 61%|██████    | 422/693 [01:35<00:59,  4.59it/s]
 61%|██████    | 423/693 [01:35<01:00,  4.44it/s]
 61%|██████    | 424/693 [01:35<01:02,  4.34it/s]
 61%|██████▏   | 425/693 [01:35<01:02,  4.29it/s]
 61%|██████▏   | 426/693 [01:36<01:02,  4.26it/s]
 62%|██████▏   | 427/693 [01:36<00:59,  4.43it/s]
 62%|██████▏   | 428/693 [01:36<01:00,  4.36it/s]
 62%|██████▏   | 429/693 [01:36<01:00,  4.34it/s]
 62%|██████▏   | 430/693 [01:37<01:00,  4.34it/s]
 62%|██████▏   | 431/693 [01:37<00:54,  4.78it/s]
 62%|██████▏   | 432/693 [01:37<00:49,  5.30it/s]
 62%|██████▏   | 433/693 [01:37<00:50,  5.11it/s]
 63%|██████▎   | 434/693 [01:37<00:53,  4.84it/s]
 63%|██████▎   | 435/693 [01:37<00:55,  4.62it/s]
 63%|██████▎   | 436/693 [01:38<00:57,  4.49it/s]
 63%|██████▎   | 437/693 [01:38<00:58,  4.41it/s]
 63%|██████▎   | 438/693 [01:38<00:58,  4.37it/s]
 63%|██████▎   | 439/693 [01:38<00:57,  4.43it/s]
 63%|██████▎   | 440/693 [01:39<00:57,  4.37it/s]
 64%|██████▎   | 441/693 [01:39<00:58,  4.32it/s]
 64%|██████▍   | 442/693 [01:39<00:58,  4.31it/s]
 64%|██████▍   | 443/693 [01:39<00:56,  4.39it/s]
 64%|██████▍   | 444/693 [01:39<00:50,  4.96it/s]
 64%|██████▍   | 445/693 [01:40<00:44,  5.55it/s]
 64%|██████▍   | 446/693 [01:40<00:48,  5.12it/s]
 65%|██████▍   | 447/693 [01:40<00:51,  4.81it/s]
 65%|██████▍   | 448/693 [01:40<00:52,  4.62it/s]
 65%|██████▍   | 449/693 [01:41<00:54,  4.51it/s]
 65%|██████▍   | 450/693 [01:41<00:54,  4.42it/s]
 65%|██████▌   | 451/693 [01:41<00:55,  4.35it/s]
 65%|██████▌   | 452/693 [01:41<00:55,  4.34it/s]
 65%|██████▌   | 453/693 [01:41<00:55,  4.32it/s]
 66%|██████▌   | 454/693 [01:42<00:57,  4.19it/s]
 66%|██████▌   | 455/693 [01:42<00:56,  4.19it/s]
 66%|██████▌   | 456/693 [01:42<00:53,  4.46it/s]
 66%|██████▌   | 457/693 [01:42<00:46,  5.13it/s]
 66%|██████▌   | 458/693 [01:42<00:42,  5.49it/s]
 66%|██████▌   | 459/693 [01:43<00:46,  5.02it/s]
 66%|██████▋   | 460/693 [01:43<00:48,  4.76it/s]
 67%|██████▋   | 461/693 [01:43<00:50,  4.58it/s]
 67%|██████▋   | 462/693 [01:43<00:51,  4.50it/s]
 67%|██████▋   | 463/693 [01:44<00:52,  4.40it/s]
 67%|██████▋   | 464/693 [01:44<00:52,  4.35it/s]
 67%|██████▋   | 465/693 [01:44<00:50,  4.51it/s]
 67%|██████▋   | 466/693 [01:44<00:51,  4.43it/s]
 67%|██████▋   | 467/693 [01:45<00:51,  4.38it/s]
 68%|██████▊   | 468/693 [01:45<00:51,  4.34it/s]
 68%|██████▊   | 469/693 [01:45<00:49,  4.52it/s]
 68%|██████▊   | 470/693 [01:45<00:43,  5.08it/s]
 68%|██████▊   | 471/693 [01:45<00:39,  5.60it/s]
 68%|██████▊   | 472/693 [01:45<00:43,  5.10it/s]
 68%|██████▊   | 473/693 [01:46<00:45,  4.81it/s]
 68%|██████▊   | 474/693 [01:46<00:47,  4.63it/s]
 69%|██████▊   | 475/693 [01:46<00:48,  4.48it/s]
 69%|██████▊   | 476/693 [01:46<00:49,  4.42it/s]
 69%|██████▉   | 477/693 [01:47<00:49,  4.35it/s]
 69%|██████▉   | 478/693 [01:47<00:48,  4.42it/s]
 69%|██████▉   | 479/693 [01:47<00:49,  4.34it/s]
 69%|██████▉   | 480/693 [01:47<00:49,  4.32it/s]
 69%|██████▉   | 481/693 [01:48<00:49,  4.30it/s]
 70%|██████▉   | 482/693 [01:48<00:46,  4.49it/s]
 70%|██████▉   | 483/693 [01:48<00:40,  5.16it/s]
 70%|██████▉   | 484/693 [01:48<00:37,  5.61it/s]
 70%|██████▉   | 485/693 [01:48<00:39,  5.20it/s]
 70%|███████   | 486/693 [01:49<00:42,  4.88it/s]
 70%|███████   | 487/693 [01:49<00:44,  4.65it/s]
 70%|███████   | 488/693 [01:49<00:45,  4.52it/s]
 71%|███████   | 489/693 [01:49<00:46,  4.42it/s]
 71%|███████   | 490/693 [01:49<00:46,  4.36it/s]
 71%|███████   | 491/693 [01:50<00:46,  4.38it/s]
 71%|███████   | 492/693 [01:50<00:46,  4.34it/s]
 71%|███████   | 493/693 [01:50<00:46,  4.31it/s]
 71%|███████▏  | 494/693 [01:50<00:46,  4.29it/s]
 71%|███████▏  | 495/693 [01:51<00:44,  4.45it/s]
 72%|███████▏  | 496/693 [01:51<00:40,  4.86it/s]
 72%|███████▏  | 497/693 [01:51<00:40,  4.82it/s]
 72%|███████▏  | 498/693 [01:51<00:42,  4.64it/s]
 72%|███████▏  | 499/693 [01:51<00:43,  4.49it/s]
 72%|███████▏  | 500/693 [01:52<00:43,  4.42it/s]
 72%|███████▏  | 501/693 [01:52<00:44,  4.36it/s]
 72%|███████▏  | 502/693 [01:52<00:44,  4.32it/s]
 73%|███████▎  | 503/693 [01:52<00:43,  4.33it/s]
 73%|███████▎  | 504/693 [01:53<00:44,  4.29it/s]
 73%|███████▎  | 505/693 [01:53<00:43,  4.30it/s]
 73%|███████▎  | 506/693 [01:53<00:43,  4.29it/s]
 73%|███████▎  | 507/693 [01:53<00:42,  4.42it/s]
 73%|███████▎  | 508/693 [01:53<00:36,  5.00it/s]
 73%|███████▎  | 509/693 [01:54<00:33,  5.56it/s]
 74%|███████▎  | 510/693 [01:54<00:35,  5.16it/s]
 74%|███████▎  | 511/693 [01:54<00:37,  4.82it/s]
 74%|███████▍  | 512/693 [01:54<00:39,  4.62it/s]
 74%|███████▍  | 513/693 [01:55<00:40,  4.50it/s]
 74%|███████▍  | 514/693 [01:55<00:40,  4.42it/s]
 74%|███████▍  | 515/693 [01:55<00:40,  4.36it/s]
 74%|███████▍  | 516/693 [01:55<00:40,  4.35it/s]
 75%|███████▍  | 517/693 [01:55<00:40,  4.32it/s]
 75%|███████▍  | 518/693 [01:56<00:40,  4.29it/s]
 75%|███████▍  | 519/693 [01:56<00:40,  4.27it/s]
 75%|███████▌  | 520/693 [01:56<00:39,  4.42it/s]
 75%|███████▌  | 521/693 [01:56<00:34,  5.04it/s]
 75%|███████▌  | 522/693 [01:56<00:32,  5.32it/s]
 75%|███████▌  | 523/693 [01:57<00:34,  4.95it/s]
 76%|███████▌  | 524/693 [01:57<00:35,  4.73it/s]
 76%|███████▌  | 525/693 [01:57<00:36,  4.54it/s]
 76%|███████▌  | 526/693 [01:57<00:37,  4.45it/s]
 76%|███████▌  | 527/693 [01:58<00:38,  4.35it/s]
 76%|███████▌  | 528/693 [01:58<00:38,  4.27it/s]
 76%|███████▋  | 529/693 [01:58<00:37,  4.33it/s]
 76%|███████▋  | 530/693 [01:58<00:37,  4.30it/s]
 77%|███████▋  | 531/693 [01:59<00:38,  4.23it/s]
 77%|███████▋  | 532/693 [01:59<00:38,  4.24it/s]
 77%|███████▋  | 533/693 [01:59<00:35,  4.52it/s]
 77%|███████▋  | 534/693 [01:59<00:31,  5.05it/s]
 77%|███████▋  | 535/693 [01:59<00:31,  4.96it/s]
 77%|███████▋  | 536/693 [02:00<00:33,  4.69it/s]
 77%|███████▋  | 537/693 [02:00<00:34,  4.53it/s]
 78%|███████▊  | 538/693 [02:00<00:35,  4.34it/s]
 78%|███████▊  | 539/693 [02:00<00:35,  4.34it/s]
 78%|███████▊  | 540/693 [02:01<00:35,  4.28it/s]
 78%|███████▊  | 541/693 [02:01<00:35,  4.23it/s]
 78%|███████▊  | 542/693 [02:01<00:35,  4.20it/s]
 78%|███████▊  | 543/693 [02:01<00:35,  4.22it/s]
 78%|███████▊  | 544/693 [02:02<00:36,  4.13it/s]
 79%|███████▊  | 545/693 [02:02<00:32,  4.55it/s]
 79%|███████▉  | 546/693 [02:02<00:31,  4.69it/s]
 79%|███████▉  | 547/693 [02:02<00:32,  4.53it/s]
 79%|███████▉  | 548/693 [02:02<00:32,  4.39it/s]
 79%|███████▉  | 549/693 [02:03<00:33,  4.33it/s]
 79%|███████▉  | 550/693 [02:03<00:33,  4.23it/s]
 80%|███████▉  | 551/693 [02:03<00:33,  4.23it/s]
 80%|███████▉  | 552/693 [02:03<00:33,  4.21it/s]
 80%|███████▉  | 553/693 [02:04<00:31,  4.41it/s]
 80%|███████▉  | 554/693 [02:04<00:31,  4.36it/s]
 80%|████████  | 555/693 [02:04<00:31,  4.32it/s]
 80%|████████  | 556/693 [02:04<00:31,  4.30it/s]
 80%|████████  | 557/693 [02:04<00:28,  4.74it/s]
 81%|████████  | 558/693 [02:05<00:25,  5.26it/s]
 81%|████████  | 559/693 [02:05<00:26,  5.11it/s]
 81%|████████  | 560/693 [02:05<00:27,  4.82it/s]
 81%|████████  | 561/693 [02:05<00:28,  4.62it/s]
 81%|████████  | 562/693 [02:05<00:29,  4.52it/s]
 81%|████████  | 563/693 [02:06<00:29,  4.42it/s]
 81%|████████▏ | 564/693 [02:06<00:29,  4.39it/s]
 82%|████████▏ | 565/693 [02:06<00:28,  4.51it/s]
 82%|████████▏ | 566/693 [02:06<00:28,  4.50it/s]
 82%|████████▏ | 567/693 [02:07<00:28,  4.43it/s]
 82%|████████▏ | 568/693 [02:07<00:28,  4.38it/s]
 82%|████████▏ | 569/693 [02:07<00:28,  4.33it/s]
 82%|████████▏ | 570/693 [02:07<00:25,  4.88it/s]
 82%|████████▏ | 571/693 [02:07<00:22,  5.49it/s]
 83%|████████▎ | 572/693 [02:08<00:23,  5.25it/s]
 83%|████████▎ | 573/693 [02:08<00:24,  4.92it/s]
 83%|████████▎ | 574/693 [02:08<00:25,  4.69it/s]
 83%|████████▎ | 575/693 [02:08<00:26,  4.51it/s]
 83%|████████▎ | 576/693 [02:09<00:26,  4.43it/s]
 83%|████████▎ | 577/693 [02:09<00:26,  4.35it/s]
 83%|████████▎ | 578/693 [02:09<00:26,  4.42it/s]
 84%|████████▎ | 579/693 [02:09<00:25,  4.52it/s]
 84%|████████▎ | 580/693 [02:09<00:25,  4.38it/s]
 84%|████████▍ | 581/693 [02:10<00:25,  4.35it/s]
 84%|████████▍ | 582/693 [02:10<00:25,  4.28it/s]
 84%|████████▍ | 583/693 [02:10<00:22,  4.79it/s]
 84%|████████▍ | 584/693 [02:10<00:20,  5.31it/s]
 84%|████████▍ | 585/693 [02:10<00:21,  5.03it/s]
 85%|████████▍ | 586/693 [02:11<00:22,  4.75it/s]
 85%|████████▍ | 587/693 [02:11<00:23,  4.56it/s]
 85%|████████▍ | 588/693 [02:11<00:23,  4.43it/s]
 85%|████████▍ | 589/693 [02:11<00:23,  4.35it/s]
 85%|████████▌ | 590/693 [02:12<00:23,  4.29it/s]
 85%|████████▌ | 591/693 [02:12<00:22,  4.45it/s]
 85%|████████▌ | 592/693 [02:12<00:24,  4.19it/s]
 86%|████████▌ | 593/693 [02:12<00:23,  4.23it/s]
 86%|████████▌ | 594/693 [02:13<00:23,  4.13it/s]
 86%|████████▌ | 595/693 [02:13<00:22,  4.41it/s]
 86%|████████▌ | 596/693 [02:13<00:20,  4.69it/s]
 86%|████████▌ | 597/693 [02:13<00:20,  4.71it/s]
 86%|████████▋ | 598/693 [02:13<00:21,  4.40it/s]
 86%|████████▋ | 599/693 [02:14<00:21,  4.43it/s]
 87%|████████▋ | 600/693 [02:14<00:22,  4.21it/s]
 87%|████████▋ | 601/693 [02:14<00:21,  4.32it/s]
 87%|████████▋ | 602/693 [02:14<00:21,  4.27it/s]
 87%|████████▋ | 603/693 [02:15<00:20,  4.33it/s]
 87%|████████▋ | 604/693 [02:15<00:20,  4.27it/s]
 87%|████████▋ | 605/693 [02:15<00:20,  4.27it/s]
 87%|████████▋ | 606/693 [02:15<00:20,  4.23it/s]
 88%|████████▊ | 607/693 [02:15<00:18,  4.59it/s]
 88%|████████▊ | 608/693 [02:16<00:17,  4.85it/s]
 88%|████████▊ | 609/693 [02:16<00:18,  4.63it/s]
 88%|████████▊ | 610/693 [02:16<00:18,  4.48it/s]
 88%|████████▊ | 611/693 [02:16<00:18,  4.38it/s]
 88%|████████▊ | 612/693 [02:17<00:19,  4.26it/s]
 88%|████████▊ | 613/693 [02:17<00:18,  4.24it/s]
 89%|████████▊ | 614/693 [02:17<00:18,  4.22it/s]
 89%|████████▊ | 615/693 [02:17<00:18,  4.32it/s]
 89%|████████▉ | 616/693 [02:18<00:18,  4.28it/s]
 89%|████████▉ | 617/693 [02:18<00:17,  4.29it/s]
 89%|████████▉ | 618/693 [02:18<00:17,  4.26it/s]
 89%|████████▉ | 619/693 [02:18<00:15,  4.69it/s]
 89%|████████▉ | 620/693 [02:18<00:13,  5.22it/s]
 90%|████████▉ | 621/693 [02:19<00:14,  5.08it/s]
 90%|████████▉ | 622/693 [02:19<00:14,  4.77it/s]
 90%|████████▉ | 623/693 [02:19<00:15,  4.60it/s]
 90%|█████████ | 624/693 [02:19<00:15,  4.49it/s]
 90%|█████████ | 625/693 [02:20<00:15,  4.36it/s]
 90%|█████████ | 626/693 [02:20<00:15,  4.35it/s]
 90%|█████████ | 627/693 [02:20<00:15,  4.32it/s]
 91%|█████████ | 628/693 [02:20<00:15,  4.28it/s]
 91%|█████████ | 629/693 [02:20<00:14,  4.31it/s]
 91%|█████████ | 630/693 [02:21<00:14,  4.31it/s]
 91%|█████████ | 631/693 [02:21<00:13,  4.44it/s]
 91%|█████████ | 632/693 [02:21<00:11,  5.10it/s]
 91%|█████████▏| 633/693 [02:21<00:10,  5.49it/s]
 91%|█████████▏| 634/693 [02:21<00:10,  5.48it/s]
 92%|█████████▏| 635/693 [02:22<00:11,  5.02it/s]
 92%|█████████▏| 636/693 [02:22<00:11,  4.79it/s]
 92%|█████████▏| 637/693 [02:22<00:12,  4.59it/s]
 92%|█████████▏| 638/693 [02:22<00:12,  4.51it/s]
 92%|█████████▏| 639/693 [02:23<00:12,  4.43it/s]
 92%|█████████▏| 640/693 [02:23<00:12,  4.34it/s]
 92%|█████████▏| 641/693 [02:23<00:11,  4.63it/s]
 93%|█████████▎| 642/693 [02:23<00:11,  4.51it/s]
 93%|█████████▎| 643/693 [02:23<00:11,  4.46it/s]
 93%|█████████▎| 644/693 [02:24<00:11,  4.40it/s]
 93%|█████████▎| 645/693 [02:24<00:10,  4.80it/s]
 93%|█████████▎| 646/693 [02:24<00:08,  5.32it/s]
 93%|█████████▎| 647/693 [02:24<00:08,  5.15it/s]
 94%|█████████▎| 648/693 [02:24<00:09,  4.80it/s]
 94%|█████████▎| 649/693 [02:25<00:09,  4.63it/s]
 94%|█████████▍| 650/693 [02:25<00:09,  4.51it/s]
 94%|█████████▍| 651/693 [02:25<00:09,  4.43it/s]
 94%|█████████▍| 652/693 [02:25<00:09,  4.38it/s]
 94%|█████████▍| 653/693 [02:26<00:08,  4.50it/s]
 94%|█████████▍| 654/693 [02:26<00:08,  4.50it/s]
 95%|█████████▍| 655/693 [02:26<00:08,  4.40it/s]
 95%|█████████▍| 656/693 [02:26<00:08,  4.36it/s]
 95%|█████████▍| 657/693 [02:26<00:08,  4.32it/s]
 95%|█████████▍| 658/693 [02:27<00:07,  4.89it/s]
 95%|█████████▌| 659/693 [02:27<00:06,  5.48it/s]
 95%|█████████▌| 660/693 [02:27<00:06,  5.00it/s]
 95%|█████████▌| 661/693 [02:27<00:06,  4.74it/s]
 96%|█████████▌| 662/693 [02:27<00:06,  4.58it/s]
 96%|█████████▌| 663/693 [02:28<00:06,  4.43it/s]
 96%|█████████▌| 664/693 [02:28<00:06,  4.38it/s]
 96%|█████████▌| 665/693 [02:28<00:06,  4.31it/s]
 96%|█████████▌| 666/693 [02:28<00:06,  4.41it/s]
 96%|█████████▌| 667/693 [02:29<00:05,  4.36it/s]
 96%|█████████▋| 668/693 [02:29<00:05,  4.33it/s]
 97%|█████████▋| 669/693 [02:29<00:05,  4.29it/s]
 97%|█████████▋| 670/693 [02:29<00:05,  4.49it/s]
 97%|█████████▋| 671/693 [02:29<00:04,  5.16it/s]
 97%|█████████▋| 672/693 [02:30<00:03,  5.35it/s]
 97%|█████████▋| 673/693 [02:30<00:04,  4.96it/s]
 97%|█████████▋| 674/693 [02:30<00:04,  4.74it/s]
 97%|█████████▋| 675/693 [02:30<00:03,  4.56it/s]
 98%|█████████▊| 676/693 [02:31<00:03,  4.47it/s]
 98%|█████████▊| 677/693 [02:31<00:03,  4.33it/s]
 98%|█████████▊| 678/693 [02:31<00:03,  4.29it/s]
 98%|█████████▊| 679/693 [02:31<00:03,  4.36it/s]
 98%|█████████▊| 680/693 [02:31<00:03,  4.28it/s]
 98%|█████████▊| 681/693 [02:32<00:02,  4.32it/s]
 98%|█████████▊| 682/693 [02:32<00:02,  4.31it/s]
 99%|█████████▊| 683/693 [02:32<00:02,  4.67it/s]
 99%|█████████▊| 684/693 [02:32<00:01,  5.21it/s]
 99%|█████████▉| 685/693 [02:32<00:01,  5.48it/s]
 99%|█████████▉| 686/693 [02:33<00:01,  5.06it/s]
 99%|█████████▉| 687/693 [02:33<00:01,  4.77it/s]
 99%|█████████▉| 688/693 [02:33<00:01,  4.57it/s]
 99%|█████████▉| 689/693 [02:33<00:00,  4.48it/s]
100%|█████████▉| 690/693 [02:34<00:00,  4.43it/s]
100%|█████████▉| 691/693 [02:34<00:00,  4.37it/s]
100%|█████████▉| 692/693 [02:34<00:00,  4.41it/s]
100%|██████████| 693/693 [02:34<00:00,  4.40it/s]
100%|██████████| 693/693 [02:34<00:00,  4.47it/s]
Training loss: 0.7039105679737713, KL loss: 0.45303382333179915, Sim loss: 5.5080721488726105e-05, Exo CLS loss: 0.5336155796109082, 
Noun sim loss: 0.11825311738691288, Part sim loss: 0.15324721298305502, Proto loss: 1.1465575062867366, Conc loss: 0.10213370486814394
learning rate:4.2978917072108764e-05


  0%|          | 0/168 [00:00<?, ?it/s]
  1%|          | 1/168 [00:00<01:47,  1.55it/s]
  2%|▏         | 4/168 [00:00<00:26,  6.18it/s]
  4%|▎         | 6/168 [00:01<00:22,  7.11it/s]
  5%|▌         | 9/168 [00:01<00:16,  9.78it/s]
  7%|▋         | 11/168 [00:01<00:15,  9.95it/s]
  8%|▊         | 14/168 [00:01<00:12, 12.80it/s]
 10%|█         | 17/168 [00:01<00:14, 10.40it/s]
 11%|█▏        | 19/168 [00:02<00:13, 11.16it/s]
 14%|█▎        | 23/168 [00:02<00:09, 15.01it/s]
 15%|█▍        | 25/168 [00:02<00:13, 10.22it/s]
 16%|█▌        | 27/168 [00:02<00:15,  9.38it/s]
 18%|█▊        | 30/168 [00:02<00:11, 11.81it/s]
 20%|█▉        | 33/168 [00:03<00:09, 13.98it/s]
 21%|██▏       | 36/168 [00:03<00:08, 16.03it/s]
 23%|██▎       | 39/168 [00:03<00:07, 17.72it/s]
 25%|██▌       | 42/168 [00:03<00:06, 18.20it/s]
 27%|██▋       | 45/168 [00:03<00:06, 19.36it/s]
 29%|██▊       | 48/168 [00:03<00:05, 20.25it/s]
 30%|███       | 51/168 [00:03<00:05, 20.41it/s]
 32%|███▏      | 54/168 [00:04<00:05, 22.54it/s]
 34%|███▍      | 57/168 [00:04<00:04, 24.01it/s]
 36%|███▌      | 60/168 [00:04<00:04, 23.34it/s]
 38%|███▊      | 63/168 [00:04<00:04, 23.32it/s]
 39%|███▉      | 66/168 [00:04<00:04, 22.43it/s]
 41%|████      | 69/168 [00:04<00:04, 22.22it/s]
 43%|████▎     | 72/168 [00:04<00:04, 22.52it/s]
 45%|████▍     | 75/168 [00:04<00:04, 22.30it/s]
 46%|████▋     | 78/168 [00:05<00:04, 21.11it/s]
 48%|████▊     | 81/168 [00:05<00:04, 21.71it/s]
 50%|█████     | 84/168 [00:05<00:03, 21.86it/s]
 52%|█████▏    | 87/168 [00:05<00:03, 22.09it/s]
 54%|█████▎    | 90/168 [00:05<00:03, 22.14it/s]
 55%|█████▌    | 93/168 [00:05<00:03, 21.08it/s]
 57%|█████▋    | 96/168 [00:06<00:06, 10.49it/s]
 59%|█████▉    | 99/168 [00:06<00:05, 12.46it/s]
 61%|██████    | 102/168 [00:06<00:04, 14.35it/s]
 62%|██████▎   | 105/168 [00:06<00:03, 16.05it/s]
 64%|██████▍   | 108/168 [00:06<00:03, 17.59it/s]
 66%|██████▌   | 111/168 [00:07<00:03, 18.62it/s]
 68%|██████▊   | 114/168 [00:07<00:02, 19.26it/s]
 70%|██████▉   | 117/168 [00:07<00:02, 19.82it/s]
 71%|███████▏  | 120/168 [00:07<00:02, 20.04it/s]
 73%|███████▎  | 123/168 [00:07<00:02, 20.87it/s]
 75%|███████▌  | 126/168 [00:07<00:02, 20.63it/s]
 77%|███████▋  | 129/168 [00:07<00:01, 20.95it/s]
 79%|███████▊  | 132/168 [00:08<00:01, 21.07it/s]
 80%|████████  | 135/168 [00:08<00:01, 21.03it/s]
 82%|████████▏ | 138/168 [00:08<00:01, 21.15it/s]
 85%|████████▍ | 142/168 [00:08<00:01, 24.75it/s]
 86%|████████▋ | 145/168 [00:08<00:00, 24.44it/s]
 88%|████████▊ | 148/168 [00:08<00:00, 22.96it/s]
 90%|████████▉ | 151/168 [00:08<00:00, 21.52it/s]
 92%|█████████▏| 154/168 [00:09<00:00, 21.81it/s]
 93%|█████████▎| 157/168 [00:09<00:00, 21.74it/s]
 95%|█████████▌| 160/168 [00:09<00:00, 18.42it/s]
 97%|█████████▋| 163/168 [00:09<00:00, 19.66it/s]
 99%|█████████▉| 166/168 [00:09<00:00, 20.63it/s]
100%|██████████| 168/168 [00:09<00:00, 17.03it/s]
Result on AGD: 
KLD=0.9071709513664246, SIM=0.528814971446991, NSS=1.5231986045837402
noun sim: 0.11045101675249282, part sim: 0.15144964076933407
No KLD improvement for 3 epoch(s). Best KLD: 0.8691259026527405, Current KLD: 0.9071709513664246
Epoch 10 loss coeffs: kl=0.3, sim=1.0, exo_cls=0.6, noun=0.1, part=0.01, proto=0.2, conc=0.05
============Training Epoch 10============

  0%|          | 0/693 [00:00<?, ?it/s]/mnt/sdb/wyn/envs/clip-env/lib/python3.10/site-packages/torch/_tensor.py:1002: UserWarning: non-inplace resize is deprecated
  warnings.warn("non-inplace resize is deprecated")
/mnt/sdb/wyn/envs/clip-env/lib/python3.10/site-packages/torch/_tensor.py:1002: UserWarning: non-inplace resize is deprecated
  warnings.warn("non-inplace resize is deprecated")
/mnt/sdb/wyn/envs/clip-env/lib/python3.10/site-packages/torch/_tensor.py:1002: UserWarning: non-inplace resize is deprecated
  warnings.warn("non-inplace resize is deprecated")
/mnt/sdb/wyn/envs/clip-env/lib/python3.10/site-packages/torch/_tensor.py:1002: UserWarning: non-inplace resize is deprecated
  warnings.warn("non-inplace resize is deprecated")
/mnt/sdb/wyn/envs/clip-env/lib/python3.10/site-packages/torch/_tensor.py:1002: UserWarning: non-inplace resize is deprecated
  warnings.warn("non-inplace resize is deprecated")
/mnt/sdb/wyn/envs/clip-env/lib/python3.10/site-packages/torch/_tensor.py:1002: UserWarning: non-inplace resize is deprecated
  warnings.warn("non-inplace resize is deprecated")
/mnt/sdb/wyn/envs/clip-env/lib/python3.10/site-packages/torch/_tensor.py:1002: UserWarning: non-inplace resize is deprecated
  warnings.warn("non-inplace resize is deprecated")
/mnt/sdb/wyn/envs/clip-env/lib/python3.10/site-packages/torch/_tensor.py:1002: UserWarning: non-inplace resize is deprecated
  warnings.warn("non-inplace resize is deprecated")

  0%|          | 1/693 [00:01<16:12,  1.40s/it]
  0%|          | 2/693 [00:01<09:10,  1.25it/s]
  0%|          | 3/693 [00:03<13:25,  1.17s/it]
  1%|          | 4/693 [00:03<09:12,  1.25it/s]
  1%|          | 5/693 [00:03<06:52,  1.67it/s]
  1%|          | 6/693 [00:04<05:20,  2.14it/s]
  1%|          | 7/693 [00:04<04:05,  2.79it/s]
  1%|          | 8/693 [00:04<03:22,  3.38it/s]
  1%|▏         | 9/693 [00:04<03:09,  3.61it/s]
  1%|▏         | 10/693 [00:04<03:01,  3.76it/s]
  2%|▏         | 11/693 [00:05<02:55,  3.88it/s]
  2%|▏         | 12/693 [00:05<02:51,  3.96it/s]
  2%|▏         | 13/693 [00:05<02:48,  4.03it/s]
  2%|▏         | 14/693 [00:05<02:46,  4.07it/s]
  2%|▏         | 15/693 [00:06<02:40,  4.24it/s]
  2%|▏         | 16/693 [00:06<02:40,  4.22it/s]
  2%|▏         | 17/693 [00:06<02:40,  4.21it/s]
  3%|▎         | 18/693 [00:06<02:41,  4.19it/s]
  3%|▎         | 19/693 [00:06<02:33,  4.40it/s]
  3%|▎         | 20/693 [00:07<02:35,  4.32it/s]
  3%|▎         | 21/693 [00:07<02:36,  4.29it/s]
  3%|▎         | 22/693 [00:07<02:36,  4.28it/s]
  3%|▎         | 23/693 [00:07<02:37,  4.25it/s]
  3%|▎         | 24/693 [00:08<02:37,  4.25it/s]
  4%|▎         | 25/693 [00:08<02:37,  4.23it/s]
  4%|▍         | 26/693 [00:08<02:31,  4.39it/s]
  4%|▍         | 27/693 [00:08<02:33,  4.35it/s]
  4%|▍         | 28/693 [00:09<02:35,  4.28it/s]
  4%|▍         | 29/693 [00:09<02:35,  4.27it/s]
  4%|▍         | 30/693 [00:09<02:31,  4.38it/s]
  4%|▍         | 31/693 [00:09<02:12,  4.99it/s]
  5%|▍         | 32/693 [00:09<02:11,  5.04it/s]
  5%|▍         | 33/693 [00:10<02:18,  4.75it/s]
  5%|▍         | 34/693 [00:10<02:27,  4.48it/s]
  5%|▌         | 35/693 [00:10<02:29,  4.40it/s]
  5%|▌         | 36/693 [00:10<02:32,  4.30it/s]
  5%|▌         | 37/693 [00:11<02:33,  4.26it/s]
  5%|▌         | 38/693 [00:11<02:35,  4.22it/s]
  6%|▌         | 39/693 [00:11<02:34,  4.22it/s]
  6%|▌         | 40/693 [00:11<02:35,  4.19it/s]
  6%|▌         | 41/693 [00:11<02:34,  4.21it/s]
  6%|▌         | 42/693 [00:12<02:29,  4.34it/s]
  6%|▌         | 43/693 [00:12<02:11,  4.96it/s]
  6%|▋         | 44/693 [00:12<02:13,  4.86it/s]
  6%|▋         | 45/693 [00:12<02:18,  4.67it/s]
  7%|▋         | 46/693 [00:13<02:23,  4.52it/s]
  7%|▋         | 47/693 [00:13<02:25,  4.43it/s]
  7%|▋         | 48/693 [00:13<02:28,  4.35it/s]
  7%|▋         | 49/693 [00:13<02:29,  4.32it/s]
  7%|▋         | 50/693 [00:13<02:29,  4.29it/s]
  7%|▋         | 51/693 [00:14<02:23,  4.47it/s]
  8%|▊         | 52/693 [00:14<02:25,  4.41it/s]
  8%|▊         | 53/693 [00:14<02:27,  4.35it/s]
  8%|▊         | 54/693 [00:14<02:28,  4.30it/s]
  8%|▊         | 55/693 [00:15<02:14,  4.74it/s]
  8%|▊         | 56/693 [00:15<02:02,  5.20it/s]
  8%|▊         | 57/693 [00:15<02:09,  4.93it/s]
  8%|▊         | 58/693 [00:15<02:15,  4.69it/s]
  9%|▊         | 59/693 [00:15<02:19,  4.53it/s]
  9%|▊         | 60/693 [00:16<02:23,  4.42it/s]
  9%|▉         | 61/693 [00:16<02:24,  4.36it/s]
  9%|▉         | 62/693 [00:16<02:26,  4.30it/s]
  9%|▉         | 63/693 [00:16<02:23,  4.40it/s]
  9%|▉         | 64/693 [00:17<02:24,  4.34it/s]
  9%|▉         | 65/693 [00:17<02:25,  4.31it/s]
 10%|▉         | 66/693 [00:17<02:26,  4.29it/s]
 10%|▉         | 67/693 [00:17<02:19,  4.47it/s]
 10%|▉         | 68/693 [00:17<02:04,  5.00it/s]
 10%|▉         | 69/693 [00:18<01:54,  5.43it/s]
 10%|█         | 70/693 [00:18<02:04,  5.00it/s]
 10%|█         | 71/693 [00:18<02:11,  4.73it/s]
 10%|█         | 72/693 [00:18<02:16,  4.55it/s]
 11%|█         | 73/693 [00:18<02:19,  4.46it/s]
 11%|█         | 74/693 [00:19<02:20,  4.39it/s]
 11%|█         | 75/693 [00:19<02:22,  4.34it/s]
 11%|█         | 76/693 [00:19<02:18,  4.46it/s]
 11%|█         | 77/693 [00:19<02:19,  4.41it/s]
 11%|█▏        | 78/693 [00:20<02:21,  4.35it/s]
 11%|█▏        | 79/693 [00:20<02:22,  4.31it/s]
 12%|█▏        | 80/693 [00:22<07:00,  1.46it/s]
 12%|█▏        | 81/693 [00:22<05:36,  1.82it/s]
 12%|█▏        | 82/693 [00:22<04:37,  2.20it/s]
 12%|█▏        | 83/693 [00:22<03:57,  2.57it/s]
 12%|█▏        | 84/693 [00:23<03:27,  2.93it/s]
 12%|█▏        | 85/693 [00:23<03:08,  3.23it/s]
 12%|█▏        | 86/693 [00:23<02:54,  3.49it/s]
 13%|█▎        | 87/693 [00:23<02:42,  3.72it/s]
 13%|█▎        | 88/693 [00:23<02:37,  3.85it/s]
 13%|█▎        | 89/693 [00:24<02:31,  3.98it/s]
 13%|█▎        | 90/693 [00:24<02:27,  4.08it/s]
 13%|█▎        | 91/693 [00:24<02:20,  4.27it/s]
 13%|█▎        | 92/693 [00:24<02:03,  4.88it/s]
 13%|█▎        | 93/693 [00:24<01:47,  5.56it/s]
 14%|█▎        | 94/693 [00:25<01:51,  5.35it/s]
 14%|█▎        | 95/693 [00:25<02:00,  4.95it/s]
 14%|█▍        | 96/693 [00:25<02:07,  4.68it/s]
 14%|█▍        | 97/693 [00:25<02:11,  4.52it/s]
 14%|█▍        | 98/693 [00:26<02:14,  4.42it/s]
 14%|█▍        | 99/693 [00:26<02:16,  4.36it/s]
 14%|█▍        | 100/693 [00:26<02:14,  4.42it/s]
 15%|█▍        | 101/693 [00:26<02:12,  4.48it/s]
 15%|█▍        | 102/693 [00:26<02:16,  4.34it/s]
 15%|█▍        | 103/693 [00:27<02:16,  4.31it/s]
 15%|█▌        | 104/693 [00:27<02:17,  4.29it/s]
 15%|█▌        | 105/693 [00:27<02:01,  4.84it/s]
 15%|█▌        | 106/693 [00:27<01:49,  5.35it/s]
 15%|█▌        | 107/693 [00:27<01:58,  4.95it/s]
 16%|█▌        | 108/693 [00:28<02:05,  4.66it/s]
 16%|█▌        | 109/693 [00:28<02:09,  4.51it/s]
 16%|█▌        | 110/693 [00:28<02:13,  4.37it/s]
 16%|█▌        | 111/693 [00:28<02:14,  4.32it/s]
 16%|█▌        | 112/693 [00:29<02:16,  4.25it/s]
 16%|█▋        | 113/693 [00:29<02:15,  4.30it/s]
 16%|█▋        | 114/693 [00:29<02:16,  4.25it/s]
 17%|█▋        | 115/693 [00:29<02:16,  4.24it/s]
 17%|█▋        | 116/693 [00:30<02:17,  4.21it/s]
 17%|█▋        | 117/693 [00:30<02:02,  4.70it/s]
 17%|█▋        | 118/693 [00:30<01:48,  5.29it/s]
 17%|█▋        | 119/693 [00:30<01:49,  5.23it/s]
 17%|█▋        | 120/693 [00:30<01:58,  4.83it/s]
 17%|█▋        | 121/693 [00:31<02:03,  4.63it/s]
 18%|█▊        | 122/693 [00:31<02:07,  4.46it/s]
 18%|█▊        | 123/693 [00:31<02:10,  4.37it/s]
 18%|█▊        | 124/693 [00:31<02:12,  4.29it/s]
 18%|█▊        | 125/693 [00:32<02:11,  4.33it/s]
 18%|█▊        | 126/693 [00:32<02:11,  4.31it/s]
 18%|█▊        | 127/693 [00:32<02:12,  4.28it/s]
 18%|█▊        | 128/693 [00:32<02:12,  4.27it/s]
 19%|█▊        | 129/693 [00:32<02:07,  4.43it/s]
 19%|█▉        | 130/693 [00:33<01:53,  4.98it/s]
 19%|█▉        | 131/693 [00:33<01:43,  5.44it/s]
 19%|█▉        | 132/693 [00:33<01:52,  4.99it/s]
 19%|█▉        | 133/693 [00:33<01:58,  4.74it/s]
 19%|█▉        | 134/693 [00:33<02:02,  4.56it/s]
 19%|█▉        | 135/693 [00:34<02:05,  4.46it/s]
 20%|█▉        | 136/693 [00:34<02:06,  4.39it/s]
 20%|█▉        | 137/693 [00:34<02:08,  4.34it/s]
 20%|█▉        | 138/693 [00:34<02:05,  4.42it/s]
 20%|██        | 139/693 [00:35<02:06,  4.36it/s]
 20%|██        | 140/693 [00:35<02:07,  4.33it/s]
 20%|██        | 141/693 [00:35<02:07,  4.32it/s]
 20%|██        | 142/693 [00:35<02:03,  4.46it/s]
 21%|██        | 143/693 [00:35<01:48,  5.09it/s]
 21%|██        | 144/693 [00:36<01:45,  5.19it/s]
 21%|██        | 145/693 [00:36<01:52,  4.88it/s]
 21%|██        | 146/693 [00:36<01:57,  4.66it/s]
 21%|██        | 147/693 [00:36<02:00,  4.52it/s]
 21%|██▏       | 148/693 [00:37<02:04,  4.37it/s]
 22%|██▏       | 149/693 [00:37<02:05,  4.34it/s]
 22%|██▏       | 150/693 [00:37<02:06,  4.29it/s]
 22%|██▏       | 151/693 [00:37<02:05,  4.33it/s]
 22%|██▏       | 152/693 [00:38<02:06,  4.29it/s]
 22%|██▏       | 153/693 [00:38<02:06,  4.27it/s]
 22%|██▏       | 154/693 [00:38<02:06,  4.26it/s]
 22%|██▏       | 155/693 [00:38<01:55,  4.66it/s]
 23%|██▎       | 156/693 [00:38<01:45,  5.11it/s]
 23%|██▎       | 157/693 [00:39<01:50,  4.86it/s]
 23%|██▎       | 158/693 [00:39<01:55,  4.65it/s]
 23%|██▎       | 159/693 [00:39<01:58,  4.50it/s]
 23%|██▎       | 160/693 [00:39<02:00,  4.42it/s]
 23%|██▎       | 161/693 [00:39<02:02,  4.34it/s]
 23%|██▎       | 162/693 [00:40<02:02,  4.32it/s]
 24%|██▎       | 163/693 [00:40<02:00,  4.41it/s]
 24%|██▎       | 164/693 [00:40<02:01,  4.36it/s]
 24%|██▍       | 165/693 [00:40<02:01,  4.33it/s]
 24%|██▍       | 166/693 [00:41<02:02,  4.30it/s]
 24%|██▍       | 167/693 [00:41<01:57,  4.46it/s]
 24%|██▍       | 168/693 [00:41<01:44,  5.05it/s]
 24%|██▍       | 169/693 [00:41<01:34,  5.54it/s]
 25%|██▍       | 170/693 [00:41<01:43,  5.06it/s]
 25%|██▍       | 171/693 [00:42<01:49,  4.76it/s]
 25%|██▍       | 172/693 [00:42<01:53,  4.61it/s]
 25%|██▍       | 173/693 [00:42<01:56,  4.48it/s]
 25%|██▌       | 174/693 [00:42<01:57,  4.42it/s]
 25%|██▌       | 175/693 [00:43<01:58,  4.37it/s]
 25%|██▌       | 176/693 [00:43<01:57,  4.40it/s]
 26%|██▌       | 177/693 [00:43<01:58,  4.35it/s]
 26%|██▌       | 178/693 [00:43<01:59,  4.30it/s]
 26%|██▌       | 179/693 [00:43<02:00,  4.28it/s]
 26%|██▌       | 180/693 [00:44<01:55,  4.46it/s]
 26%|██▌       | 181/693 [00:44<01:40,  5.08it/s]
 26%|██▋       | 182/693 [00:44<01:35,  5.37it/s]
 26%|██▋       | 183/693 [00:44<01:42,  4.96it/s]
 27%|██▋       | 184/693 [00:44<01:48,  4.70it/s]
 27%|██▋       | 185/693 [00:45<01:51,  4.55it/s]
 27%|██▋       | 186/693 [00:45<01:54,  4.43it/s]
 27%|██▋       | 187/693 [00:45<01:55,  4.37it/s]
 27%|██▋       | 188/693 [00:45<01:56,  4.34it/s]
 27%|██▋       | 189/693 [00:46<01:55,  4.35it/s]
 27%|██▋       | 190/693 [00:46<01:56,  4.31it/s]
 28%|██▊       | 191/693 [00:46<01:56,  4.31it/s]
 28%|██▊       | 192/693 [00:46<01:58,  4.22it/s]
 28%|██▊       | 193/693 [00:47<01:49,  4.58it/s]
 28%|██▊       | 194/693 [00:47<01:36,  5.16it/s]
 28%|██▊       | 195/693 [00:47<01:37,  5.12it/s]
 28%|██▊       | 196/693 [00:47<01:43,  4.81it/s]
 28%|██▊       | 197/693 [00:47<01:47,  4.62it/s]
 29%|██▊       | 198/693 [00:48<01:50,  4.48it/s]
 29%|██▊       | 199/693 [00:48<01:53,  4.37it/s]
 29%|██▉       | 200/693 [00:49<03:01,  2.71it/s]
 29%|██▉       | 201/693 [00:49<02:41,  3.04it/s]
 29%|██▉       | 202/693 [00:49<02:16,  3.60it/s]
 29%|██▉       | 203/693 [00:49<01:54,  4.28it/s]
 29%|██▉       | 204/693 [00:49<01:51,  4.37it/s]
 30%|██▉       | 205/693 [00:49<01:53,  4.32it/s]
 30%|██▉       | 206/693 [00:50<01:53,  4.29it/s]
 30%|██▉       | 207/693 [00:50<01:53,  4.26it/s]
 30%|███       | 208/693 [00:50<01:53,  4.26it/s]
 30%|███       | 209/693 [00:50<01:53,  4.25it/s]
 30%|███       | 210/693 [00:51<01:49,  4.41it/s]
 30%|███       | 211/693 [00:51<01:49,  4.39it/s]
 31%|███       | 212/693 [00:51<01:52,  4.26it/s]
 31%|███       | 213/693 [00:51<01:52,  4.27it/s]
 31%|███       | 214/693 [00:52<01:50,  4.34it/s]
 31%|███       | 215/693 [00:52<01:35,  5.03it/s]
 31%|███       | 216/693 [00:52<01:32,  5.15it/s]
 31%|███▏      | 217/693 [00:52<01:38,  4.83it/s]
 31%|███▏      | 218/693 [00:52<01:42,  4.63it/s]
 32%|███▏      | 219/693 [00:53<01:45,  4.50it/s]
 32%|███▏      | 220/693 [00:53<01:47,  4.41it/s]
 32%|███▏      | 221/693 [00:53<01:48,  4.35it/s]
 32%|███▏      | 222/693 [00:53<01:49,  4.32it/s]
 32%|███▏      | 223/693 [00:54<01:47,  4.37it/s]
 32%|███▏      | 224/693 [00:54<01:49,  4.30it/s]
 32%|███▏      | 225/693 [00:54<01:48,  4.30it/s]
 33%|███▎      | 226/693 [00:54<01:48,  4.32it/s]
 33%|███▎      | 227/693 [00:54<01:41,  4.61it/s]
 33%|███▎      | 228/693 [00:55<01:30,  5.14it/s]
 33%|███▎      | 229/693 [00:55<01:32,  5.04it/s]
 33%|███▎      | 230/693 [00:55<01:36,  4.79it/s]
 33%|███▎      | 231/693 [00:55<01:40,  4.59it/s]
 33%|███▎      | 232/693 [00:55<01:42,  4.50it/s]
 34%|███▎      | 233/693 [00:56<01:44,  4.39it/s]
 34%|███▍      | 234/693 [00:56<01:45,  4.34it/s]
 34%|███▍      | 235/693 [00:56<01:43,  4.43it/s]
 34%|███▍      | 236/693 [00:56<01:42,  4.47it/s]
 34%|███▍      | 237/693 [00:57<01:43,  4.42it/s]
 34%|███▍      | 238/693 [00:57<01:43,  4.38it/s]
 34%|███▍      | 239/693 [00:57<01:44,  4.35it/s]
 35%|███▍      | 240/693 [00:57<01:32,  4.88it/s]
 35%|███▍      | 241/693 [00:57<01:21,  5.55it/s]
 35%|███▍      | 242/693 [00:58<01:23,  5.43it/s]
 35%|███▌      | 243/693 [00:58<01:30,  4.99it/s]
 35%|███▌      | 244/693 [00:58<02:11,  3.41it/s]
 35%|███▌      | 245/693 [00:59<02:03,  3.64it/s]
 35%|███▌      | 246/693 [00:59<01:54,  3.91it/s]
 36%|███▌      | 247/693 [00:59<01:48,  4.11it/s]
 36%|███▌      | 248/693 [00:59<01:47,  4.15it/s]
 36%|███▌      | 249/693 [00:59<01:46,  4.18it/s]
 36%|███▌      | 250/693 [01:00<01:45,  4.21it/s]
 36%|███▌      | 251/693 [01:00<01:34,  4.70it/s]
 36%|███▋      | 252/693 [01:00<01:25,  5.15it/s]
 37%|███▋      | 253/693 [01:00<01:30,  4.88it/s]
 37%|███▋      | 254/693 [01:00<01:33,  4.67it/s]
 37%|███▋      | 255/693 [01:01<01:37,  4.51it/s]
 37%|███▋      | 256/693 [01:01<01:38,  4.43it/s]
 37%|███▋      | 257/693 [01:01<01:40,  4.36it/s]
 37%|███▋      | 258/693 [01:01<01:40,  4.32it/s]
 37%|███▋      | 259/693 [01:02<01:37,  4.46it/s]
 38%|███▊      | 260/693 [01:02<01:38,  4.39it/s]
 38%|███▊      | 261/693 [01:02<01:39,  4.34it/s]
 38%|███▊      | 262/693 [01:02<01:41,  4.26it/s]
 38%|███▊      | 263/693 [01:02<01:35,  4.51it/s]
 38%|███▊      | 264/693 [01:03<01:34,  4.53it/s]
 38%|███▊      | 265/693 [01:03<01:37,  4.41it/s]
 38%|███▊      | 266/693 [01:03<01:39,  4.29it/s]
 39%|███▊      | 267/693 [01:03<01:40,  4.26it/s]
 39%|███▊      | 268/693 [01:04<01:39,  4.26it/s]
 39%|███▉      | 269/693 [01:04<01:40,  4.24it/s]
 39%|███▉      | 270/693 [01:04<01:39,  4.26it/s]
 39%|███▉      | 271/693 [01:04<01:34,  4.45it/s]
 39%|███▉      | 272/693 [01:05<01:37,  4.34it/s]
 39%|███▉      | 273/693 [01:05<01:37,  4.32it/s]
 40%|███▉      | 274/693 [01:05<01:39,  4.21it/s]
 40%|███▉      | 275/693 [01:05<01:29,  4.69it/s]
 40%|███▉      | 276/693 [01:05<01:31,  4.55it/s]
 40%|███▉      | 277/693 [01:06<01:34,  4.41it/s]
 40%|████      | 278/693 [01:06<01:34,  4.41it/s]
 40%|████      | 279/693 [01:06<01:35,  4.34it/s]
 40%|████      | 280/693 [01:06<01:36,  4.29it/s]
 41%|████      | 281/693 [01:07<01:36,  4.26it/s]
 41%|████      | 282/693 [01:07<01:35,  4.31it/s]
 41%|████      | 283/693 [01:07<01:34,  4.34it/s]
 41%|████      | 284/693 [01:07<01:36,  4.26it/s]
 41%|████      | 285/693 [01:08<01:36,  4.25it/s]
 41%|████▏     | 286/693 [01:08<01:34,  4.32it/s]
 41%|████▏     | 287/693 [01:08<01:22,  4.90it/s]
 42%|████▏     | 288/693 [01:08<01:15,  5.36it/s]
 42%|████▏     | 289/693 [01:08<01:21,  4.95it/s]
 42%|████▏     | 290/693 [01:09<01:26,  4.67it/s]
 42%|████▏     | 291/693 [01:09<01:29,  4.50it/s]
 42%|████▏     | 292/693 [01:09<01:31,  4.38it/s]
 42%|████▏     | 293/693 [01:09<01:32,  4.32it/s]
 42%|████▏     | 294/693 [01:10<01:33,  4.26it/s]
 43%|████▎     | 295/693 [01:10<01:32,  4.31it/s]
 43%|████▎     | 296/693 [01:10<01:33,  4.25it/s]
 43%|████▎     | 297/693 [01:10<01:33,  4.25it/s]
 43%|████▎     | 298/693 [01:10<01:33,  4.20it/s]
 43%|████▎     | 299/693 [01:11<01:25,  4.62it/s]
 43%|████▎     | 300/693 [01:11<01:22,  4.75it/s]
 43%|████▎     | 301/693 [01:11<01:25,  4.59it/s]
 44%|████▎     | 302/693 [01:11<01:27,  4.45it/s]
 44%|████▎     | 303/693 [01:12<01:29,  4.38it/s]
 44%|████▍     | 304/693 [01:12<01:30,  4.28it/s]
 44%|████▍     | 305/693 [01:12<01:31,  4.26it/s]
 44%|████▍     | 306/693 [01:12<01:32,  4.20it/s]
 44%|████▍     | 307/693 [01:12<01:28,  4.37it/s]
 44%|████▍     | 308/693 [01:13<01:30,  4.26it/s]
 45%|████▍     | 309/693 [01:13<01:30,  4.26it/s]
 45%|████▍     | 310/693 [01:13<01:30,  4.22it/s]
 45%|████▍     | 311/693 [01:13<01:21,  4.69it/s]
 45%|████▌     | 312/693 [01:14<01:13,  5.16it/s]
 45%|████▌     | 313/693 [01:14<01:16,  4.98it/s]
 45%|████▌     | 314/693 [01:14<01:21,  4.68it/s]
 45%|████▌     | 315/693 [01:14<01:23,  4.51it/s]
 46%|████▌     | 316/693 [01:14<01:26,  4.38it/s]
 46%|████▌     | 317/693 [01:15<01:27,  4.31it/s]
 46%|████▌     | 318/693 [01:15<01:28,  4.25it/s]
 46%|████▌     | 319/693 [01:15<01:27,  4.26it/s]
 46%|████▌     | 320/693 [01:15<01:28,  4.20it/s]
 46%|████▋     | 321/693 [01:16<01:28,  4.21it/s]
 46%|████▋     | 322/693 [01:16<01:28,  4.19it/s]
 47%|████▋     | 323/693 [01:16<01:21,  4.55it/s]
 47%|████▋     | 324/693 [01:16<01:12,  5.07it/s]
 47%|████▋     | 325/693 [01:16<01:13,  4.98it/s]
 47%|████▋     | 326/693 [01:17<01:17,  4.71it/s]
 47%|████▋     | 327/693 [01:17<01:20,  4.54it/s]
 47%|████▋     | 328/693 [01:17<01:24,  4.33it/s]
 47%|████▋     | 329/693 [01:17<01:25,  4.27it/s]
 48%|████▊     | 330/693 [01:18<01:25,  4.26it/s]
 48%|████▊     | 331/693 [01:18<01:21,  4.42it/s]
 48%|████▊     | 332/693 [01:18<01:22,  4.37it/s]
 48%|████▊     | 333/693 [01:18<01:23,  4.33it/s]
 48%|████▊     | 334/693 [01:19<01:23,  4.29it/s]
 48%|████▊     | 335/693 [01:19<01:19,  4.51it/s]
 48%|████▊     | 336/693 [01:19<01:15,  4.73it/s]
 49%|████▊     | 337/693 [01:19<01:17,  4.58it/s]
 49%|████▉     | 338/693 [01:19<01:19,  4.46it/s]
 49%|████▉     | 339/693 [01:20<01:20,  4.39it/s]
 49%|████▉     | 340/693 [01:20<01:21,  4.34it/s]
 49%|████▉     | 341/693 [01:20<01:21,  4.30it/s]
 49%|████▉     | 342/693 [01:20<01:22,  4.25it/s]
 49%|████▉     | 343/693 [01:21<01:21,  4.31it/s]
 50%|████▉     | 344/693 [01:21<01:21,  4.28it/s]
 50%|████▉     | 345/693 [01:21<01:21,  4.29it/s]
 50%|████▉     | 346/693 [01:21<01:20,  4.31it/s]
 50%|█████     | 347/693 [01:22<01:17,  4.49it/s]
 50%|█████     | 348/693 [01:22<01:07,  5.08it/s]
 50%|█████     | 349/693 [01:22<01:02,  5.48it/s]
 51%|█████     | 350/693 [01:22<01:08,  5.02it/s]
 51%|█████     | 351/693 [01:22<01:11,  4.76it/s]
 51%|█████     | 352/693 [01:23<01:15,  4.54it/s]
 51%|█████     | 353/693 [01:23<01:16,  4.42it/s]
 51%|█████     | 354/693 [01:23<01:18,  4.32it/s]
 51%|█████     | 355/693 [01:23<01:19,  4.27it/s]
 51%|█████▏    | 356/693 [01:23<01:17,  4.35it/s]
 52%|█████▏    | 357/693 [01:24<01:17,  4.31it/s]
 52%|█████▏    | 358/693 [01:24<01:18,  4.29it/s]
 52%|█████▏    | 359/693 [01:24<01:18,  4.26it/s]
 52%|█████▏    | 360/693 [01:24<01:13,  4.55it/s]
 52%|█████▏    | 361/693 [01:24<01:04,  5.15it/s]
 52%|█████▏    | 362/693 [01:25<01:09,  4.79it/s]
 52%|█████▏    | 363/693 [01:25<01:11,  4.59it/s]
 53%|█████▎    | 364/693 [01:25<01:14,  4.44it/s]
 53%|█████▎    | 365/693 [01:25<01:15,  4.35it/s]
 53%|█████▎    | 366/693 [01:26<01:16,  4.26it/s]
 53%|█████▎    | 367/693 [01:26<01:17,  4.23it/s]
 53%|█████▎    | 368/693 [01:26<01:17,  4.22it/s]
 53%|█████▎    | 369/693 [01:26<01:17,  4.19it/s]
 53%|█████▎    | 370/693 [01:27<01:17,  4.17it/s]
 54%|█████▎    | 371/693 [01:27<01:16,  4.19it/s]
 54%|█████▎    | 372/693 [01:27<01:10,  4.54it/s]
 54%|█████▍    | 373/693 [01:27<01:01,  5.20it/s]
 54%|█████▍    | 374/693 [01:27<01:02,  5.11it/s]
 54%|█████▍    | 375/693 [01:28<01:06,  4.79it/s]
 54%|█████▍    | 376/693 [01:28<01:09,  4.57it/s]
 54%|█████▍    | 377/693 [01:28<01:10,  4.46it/s]
 55%|█████▍    | 378/693 [01:28<01:12,  4.35it/s]
 55%|█████▍    | 379/693 [01:29<01:13,  4.29it/s]
 55%|█████▍    | 380/693 [01:29<01:13,  4.27it/s]
 55%|█████▍    | 381/693 [01:29<01:13,  4.25it/s]
 55%|█████▌    | 382/693 [01:29<01:13,  4.22it/s]
 55%|█████▌    | 383/693 [01:30<01:13,  4.22it/s]
 55%|█████▌    | 384/693 [01:30<01:10,  4.36it/s]
 56%|█████▌    | 385/693 [01:30<01:01,  4.98it/s]
 56%|█████▌    | 386/693 [01:30<00:58,  5.28it/s]
 56%|█████▌    | 387/693 [01:30<01:02,  4.90it/s]
 56%|█████▌    | 388/693 [01:31<01:05,  4.69it/s]
 56%|█████▌    | 389/693 [01:31<01:07,  4.53it/s]
 56%|█████▋    | 390/693 [01:31<01:08,  4.41it/s]
 56%|█████▋    | 391/693 [01:31<01:08,  4.38it/s]
 57%|█████▋    | 392/693 [01:31<01:09,  4.32it/s]
 57%|█████▋    | 393/693 [01:32<01:08,  4.37it/s]
 57%|█████▋    | 394/693 [01:32<01:08,  4.33it/s]
 57%|█████▋    | 395/693 [01:32<01:09,  4.32it/s]
 57%|█████▋    | 396/693 [01:32<01:09,  4.30it/s]
 57%|█████▋    | 397/693 [01:33<01:03,  4.69it/s]
 57%|█████▋    | 398/693 [01:33<00:56,  5.20it/s]
 58%|█████▊    | 399/693 [01:33<00:57,  5.15it/s]
 58%|█████▊    | 400/693 [01:33<01:00,  4.83it/s]
 58%|█████▊    | 401/693 [01:33<01:03,  4.63it/s]
 58%|█████▊    | 402/693 [01:34<01:04,  4.49it/s]
 58%|█████▊    | 403/693 [01:34<01:05,  4.41it/s]
 58%|█████▊    | 404/693 [01:34<01:06,  4.36it/s]
 58%|█████▊    | 405/693 [01:34<01:04,  4.43it/s]
 59%|█████▊    | 406/693 [01:35<01:03,  4.51it/s]
 59%|█████▊    | 407/693 [01:35<01:05,  4.39it/s]
 59%|█████▉    | 408/693 [01:35<01:05,  4.36it/s]
 59%|█████▉    | 409/693 [01:35<01:05,  4.33it/s]
 59%|█████▉    | 410/693 [01:35<00:59,  4.78it/s]
 59%|█████▉    | 411/693 [01:36<00:52,  5.42it/s]
 59%|█████▉    | 412/693 [01:36<00:53,  5.26it/s]
 60%|█████▉    | 413/693 [01:36<00:57,  4.87it/s]
 60%|█████▉    | 414/693 [01:36<00:59,  4.68it/s]
 60%|█████▉    | 415/693 [01:36<01:01,  4.53it/s]
 60%|██████    | 416/693 [01:37<01:02,  4.44it/s]
 60%|██████    | 417/693 [01:37<01:03,  4.35it/s]
 60%|██████    | 418/693 [01:37<01:01,  4.49it/s]
 60%|██████    | 419/693 [01:37<01:01,  4.48it/s]
 61%|██████    | 420/693 [01:38<01:01,  4.42it/s]
 61%|██████    | 421/693 [01:38<01:02,  4.34it/s]
 61%|██████    | 422/693 [01:38<01:02,  4.32it/s]
 61%|██████    | 423/693 [01:38<00:54,  4.95it/s]
 61%|██████    | 424/693 [01:38<00:55,  4.86it/s]
 61%|██████▏   | 425/693 [01:39<00:57,  4.65it/s]
 61%|██████▏   | 426/693 [01:39<00:59,  4.49it/s]
 62%|██████▏   | 427/693 [01:39<01:00,  4.38it/s]
 62%|██████▏   | 428/693 [01:39<01:01,  4.33it/s]
 62%|██████▏   | 429/693 [01:40<01:01,  4.27it/s]
 62%|██████▏   | 430/693 [01:40<01:01,  4.26it/s]
 62%|██████▏   | 431/693 [01:40<00:59,  4.39it/s]
 62%|██████▏   | 432/693 [01:40<00:59,  4.35it/s]
 62%|██████▏   | 433/693 [01:41<01:00,  4.31it/s]
 63%|██████▎   | 434/693 [01:41<01:00,  4.29it/s]
 63%|██████▎   | 435/693 [01:41<00:54,  4.70it/s]
 63%|██████▎   | 436/693 [01:41<00:49,  5.19it/s]
 63%|██████▎   | 437/693 [01:41<00:50,  5.04it/s]
 63%|██████▎   | 438/693 [01:42<00:53,  4.77it/s]
 63%|██████▎   | 439/693 [01:42<00:55,  4.57it/s]
 63%|██████▎   | 440/693 [01:42<00:56,  4.46it/s]
 64%|██████▎   | 441/693 [01:42<00:57,  4.39it/s]
 64%|██████▍   | 442/693 [01:42<00:57,  4.34it/s]
 64%|██████▍   | 443/693 [01:43<00:58,  4.29it/s]
 64%|██████▍   | 444/693 [01:43<00:58,  4.24it/s]
 64%|██████▍   | 445/693 [01:43<00:58,  4.24it/s]
 64%|██████▍   | 446/693 [01:43<00:58,  4.24it/s]
 65%|██████▍   | 447/693 [01:44<00:55,  4.43it/s]
 65%|██████▍   | 448/693 [01:44<00:49,  4.96it/s]
 65%|██████▍   | 449/693 [01:44<00:43,  5.57it/s]
 65%|██████▍   | 450/693 [01:44<00:47,  5.11it/s]
 65%|██████▌   | 451/693 [01:44<00:50,  4.81it/s]
 65%|██████▌   | 452/693 [01:45<00:52,  4.62it/s]
 65%|██████▌   | 453/693 [01:45<00:53,  4.49it/s]
 66%|██████▌   | 454/693 [01:45<00:54,  4.39it/s]
 66%|██████▌   | 455/693 [01:45<00:54,  4.34it/s]
 66%|██████▌   | 456/693 [01:46<00:54,  4.39it/s]
 66%|██████▌   | 457/693 [01:46<00:54,  4.35it/s]
 66%|██████▌   | 458/693 [01:46<00:54,  4.29it/s]
 66%|██████▌   | 459/693 [01:46<00:54,  4.30it/s]
 66%|██████▋   | 460/693 [01:46<00:52,  4.46it/s]
 67%|██████▋   | 461/693 [01:47<00:45,  5.07it/s]
 67%|██████▋   | 462/693 [01:47<00:42,  5.39it/s]
 67%|██████▋   | 463/693 [01:47<00:45,  5.00it/s]
 67%|██████▋   | 464/693 [01:47<00:48,  4.74it/s]
 67%|██████▋   | 465/693 [01:47<00:50,  4.54it/s]
 67%|██████▋   | 466/693 [01:48<00:51,  4.40it/s]
 67%|██████▋   | 467/693 [01:48<00:51,  4.36it/s]
 68%|██████▊   | 468/693 [01:48<00:52,  4.31it/s]
 68%|██████▊   | 469/693 [01:48<00:51,  4.35it/s]
 68%|██████▊   | 470/693 [01:49<00:51,  4.30it/s]
 68%|██████▊   | 471/693 [01:49<00:51,  4.30it/s]
 68%|██████▊   | 472/693 [01:49<00:51,  4.28it/s]
 68%|██████▊   | 473/693 [01:49<00:47,  4.63it/s]
 68%|██████▊   | 474/693 [01:49<00:42,  5.17it/s]
 69%|██████▊   | 475/693 [01:50<00:39,  5.52it/s]
 69%|██████▊   | 476/693 [01:50<00:42,  5.05it/s]
 69%|██████▉   | 477/693 [01:50<00:45,  4.77it/s]
 69%|██████▉   | 478/693 [01:50<00:46,  4.59it/s]
 69%|██████▉   | 479/693 [01:51<00:47,  4.47it/s]
 69%|██████▉   | 480/693 [01:51<00:48,  4.40it/s]
 69%|██████▉   | 481/693 [01:51<00:48,  4.34it/s]
 70%|██████▉   | 482/693 [01:51<00:48,  4.34it/s]
 70%|██████▉   | 483/693 [01:51<00:48,  4.30it/s]
 70%|██████▉   | 484/693 [01:52<00:48,  4.28it/s]
 70%|██████▉   | 485/693 [01:52<00:48,  4.26it/s]
 70%|███████   | 486/693 [01:52<00:44,  4.64it/s]
 70%|███████   | 487/693 [01:52<00:39,  5.22it/s]
 70%|███████   | 488/693 [01:52<00:41,  4.92it/s]
 71%|███████   | 489/693 [01:53<00:43,  4.68it/s]
 71%|███████   | 490/693 [01:53<00:44,  4.53it/s]
 71%|███████   | 491/693 [01:53<00:46,  4.34it/s]
 71%|███████   | 492/693 [01:53<00:46,  4.29it/s]
 71%|███████   | 493/693 [01:54<00:46,  4.28it/s]
 71%|███████▏  | 494/693 [01:54<00:46,  4.30it/s]
 71%|███████▏  | 495/693 [01:54<00:46,  4.29it/s]
 72%|███████▏  | 496/693 [01:54<00:46,  4.28it/s]
 72%|███████▏  | 497/693 [01:55<00:45,  4.28it/s]
 72%|███████▏  | 498/693 [01:55<00:44,  4.42it/s]
 72%|███████▏  | 499/693 [01:55<00:38,  5.05it/s]
 72%|███████▏  | 500/693 [01:55<00:36,  5.34it/s]
 72%|███████▏  | 501/693 [01:55<00:38,  4.96it/s]
 72%|███████▏  | 502/693 [01:56<00:40,  4.71it/s]
 73%|███████▎  | 503/693 [01:56<00:42,  4.52it/s]
 73%|███████▎  | 504/693 [01:56<00:42,  4.40it/s]
 73%|███████▎  | 505/693 [01:56<00:43,  4.34it/s]
 73%|███████▎  | 506/693 [01:57<00:43,  4.31it/s]
 73%|███████▎  | 507/693 [01:57<00:42,  4.35it/s]
 73%|███████▎  | 508/693 [01:57<00:42,  4.32it/s]
 73%|███████▎  | 509/693 [01:57<00:42,  4.30it/s]
 74%|███████▎  | 510/693 [01:57<00:42,  4.29it/s]
 74%|███████▎  | 511/693 [01:58<00:38,  4.68it/s]
 74%|███████▍  | 512/693 [01:58<00:35,  5.04it/s]
 74%|███████▍  | 513/693 [01:58<00:37,  4.82it/s]
 74%|███████▍  | 514/693 [01:58<00:38,  4.62it/s]
 74%|███████▍  | 515/693 [01:59<00:39,  4.48it/s]
 74%|███████▍  | 516/693 [01:59<00:40,  4.39it/s]
 75%|███████▍  | 517/693 [01:59<00:40,  4.33it/s]
 75%|███████▍  | 518/693 [01:59<00:40,  4.29it/s]
 75%|███████▍  | 519/693 [01:59<00:39,  4.41it/s]
 75%|███████▌  | 520/693 [02:00<00:39,  4.36it/s]
 75%|███████▌  | 521/693 [02:00<00:39,  4.32it/s]
 75%|███████▌  | 522/693 [02:00<00:39,  4.30it/s]
 75%|███████▌  | 523/693 [02:00<00:37,  4.48it/s]
 76%|███████▌  | 524/693 [02:01<00:35,  4.82it/s]
 76%|███████▌  | 525/693 [02:01<00:34,  4.83it/s]
 76%|███████▌  | 526/693 [02:01<00:36,  4.63it/s]
 76%|███████▌  | 527/693 [02:01<00:36,  4.50it/s]
 76%|███████▌  | 528/693 [02:01<00:37,  4.39it/s]
 76%|███████▋  | 529/693 [02:02<00:37,  4.33it/s]
 76%|███████▋  | 530/693 [02:02<00:37,  4.31it/s]
 77%|███████▋  | 531/693 [02:02<00:37,  4.27it/s]
 77%|███████▋  | 532/693 [02:02<00:37,  4.28it/s]
 77%|███████▋  | 533/693 [02:03<01:03,  2.51it/s]
 77%|███████▋  | 534/693 [02:03<00:55,  2.86it/s]
 77%|███████▋  | 535/693 [02:04<00:49,  3.16it/s]
 77%|███████▋  | 536/693 [02:04<00:45,  3.42it/s]
 77%|███████▋  | 537/693 [02:04<00:43,  3.63it/s]
 78%|███████▊  | 538/693 [02:04<00:40,  3.80it/s]
 78%|███████▊  | 539/693 [02:05<00:37,  4.08it/s]
 78%|███████▊  | 540/693 [02:05<00:36,  4.17it/s]
 78%|███████▊  | 541/693 [02:05<00:36,  4.17it/s]
 78%|███████▊  | 542/693 [02:05<00:35,  4.22it/s]
 78%|███████▊  | 543/693 [02:05<00:32,  4.65it/s]
 78%|███████▊  | 544/693 [02:06<00:28,  5.26it/s]
 79%|███████▊  | 545/693 [02:06<00:25,  5.74it/s]
 79%|███████▉  | 546/693 [02:06<00:28,  5.19it/s]
 79%|███████▉  | 547/693 [02:06<00:30,  4.86it/s]
 79%|███████▉  | 548/693 [02:06<00:31,  4.66it/s]
 79%|███████▉  | 549/693 [02:07<00:31,  4.54it/s]
 79%|███████▉  | 550/693 [02:07<00:32,  4.47it/s]
 80%|███████▉  | 551/693 [02:07<00:32,  4.38it/s]
 80%|███████▉  | 552/693 [02:07<00:31,  4.42it/s]
 80%|███████▉  | 553/693 [02:08<00:32,  4.37it/s]
 80%|███████▉  | 554/693 [02:08<00:31,  4.35it/s]
 80%|████████  | 555/693 [02:08<00:31,  4.32it/s]
 80%|████████  | 556/693 [02:08<00:30,  4.44it/s]
 80%|████████  | 557/693 [02:08<00:26,  5.13it/s]
 81%|████████  | 558/693 [02:08<00:24,  5.60it/s]
 81%|████████  | 559/693 [02:09<00:26,  5.15it/s]
 81%|████████  | 560/693 [02:09<00:27,  4.82it/s]
 81%|████████  | 561/693 [02:09<00:28,  4.62it/s]
 81%|████████  | 562/693 [02:09<00:29,  4.50it/s]
 81%|████████  | 563/693 [02:10<00:29,  4.40it/s]
 81%|████████▏ | 564/693 [02:10<00:29,  4.37it/s]
 82%|████████▏ | 565/693 [02:10<00:28,  4.46it/s]
 82%|████████▏ | 566/693 [02:10<00:28,  4.42it/s]
 82%|████████▏ | 567/693 [02:11<00:28,  4.37it/s]
 82%|████████▏ | 568/693 [02:11<00:28,  4.35it/s]
 82%|████████▏ | 569/693 [02:11<00:27,  4.47it/s]
 82%|████████▏ | 570/693 [02:11<00:24,  4.99it/s]
 82%|████████▏ | 571/693 [02:11<00:22,  5.52it/s]
 83%|████████▎ | 572/693 [02:12<00:24,  5.04it/s]
 83%|████████▎ | 573/693 [02:12<00:25,  4.75it/s]
 83%|████████▎ | 574/693 [02:12<00:25,  4.59it/s]
 83%|████████▎ | 575/693 [02:12<00:26,  4.44it/s]
 83%|████████▎ | 576/693 [02:12<00:26,  4.37it/s]
 83%|████████▎ | 577/693 [02:13<00:26,  4.32it/s]
 83%|████████▎ | 578/693 [02:13<00:25,  4.46it/s]
 84%|████████▎ | 579/693 [02:13<00:25,  4.41it/s]
 84%|████████▎ | 580/693 [02:13<00:25,  4.41it/s]
 84%|████████▍ | 581/693 [02:14<00:26,  4.29it/s]
 84%|████████▍ | 582/693 [02:14<00:25,  4.37it/s]
 84%|████████▍ | 583/693 [02:14<00:21,  5.00it/s]
 84%|████████▍ | 584/693 [02:14<00:21,  5.06it/s]
 84%|████████▍ | 585/693 [02:14<00:22,  4.76it/s]
 85%|████████▍ | 586/693 [02:15<00:23,  4.55it/s]
 85%|████████▍ | 587/693 [02:15<00:24,  4.40it/s]
 85%|████████▍ | 588/693 [02:15<00:24,  4.29it/s]
 85%|████████▍ | 589/693 [02:15<00:24,  4.26it/s]
 85%|████████▌ | 590/693 [02:16<00:24,  4.22it/s]
 85%|████████▌ | 591/693 [02:16<00:22,  4.47it/s]
 85%|████████▌ | 592/693 [02:16<00:23,  4.36it/s]
 86%|████████▌ | 593/693 [02:16<00:23,  4.32it/s]
 86%|████████▌ | 594/693 [02:17<00:23,  4.27it/s]
 86%|████████▌ | 595/693 [02:17<00:20,  4.70it/s]
 86%|████████▌ | 596/693 [02:17<00:18,  5.22it/s]
 86%|████████▌ | 597/693 [02:17<00:19,  4.95it/s]
 86%|████████▋ | 598/693 [02:17<00:20,  4.64it/s]
 86%|████████▋ | 599/693 [02:18<00:20,  4.51it/s]
 87%|████████▋ | 600/693 [02:18<00:21,  4.39it/s]
 87%|████████▋ | 601/693 [02:18<00:21,  4.33it/s]
 87%|████████▋ | 602/693 [02:18<00:21,  4.27it/s]
 87%|████████▋ | 603/693 [02:19<00:20,  4.35it/s]
 87%|████████▋ | 604/693 [02:19<00:20,  4.28it/s]
 87%|████████▋ | 605/693 [02:19<00:20,  4.27it/s]
 87%|████████▋ | 606/693 [02:19<00:20,  4.23it/s]
 88%|████████▊ | 607/693 [02:19<00:18,  4.53it/s]
 88%|████████▊ | 608/693 [02:20<00:16,  5.15it/s]
 88%|████████▊ | 609/693 [02:20<00:15,  5.41it/s]
 88%|████████▊ | 610/693 [02:20<00:16,  4.97it/s]
 88%|████████▊ | 611/693 [02:20<00:17,  4.72it/s]
 88%|████████▊ | 612/693 [02:20<00:17,  4.56it/s]
 88%|████████▊ | 613/693 [02:21<00:18,  4.44it/s]
 89%|████████▊ | 614/693 [02:21<00:18,  4.38it/s]
 89%|████████▊ | 615/693 [02:21<00:18,  4.32it/s]
 89%|████████▉ | 616/693 [02:21<00:17,  4.42it/s]
 89%|████████▉ | 617/693 [02:22<00:17,  4.33it/s]
 89%|████████▉ | 618/693 [02:22<00:17,  4.26it/s]
 89%|████████▉ | 619/693 [02:22<00:17,  4.25it/s]
 89%|████████▉ | 620/693 [02:22<00:15,  4.66it/s]
 90%|████████▉ | 621/693 [02:22<00:13,  5.23it/s]
 90%|████████▉ | 622/693 [02:23<00:14,  4.83it/s]
 90%|████████▉ | 623/693 [02:23<00:15,  4.63it/s]
 90%|█████████ | 624/693 [02:23<00:15,  4.46it/s]
 90%|█████████ | 625/693 [02:23<00:15,  4.37it/s]
 90%|█████████ | 626/693 [02:24<00:15,  4.30it/s]
 90%|█████████ | 627/693 [02:24<00:15,  4.24it/s]
 91%|█████████ | 628/693 [02:24<00:15,  4.24it/s]
 91%|█████████ | 629/693 [02:24<00:15,  4.21it/s]
 91%|█████████ | 630/693 [02:25<00:15,  4.19it/s]
 91%|█████████ | 631/693 [02:25<00:14,  4.21it/s]
 91%|█████████ | 632/693 [02:25<00:13,  4.52it/s]
 91%|█████████▏| 633/693 [02:25<00:12,  4.64it/s]
 91%|█████████▏| 634/693 [02:25<00:13,  4.47it/s]
 92%|█████████▏| 635/693 [02:26<00:13,  4.37it/s]
 92%|█████████▏| 636/693 [02:26<00:13,  4.28it/s]
 92%|█████████▏| 637/693 [02:26<00:13,  4.25it/s]
 92%|█████████▏| 638/693 [02:26<00:13,  4.19it/s]
 92%|█████████▏| 639/693 [02:27<00:12,  4.30it/s]
 92%|█████████▏| 640/693 [02:27<00:12,  4.25it/s]
 92%|█████████▏| 641/693 [02:27<00:12,  4.22it/s]
 93%|█████████▎| 642/693 [02:27<00:12,  4.19it/s]
 93%|█████████▎| 643/693 [02:28<00:11,  4.34it/s]
 93%|█████████▎| 644/693 [02:28<00:10,  4.62it/s]
 93%|█████████▎| 645/693 [02:28<00:10,  4.46it/s]
 93%|█████████▎| 646/693 [02:28<00:10,  4.28it/s]
 93%|█████████▎| 647/693 [02:28<00:10,  4.29it/s]
 94%|█████████▎| 648/693 [02:29<00:10,  4.24it/s]
 94%|█████████▎| 649/693 [02:29<00:10,  4.21it/s]
 94%|█████████▍| 650/693 [02:29<00:10,  4.19it/s]
 94%|█████████▍| 651/693 [02:29<00:09,  4.31it/s]
 94%|█████████▍| 652/693 [02:30<00:09,  4.27it/s]
 94%|█████████▍| 653/693 [02:30<00:09,  4.25it/s]
 94%|█████████▍| 654/693 [02:30<00:09,  4.22it/s]
 95%|█████████▍| 655/693 [02:30<00:08,  4.60it/s]
 95%|█████████▍| 656/693 [02:30<00:07,  4.81it/s]
 95%|█████████▍| 657/693 [02:31<00:07,  4.64it/s]
 95%|█████████▍| 658/693 [02:31<00:07,  4.50it/s]
 95%|█████████▌| 659/693 [02:31<00:07,  4.41it/s]
 95%|█████████▌| 660/693 [02:31<00:07,  4.35it/s]
 95%|█████████▌| 661/693 [02:32<00:07,  4.31it/s]
 96%|█████████▌| 662/693 [02:32<00:07,  4.26it/s]
 96%|█████████▌| 663/693 [02:32<00:06,  4.32it/s]
 96%|█████████▌| 664/693 [02:32<00:06,  4.30it/s]
 96%|█████████▌| 665/693 [02:33<00:06,  4.29it/s]
 96%|█████████▌| 666/693 [02:33<00:06,  4.28it/s]
 96%|█████████▌| 667/693 [02:33<00:05,  4.65it/s]
 96%|█████████▋| 668/693 [02:33<00:04,  5.18it/s]
 97%|█████████▋| 669/693 [02:33<00:04,  5.06it/s]
 97%|█████████▋| 670/693 [02:34<00:04,  4.79it/s]
 97%|█████████▋| 671/693 [02:34<00:04,  4.61it/s]
 97%|█████████▋| 672/693 [02:34<00:04,  4.49it/s]
 97%|█████████▋| 673/693 [02:34<00:04,  4.40it/s]
 97%|█████████▋| 674/693 [02:35<00:04,  4.32it/s]
 97%|█████████▋| 675/693 [02:35<00:04,  4.38it/s]
 98%|█████████▊| 676/693 [02:35<00:03,  4.33it/s]
 98%|█████████▊| 677/693 [02:35<00:03,  4.30it/s]
 98%|█████████▊| 678/693 [02:35<00:03,  4.27it/s]
 98%|█████████▊| 679/693 [02:36<00:03,  4.38it/s]
 98%|█████████▊| 680/693 [02:36<00:02,  4.93it/s]
 98%|█████████▊| 681/693 [02:36<00:02,  5.41it/s]
 98%|█████████▊| 682/693 [02:36<00:02,  5.00it/s]
 99%|█████████▊| 683/693 [02:36<00:02,  4.73it/s]
 99%|█████████▊| 684/693 [02:37<00:01,  4.57it/s]
 99%|█████████▉| 685/693 [02:37<00:01,  4.46it/s]
 99%|█████████▉| 686/693 [02:37<00:01,  4.39it/s]
 99%|█████████▉| 687/693 [02:37<00:01,  4.33it/s]
 99%|█████████▉| 688/693 [02:38<00:01,  4.47it/s]
 99%|█████████▉| 689/693 [02:38<00:00,  4.41it/s]
100%|█████████▉| 690/693 [02:38<00:00,  4.36it/s]
100%|█████████▉| 691/693 [02:38<00:00,  4.33it/s]
100%|█████████▉| 692/693 [02:38<00:00,  4.51it/s]
100%|██████████| 693/693 [02:39<00:00,  5.22it/s]
100%|██████████| 693/693 [02:39<00:00,  4.35it/s]
Training loss: 0.6790410971314704, KL loss: 0.43176845061185554, Sim loss: 7.52166400136578e-05, Exo CLS loss: 0.5210505130057039, 
Noun sim loss: 0.11819342697982664, Part sim loss: 0.15278240042761462, Proto loss: 1.092162619679521, Conc loss: 0.10050643119332078
learning rate:4.159464282269705e-05


  0%|          | 0/168 [00:00<?, ?it/s]
  1%|          | 1/168 [00:00<01:58,  1.41it/s]
  2%|▏         | 4/168 [00:00<00:28,  5.77it/s]
  4%|▎         | 6/168 [00:01<00:23,  6.82it/s]
  5%|▌         | 9/168 [00:01<00:17,  9.01it/s]
  7%|▋         | 12/168 [00:01<00:13, 11.90it/s]
  9%|▉         | 15/168 [00:01<00:10, 14.47it/s]
 10%|█         | 17/168 [00:02<00:16,  9.00it/s]
 12%|█▏        | 20/168 [00:02<00:13, 11.37it/s]
 14%|█▎        | 23/168 [00:02<00:10, 13.52it/s]
 15%|█▍        | 25/168 [00:02<00:13, 10.35it/s]
 17%|█▋        | 28/168 [00:02<00:10, 12.83it/s]
 18%|█▊        | 31/168 [00:02<00:09, 14.99it/s]
 20%|██        | 34/168 [00:03<00:08, 16.62it/s]
 22%|██▏       | 37/168 [00:03<00:07, 17.91it/s]
 24%|██▍       | 40/168 [00:03<00:06, 19.08it/s]
 26%|██▌       | 43/168 [00:03<00:06, 19.54it/s]
 27%|██▋       | 46/168 [00:03<00:06, 20.18it/s]
 30%|██▉       | 50/168 [00:03<00:05, 23.49it/s]
 32%|███▏      | 53/168 [00:03<00:04, 23.98it/s]
 33%|███▎      | 56/168 [00:03<00:04, 22.79it/s]
 35%|███▌      | 59/168 [00:04<00:05, 20.62it/s]
 37%|███▋      | 62/168 [00:04<00:05, 21.07it/s]
 39%|███▊      | 65/168 [00:04<00:04, 21.40it/s]
 40%|████      | 68/168 [00:04<00:04, 20.45it/s]
 42%|████▏     | 71/168 [00:04<00:04, 20.95it/s]
 44%|████▍     | 74/168 [00:04<00:04, 21.31it/s]
 46%|████▌     | 77/168 [00:05<00:04, 20.72it/s]
 48%|████▊     | 80/168 [00:05<00:04, 20.89it/s]
 49%|████▉     | 83/168 [00:05<00:04, 20.63it/s]
 51%|█████     | 86/168 [00:05<00:04, 20.49it/s]
 53%|█████▎    | 89/168 [00:05<00:03, 21.01it/s]
 55%|█████▍    | 92/168 [00:05<00:03, 20.81it/s]
 57%|█████▋    | 95/168 [00:06<00:06, 10.76it/s]
 58%|█████▊    | 98/168 [00:06<00:05, 12.72it/s]
 60%|██████    | 101/168 [00:06<00:04, 14.59it/s]
 62%|██████▏   | 104/168 [00:06<00:03, 16.14it/s]
 64%|██████▎   | 107/168 [00:06<00:03, 17.58it/s]
 65%|██████▌   | 110/168 [00:07<00:03, 18.53it/s]
 67%|██████▋   | 113/168 [00:07<00:02, 19.19it/s]
 69%|██████▉   | 116/168 [00:07<00:02, 20.50it/s]
 71%|███████   | 119/168 [00:07<00:02, 20.54it/s]
 73%|███████▎  | 122/168 [00:07<00:02, 20.68it/s]
 74%|███████▍  | 125/168 [00:07<00:02, 20.59it/s]
 76%|███████▌  | 128/168 [00:07<00:01, 20.61it/s]
 78%|███████▊  | 131/168 [00:07<00:01, 21.05it/s]
 80%|████████  | 135/168 [00:08<00:01, 24.41it/s]
 82%|████████▏ | 138/168 [00:08<00:01, 23.52it/s]
 84%|████████▍ | 141/168 [00:08<00:01, 23.12it/s]
 86%|████████▌ | 144/168 [00:08<00:01, 22.40it/s]
 88%|████████▊ | 147/168 [00:08<00:01, 20.53it/s]
 89%|████████▉ | 150/168 [00:08<00:00, 21.00it/s]
 91%|█████████ | 153/168 [00:08<00:00, 21.33it/s]
 93%|█████████▎| 156/168 [00:09<00:00, 21.03it/s]
 95%|█████████▍| 159/168 [00:09<00:00, 21.02it/s]
 96%|█████████▋| 162/168 [00:09<00:00, 15.65it/s]
 98%|█████████▊| 165/168 [00:09<00:00, 17.17it/s]
100%|██████████| 168/168 [00:09<00:00, 18.83it/s]
100%|██████████| 168/168 [00:09<00:00, 16.91it/s]
Result on AGD: 
KLD=0.9079816937446594, SIM=0.5255101919174194, NSS=1.5516135692596436
noun sim: 0.1103701426292814, part sim: 0.14978911120089747
No KLD improvement for 4 epoch(s). Best KLD: 0.8691259026527405, Current KLD: 0.9079816937446594
Epoch 11 loss coeffs: kl=0.3, sim=1.0, exo_cls=0.6, noun=0.1, part=0.01, proto=0.2, conc=0.05
============Training Epoch 11============

  0%|          | 0/693 [00:00<?, ?it/s]/mnt/sdb/wyn/envs/clip-env/lib/python3.10/site-packages/torch/_tensor.py:1002: UserWarning: non-inplace resize is deprecated
  warnings.warn("non-inplace resize is deprecated")
/mnt/sdb/wyn/envs/clip-env/lib/python3.10/site-packages/torch/_tensor.py:1002: UserWarning: non-inplace resize is deprecated
  warnings.warn("non-inplace resize is deprecated")
/mnt/sdb/wyn/envs/clip-env/lib/python3.10/site-packages/torch/_tensor.py:1002: UserWarning: non-inplace resize is deprecated
  warnings.warn("non-inplace resize is deprecated")
/mnt/sdb/wyn/envs/clip-env/lib/python3.10/site-packages/torch/_tensor.py:1002: UserWarning: non-inplace resize is deprecated
  warnings.warn("non-inplace resize is deprecated")
/mnt/sdb/wyn/envs/clip-env/lib/python3.10/site-packages/torch/_tensor.py:1002: UserWarning: non-inplace resize is deprecated
  warnings.warn("non-inplace resize is deprecated")
/mnt/sdb/wyn/envs/clip-env/lib/python3.10/site-packages/torch/_tensor.py:1002: UserWarning: non-inplace resize is deprecated
  warnings.warn("non-inplace resize is deprecated")
/mnt/sdb/wyn/envs/clip-env/lib/python3.10/site-packages/torch/_tensor.py:1002: UserWarning: non-inplace resize is deprecated
  warnings.warn("non-inplace resize is deprecated")
/mnt/sdb/wyn/envs/clip-env/lib/python3.10/site-packages/torch/_tensor.py:1002: UserWarning: non-inplace resize is deprecated
  warnings.warn("non-inplace resize is deprecated")

  0%|          | 1/693 [00:03<34:38,  3.00s/it]
  0%|          | 2/693 [00:03<15:52,  1.38s/it]
  0%|          | 3/693 [00:03<09:31,  1.21it/s]
  1%|          | 4/693 [00:03<06:23,  1.80it/s]
  1%|          | 5/693 [00:03<04:54,  2.34it/s]
  1%|          | 6/693 [00:03<04:09,  2.75it/s]
  1%|          | 7/693 [00:04<03:41,  3.10it/s]
  1%|          | 8/693 [00:04<03:22,  3.39it/s]
  1%|▏         | 9/693 [00:04<03:10,  3.59it/s]
  1%|▏         | 10/693 [00:04<03:01,  3.75it/s]
  2%|▏         | 11/693 [00:05<02:55,  3.88it/s]
  2%|▏         | 12/693 [00:05<02:51,  3.96it/s]
  2%|▏         | 13/693 [00:05<02:48,  4.04it/s]
  2%|▏         | 14/693 [00:05<02:47,  4.06it/s]
  2%|▏         | 15/693 [00:06<02:40,  4.22it/s]
  2%|▏         | 16/693 [00:06<02:20,  4.83it/s]
  2%|▏         | 17/693 [00:06<02:15,  4.99it/s]
  3%|▎         | 18/693 [00:06<02:23,  4.71it/s]
  3%|▎         | 19/693 [00:06<02:29,  4.52it/s]
  3%|▎         | 20/693 [00:07<02:32,  4.41it/s]
  3%|▎         | 21/693 [00:07<02:34,  4.34it/s]
  3%|▎         | 22/693 [00:07<02:36,  4.28it/s]
  3%|▎         | 23/693 [00:07<02:35,  4.30it/s]
  3%|▎         | 24/693 [00:08<02:30,  4.44it/s]
  4%|▎         | 25/693 [00:08<02:32,  4.38it/s]
  4%|▍         | 26/693 [00:08<02:34,  4.31it/s]
  4%|▍         | 27/693 [00:08<02:34,  4.30it/s]
  4%|▍         | 28/693 [00:08<02:21,  4.70it/s]
  4%|▍         | 29/693 [00:09<02:06,  5.26it/s]
  4%|▍         | 30/693 [00:09<02:14,  4.91it/s]
  4%|▍         | 31/693 [00:09<02:22,  4.65it/s]
  5%|▍         | 32/693 [00:09<02:27,  4.47it/s]
  5%|▍         | 33/693 [00:10<02:30,  4.38it/s]
  5%|▍         | 34/693 [00:10<02:33,  4.29it/s]
  5%|▌         | 35/693 [00:10<02:34,  4.27it/s]
  5%|▌         | 36/693 [00:10<02:32,  4.30it/s]
  5%|▌         | 37/693 [00:11<02:33,  4.28it/s]
  5%|▌         | 38/693 [00:11<02:33,  4.26it/s]
  6%|▌         | 39/693 [00:11<02:33,  4.26it/s]
  6%|▌         | 40/693 [00:11<02:23,  4.56it/s]
  6%|▌         | 41/693 [00:11<02:05,  5.20it/s]
  6%|▌         | 42/693 [00:11<02:06,  5.15it/s]
  6%|▌         | 43/693 [00:12<02:14,  4.82it/s]
  6%|▋         | 44/693 [00:12<02:20,  4.61it/s]
  6%|▋         | 45/693 [00:12<02:24,  4.48it/s]
  7%|▋         | 46/693 [00:12<02:27,  4.40it/s]
  7%|▋         | 47/693 [00:13<02:29,  4.33it/s]
  7%|▋         | 48/693 [00:13<02:26,  4.41it/s]
  7%|▋         | 49/693 [00:13<02:23,  4.50it/s]
  7%|▋         | 50/693 [00:13<02:26,  4.39it/s]
  7%|▋         | 51/693 [00:14<02:27,  4.34it/s]
  8%|▊         | 52/693 [00:14<02:29,  4.29it/s]
  8%|▊         | 53/693 [00:14<02:12,  4.81it/s]
  8%|▊         | 54/693 [00:14<02:04,  5.12it/s]
  8%|▊         | 55/693 [00:14<02:13,  4.80it/s]
  8%|▊         | 56/693 [00:15<02:18,  4.59it/s]
  8%|▊         | 57/693 [00:15<02:22,  4.46it/s]
  8%|▊         | 58/693 [00:15<02:25,  4.36it/s]
  9%|▊         | 59/693 [00:15<02:27,  4.31it/s]
  9%|▊         | 60/693 [00:16<02:27,  4.28it/s]
  9%|▉         | 61/693 [00:16<02:26,  4.33it/s]
  9%|▉         | 62/693 [00:16<02:27,  4.29it/s]
  9%|▉         | 63/693 [00:16<02:27,  4.28it/s]
  9%|▉         | 64/693 [00:17<02:28,  4.24it/s]
  9%|▉         | 65/693 [00:17<02:16,  4.61it/s]
 10%|▉         | 66/693 [00:17<02:04,  5.03it/s]
 10%|▉         | 67/693 [00:17<02:11,  4.75it/s]
 10%|▉         | 68/693 [00:17<02:15,  4.62it/s]
 10%|▉         | 69/693 [00:18<02:18,  4.50it/s]
 10%|█         | 70/693 [00:18<02:20,  4.43it/s]
 10%|█         | 71/693 [00:18<02:22,  4.37it/s]
 10%|█         | 72/693 [00:18<02:22,  4.35it/s]
 11%|█         | 73/693 [00:18<02:19,  4.43it/s]
 11%|█         | 74/693 [00:19<02:21,  4.39it/s]
 11%|█         | 75/693 [00:19<02:22,  4.35it/s]
 11%|█         | 76/693 [00:19<02:22,  4.33it/s]
 11%|█         | 77/693 [00:19<02:17,  4.49it/s]
 11%|█▏        | 78/693 [00:20<02:00,  5.09it/s]
 11%|█▏        | 79/693 [00:20<01:50,  5.56it/s]
 12%|█▏        | 80/693 [00:20<02:00,  5.09it/s]
 12%|█▏        | 81/693 [00:20<02:07,  4.81it/s]
 12%|█▏        | 82/693 [00:20<02:11,  4.63it/s]
 12%|█▏        | 83/693 [00:21<02:15,  4.51it/s]
 12%|█▏        | 84/693 [00:21<02:17,  4.44it/s]
 12%|█▏        | 85/693 [00:21<02:19,  4.37it/s]
 12%|█▏        | 86/693 [00:21<02:17,  4.41it/s]
 13%|█▎        | 87/693 [00:22<02:18,  4.38it/s]
 13%|█▎        | 88/693 [00:22<02:19,  4.34it/s]
 13%|█▎        | 89/693 [00:22<02:19,  4.32it/s]
 13%|█▎        | 90/693 [00:22<02:14,  4.47it/s]
 13%|█▎        | 91/693 [00:22<01:57,  5.14it/s]
 13%|█▎        | 92/693 [00:22<01:47,  5.60it/s]
 13%|█▎        | 93/693 [00:23<01:56,  5.16it/s]
 14%|█▎        | 94/693 [00:23<02:03,  4.87it/s]
 14%|█▎        | 95/693 [00:23<02:08,  4.65it/s]
 14%|█▍        | 96/693 [00:23<02:11,  4.54it/s]
 14%|█▍        | 97/693 [00:24<02:14,  4.43it/s]
 14%|█▍        | 98/693 [00:24<02:15,  4.39it/s]
 14%|█▍        | 99/693 [00:24<02:15,  4.40it/s]
 14%|█▍        | 100/693 [00:24<02:15,  4.36it/s]
 15%|█▍        | 101/693 [00:25<02:17,  4.32it/s]
 15%|█▍        | 102/693 [00:25<02:41,  3.66it/s]
 15%|█▍        | 103/693 [00:25<02:17,  4.28it/s]
 15%|█▌        | 104/693 [00:25<02:14,  4.37it/s]
 15%|█▌        | 105/693 [00:26<02:15,  4.33it/s]
 15%|█▌        | 106/693 [00:26<02:16,  4.30it/s]
 15%|█▌        | 107/693 [00:26<02:17,  4.26it/s]
 16%|█▌        | 108/693 [00:26<02:17,  4.26it/s]
 16%|█▌        | 109/693 [00:26<02:17,  4.25it/s]
 16%|█▌        | 110/693 [00:27<02:14,  4.34it/s]
 16%|█▌        | 111/693 [00:27<02:14,  4.33it/s]
 16%|█▌        | 112/693 [00:27<02:14,  4.32it/s]
 16%|█▋        | 113/693 [00:27<02:14,  4.30it/s]
 16%|█▋        | 114/693 [00:28<02:13,  4.35it/s]
 17%|█▋        | 115/693 [00:28<01:54,  5.05it/s]
 17%|█▋        | 116/693 [00:28<01:47,  5.36it/s]
 17%|█▋        | 117/693 [00:28<01:57,  4.91it/s]
 17%|█▋        | 118/693 [00:28<02:03,  4.65it/s]
 17%|█▋        | 119/693 [00:29<02:07,  4.51it/s]
 17%|█▋        | 120/693 [00:29<02:10,  4.41it/s]
 17%|█▋        | 121/693 [00:29<02:11,  4.34it/s]
 18%|█▊        | 122/693 [00:29<02:13,  4.29it/s]
 18%|█▊        | 123/693 [00:30<02:10,  4.36it/s]
 18%|█▊        | 124/693 [00:30<02:12,  4.29it/s]
 18%|█▊        | 125/693 [00:30<02:12,  4.29it/s]
 18%|█▊        | 126/693 [00:30<02:12,  4.27it/s]
 18%|█▊        | 127/693 [00:30<02:05,  4.52it/s]
 18%|█▊        | 128/693 [00:31<01:50,  5.11it/s]
 19%|█▊        | 129/693 [00:31<01:55,  4.89it/s]
 19%|█▉        | 130/693 [00:31<02:00,  4.66it/s]
 19%|█▉        | 131/693 [00:31<02:04,  4.51it/s]
 19%|█▉        | 132/693 [00:32<02:07,  4.40it/s]
 19%|█▉        | 133/693 [00:32<02:09,  4.34it/s]
 19%|█▉        | 134/693 [00:32<02:10,  4.28it/s]
 19%|█▉        | 135/693 [00:32<02:07,  4.37it/s]
 20%|█▉        | 136/693 [00:32<02:09,  4.32it/s]
 20%|█▉        | 137/693 [00:33<02:09,  4.29it/s]
 20%|█▉        | 138/693 [00:33<02:10,  4.25it/s]
 20%|██        | 139/693 [00:33<02:05,  4.41it/s]
 20%|██        | 140/693 [00:33<01:50,  5.00it/s]
 20%|██        | 141/693 [00:33<01:39,  5.53it/s]
 20%|██        | 142/693 [00:34<01:49,  5.04it/s]
 21%|██        | 143/693 [00:34<01:55,  4.75it/s]
 21%|██        | 144/693 [00:34<02:00,  4.56it/s]
 21%|██        | 145/693 [00:34<02:03,  4.45it/s]
 21%|██        | 146/693 [00:35<02:05,  4.37it/s]
 21%|██        | 147/693 [00:35<02:06,  4.32it/s]
 21%|██▏       | 148/693 [00:35<02:02,  4.46it/s]
 22%|██▏       | 149/693 [00:35<02:03,  4.39it/s]
 22%|██▏       | 150/693 [00:36<02:04,  4.35it/s]
 22%|██▏       | 151/693 [00:36<02:06,  4.29it/s]
 22%|██▏       | 152/693 [00:36<01:59,  4.53it/s]
 22%|██▏       | 153/693 [00:36<01:44,  5.18it/s]
 22%|██▏       | 154/693 [00:36<01:39,  5.42it/s]
 22%|██▏       | 155/693 [00:36<01:47,  4.99it/s]
 23%|██▎       | 156/693 [00:37<01:53,  4.74it/s]
 23%|██▎       | 157/693 [00:37<01:56,  4.60it/s]
 23%|██▎       | 158/693 [00:37<02:00,  4.42it/s]
 23%|██▎       | 159/693 [00:37<02:01,  4.38it/s]
 23%|██▎       | 160/693 [00:38<02:02,  4.36it/s]
 23%|██▎       | 161/693 [00:38<01:59,  4.44it/s]
 23%|██▎       | 162/693 [00:38<02:00,  4.39it/s]
 24%|██▎       | 163/693 [00:38<02:01,  4.36it/s]
 24%|██▎       | 164/693 [00:39<02:02,  4.31it/s]
 24%|██▍       | 165/693 [00:39<01:55,  4.56it/s]
 24%|██▍       | 166/693 [00:39<01:43,  5.12it/s]
 24%|██▍       | 167/693 [00:39<01:31,  5.74it/s]
 24%|██▍       | 168/693 [00:39<01:39,  5.30it/s]
 24%|██▍       | 169/693 [00:40<01:46,  4.91it/s]
 25%|██▍       | 170/693 [00:40<01:51,  4.71it/s]
 25%|██▍       | 171/693 [00:40<01:55,  4.53it/s]
 25%|██▍       | 172/693 [00:40<01:57,  4.45it/s]
 25%|██▍       | 173/693 [00:40<01:58,  4.38it/s]
 25%|██▌       | 174/693 [00:41<01:58,  4.37it/s]
 25%|██▌       | 175/693 [00:41<01:59,  4.32it/s]
 25%|██▌       | 176/693 [00:41<01:59,  4.31it/s]
 26%|██▌       | 177/693 [00:41<02:00,  4.27it/s]
 26%|██▌       | 178/693 [00:42<01:57,  4.40it/s]
 26%|██▌       | 179/693 [00:42<01:41,  5.05it/s]
 26%|██▌       | 180/693 [00:42<01:32,  5.57it/s]
 26%|██▌       | 181/693 [00:42<01:38,  5.20it/s]
 26%|██▋       | 182/693 [00:42<01:45,  4.84it/s]
 26%|██▋       | 183/693 [00:43<01:49,  4.65it/s]
 27%|██▋       | 184/693 [00:43<01:52,  4.53it/s]
 27%|██▋       | 185/693 [00:43<01:54,  4.43it/s]
 27%|██▋       | 186/693 [00:43<01:55,  4.38it/s]
 27%|██▋       | 187/693 [00:44<01:55,  4.36it/s]
 27%|██▋       | 188/693 [00:44<01:56,  4.34it/s]
 27%|██▋       | 189/693 [00:44<01:56,  4.32it/s]
 27%|██▋       | 190/693 [00:44<01:57,  4.29it/s]
 28%|██▊       | 191/693 [00:44<01:54,  4.37it/s]
 28%|██▊       | 192/693 [00:45<01:40,  4.98it/s]
 28%|██▊       | 193/693 [00:45<01:29,  5.61it/s]
 28%|██▊       | 194/693 [00:45<01:36,  5.18it/s]
 28%|██▊       | 195/693 [00:45<01:42,  4.87it/s]
 28%|██▊       | 196/693 [00:45<01:45,  4.71it/s]
 28%|██▊       | 197/693 [00:46<01:49,  4.54it/s]
 29%|██▊       | 198/693 [00:46<01:51,  4.45it/s]
 29%|██▊       | 199/693 [00:46<01:52,  4.38it/s]
 29%|██▉       | 200/693 [00:46<01:51,  4.42it/s]
 29%|██▉       | 201/693 [00:47<01:52,  4.39it/s]
 29%|██▉       | 202/693 [00:47<01:51,  4.39it/s]
 29%|██▉       | 203/693 [00:47<01:53,  4.33it/s]
 29%|██▉       | 204/693 [00:47<01:50,  4.43it/s]
 30%|██▉       | 205/693 [00:47<01:34,  5.16it/s]
 30%|██▉       | 206/693 [00:47<01:25,  5.67it/s]
 30%|██▉       | 207/693 [00:48<01:30,  5.35it/s]
 30%|███       | 208/693 [00:48<01:36,  5.01it/s]
 30%|███       | 209/693 [00:48<01:42,  4.72it/s]
 30%|███       | 210/693 [00:48<01:45,  4.59it/s]
 30%|███       | 211/693 [00:49<01:47,  4.47it/s]
 31%|███       | 212/693 [00:49<01:48,  4.44it/s]
 31%|███       | 213/693 [00:49<01:46,  4.50it/s]
 31%|███       | 214/693 [00:49<01:44,  4.59it/s]
 31%|███       | 215/693 [00:50<01:47,  4.46it/s]
 31%|███       | 216/693 [00:50<01:47,  4.43it/s]
 31%|███▏      | 217/693 [00:50<01:48,  4.38it/s]
 31%|███▏      | 218/693 [00:50<01:37,  4.89it/s]
 32%|███▏      | 219/693 [00:50<01:24,  5.60it/s]
 32%|███▏      | 220/693 [00:50<01:18,  6.03it/s]
 32%|███▏      | 221/693 [00:52<04:04,  1.93it/s]
 32%|███▏      | 222/693 [00:52<03:19,  2.36it/s]
 32%|███▏      | 223/693 [00:52<02:36,  3.01it/s]
 32%|███▏      | 224/693 [00:52<02:07,  3.68it/s]
 32%|███▏      | 225/693 [00:52<01:58,  3.96it/s]
 33%|███▎      | 226/693 [00:53<01:54,  4.08it/s]
 33%|███▎      | 227/693 [00:53<01:53,  4.11it/s]
 33%|███▎      | 228/693 [00:53<01:51,  4.19it/s]
 33%|███▎      | 229/693 [00:54<03:04,  2.51it/s]
 33%|███▎      | 230/693 [00:54<02:40,  2.88it/s]
 33%|███▎      | 231/693 [00:54<02:20,  3.29it/s]
 33%|███▎      | 232/693 [00:54<01:58,  3.88it/s]
 34%|███▎      | 233/693 [00:55<01:40,  4.57it/s]
 34%|███▍      | 234/693 [00:55<01:36,  4.75it/s]
 34%|███▍      | 235/693 [00:55<01:39,  4.58it/s]
 34%|███▍      | 236/693 [00:55<01:42,  4.48it/s]
 34%|███▍      | 237/693 [00:55<01:43,  4.39it/s]
 34%|███▍      | 238/693 [00:56<01:44,  4.34it/s]
 34%|███▍      | 239/693 [00:56<01:45,  4.30it/s]
 35%|███▍      | 240/693 [00:56<01:43,  4.36it/s]
 35%|███▍      | 241/693 [00:56<01:39,  4.53it/s]
 35%|███▍      | 242/693 [00:57<01:41,  4.44it/s]
 35%|███▌      | 243/693 [00:57<01:42,  4.39it/s]
 35%|███▌      | 244/693 [00:57<01:42,  4.36it/s]
 35%|███▌      | 245/693 [00:57<01:35,  4.71it/s]
 35%|███▌      | 246/693 [00:57<01:25,  5.25it/s]
 36%|███▌      | 247/693 [00:58<01:27,  5.09it/s]
 36%|███▌      | 248/693 [00:58<01:33,  4.78it/s]
 36%|███▌      | 249/693 [00:58<01:36,  4.58it/s]
 36%|███▌      | 250/693 [00:58<01:39,  4.45it/s]
 36%|███▌      | 251/693 [00:59<01:41,  4.37it/s]
 36%|███▋      | 252/693 [00:59<01:42,  4.29it/s]
 37%|███▋      | 253/693 [00:59<01:41,  4.34it/s]
 37%|███▋      | 254/693 [00:59<01:42,  4.28it/s]
 37%|███▋      | 255/693 [00:59<01:42,  4.26it/s]
 37%|███▋      | 256/693 [01:00<01:43,  4.23it/s]
 37%|███▋      | 257/693 [01:00<01:39,  4.39it/s]
 37%|███▋      | 258/693 [01:00<01:27,  4.97it/s]
 37%|███▋      | 259/693 [01:00<01:21,  5.29it/s]
 38%|███▊      | 260/693 [01:00<01:28,  4.90it/s]
 38%|███▊      | 261/693 [01:01<01:32,  4.66it/s]
 38%|███▊      | 262/693 [01:01<01:35,  4.49it/s]
 38%|███▊      | 263/693 [01:01<01:37,  4.40it/s]
 38%|███▊      | 264/693 [01:01<01:39,  4.33it/s]
 38%|███▊      | 265/693 [01:02<01:40,  4.27it/s]
 38%|███▊      | 266/693 [01:02<01:38,  4.32it/s]
 39%|███▊      | 267/693 [01:02<01:39,  4.28it/s]
 39%|███▊      | 268/693 [01:02<01:40,  4.24it/s]
 39%|███▉      | 269/693 [01:03<01:40,  4.22it/s]
 39%|███▉      | 270/693 [01:03<01:34,  4.47it/s]
 39%|███▉      | 271/693 [01:03<01:23,  5.07it/s]
 39%|███▉      | 272/693 [01:03<01:28,  4.76it/s]
 39%|███▉      | 273/693 [01:03<01:31,  4.57it/s]
 40%|███▉      | 274/693 [01:04<01:34,  4.44it/s]
 40%|███▉      | 275/693 [01:04<01:36,  4.35it/s]
 40%|███▉      | 276/693 [01:04<01:36,  4.30it/s]
 40%|███▉      | 277/693 [01:04<01:37,  4.26it/s]
 40%|████      | 278/693 [01:05<01:36,  4.30it/s]
 40%|████      | 279/693 [01:05<01:36,  4.27it/s]
 40%|████      | 280/693 [01:05<01:37,  4.22it/s]
 41%|████      | 281/693 [01:05<01:37,  4.22it/s]
 41%|████      | 282/693 [01:06<01:30,  4.56it/s]
 41%|████      | 283/693 [01:06<01:18,  5.19it/s]
 41%|████      | 284/693 [01:06<01:20,  5.06it/s]
 41%|████      | 285/693 [01:06<01:25,  4.76it/s]
 41%|████▏     | 286/693 [01:06<01:29,  4.56it/s]
 41%|████▏     | 287/693 [01:07<01:31,  4.43it/s]
 42%|████▏     | 288/693 [01:07<01:33,  4.35it/s]
 42%|████▏     | 289/693 [01:07<01:33,  4.30it/s]
 42%|████▏     | 290/693 [01:07<01:34,  4.28it/s]
 42%|████▏     | 291/693 [01:08<01:34,  4.27it/s]
 42%|████▏     | 292/693 [01:08<01:34,  4.25it/s]
 42%|████▏     | 293/693 [01:08<01:34,  4.23it/s]
 42%|████▏     | 294/693 [01:08<01:31,  4.35it/s]
 43%|████▎     | 295/693 [01:08<01:19,  4.98it/s]
 43%|████▎     | 296/693 [01:09<01:16,  5.17it/s]
 43%|████▎     | 297/693 [01:09<01:22,  4.82it/s]
 43%|████▎     | 298/693 [01:09<01:25,  4.61it/s]
 43%|████▎     | 299/693 [01:09<01:27,  4.49it/s]
 43%|████▎     | 300/693 [01:09<01:28,  4.42it/s]
 43%|████▎     | 301/693 [01:10<01:30,  4.35it/s]
 44%|████▎     | 302/693 [01:10<01:30,  4.32it/s]
 44%|████▎     | 303/693 [01:10<01:29,  4.35it/s]
 44%|████▍     | 304/693 [01:10<01:30,  4.31it/s]
 44%|████▍     | 305/693 [01:11<01:30,  4.31it/s]
 44%|████▍     | 306/693 [01:11<01:29,  4.30it/s]
 44%|████▍     | 307/693 [01:11<01:21,  4.72it/s]
 44%|████▍     | 308/693 [01:11<01:13,  5.25it/s]
 45%|████▍     | 309/693 [01:11<01:14,  5.16it/s]
 45%|████▍     | 310/693 [01:12<01:19,  4.84it/s]
 45%|████▍     | 311/693 [01:12<01:22,  4.64it/s]
 45%|████▌     | 312/693 [01:12<01:24,  4.53it/s]
 45%|████▌     | 313/693 [01:12<01:25,  4.43it/s]
 45%|████▌     | 314/693 [01:13<01:26,  4.40it/s]
 45%|████▌     | 315/693 [01:13<01:25,  4.43it/s]
 46%|████▌     | 316/693 [01:13<01:23,  4.52it/s]
 46%|████▌     | 317/693 [01:13<01:25,  4.42it/s]
 46%|████▌     | 318/693 [01:13<01:25,  4.38it/s]
 46%|████▌     | 319/693 [01:14<01:25,  4.36it/s]
 46%|████▌     | 320/693 [01:14<01:16,  4.90it/s]
 46%|████▋     | 321/693 [01:14<01:06,  5.61it/s]
 46%|████▋     | 322/693 [01:14<01:01,  6.02it/s]
 47%|████▋     | 323/693 [01:14<01:09,  5.33it/s]
 47%|████▋     | 324/693 [01:15<01:13,  4.99it/s]
 47%|████▋     | 325/693 [01:15<01:17,  4.72it/s]
 47%|████▋     | 326/693 [01:15<01:20,  4.56it/s]
 47%|████▋     | 327/693 [01:15<01:22,  4.46it/s]
 47%|████▋     | 328/693 [01:15<01:22,  4.43it/s]
 47%|████▋     | 329/693 [01:16<01:21,  4.44it/s]
 48%|████▊     | 330/693 [01:16<01:22,  4.41it/s]
 48%|████▊     | 331/693 [01:16<01:22,  4.37it/s]
 48%|████▊     | 332/693 [01:16<01:22,  4.36it/s]
 48%|████▊     | 333/693 [01:17<01:20,  4.47it/s]
 48%|████▊     | 334/693 [01:17<01:09,  5.14it/s]
 48%|████▊     | 335/693 [01:17<01:02,  5.77it/s]
 48%|████▊     | 336/693 [01:17<01:04,  5.52it/s]
 49%|████▊     | 337/693 [01:17<01:10,  5.05it/s]
 49%|████▉     | 338/693 [01:18<01:13,  4.81it/s]
 49%|████▉     | 339/693 [01:18<01:17,  4.57it/s]
 49%|████▉     | 340/693 [01:18<01:18,  4.49it/s]
 49%|████▉     | 341/693 [01:18<01:19,  4.46it/s]
 49%|████▉     | 342/693 [01:18<01:19,  4.42it/s]
 49%|████▉     | 343/693 [01:19<01:15,  4.64it/s]
 50%|████▉     | 344/693 [01:19<01:16,  4.55it/s]
 50%|████▉     | 345/693 [01:19<01:18,  4.44it/s]
 50%|████▉     | 346/693 [01:19<01:18,  4.42it/s]
 50%|█████     | 347/693 [01:20<01:13,  4.70it/s]
 50%|█████     | 348/693 [01:20<01:05,  5.30it/s]
 50%|█████     | 349/693 [01:20<01:02,  5.54it/s]
 51%|█████     | 350/693 [01:20<01:06,  5.16it/s]
 51%|█████     | 351/693 [01:20<01:10,  4.82it/s]
 51%|█████     | 352/693 [01:21<01:12,  4.67it/s]
 51%|█████     | 353/693 [01:21<01:15,  4.51it/s]
 51%|█████     | 354/693 [01:21<01:15,  4.46it/s]
 51%|█████     | 355/693 [01:21<01:17,  4.39it/s]
 51%|█████▏    | 356/693 [01:21<01:12,  4.62it/s]
 52%|█████▏    | 357/693 [01:22<01:14,  4.52it/s]
 52%|█████▏    | 358/693 [01:22<01:15,  4.43it/s]
 52%|█████▏    | 359/693 [01:22<01:16,  4.37it/s]
 52%|█████▏    | 360/693 [01:22<01:13,  4.51it/s]
 52%|█████▏    | 361/693 [01:22<01:04,  5.18it/s]
 52%|█████▏    | 362/693 [01:23<01:01,  5.42it/s]
 52%|█████▏    | 363/693 [01:23<01:05,  5.00it/s]
 53%|█████▎    | 364/693 [01:23<01:09,  4.76it/s]
 53%|█████▎    | 365/693 [01:23<01:11,  4.60it/s]
 53%|█████▎    | 366/693 [01:24<01:13,  4.48it/s]
 53%|█████▎    | 367/693 [01:24<01:14,  4.40it/s]
 53%|█████▎    | 368/693 [01:24<01:14,  4.37it/s]
 53%|█████▎    | 369/693 [01:24<01:12,  4.46it/s]
 53%|█████▎    | 370/693 [01:24<01:13,  4.41it/s]
 54%|█████▎    | 371/693 [01:25<01:13,  4.36it/s]
 54%|█████▎    | 372/693 [01:25<01:13,  4.35it/s]
 54%|█████▍    | 373/693 [01:25<01:11,  4.50it/s]
 54%|█████▍    | 374/693 [01:25<01:02,  5.09it/s]
 54%|█████▍    | 375/693 [01:25<00:56,  5.63it/s]
 54%|█████▍    | 376/693 [01:26<01:00,  5.20it/s]
 54%|█████▍    | 377/693 [01:26<01:05,  4.85it/s]
 55%|█████▍    | 378/693 [01:26<01:07,  4.66it/s]
 55%|█████▍    | 379/693 [01:26<01:09,  4.51it/s]
 55%|█████▍    | 380/693 [01:27<01:10,  4.45it/s]
 55%|█████▍    | 381/693 [01:27<01:11,  4.38it/s]
 55%|█████▌    | 382/693 [01:27<01:11,  4.36it/s]
 55%|█████▌    | 383/693 [01:27<01:11,  4.34it/s]
 55%|█████▌    | 384/693 [01:28<01:11,  4.32it/s]
 56%|█████▌    | 385/693 [01:28<01:11,  4.30it/s]
 56%|█████▌    | 386/693 [01:28<01:09,  4.44it/s]
 56%|█████▌    | 387/693 [01:28<00:59,  5.12it/s]
 56%|█████▌    | 388/693 [01:28<00:54,  5.58it/s]
 56%|█████▌    | 389/693 [01:28<00:58,  5.22it/s]
 56%|█████▋    | 390/693 [01:29<01:02,  4.87it/s]
 56%|█████▋    | 391/693 [01:29<01:04,  4.65it/s]
 57%|█████▋    | 392/693 [01:29<01:06,  4.53it/s]
 57%|█████▋    | 393/693 [01:29<01:07,  4.44it/s]
 57%|█████▋    | 394/693 [01:30<01:07,  4.40it/s]
 57%|█████▋    | 395/693 [01:30<01:07,  4.38it/s]
 57%|█████▋    | 396/693 [01:30<01:08,  4.36it/s]
 57%|█████▋    | 397/693 [01:30<01:08,  4.30it/s]
 57%|█████▋    | 398/693 [01:31<01:09,  4.27it/s]
 58%|█████▊    | 399/693 [01:31<01:06,  4.42it/s]
 58%|█████▊    | 400/693 [01:31<00:59,  4.90it/s]
 58%|█████▊    | 401/693 [01:31<00:59,  4.87it/s]
 58%|█████▊    | 402/693 [01:31<01:02,  4.66it/s]
 58%|█████▊    | 403/693 [01:32<01:03,  4.55it/s]
 58%|█████▊    | 404/693 [01:32<01:04,  4.45it/s]
 58%|█████▊    | 405/693 [01:32<01:05,  4.39it/s]
 59%|█████▊    | 406/693 [01:32<01:05,  4.35it/s]
 59%|█████▊    | 407/693 [01:33<01:03,  4.49it/s]
 59%|█████▉    | 408/693 [01:33<01:03,  4.50it/s]
 59%|█████▉    | 409/693 [01:33<01:04,  4.38it/s]
 59%|█████▉    | 410/693 [01:33<01:05,  4.33it/s]
 59%|█████▉    | 411/693 [01:33<01:05,  4.31it/s]
 59%|█████▉    | 412/693 [01:34<00:58,  4.79it/s]
 60%|█████▉    | 413/693 [01:34<00:51,  5.40it/s]
 60%|█████▉    | 414/693 [01:34<00:55,  5.03it/s]
 60%|█████▉    | 415/693 [01:34<00:58,  4.74it/s]
 60%|██████    | 416/693 [01:34<01:01,  4.54it/s]
 60%|██████    | 417/693 [01:35<01:02,  4.43it/s]
 60%|██████    | 418/693 [01:35<01:03,  4.35it/s]
 60%|██████    | 419/693 [01:35<01:03,  4.30it/s]
 61%|██████    | 420/693 [01:35<01:01,  4.45it/s]
 61%|██████    | 421/693 [01:36<01:02,  4.38it/s]
 61%|██████    | 422/693 [01:36<01:02,  4.32it/s]
 61%|██████    | 423/693 [01:36<01:02,  4.29it/s]
 61%|██████    | 424/693 [01:36<01:00,  4.44it/s]
 61%|██████▏   | 425/693 [01:36<00:52,  5.09it/s]
 61%|██████▏   | 426/693 [01:37<00:48,  5.52it/s]
 62%|██████▏   | 427/693 [01:37<00:52,  5.03it/s]
 62%|██████▏   | 428/693 [01:37<00:56,  4.72it/s]
 62%|██████▏   | 429/693 [01:37<00:58,  4.54it/s]
 62%|██████▏   | 430/693 [01:38<00:59,  4.41it/s]
 62%|██████▏   | 431/693 [01:38<01:00,  4.36it/s]
 62%|██████▏   | 432/693 [01:38<01:00,  4.35it/s]
 62%|██████▏   | 433/693 [01:38<00:59,  4.36it/s]
 63%|██████▎   | 434/693 [01:38<00:59,  4.34it/s]
 63%|██████▎   | 435/693 [01:39<00:59,  4.31it/s]
 63%|██████▎   | 436/693 [01:39<00:59,  4.31it/s]
 63%|██████▎   | 437/693 [01:39<00:54,  4.71it/s]
 63%|██████▎   | 438/693 [01:39<00:51,  4.99it/s]
 63%|██████▎   | 439/693 [01:40<00:53,  4.74it/s]
 63%|██████▎   | 440/693 [01:40<00:55,  4.59it/s]
 64%|██████▎   | 441/693 [01:40<00:56,  4.46it/s]
 64%|██████▍   | 442/693 [01:40<00:56,  4.41it/s]
 64%|██████▍   | 443/693 [01:40<00:57,  4.34it/s]
 64%|██████▍   | 444/693 [01:41<00:57,  4.30it/s]
 64%|██████▍   | 445/693 [01:41<00:57,  4.34it/s]
 64%|██████▍   | 446/693 [01:41<00:57,  4.31it/s]
 65%|██████▍   | 447/693 [01:41<00:57,  4.31it/s]
 65%|██████▍   | 448/693 [01:42<00:56,  4.30it/s]
 65%|██████▍   | 449/693 [01:42<00:52,  4.61it/s]
 65%|██████▍   | 450/693 [01:42<00:46,  5.21it/s]
 65%|██████▌   | 451/693 [01:42<00:42,  5.66it/s]
 65%|██████▌   | 452/693 [01:42<00:46,  5.16it/s]
 65%|██████▌   | 453/693 [01:43<00:49,  4.84it/s]
 66%|██████▌   | 454/693 [01:43<00:51,  4.66it/s]
 66%|██████▌   | 455/693 [01:43<00:52,  4.52it/s]
 66%|██████▌   | 456/693 [01:43<00:53,  4.43it/s]
 66%|██████▌   | 457/693 [01:43<00:54,  4.35it/s]
 66%|██████▌   | 458/693 [01:44<00:52,  4.44it/s]
 66%|██████▌   | 459/693 [01:44<00:53,  4.38it/s]
 66%|██████▋   | 460/693 [01:44<00:53,  4.32it/s]
 67%|██████▋   | 461/693 [01:44<00:53,  4.33it/s]
 67%|██████▋   | 462/693 [01:45<00:51,  4.48it/s]
 67%|██████▋   | 463/693 [01:45<00:44,  5.15it/s]
 67%|██████▋   | 464/693 [01:45<00:45,  5.07it/s]
 67%|██████▋   | 465/693 [01:45<00:47,  4.81it/s]
 67%|██████▋   | 466/693 [01:45<00:49,  4.62it/s]
 67%|██████▋   | 467/693 [01:46<00:50,  4.50it/s]
 68%|██████▊   | 468/693 [01:46<00:50,  4.43it/s]
 68%|██████▊   | 469/693 [01:46<00:51,  4.36it/s]
 68%|██████▊   | 470/693 [01:46<00:51,  4.33it/s]
 68%|██████▊   | 471/693 [01:47<00:51,  4.33it/s]
 68%|██████▊   | 472/693 [01:47<00:51,  4.32it/s]
 68%|██████▊   | 473/693 [01:47<00:51,  4.28it/s]
 68%|██████▊   | 474/693 [01:47<00:51,  4.28it/s]
 69%|██████▊   | 475/693 [01:47<00:46,  4.72it/s]
 69%|██████▊   | 476/693 [01:48<00:41,  5.28it/s]
 69%|██████▉   | 477/693 [01:48<00:41,  5.21it/s]
 69%|██████▉   | 478/693 [01:48<00:44,  4.87it/s]
 69%|██████▉   | 479/693 [01:48<00:45,  4.67it/s]
 69%|██████▉   | 480/693 [01:48<00:46,  4.55it/s]
 69%|██████▉   | 481/693 [01:49<00:47,  4.44it/s]
 70%|██████▉   | 482/693 [01:49<00:47,  4.40it/s]
 70%|██████▉   | 483/693 [01:49<00:47,  4.40it/s]
 70%|██████▉   | 484/693 [01:49<00:46,  4.53it/s]
 70%|██████▉   | 485/693 [01:50<00:47,  4.42it/s]
 70%|███████   | 486/693 [01:50<00:47,  4.37it/s]
 70%|███████   | 487/693 [01:50<00:47,  4.34it/s]
 70%|███████   | 488/693 [01:50<00:42,  4.78it/s]
 71%|███████   | 489/693 [01:50<00:37,  5.40it/s]
 71%|███████   | 490/693 [01:51<00:39,  5.20it/s]
 71%|███████   | 491/693 [01:51<00:41,  4.87it/s]
 71%|███████   | 492/693 [01:51<00:42,  4.68it/s]
 71%|███████   | 493/693 [01:51<00:44,  4.52it/s]
 71%|███████▏  | 494/693 [01:52<00:44,  4.47it/s]
 71%|███████▏  | 495/693 [01:52<00:45,  4.39it/s]
 72%|███████▏  | 496/693 [01:52<00:44,  4.43it/s]
 72%|███████▏  | 497/693 [01:52<00:43,  4.55it/s]
 72%|███████▏  | 498/693 [01:52<00:43,  4.47it/s]
 72%|███████▏  | 499/693 [01:53<00:44,  4.39it/s]
 72%|███████▏  | 500/693 [01:53<00:44,  4.36it/s]
 72%|███████▏  | 501/693 [01:53<00:39,  4.84it/s]
 72%|███████▏  | 502/693 [01:53<00:35,  5.35it/s]
 73%|███████▎  | 503/693 [01:53<00:36,  5.19it/s]
 73%|███████▎  | 504/693 [01:54<00:38,  4.89it/s]
 73%|███████▎  | 505/693 [01:54<00:40,  4.67it/s]
 73%|███████▎  | 506/693 [01:54<00:41,  4.55it/s]
 73%|███████▎  | 507/693 [01:54<00:41,  4.44it/s]
 73%|███████▎  | 508/693 [01:55<00:42,  4.40it/s]
 73%|███████▎  | 509/693 [01:55<00:40,  4.49it/s]
 74%|███████▎  | 510/693 [01:55<00:40,  4.47it/s]
 74%|███████▎  | 511/693 [01:55<00:40,  4.45it/s]
 74%|███████▍  | 512/693 [01:55<00:41,  4.41it/s]
 74%|███████▍  | 513/693 [01:56<00:40,  4.49it/s]
 74%|███████▍  | 514/693 [01:56<00:35,  5.04it/s]
 74%|███████▍  | 515/693 [01:56<00:35,  5.04it/s]
 74%|███████▍  | 516/693 [01:56<00:36,  4.79it/s]
 75%|███████▍  | 517/693 [01:56<00:38,  4.61it/s]
 75%|███████▍  | 518/693 [01:57<00:36,  4.80it/s]
 75%|███████▍  | 519/693 [01:57<00:31,  5.53it/s]
 75%|███████▌  | 520/693 [01:57<00:28,  6.07it/s]
 75%|███████▌  | 521/693 [01:57<00:26,  6.60it/s]
 75%|███████▌  | 522/693 [01:57<00:24,  6.93it/s]
 75%|███████▌  | 523/693 [01:57<00:23,  7.33it/s]
 76%|███████▌  | 524/693 [01:57<00:22,  7.47it/s]
 76%|███████▌  | 525/693 [01:58<00:21,  7.73it/s]
 76%|███████▌  | 526/693 [01:58<00:21,  7.75it/s]
 76%|███████▌  | 527/693 [01:58<00:20,  7.93it/s]
 76%|███████▌  | 528/693 [01:58<00:20,  7.90it/s]
 76%|███████▋  | 529/693 [01:58<00:20,  8.04it/s]
 76%|███████▋  | 530/693 [01:58<00:21,  7.68it/s]
 77%|███████▋  | 531/693 [01:58<00:20,  7.88it/s]
 77%|███████▋  | 532/693 [01:59<00:37,  4.26it/s]
 77%|███████▋  | 533/693 [01:59<00:31,  5.00it/s]
 77%|███████▋  | 534/693 [01:59<00:28,  5.62it/s]
 77%|███████▋  | 535/693 [01:59<00:25,  6.30it/s]
 77%|███████▋  | 536/693 [01:59<00:23,  6.71it/s]
 77%|███████▋  | 537/693 [01:59<00:21,  7.14it/s]
 78%|███████▊  | 538/693 [02:00<00:21,  7.34it/s]
 78%|███████▊  | 539/693 [02:00<00:20,  7.37it/s]
 78%|███████▊  | 540/693 [02:00<00:36,  4.21it/s]
 78%|███████▊  | 541/693 [02:00<00:30,  4.93it/s]
 78%|███████▊  | 542/693 [02:00<00:26,  5.59it/s]
 78%|███████▊  | 543/693 [02:00<00:23,  6.31it/s]
 78%|███████▊  | 544/693 [02:01<00:22,  6.77it/s]
 79%|███████▊  | 545/693 [02:01<00:20,  7.16it/s]
 79%|███████▉  | 546/693 [02:01<00:19,  7.37it/s]
 79%|███████▉  | 547/693 [02:01<00:19,  7.67it/s]
 79%|███████▉  | 548/693 [02:01<00:18,  7.73it/s]
 79%|███████▉  | 549/693 [02:01<00:18,  7.95it/s]
 79%|███████▉  | 550/693 [02:01<00:18,  7.94it/s]
 80%|███████▉  | 551/693 [02:01<00:17,  8.03it/s]
 80%|███████▉  | 552/693 [02:02<00:17,  8.09it/s]
 80%|███████▉  | 553/693 [02:02<00:16,  8.25it/s]
 80%|███████▉  | 554/693 [02:02<00:17,  8.01it/s]
 80%|████████  | 555/693 [02:02<00:16,  8.16it/s]
 80%|████████  | 556/693 [02:02<00:17,  7.85it/s]
 80%|████████  | 557/693 [02:02<00:27,  5.01it/s]
 81%|████████  | 558/693 [02:03<00:24,  5.62it/s]
 81%|████████  | 559/693 [02:03<00:21,  6.22it/s]
 81%|████████  | 560/693 [02:03<00:19,  6.69it/s]
 81%|████████  | 561/693 [02:03<00:18,  7.16it/s]
 81%|████████  | 562/693 [02:03<00:17,  7.34it/s]
 81%|████████  | 563/693 [02:03<00:17,  7.49it/s]
 81%|████████▏ | 564/693 [02:03<00:16,  7.65it/s]
 82%|████████▏ | 565/693 [02:04<00:25,  5.04it/s]
 82%|████████▏ | 566/693 [02:04<00:26,  4.75it/s]
 82%|████████▏ | 567/693 [02:05<00:50,  2.52it/s]
 82%|████████▏ | 568/693 [02:05<00:43,  2.87it/s]
 82%|████████▏ | 569/693 [02:05<00:39,  3.17it/s]
 82%|████████▏ | 570/693 [02:05<00:35,  3.44it/s]
 82%|████████▏ | 571/693 [02:06<00:32,  3.70it/s]
 83%|████████▎ | 572/693 [02:06<00:31,  3.84it/s]
 83%|████████▎ | 573/693 [02:06<00:30,  3.98it/s]
 83%|████████▎ | 574/693 [02:06<00:29,  4.08it/s]
 83%|████████▎ | 575/693 [02:07<00:26,  4.43it/s]
 83%|████████▎ | 576/693 [02:07<00:23,  4.99it/s]
 83%|████████▎ | 577/693 [02:07<00:20,  5.64it/s]
 83%|████████▎ | 578/693 [02:07<00:21,  5.33it/s]
 84%|████████▎ | 579/693 [02:07<00:23,  4.94it/s]
 84%|████████▎ | 580/693 [02:08<00:23,  4.71it/s]
 84%|████████▍ | 581/693 [02:08<00:24,  4.55it/s]
 84%|████████▍ | 582/693 [02:08<00:24,  4.47it/s]
 84%|████████▍ | 583/693 [02:08<00:25,  4.39it/s]
 84%|████████▍ | 584/693 [02:08<00:24,  4.45it/s]
 84%|████████▍ | 585/693 [02:09<00:24,  4.50it/s]
 85%|████████▍ | 586/693 [02:09<00:24,  4.43it/s]
 85%|████████▍ | 587/693 [02:09<00:24,  4.37it/s]
 85%|████████▍ | 588/693 [02:09<00:24,  4.35it/s]
 85%|████████▍ | 589/693 [02:09<00:21,  4.89it/s]
 85%|████████▌ | 590/693 [02:10<00:19,  5.42it/s]
 85%|████████▌ | 591/693 [02:10<00:23,  4.28it/s]
 85%|████████▌ | 592/693 [02:10<00:23,  4.27it/s]
 86%|████████▌ | 593/693 [02:10<00:23,  4.25it/s]
 86%|████████▌ | 594/693 [02:11<00:23,  4.25it/s]
 86%|████████▌ | 595/693 [02:11<00:23,  4.24it/s]
 86%|████████▌ | 596/693 [02:11<00:22,  4.26it/s]
 86%|████████▌ | 597/693 [02:11<00:22,  4.24it/s]
 86%|████████▋ | 598/693 [02:12<00:22,  4.25it/s]
 86%|████████▋ | 599/693 [02:12<00:22,  4.25it/s]
 87%|████████▋ | 600/693 [02:12<00:21,  4.41it/s]
 87%|████████▋ | 601/693 [02:12<00:18,  5.08it/s]
 87%|████████▋ | 602/693 [02:12<00:16,  5.55it/s]
 87%|████████▋ | 603/693 [02:13<00:17,  5.24it/s]
 87%|████████▋ | 604/693 [02:13<00:18,  4.88it/s]
 87%|████████▋ | 605/693 [02:13<00:18,  4.67it/s]
 87%|████████▋ | 606/693 [02:13<00:19,  4.52it/s]
 88%|████████▊ | 607/693 [02:14<00:19,  4.44it/s]
 88%|████████▊ | 608/693 [02:14<00:19,  4.37it/s]
 88%|████████▊ | 609/693 [02:14<00:19,  4.33it/s]
 88%|████████▊ | 610/693 [02:14<00:19,  4.30it/s]
 88%|████████▊ | 611/693 [02:14<00:19,  4.29it/s]
 88%|████████▊ | 612/693 [02:15<00:18,  4.28it/s]
 88%|████████▊ | 613/693 [02:15<00:18,  4.43it/s]
 89%|████████▊ | 614/693 [02:15<00:15,  5.11it/s]
 89%|████████▊ | 615/693 [02:15<00:13,  5.73it/s]
 89%|████████▉ | 616/693 [02:15<00:14,  5.50it/s]
 89%|████████▉ | 617/693 [02:16<00:15,  5.02it/s]
 89%|████████▉ | 618/693 [02:16<00:15,  4.81it/s]
 89%|████████▉ | 619/693 [02:16<00:16,  4.62it/s]
 89%|████████▉ | 620/693 [02:16<00:16,  4.54it/s]
 90%|████████▉ | 621/693 [02:17<00:16,  4.44it/s]
 90%|████████▉ | 622/693 [02:17<00:16,  4.40it/s]
 90%|████████▉ | 623/693 [02:17<00:15,  4.62it/s]
 90%|█████████ | 624/693 [02:17<00:15,  4.53it/s]
 90%|█████████ | 625/693 [02:17<00:15,  4.47it/s]
 90%|█████████ | 626/693 [02:18<00:15,  4.43it/s]
 90%|█████████ | 627/693 [02:18<00:13,  4.79it/s]
 91%|█████████ | 628/693 [02:18<00:11,  5.43it/s]
 91%|█████████ | 629/693 [02:18<00:10,  6.03it/s]
 91%|█████████ | 630/693 [02:18<00:11,  5.62it/s]
 91%|█████████ | 631/693 [02:20<00:38,  1.63it/s]
 91%|█████████ | 632/693 [02:20<00:30,  2.00it/s]
 91%|█████████▏| 633/693 [02:20<00:25,  2.37it/s]
 91%|█████████▏| 634/693 [02:21<00:21,  2.73it/s]
 92%|█████████▏| 635/693 [02:21<00:18,  3.07it/s]
 92%|█████████▏| 636/693 [02:21<00:16,  3.36it/s]
 92%|█████████▏| 637/693 [02:21<00:14,  3.74it/s]
 92%|█████████▏| 638/693 [02:21<00:14,  3.91it/s]
 92%|█████████▏| 639/693 [02:22<00:13,  4.00it/s]
 92%|█████████▏| 640/693 [02:22<00:13,  4.05it/s]
 92%|█████████▏| 641/693 [02:22<00:12,  4.20it/s]
 93%|█████████▎| 642/693 [02:22<00:10,  4.85it/s]
 93%|█████████▎| 643/693 [02:22<00:09,  5.48it/s]
 93%|█████████▎| 644/693 [02:23<00:09,  5.32it/s]
 93%|█████████▎| 645/693 [02:23<00:09,  4.96it/s]
 93%|█████████▎| 646/693 [02:23<00:09,  4.73it/s]
 93%|█████████▎| 647/693 [02:23<00:10,  4.55it/s]
 94%|█████████▎| 648/693 [02:24<00:10,  4.43it/s]
 94%|█████████▎| 649/693 [02:24<00:10,  4.36it/s]
 94%|█████████▍| 650/693 [02:24<00:09,  4.44it/s]
 94%|█████████▍| 651/693 [02:24<00:09,  4.49it/s]
 94%|█████████▍| 652/693 [02:24<00:09,  4.39it/s]
 94%|█████████▍| 653/693 [02:25<00:09,  4.34it/s]
 94%|█████████▍| 654/693 [02:25<00:09,  4.29it/s]
 95%|█████████▍| 655/693 [02:25<00:07,  4.83it/s]
 95%|█████████▍| 656/693 [02:25<00:06,  5.32it/s]
 95%|█████████▍| 657/693 [02:25<00:07,  5.03it/s]
 95%|█████████▍| 658/693 [02:26<00:07,  4.73it/s]
 95%|█████████▌| 659/693 [02:26<00:07,  4.54it/s]
 95%|█████████▌| 660/693 [02:26<00:07,  4.43it/s]
 95%|█████████▌| 661/693 [02:26<00:07,  4.37it/s]
 96%|█████████▌| 662/693 [02:27<00:07,  4.31it/s]
 96%|█████████▌| 663/693 [02:27<00:06,  4.46it/s]
 96%|█████████▌| 664/693 [02:27<00:06,  4.37it/s]
 96%|█████████▌| 665/693 [02:27<00:06,  4.33it/s]
 96%|█████████▌| 666/693 [02:28<00:06,  4.28it/s]
 96%|█████████▌| 667/693 [02:28<00:05,  4.39it/s]
 96%|█████████▋| 668/693 [02:28<00:05,  4.98it/s]
 97%|█████████▋| 669/693 [02:28<00:04,  5.03it/s]
 97%|█████████▋| 670/693 [02:28<00:04,  4.72it/s]
 97%|█████████▋| 671/693 [02:29<00:04,  4.54it/s]
 97%|█████████▋| 672/693 [02:29<00:04,  4.40it/s]
 97%|█████████▋| 673/693 [02:29<00:04,  4.33it/s]
 97%|█████████▋| 674/693 [02:29<00:04,  4.28it/s]
 97%|█████████▋| 675/693 [02:30<00:04,  4.31it/s]
 98%|█████████▊| 676/693 [02:30<00:03,  4.29it/s]
 98%|█████████▊| 677/693 [02:30<00:03,  4.26it/s]
 98%|█████████▊| 678/693 [02:30<00:03,  4.28it/s]
 98%|█████████▊| 679/693 [02:30<00:03,  4.39it/s]
 98%|█████████▊| 680/693 [02:31<00:02,  5.00it/s]
 98%|█████████▊| 681/693 [02:31<00:02,  5.61it/s]
 98%|█████████▊| 682/693 [02:31<00:02,  5.34it/s]
 99%|█████████▊| 683/693 [02:31<00:02,  4.95it/s]
 99%|█████████▊| 684/693 [02:31<00:01,  4.73it/s]
 99%|█████████▉| 685/693 [02:32<00:01,  4.58it/s]
 99%|█████████▉| 686/693 [02:32<00:01,  4.49it/s]
 99%|█████████▉| 687/693 [02:32<00:01,  4.41it/s]
 99%|█████████▉| 688/693 [02:32<00:01,  4.43it/s]
 99%|█████████▉| 689/693 [02:33<00:00,  4.57it/s]
100%|█████████▉| 690/693 [02:33<00:00,  4.50it/s]
100%|█████████▉| 691/693 [02:33<00:00,  4.41it/s]
100%|█████████▉| 692/693 [02:33<00:00,  4.38it/s]
100%|██████████| 693/693 [02:33<00:00,  4.86it/s]
100%|██████████| 693/693 [02:34<00:00,  4.50it/s]
Training loss: 0.6543347430865658, KL loss: 0.4072964752219284, Sim loss: 3.88799433344955e-05, Exo CLS loss: 0.5057259602620016, 
Noun sim loss: 0.11806655137612879, Part sim loss: 0.15156892675255973, Proto loss: 1.0515216600155246, Conc loss: 0.10089294909140764
learning rate:4.0113393742194645e-05


  0%|          | 0/168 [00:00<?, ?it/s]
  1%|          | 1/168 [00:00<01:51,  1.50it/s]
  2%|▏         | 4/168 [00:00<00:27,  6.05it/s]
  4%|▎         | 6/168 [00:01<00:22,  7.11it/s]
  5%|▌         | 9/168 [00:01<00:17,  9.23it/s]
  7%|▋         | 12/168 [00:01<00:13, 11.97it/s]
  9%|▉         | 15/168 [00:01<00:10, 14.43it/s]
 10%|█         | 17/168 [00:01<00:16,  9.18it/s]
 11%|█▏        | 19/168 [00:02<00:13, 10.69it/s]
 13%|█▎        | 22/168 [00:02<00:11, 13.20it/s]
 15%|█▍        | 25/168 [00:02<00:12, 11.02it/s]
 16%|█▌        | 27/168 [00:02<00:13, 10.09it/s]
 18%|█▊        | 30/168 [00:02<00:11, 12.49it/s]
 20%|█▉        | 33/168 [00:03<00:09, 14.60it/s]
 21%|██▏       | 36/168 [00:03<00:08, 16.30it/s]
 23%|██▎       | 39/168 [00:03<00:07, 17.95it/s]
 25%|██▌       | 42/168 [00:03<00:06, 18.49it/s]
 27%|██▋       | 45/168 [00:03<00:06, 19.68it/s]
 29%|██▉       | 49/168 [00:03<00:05, 23.65it/s]
 32%|███▏      | 53/168 [00:03<00:04, 25.33it/s]
 33%|███▎      | 56/168 [00:04<00:04, 24.05it/s]
 35%|███▌      | 59/168 [00:04<00:05, 20.68it/s]
 37%|███▋      | 62/168 [00:04<00:04, 21.27it/s]
 39%|███▊      | 65/168 [00:04<00:04, 21.55it/s]
 40%|████      | 68/168 [00:04<00:04, 20.80it/s]
 42%|████▏     | 71/168 [00:04<00:04, 21.19it/s]
 44%|████▍     | 74/168 [00:04<00:04, 21.51it/s]
 46%|████▌     | 77/168 [00:05<00:04, 21.07it/s]
 48%|████▊     | 80/168 [00:05<00:03, 22.06it/s]
 49%|████▉     | 83/168 [00:05<00:04, 20.76it/s]
 51%|█████     | 86/168 [00:05<00:03, 21.20it/s]
 53%|█████▎    | 89/168 [00:05<00:03, 21.52it/s]
 55%|█████▍    | 92/168 [00:05<00:03, 20.61it/s]
 57%|█████▋    | 95/168 [00:05<00:04, 18.22it/s]
 60%|█████▉    | 100/168 [00:06<00:02, 23.73it/s]
 61%|██████▏   | 103/168 [00:06<00:02, 24.47it/s]
 63%|██████▎   | 106/168 [00:06<00:02, 23.82it/s]
 65%|██████▍   | 109/168 [00:06<00:02, 23.03it/s]
 67%|██████▋   | 112/168 [00:06<00:02, 23.13it/s]
 68%|██████▊   | 115/168 [00:06<00:02, 22.62it/s]
 70%|███████   | 118/168 [00:06<00:02, 22.11it/s]
 72%|███████▏  | 121/168 [00:07<00:02, 21.74it/s]
 74%|███████▍  | 124/168 [00:07<00:02, 21.58it/s]
 76%|███████▌  | 127/168 [00:07<00:01, 21.20it/s]
 77%|███████▋  | 130/168 [00:07<00:01, 21.02it/s]
 79%|███████▉  | 133/168 [00:07<00:01, 21.82it/s]
 81%|████████  | 136/168 [00:07<00:01, 21.65it/s]
 83%|████████▎ | 139/168 [00:07<00:01, 21.00it/s]
 85%|████████▍ | 142/168 [00:08<00:01, 21.48it/s]
 86%|████████▋ | 145/168 [00:08<00:01, 21.35it/s]
 88%|████████▊ | 148/168 [00:08<00:00, 20.97it/s]
 90%|█████████ | 152/168 [00:08<00:00, 24.30it/s]
 93%|█████████▎| 156/168 [00:08<00:00, 26.79it/s]
 95%|█████████▍| 159/168 [00:08<00:00, 22.15it/s]
 96%|█████████▋| 162/168 [00:09<00:00, 16.14it/s]
 98%|█████████▊| 165/168 [00:09<00:00, 17.67it/s]
100%|██████████| 168/168 [00:09<00:00, 19.33it/s]
100%|██████████| 168/168 [00:09<00:00, 17.78it/s]
Result on AGD: 
KLD=0.9196383357048035, SIM=0.518226146697998, NSS=1.5418001413345337
noun sim: 0.10969610454603321, part sim: 0.14952548185274714
No KLD improvement for 5 epoch(s). Best KLD: 0.8691259026527405, Current KLD: 0.9196383357048035
Epoch 12 loss coeffs: kl=0.3, sim=1.0, exo_cls=0.6, noun=0.1, part=0.01, proto=0.2, conc=0.05
============Training Epoch 12============

  0%|          | 0/693 [00:00<?, ?it/s]/mnt/sdb/wyn/envs/clip-env/lib/python3.10/site-packages/torch/_tensor.py:1002: UserWarning: non-inplace resize is deprecated
  warnings.warn("non-inplace resize is deprecated")
/mnt/sdb/wyn/envs/clip-env/lib/python3.10/site-packages/torch/_tensor.py:1002: UserWarning: non-inplace resize is deprecated
  warnings.warn("non-inplace resize is deprecated")
/mnt/sdb/wyn/envs/clip-env/lib/python3.10/site-packages/torch/_tensor.py:1002: UserWarning: non-inplace resize is deprecated
  warnings.warn("non-inplace resize is deprecated")
/mnt/sdb/wyn/envs/clip-env/lib/python3.10/site-packages/torch/_tensor.py:1002: UserWarning: non-inplace resize is deprecated
  warnings.warn("non-inplace resize is deprecated")
/mnt/sdb/wyn/envs/clip-env/lib/python3.10/site-packages/torch/_tensor.py:1002: UserWarning: non-inplace resize is deprecated
  warnings.warn("non-inplace resize is deprecated")
/mnt/sdb/wyn/envs/clip-env/lib/python3.10/site-packages/torch/_tensor.py:1002: UserWarning: non-inplace resize is deprecated
  warnings.warn("non-inplace resize is deprecated")
/mnt/sdb/wyn/envs/clip-env/lib/python3.10/site-packages/torch/_tensor.py:1002: UserWarning: non-inplace resize is deprecated
  warnings.warn("non-inplace resize is deprecated")
/mnt/sdb/wyn/envs/clip-env/lib/python3.10/site-packages/torch/_tensor.py:1002: UserWarning: non-inplace resize is deprecated
  warnings.warn("non-inplace resize is deprecated")

  0%|          | 1/693 [00:02<24:26,  2.12s/it]
  0%|          | 2/693 [00:02<11:28,  1.00it/s]
  0%|          | 3/693 [00:02<06:54,  1.66it/s]
  1%|          | 4/693 [00:02<06:11,  1.85it/s]
  1%|          | 5/693 [00:03<06:28,  1.77it/s]
  1%|          | 6/693 [00:03<05:08,  2.22it/s]
  1%|          | 7/693 [00:03<04:20,  2.64it/s]
  1%|          | 8/693 [00:04<03:49,  2.98it/s]
  1%|▏         | 9/693 [00:04<03:28,  3.28it/s]
  1%|▏         | 10/693 [00:04<03:03,  3.72it/s]
  2%|▏         | 11/693 [00:04<02:33,  4.45it/s]
  2%|▏         | 12/693 [00:04<02:20,  4.86it/s]
  2%|▏         | 13/693 [00:05<02:55,  3.86it/s]
  2%|▏         | 14/693 [00:05<02:50,  3.97it/s]
  2%|▏         | 15/693 [00:05<02:47,  4.04it/s]
  2%|▏         | 16/693 [00:06<02:44,  4.11it/s]
  2%|▏         | 17/693 [00:06<02:43,  4.13it/s]
  3%|▎         | 18/693 [00:06<02:38,  4.26it/s]
  3%|▎         | 19/693 [00:06<02:38,  4.25it/s]
  3%|▎         | 20/693 [00:06<02:37,  4.27it/s]
  3%|▎         | 21/693 [00:07<02:37,  4.27it/s]
  3%|▎         | 22/693 [00:07<02:21,  4.76it/s]
  3%|▎         | 23/693 [00:07<02:03,  5.42it/s]
  3%|▎         | 24/693 [00:07<01:54,  5.87it/s]
  4%|▎         | 25/693 [00:07<02:06,  5.29it/s]
  4%|▍         | 26/693 [00:08<02:14,  4.96it/s]
  4%|▍         | 27/693 [00:08<02:21,  4.71it/s]
  4%|▍         | 28/693 [00:08<02:25,  4.56it/s]
  4%|▍         | 29/693 [00:08<02:28,  4.46it/s]
  4%|▍         | 30/693 [00:08<02:30,  4.41it/s]
  4%|▍         | 31/693 [00:09<02:28,  4.45it/s]
  5%|▍         | 32/693 [00:09<02:30,  4.40it/s]
  5%|▍         | 33/693 [00:09<02:30,  4.37it/s]
  5%|▍         | 34/693 [00:09<02:31,  4.34it/s]
  5%|▌         | 35/693 [00:10<02:27,  4.47it/s]
  5%|▌         | 36/693 [00:10<02:09,  5.08it/s]
  5%|▌         | 37/693 [00:10<02:00,  5.46it/s]
  5%|▌         | 38/693 [00:10<02:08,  5.11it/s]
  6%|▌         | 39/693 [00:10<02:15,  4.83it/s]
  6%|▌         | 40/693 [00:11<02:20,  4.66it/s]
  6%|▌         | 41/693 [00:11<02:24,  4.52it/s]
  6%|▌         | 42/693 [00:11<02:26,  4.44it/s]
  6%|▌         | 43/693 [00:11<02:27,  4.41it/s]
  6%|▋         | 44/693 [00:12<02:24,  4.49it/s]
  6%|▋         | 45/693 [00:12<02:22,  4.56it/s]
  7%|▋         | 46/693 [00:12<02:25,  4.45it/s]
  7%|▋         | 47/693 [00:12<02:26,  4.41it/s]
  7%|▋         | 48/693 [00:12<02:26,  4.40it/s]
  7%|▋         | 49/693 [00:13<02:10,  4.92it/s]
  7%|▋         | 50/693 [00:13<01:56,  5.54it/s]
  7%|▋         | 51/693 [00:13<01:59,  5.39it/s]
  8%|▊         | 52/693 [00:13<02:08,  5.00it/s]
  8%|▊         | 53/693 [00:13<02:15,  4.72it/s]
  8%|▊         | 54/693 [00:14<02:18,  4.60it/s]
  8%|▊         | 55/693 [00:14<02:22,  4.47it/s]
  8%|▊         | 56/693 [00:14<02:23,  4.45it/s]
  8%|▊         | 57/693 [00:14<02:25,  4.38it/s]
  8%|▊         | 58/693 [00:15<02:23,  4.44it/s]
  9%|▊         | 59/693 [00:15<02:24,  4.39it/s]
  9%|▊         | 60/693 [00:15<02:24,  4.39it/s]
  9%|▉         | 61/693 [00:15<02:25,  4.35it/s]
  9%|▉         | 62/693 [00:15<02:09,  4.86it/s]
  9%|▉         | 63/693 [00:16<01:56,  5.41it/s]
  9%|▉         | 64/693 [00:16<02:01,  5.19it/s]
  9%|▉         | 65/693 [00:16<02:09,  4.85it/s]
 10%|▉         | 66/693 [00:16<02:15,  4.64it/s]
 10%|▉         | 67/693 [00:16<02:18,  4.50it/s]
 10%|▉         | 68/693 [00:17<02:22,  4.40it/s]
 10%|▉         | 69/693 [00:17<02:23,  4.36it/s]
 10%|█         | 70/693 [00:17<02:19,  4.47it/s]
 10%|█         | 71/693 [00:17<02:18,  4.50it/s]
 10%|█         | 72/693 [00:18<02:20,  4.40it/s]
 11%|█         | 73/693 [00:18<02:21,  4.37it/s]
 11%|█         | 74/693 [00:18<02:22,  4.34it/s]
 11%|█         | 75/693 [00:18<02:05,  4.92it/s]
 11%|█         | 76/693 [00:18<01:54,  5.41it/s]
 11%|█         | 77/693 [00:19<02:02,  5.03it/s]
 11%|█▏        | 78/693 [00:19<02:07,  4.81it/s]
 11%|█▏        | 79/693 [00:19<02:13,  4.61it/s]
 12%|█▏        | 80/693 [00:19<02:15,  4.53it/s]
 12%|█▏        | 81/693 [00:19<02:17,  4.45it/s]
 12%|█▏        | 82/693 [00:20<02:18,  4.42it/s]
 12%|█▏        | 83/693 [00:20<02:19,  4.38it/s]
 12%|█▏        | 84/693 [00:20<02:19,  4.36it/s]
 12%|█▏        | 85/693 [00:20<02:20,  4.33it/s]
 12%|█▏        | 86/693 [00:21<02:18,  4.37it/s]
 13%|█▎        | 87/693 [00:21<02:17,  4.40it/s]
 13%|█▎        | 88/693 [00:21<01:59,  5.08it/s]
 13%|█▎        | 89/693 [00:21<01:45,  5.71it/s]
 13%|█▎        | 90/693 [00:21<01:49,  5.49it/s]
 13%|█▎        | 91/693 [00:22<01:59,  5.03it/s]
 13%|█▎        | 92/693 [00:22<02:05,  4.79it/s]
 13%|█▎        | 93/693 [00:22<02:10,  4.60it/s]
 14%|█▎        | 94/693 [00:22<02:12,  4.52it/s]
 14%|█▎        | 95/693 [00:22<02:15,  4.43it/s]
 14%|█▍        | 96/693 [00:23<02:15,  4.40it/s]
 14%|█▍        | 97/693 [00:23<02:09,  4.59it/s]
 14%|█▍        | 98/693 [00:23<02:11,  4.52it/s]
 14%|█▍        | 99/693 [00:23<02:13,  4.45it/s]
 14%|█▍        | 100/693 [00:24<02:14,  4.42it/s]
 15%|█▍        | 101/693 [00:24<02:03,  4.79it/s]
 15%|█▍        | 102/693 [00:24<01:48,  5.43it/s]
 15%|█▍        | 103/693 [00:24<01:38,  5.97it/s]
 15%|█▌        | 104/693 [00:24<01:49,  5.40it/s]
 15%|█▌        | 105/693 [00:24<01:58,  4.96it/s]
 15%|█▌        | 106/693 [00:25<02:03,  4.76it/s]
 15%|█▌        | 107/693 [00:25<02:07,  4.60it/s]
 16%|█▌        | 108/693 [00:25<02:09,  4.52it/s]
 16%|█▌        | 109/693 [00:25<02:11,  4.43it/s]
 16%|█▌        | 110/693 [00:26<02:06,  4.60it/s]
 16%|█▌        | 111/693 [00:26<02:08,  4.53it/s]
 16%|█▌        | 112/693 [00:26<02:09,  4.48it/s]
 16%|█▋        | 113/693 [00:26<02:11,  4.41it/s]
 16%|█▋        | 114/693 [00:27<02:11,  4.40it/s]
 17%|█▋        | 115/693 [00:27<01:56,  4.98it/s]
 17%|█▋        | 116/693 [00:27<01:43,  5.58it/s]
 17%|█▋        | 117/693 [00:27<01:37,  5.93it/s]
 17%|█▋        | 118/693 [00:27<01:47,  5.34it/s]
 17%|█▋        | 119/693 [00:27<01:56,  4.95it/s]
 17%|█▋        | 120/693 [00:28<02:00,  4.75it/s]
 17%|█▋        | 121/693 [00:28<02:04,  4.58it/s]
 18%|█▊        | 122/693 [00:28<02:06,  4.51it/s]
 18%|█▊        | 123/693 [00:28<02:09,  4.41it/s]
 18%|█▊        | 124/693 [00:29<02:07,  4.47it/s]
 18%|█▊        | 125/693 [00:29<02:09,  4.40it/s]
 18%|█▊        | 126/693 [00:29<02:09,  4.38it/s]
 18%|█▊        | 127/693 [00:29<02:09,  4.36it/s]
 18%|█▊        | 128/693 [00:29<02:07,  4.42it/s]
 19%|█▊        | 129/693 [00:30<01:50,  5.10it/s]
 19%|█▉        | 130/693 [00:30<01:38,  5.70it/s]
 19%|█▉        | 131/693 [00:30<01:35,  5.89it/s]
 19%|█▉        | 132/693 [00:30<01:45,  5.31it/s]
 19%|█▉        | 133/693 [00:30<01:53,  4.93it/s]
 19%|█▉        | 134/693 [00:31<01:58,  4.73it/s]
 19%|█▉        | 135/693 [00:31<02:01,  4.58it/s]
 20%|█▉        | 136/693 [00:31<02:03,  4.50it/s]
 20%|█▉        | 137/693 [00:31<02:06,  4.40it/s]
 20%|█▉        | 138/693 [00:32<02:01,  4.55it/s]
 20%|██        | 139/693 [00:32<02:04,  4.46it/s]
 20%|██        | 140/693 [00:32<02:04,  4.43it/s]
 20%|██        | 141/693 [00:32<02:06,  4.37it/s]
 20%|██        | 142/693 [00:32<02:03,  4.47it/s]
 21%|██        | 143/693 [00:33<01:48,  5.09it/s]
 21%|██        | 144/693 [00:33<01:39,  5.53it/s]
 21%|██        | 145/693 [00:33<01:47,  5.10it/s]
 21%|██        | 146/693 [00:33<01:53,  4.82it/s]
 21%|██        | 147/693 [00:33<01:57,  4.63it/s]
 21%|██▏       | 148/693 [00:34<02:00,  4.52it/s]
 22%|██▏       | 149/693 [00:34<02:02,  4.43it/s]
 22%|██▏       | 150/693 [00:34<02:03,  4.40it/s]
 22%|██▏       | 151/693 [00:34<02:01,  4.45it/s]
 22%|██▏       | 152/693 [00:35<02:01,  4.45it/s]
 22%|██▏       | 153/693 [00:35<02:03,  4.37it/s]
 22%|██▏       | 154/693 [00:35<02:03,  4.38it/s]
 22%|██▏       | 155/693 [00:35<02:00,  4.48it/s]
 23%|██▎       | 156/693 [00:35<01:47,  5.02it/s]
 23%|██▎       | 157/693 [00:36<01:38,  5.45it/s]
 23%|██▎       | 158/693 [00:36<01:46,  5.02it/s]
 23%|██▎       | 159/693 [00:36<01:52,  4.75it/s]
 23%|██▎       | 160/693 [00:36<01:55,  4.63it/s]
 23%|██▎       | 161/693 [00:36<01:58,  4.50it/s]
 23%|██▎       | 162/693 [00:37<01:59,  4.46it/s]
 24%|██▎       | 163/693 [00:37<02:01,  4.38it/s]
 24%|██▎       | 164/693 [00:37<02:00,  4.40it/s]
 24%|██▍       | 165/693 [00:37<02:01,  4.35it/s]
 24%|██▍       | 166/693 [00:38<02:01,  4.33it/s]
 24%|██▍       | 167/693 [00:38<02:02,  4.29it/s]
 24%|██▍       | 168/693 [00:38<01:58,  4.45it/s]
 24%|██▍       | 169/693 [00:38<01:43,  5.09it/s]
 25%|██▍       | 170/693 [00:38<01:43,  5.05it/s]
 25%|██▍       | 171/693 [00:39<01:50,  4.74it/s]
 25%|██▍       | 172/693 [00:39<01:54,  4.56it/s]
 25%|██▍       | 173/693 [00:39<01:56,  4.46it/s]
 25%|██▌       | 174/693 [00:39<01:58,  4.38it/s]
 25%|██▌       | 175/693 [00:40<01:59,  4.32it/s]
 25%|██▌       | 176/693 [00:40<02:00,  4.30it/s]
 26%|██▌       | 177/693 [00:40<01:57,  4.38it/s]
 26%|██▌       | 178/693 [00:40<01:58,  4.34it/s]
 26%|██▌       | 179/693 [00:40<01:58,  4.32it/s]
 26%|██▌       | 180/693 [00:41<01:59,  4.30it/s]
 26%|██▌       | 181/693 [00:41<01:50,  4.65it/s]
 26%|██▋       | 182/693 [00:41<01:41,  5.02it/s]
 26%|██▋       | 183/693 [00:41<01:47,  4.75it/s]
 27%|██▋       | 184/693 [00:42<01:51,  4.55it/s]
 27%|██▋       | 185/693 [00:42<01:53,  4.48it/s]
 27%|██▋       | 186/693 [00:42<01:54,  4.43it/s]
 27%|██▋       | 187/693 [00:42<01:56,  4.34it/s]
 27%|██▋       | 188/693 [00:42<01:57,  4.31it/s]
 27%|██▋       | 189/693 [00:43<01:55,  4.35it/s]
 27%|██▋       | 190/693 [00:43<01:56,  4.33it/s]
 28%|██▊       | 191/693 [00:43<01:56,  4.30it/s]
 28%|██▊       | 192/693 [00:43<01:56,  4.29it/s]
 28%|██▊       | 193/693 [00:44<01:48,  4.60it/s]
 28%|██▊       | 194/693 [00:44<01:36,  5.16it/s]
 28%|██▊       | 195/693 [00:44<01:30,  5.51it/s]
 28%|██▊       | 196/693 [00:44<01:38,  5.07it/s]
 28%|██▊       | 197/693 [00:44<01:43,  4.80it/s]
 29%|██▊       | 198/693 [00:45<01:47,  4.61it/s]
 29%|██▊       | 199/693 [00:45<01:50,  4.47it/s]
 29%|██▉       | 200/693 [00:45<01:51,  4.42it/s]
 29%|██▉       | 201/693 [00:45<01:52,  4.36it/s]
 29%|██▉       | 202/693 [00:45<01:47,  4.55it/s]
 29%|██▉       | 203/693 [00:46<01:50,  4.45it/s]
 29%|██▉       | 204/693 [00:46<01:50,  4.41it/s]
 30%|██▉       | 205/693 [00:46<01:51,  4.37it/s]
 30%|██▉       | 206/693 [00:46<01:47,  4.52it/s]
 30%|██▉       | 207/693 [00:47<01:33,  5.23it/s]
 30%|███       | 208/693 [00:47<01:23,  5.79it/s]
 30%|███       | 209/693 [00:47<01:28,  5.44it/s]
 30%|███       | 210/693 [00:47<01:36,  4.99it/s]
 30%|███       | 211/693 [00:47<01:41,  4.73it/s]
 31%|███       | 212/693 [00:48<01:44,  4.60it/s]
 31%|███       | 213/693 [00:48<01:47,  4.48it/s]
 31%|███       | 214/693 [00:48<01:47,  4.44it/s]
 31%|███       | 215/693 [00:48<01:45,  4.54it/s]
 31%|███       | 216/693 [00:48<01:45,  4.50it/s]
 31%|███▏      | 217/693 [00:49<01:47,  4.42it/s]
 31%|███▏      | 218/693 [00:49<01:47,  4.41it/s]
 32%|███▏      | 219/693 [00:49<01:48,  4.36it/s]
 32%|███▏      | 220/693 [00:49<01:35,  4.96it/s]
 32%|███▏      | 221/693 [00:49<01:23,  5.65it/s]
 32%|███▏      | 222/693 [00:50<01:22,  5.69it/s]
 32%|███▏      | 223/693 [00:50<01:31,  5.13it/s]
 32%|███▏      | 224/693 [00:50<01:36,  4.86it/s]
 32%|███▏      | 225/693 [00:50<01:41,  4.61it/s]
 33%|███▎      | 226/693 [00:51<02:20,  3.32it/s]
 33%|███▎      | 227/693 [00:51<02:05,  3.72it/s]
 33%|███▎      | 228/693 [00:51<02:01,  3.84it/s]
 33%|███▎      | 229/693 [00:51<01:57,  3.96it/s]
 33%|███▎      | 230/693 [00:52<01:54,  4.05it/s]
 33%|███▎      | 231/693 [00:52<01:42,  4.52it/s]
 33%|███▎      | 232/693 [00:52<01:30,  5.08it/s]
 34%|███▎      | 233/693 [00:52<01:32,  5.00it/s]
 34%|███▍      | 234/693 [00:52<01:36,  4.74it/s]
 34%|███▍      | 235/693 [00:53<01:40,  4.57it/s]
 34%|███▍      | 236/693 [00:53<01:42,  4.47it/s]
 34%|███▍      | 237/693 [00:53<01:43,  4.41it/s]
 34%|███▍      | 238/693 [00:53<01:44,  4.37it/s]
 34%|███▍      | 239/693 [00:54<01:40,  4.50it/s]
 35%|███▍      | 240/693 [00:54<01:41,  4.47it/s]
 35%|███▍      | 241/693 [00:54<01:42,  4.41it/s]
 35%|███▍      | 242/693 [00:54<01:43,  4.36it/s]
 35%|███▌      | 243/693 [00:55<01:43,  4.33it/s]
 35%|███▌      | 244/693 [00:55<01:32,  4.88it/s]
 35%|███▌      | 245/693 [00:55<01:21,  5.50it/s]
 35%|███▌      | 246/693 [00:55<01:25,  5.22it/s]
 36%|███▌      | 247/693 [00:55<01:30,  4.90it/s]
 36%|███▌      | 248/693 [00:55<01:34,  4.71it/s]
 36%|███▌      | 249/693 [00:56<01:37,  4.55it/s]
 36%|███▌      | 250/693 [00:56<01:38,  4.49it/s]
 36%|███▌      | 251/693 [00:56<01:40,  4.40it/s]
 36%|███▋      | 252/693 [00:56<01:39,  4.44it/s]
 37%|███▋      | 253/693 [00:57<01:35,  4.58it/s]
 37%|███▋      | 254/693 [00:57<01:36,  4.53it/s]
 37%|███▋      | 255/693 [00:57<01:39,  4.41it/s]
 37%|███▋      | 256/693 [00:57<01:39,  4.40it/s]
 37%|███▋      | 257/693 [00:57<01:30,  4.84it/s]
 37%|███▋      | 258/693 [00:58<01:19,  5.48it/s]
 37%|███▋      | 259/693 [00:58<01:12,  5.96it/s]
 38%|███▊      | 260/693 [00:58<01:21,  5.34it/s]
 38%|███▊      | 261/693 [00:58<01:27,  4.95it/s]
 38%|███▊      | 262/693 [00:58<01:30,  4.76it/s]
 38%|███▊      | 263/693 [00:59<01:33,  4.59it/s]
 38%|███▊      | 264/693 [00:59<01:34,  4.52it/s]
 38%|███▊      | 265/693 [00:59<01:36,  4.43it/s]
 38%|███▊      | 266/693 [00:59<01:33,  4.55it/s]
 39%|███▊      | 267/693 [01:00<01:35,  4.45it/s]
 39%|███▊      | 268/693 [01:00<01:36,  4.39it/s]
 39%|███▉      | 269/693 [01:00<01:37,  4.33it/s]
 39%|███▉      | 270/693 [01:00<01:36,  4.39it/s]
 39%|███▉      | 271/693 [01:00<01:22,  5.11it/s]
 39%|███▉      | 272/693 [01:01<01:14,  5.66it/s]
 39%|███▉      | 273/693 [01:01<01:17,  5.39it/s]
 40%|███▉      | 274/693 [01:01<01:23,  5.03it/s]
 40%|███▉      | 275/693 [01:01<01:27,  4.76it/s]
 40%|███▉      | 276/693 [01:01<01:30,  4.58it/s]
 40%|███▉      | 277/693 [01:02<01:32,  4.48it/s]
 40%|████      | 278/693 [01:02<01:33,  4.43it/s]
 40%|████      | 279/693 [01:02<01:31,  4.52it/s]
 40%|████      | 280/693 [01:02<01:31,  4.54it/s]
 41%|████      | 281/693 [01:03<01:32,  4.46it/s]
 41%|████      | 282/693 [01:03<01:32,  4.44it/s]
 41%|████      | 283/693 [01:03<01:33,  4.37it/s]
 41%|████      | 284/693 [01:03<01:23,  4.88it/s]
 41%|████      | 285/693 [01:03<01:13,  5.55it/s]
 41%|████▏     | 286/693 [01:03<01:15,  5.41it/s]
 41%|████▏     | 287/693 [01:04<01:21,  4.97it/s]
 42%|████▏     | 288/693 [01:04<01:25,  4.74it/s]
 42%|████▏     | 289/693 [01:04<01:28,  4.55it/s]
 42%|████▏     | 290/693 [01:04<01:29,  4.49it/s]
 42%|████▏     | 291/693 [01:05<01:31,  4.40it/s]
 42%|████▏     | 292/693 [01:05<01:31,  4.37it/s]
 42%|████▏     | 293/693 [01:05<01:28,  4.50it/s]
 42%|████▏     | 294/693 [01:05<01:30,  4.42it/s]
 43%|████▎     | 295/693 [01:06<01:31,  4.35it/s]
 43%|████▎     | 296/693 [01:06<01:31,  4.33it/s]
 43%|████▎     | 297/693 [01:06<01:22,  4.83it/s]
 43%|████▎     | 298/693 [01:06<01:12,  5.46it/s]
 43%|████▎     | 299/693 [01:06<01:07,  5.81it/s]
 43%|████▎     | 300/693 [01:06<01:14,  5.27it/s]
 43%|████▎     | 301/693 [01:07<01:20,  4.88it/s]
 44%|████▎     | 302/693 [01:07<01:23,  4.71it/s]
 44%|████▎     | 303/693 [01:07<01:25,  4.54it/s]
 44%|████▍     | 304/693 [01:07<01:26,  4.49it/s]
 44%|████▍     | 305/693 [01:08<01:28,  4.39it/s]
 44%|████▍     | 306/693 [01:08<01:25,  4.54it/s]
 44%|████▍     | 307/693 [01:08<01:26,  4.44it/s]
 44%|████▍     | 308/693 [01:08<01:27,  4.39it/s]
 45%|████▍     | 309/693 [01:09<01:28,  4.32it/s]
 45%|████▍     | 310/693 [01:09<01:25,  4.49it/s]
 45%|████▍     | 311/693 [01:09<01:15,  5.09it/s]
 45%|████▌     | 312/693 [01:09<01:09,  5.48it/s]
 45%|████▌     | 313/693 [01:09<01:15,  5.03it/s]
 45%|████▌     | 314/693 [01:10<01:20,  4.73it/s]
 45%|████▌     | 315/693 [01:10<01:22,  4.56it/s]
 46%|████▌     | 316/693 [01:10<01:25,  4.41it/s]
 46%|████▌     | 317/693 [01:10<01:26,  4.35it/s]
 46%|████▌     | 318/693 [01:10<01:27,  4.29it/s]
 46%|████▌     | 319/693 [01:11<01:26,  4.31it/s]
 46%|████▌     | 320/693 [01:11<01:27,  4.26it/s]
 46%|████▋     | 321/693 [01:11<01:27,  4.26it/s]
 46%|████▋     | 322/693 [01:11<01:27,  4.24it/s]
 47%|████▋     | 323/693 [01:12<01:21,  4.56it/s]
 47%|████▋     | 324/693 [01:12<01:12,  5.08it/s]
 47%|████▋     | 325/693 [01:12<01:13,  5.00it/s]
 47%|████▋     | 326/693 [01:12<01:17,  4.71it/s]
 47%|████▋     | 327/693 [01:12<01:20,  4.55it/s]
 47%|████▋     | 328/693 [01:13<01:22,  4.42it/s]
 47%|████▋     | 329/693 [01:13<01:23,  4.35it/s]
 48%|████▊     | 330/693 [01:13<01:24,  4.30it/s]
 48%|████▊     | 331/693 [01:13<01:24,  4.28it/s]
 48%|████▊     | 332/693 [01:14<01:24,  4.26it/s]
 48%|████▊     | 333/693 [01:14<01:24,  4.24it/s]
 48%|████▊     | 334/693 [01:14<01:25,  4.20it/s]
 48%|████▊     | 335/693 [01:14<01:21,  4.38it/s]
 48%|████▊     | 336/693 [01:14<01:11,  4.97it/s]
 49%|████▊     | 337/693 [01:15<01:04,  5.51it/s]
 49%|████▉     | 338/693 [01:15<01:10,  5.01it/s]
 49%|████▉     | 339/693 [01:16<02:48,  2.10it/s]
 49%|████▉     | 340/693 [01:16<02:23,  2.47it/s]
 49%|████▉     | 341/693 [01:16<01:58,  2.96it/s]
 49%|████▉     | 342/693 [01:17<01:37,  3.60it/s]
 49%|████▉     | 343/693 [01:17<01:29,  3.91it/s]
 50%|████▉     | 344/693 [01:17<01:27,  3.99it/s]
 50%|████▉     | 345/693 [01:17<01:26,  4.03it/s]
 50%|████▉     | 346/693 [01:17<01:25,  4.08it/s]
 50%|█████     | 347/693 [01:18<01:24,  4.09it/s]
 50%|█████     | 348/693 [01:18<01:23,  4.12it/s]
 50%|█████     | 349/693 [01:18<01:22,  4.19it/s]
 51%|█████     | 350/693 [01:18<01:22,  4.18it/s]
 51%|█████     | 351/693 [01:19<01:21,  4.19it/s]
 51%|█████     | 352/693 [01:19<01:21,  4.19it/s]
 51%|█████     | 353/693 [01:19<01:18,  4.33it/s]
 51%|█████     | 354/693 [01:19<01:09,  4.90it/s]
 51%|█████     | 355/693 [01:19<01:01,  5.48it/s]
 51%|█████▏    | 356/693 [01:20<01:06,  5.05it/s]
 52%|█████▏    | 357/693 [01:20<01:10,  4.74it/s]
 52%|█████▏    | 358/693 [01:20<01:13,  4.58it/s]
 52%|█████▏    | 359/693 [01:20<01:15,  4.44it/s]
 52%|█████▏    | 360/693 [01:21<01:16,  4.34it/s]
 52%|█████▏    | 361/693 [01:21<01:17,  4.30it/s]
 52%|█████▏    | 362/693 [01:21<01:14,  4.45it/s]
 52%|█████▏    | 363/693 [01:21<01:15,  4.35it/s]
 53%|█████▎    | 364/693 [01:21<01:15,  4.35it/s]
 53%|█████▎    | 365/693 [01:22<01:16,  4.30it/s]
 53%|█████▎    | 366/693 [01:22<01:11,  4.58it/s]
 53%|█████▎    | 367/693 [01:22<01:02,  5.25it/s]
 53%|█████▎    | 368/693 [01:22<00:58,  5.56it/s]
 53%|█████▎    | 369/693 [01:22<01:04,  5.06it/s]
 53%|█████▎    | 370/693 [01:23<01:07,  4.79it/s]
 54%|█████▎    | 371/693 [01:23<01:09,  4.60it/s]
 54%|█████▎    | 372/693 [01:23<01:12,  4.46it/s]
 54%|█████▍    | 373/693 [01:23<01:13,  4.35it/s]
 54%|█████▍    | 374/693 [01:24<01:13,  4.32it/s]
 54%|█████▍    | 375/693 [01:24<01:13,  4.35it/s]
 54%|█████▍    | 376/693 [01:24<01:13,  4.30it/s]
 54%|█████▍    | 377/693 [01:24<01:13,  4.33it/s]
 55%|█████▍    | 378/693 [01:25<01:12,  4.32it/s]
 55%|█████▍    | 379/693 [01:25<01:07,  4.62it/s]
 55%|█████▍    | 380/693 [01:25<01:00,  5.20it/s]
 55%|█████▍    | 381/693 [01:25<00:56,  5.50it/s]
 55%|█████▌    | 382/693 [01:25<01:01,  5.08it/s]
 55%|█████▌    | 383/693 [01:25<01:05,  4.77it/s]
 55%|█████▌    | 384/693 [01:26<01:07,  4.60it/s]
 56%|█████▌    | 385/693 [01:26<01:08,  4.48it/s]
 56%|█████▌    | 386/693 [01:26<01:09,  4.42it/s]
 56%|█████▌    | 387/693 [01:26<01:10,  4.35it/s]
 56%|█████▌    | 388/693 [01:27<01:08,  4.44it/s]
 56%|█████▌    | 389/693 [01:27<01:09,  4.38it/s]
 56%|█████▋    | 390/693 [01:27<01:09,  4.35it/s]
 56%|█████▋    | 391/693 [01:27<01:09,  4.33it/s]
 57%|█████▋    | 392/693 [01:28<01:05,  4.59it/s]
 57%|█████▋    | 393/693 [01:28<00:57,  5.24it/s]
 57%|█████▋    | 394/693 [01:28<00:53,  5.57it/s]
 57%|█████▋    | 395/693 [01:28<00:58,  5.10it/s]
 57%|█████▋    | 396/693 [01:28<01:01,  4.82it/s]
 57%|█████▋    | 397/693 [01:29<01:04,  4.62it/s]
 57%|█████▋    | 398/693 [01:29<01:05,  4.51it/s]
 58%|█████▊    | 399/693 [01:29<01:06,  4.42it/s]
 58%|█████▊    | 400/693 [01:29<01:06,  4.39it/s]
 58%|█████▊    | 401/693 [01:29<01:04,  4.50it/s]
 58%|█████▊    | 402/693 [01:30<01:05,  4.42it/s]
 58%|█████▊    | 403/693 [01:30<01:06,  4.36it/s]
 58%|█████▊    | 404/693 [01:30<01:06,  4.34it/s]
 58%|█████▊    | 405/693 [01:30<01:03,  4.50it/s]
 59%|█████▊    | 406/693 [01:30<00:56,  5.07it/s]
 59%|█████▊    | 407/693 [01:31<00:50,  5.61it/s]
 59%|█████▉    | 408/693 [01:31<00:55,  5.17it/s]
 59%|█████▉    | 409/693 [01:31<00:58,  4.83it/s]
 59%|█████▉    | 410/693 [01:31<01:00,  4.68it/s]
 59%|█████▉    | 411/693 [01:32<01:02,  4.50it/s]
 59%|█████▉    | 412/693 [01:32<01:03,  4.46it/s]
 60%|█████▉    | 413/693 [01:32<01:04,  4.37it/s]
 60%|█████▉    | 414/693 [01:32<01:03,  4.43it/s]
 60%|█████▉    | 415/693 [01:32<01:03,  4.37it/s]
 60%|██████    | 416/693 [01:33<01:03,  4.34it/s]
 60%|██████    | 417/693 [01:33<01:03,  4.32it/s]
 60%|██████    | 418/693 [01:33<01:01,  4.46it/s]
 60%|██████    | 419/693 [01:33<00:53,  5.14it/s]
 61%|██████    | 420/693 [01:33<00:47,  5.70it/s]
 61%|██████    | 421/693 [01:34<00:50,  5.41it/s]
 61%|██████    | 422/693 [01:34<00:53,  5.02it/s]
 61%|██████    | 423/693 [01:34<00:56,  4.74it/s]
 61%|██████    | 424/693 [01:34<00:58,  4.61it/s]
 61%|██████▏   | 425/693 [01:35<00:59,  4.47it/s]
 61%|██████▏   | 426/693 [01:35<01:00,  4.43it/s]
 62%|██████▏   | 427/693 [01:35<00:59,  4.48it/s]
 62%|██████▏   | 428/693 [01:35<00:58,  4.54it/s]
 62%|██████▏   | 429/693 [01:35<01:00,  4.39it/s]
 62%|██████▏   | 430/693 [01:36<01:00,  4.36it/s]
 62%|██████▏   | 431/693 [01:36<01:00,  4.31it/s]
 62%|██████▏   | 432/693 [01:36<00:54,  4.83it/s]
 62%|██████▏   | 433/693 [01:36<00:47,  5.43it/s]
 63%|██████▎   | 434/693 [01:36<00:48,  5.30it/s]
 63%|██████▎   | 435/693 [01:37<00:52,  4.91it/s]
 63%|██████▎   | 436/693 [01:37<00:54,  4.69it/s]
 63%|██████▎   | 437/693 [01:37<00:56,  4.53it/s]
 63%|██████▎   | 438/693 [01:37<00:57,  4.44it/s]
 63%|██████▎   | 439/693 [01:38<00:58,  4.36it/s]
 63%|██████▎   | 440/693 [01:38<00:56,  4.45it/s]
 64%|██████▎   | 441/693 [01:38<00:55,  4.51it/s]
 64%|██████▍   | 442/693 [01:38<00:56,  4.43it/s]
 64%|██████▍   | 443/693 [01:38<00:57,  4.36it/s]
 64%|██████▍   | 444/693 [01:39<00:57,  4.29it/s]
 64%|██████▍   | 445/693 [01:39<00:51,  4.81it/s]
 64%|██████▍   | 446/693 [01:39<00:46,  5.31it/s]
 65%|██████▍   | 447/693 [01:39<00:48,  5.03it/s]
 65%|██████▍   | 448/693 [01:39<00:51,  4.74it/s]
 65%|██████▍   | 449/693 [01:40<00:53,  4.56it/s]
 65%|██████▍   | 450/693 [01:40<00:54,  4.44it/s]
 65%|██████▌   | 451/693 [01:40<00:55,  4.34it/s]
 65%|██████▌   | 452/693 [01:40<00:56,  4.29it/s]
 65%|██████▌   | 453/693 [01:41<00:54,  4.42it/s]
 66%|██████▌   | 454/693 [01:41<00:54,  4.35it/s]
 66%|██████▌   | 455/693 [01:41<00:54,  4.35it/s]
 66%|██████▌   | 456/693 [01:41<00:54,  4.36it/s]
 66%|██████▌   | 457/693 [01:42<00:52,  4.53it/s]
 66%|██████▌   | 458/693 [01:42<00:45,  5.16it/s]
 66%|██████▌   | 459/693 [01:42<00:40,  5.79it/s]
 66%|██████▋   | 460/693 [01:42<00:42,  5.45it/s]
 67%|██████▋   | 461/693 [01:42<00:46,  5.03it/s]
 67%|██████▋   | 462/693 [01:42<00:48,  4.77it/s]
 67%|██████▋   | 463/693 [01:43<00:50,  4.58it/s]
 67%|██████▋   | 464/693 [01:43<00:51,  4.49it/s]
 67%|██████▋   | 465/693 [01:43<00:51,  4.40it/s]
 67%|██████▋   | 466/693 [01:43<00:50,  4.49it/s]
 67%|██████▋   | 467/693 [01:44<00:49,  4.56it/s]
 68%|██████▊   | 468/693 [01:44<00:50,  4.45it/s]
 68%|██████▊   | 469/693 [01:44<00:51,  4.39it/s]
 68%|██████▊   | 470/693 [01:44<00:50,  4.39it/s]
 68%|██████▊   | 471/693 [01:44<00:45,  4.92it/s]
 68%|██████▊   | 472/693 [01:45<00:40,  5.47it/s]
 68%|██████▊   | 473/693 [01:45<00:41,  5.29it/s]
 68%|██████▊   | 474/693 [01:45<00:44,  4.94it/s]
 69%|██████▊   | 475/693 [01:45<00:46,  4.69it/s]
 69%|██████▊   | 476/693 [01:46<00:48,  4.50it/s]
 69%|██████▉   | 477/693 [01:46<00:49,  4.39it/s]
 69%|██████▉   | 478/693 [01:46<00:49,  4.34it/s]
 69%|██████▉   | 479/693 [01:46<00:49,  4.31it/s]
 69%|██████▉   | 480/693 [01:46<00:49,  4.30it/s]
 69%|██████▉   | 481/693 [01:47<00:49,  4.25it/s]
 70%|██████▉   | 482/693 [01:47<00:49,  4.26it/s]
 70%|██████▉   | 483/693 [01:47<00:48,  4.35it/s]
 70%|██████▉   | 484/693 [01:47<00:41,  4.98it/s]
 70%|██████▉   | 485/693 [01:47<00:37,  5.58it/s]
 70%|███████   | 486/693 [01:48<00:38,  5.36it/s]
 70%|███████   | 487/693 [01:48<00:41,  4.94it/s]
 70%|███████   | 488/693 [01:48<00:43,  4.69it/s]
 71%|███████   | 489/693 [01:48<00:45,  4.52it/s]
 71%|███████   | 490/693 [01:49<00:45,  4.44it/s]
 71%|███████   | 491/693 [01:49<00:46,  4.35it/s]
 71%|███████   | 492/693 [01:49<00:45,  4.40it/s]
 71%|███████   | 493/693 [01:49<00:45,  4.36it/s]
 71%|███████▏  | 494/693 [01:50<00:46,  4.30it/s]
 71%|███████▏  | 495/693 [01:50<00:46,  4.28it/s]
 72%|███████▏  | 496/693 [01:50<00:45,  4.35it/s]
 72%|███████▏  | 497/693 [01:50<00:39,  4.95it/s]
 72%|███████▏  | 498/693 [01:50<00:37,  5.24it/s]
 72%|███████▏  | 499/693 [01:51<00:39,  4.87it/s]
 72%|███████▏  | 500/693 [01:51<00:41,  4.64it/s]
 72%|███████▏  | 501/693 [01:51<00:42,  4.49it/s]
 72%|███████▏  | 502/693 [01:51<00:43,  4.39it/s]
 73%|███████▎  | 503/693 [01:51<00:43,  4.33it/s]
 73%|███████▎  | 504/693 [01:52<00:44,  4.28it/s]
 73%|███████▎  | 505/693 [01:52<00:43,  4.33it/s]
 73%|███████▎  | 506/693 [01:52<00:43,  4.31it/s]
 73%|███████▎  | 507/693 [01:52<00:43,  4.29it/s]
 73%|███████▎  | 508/693 [01:53<00:43,  4.29it/s]
 73%|███████▎  | 509/693 [01:53<00:39,  4.69it/s]
 74%|███████▎  | 510/693 [01:53<00:35,  5.20it/s]
 74%|███████▎  | 511/693 [01:53<00:35,  5.07it/s]
 74%|███████▍  | 512/693 [01:53<00:37,  4.83it/s]
 74%|███████▍  | 513/693 [01:54<00:38,  4.62it/s]
 74%|███████▍  | 514/693 [01:54<00:39,  4.51it/s]
 74%|███████▍  | 515/693 [01:54<00:40,  4.44it/s]
 74%|███████▍  | 516/693 [01:54<00:40,  4.40it/s]
 75%|███████▍  | 517/693 [01:55<00:39,  4.46it/s]
 75%|███████▍  | 518/693 [01:55<00:38,  4.58it/s]
 75%|███████▍  | 519/693 [01:55<00:39,  4.45it/s]
 75%|███████▌  | 520/693 [01:55<00:39,  4.42it/s]
 75%|███████▌  | 521/693 [01:55<00:39,  4.37it/s]
 75%|███████▌  | 522/693 [01:56<00:35,  4.87it/s]
 75%|███████▌  | 523/693 [01:56<00:30,  5.56it/s]
 76%|███████▌  | 524/693 [01:56<00:27,  6.06it/s]
 76%|███████▌  | 525/693 [01:56<00:29,  5.68it/s]
 76%|███████▌  | 526/693 [01:56<00:32,  5.21it/s]
 76%|███████▌  | 527/693 [01:58<02:10,  1.27it/s]
 76%|███████▌  | 528/693 [01:59<01:41,  1.63it/s]
 76%|███████▋  | 529/693 [01:59<01:22,  2.00it/s]
 76%|███████▋  | 530/693 [01:59<01:08,  2.38it/s]
 77%|███████▋  | 531/693 [01:59<00:59,  2.74it/s]
 77%|███████▋  | 532/693 [02:00<00:48,  3.29it/s]
 77%|███████▋  | 533/693 [02:00<00:40,  3.97it/s]
 77%|███████▋  | 534/693 [02:00<00:37,  4.19it/s]
 77%|███████▋  | 535/693 [02:00<00:37,  4.19it/s]
 77%|███████▋  | 536/693 [02:00<00:37,  4.21it/s]
 77%|███████▋  | 537/693 [02:01<00:37,  4.20it/s]
 78%|███████▊  | 538/693 [02:01<00:36,  4.23it/s]
 78%|███████▊  | 539/693 [02:01<00:36,  4.22it/s]
 78%|███████▊  | 540/693 [02:01<00:35,  4.33it/s]
 78%|███████▊  | 541/693 [02:01<00:34,  4.46it/s]
 78%|███████▊  | 542/693 [02:02<00:34,  4.38it/s]
 78%|███████▊  | 543/693 [02:02<00:34,  4.29it/s]
 78%|███████▊  | 544/693 [02:02<00:34,  4.26it/s]
 79%|███████▊  | 545/693 [02:02<00:31,  4.74it/s]
 79%|███████▉  | 546/693 [02:03<00:28,  5.16it/s]
 79%|███████▉  | 547/693 [02:03<00:30,  4.84it/s]
 79%|███████▉  | 548/693 [02:03<00:31,  4.62it/s]
 79%|███████▉  | 549/693 [02:03<00:32,  4.48it/s]
 79%|███████▉  | 550/693 [02:03<00:32,  4.36it/s]
 80%|███████▉  | 551/693 [02:04<00:33,  4.29it/s]
 80%|███████▉  | 552/693 [02:04<00:33,  4.25it/s]
 80%|███████▉  | 553/693 [02:04<00:32,  4.32it/s]
 80%|███████▉  | 554/693 [02:04<00:32,  4.28it/s]
 80%|████████  | 555/693 [02:05<00:32,  4.27it/s]
 80%|████████  | 556/693 [02:05<00:32,  4.23it/s]
 80%|████████  | 557/693 [02:05<00:29,  4.55it/s]
 81%|████████  | 558/693 [02:05<00:26,  5.10it/s]
 81%|████████  | 559/693 [02:05<00:27,  4.88it/s]
 81%|████████  | 560/693 [02:06<00:28,  4.70it/s]
 81%|████████  | 561/693 [02:06<00:29,  4.54it/s]
 81%|████████  | 562/693 [02:06<00:29,  4.45it/s]
 81%|████████  | 563/693 [02:06<00:29,  4.39it/s]
 81%|████████▏ | 564/693 [02:07<00:29,  4.35it/s]
 82%|████████▏ | 565/693 [02:07<00:28,  4.42it/s]
 82%|████████▏ | 566/693 [02:07<00:29,  4.36it/s]
 82%|████████▏ | 567/693 [02:07<00:29,  4.29it/s]
 82%|████████▏ | 568/693 [02:08<00:29,  4.30it/s]
 82%|████████▏ | 569/693 [02:08<00:28,  4.41it/s]
 82%|████████▏ | 570/693 [02:08<00:24,  4.97it/s]
 82%|████████▏ | 571/693 [02:08<00:22,  5.32it/s]
 83%|████████▎ | 572/693 [02:08<00:24,  4.94it/s]
 83%|████████▎ | 573/693 [02:09<00:25,  4.69it/s]
 83%|████████▎ | 574/693 [02:09<00:26,  4.55it/s]
 83%|████████▎ | 575/693 [02:09<00:26,  4.43it/s]
 83%|████████▎ | 576/693 [02:09<00:26,  4.39it/s]
 83%|████████▎ | 577/693 [02:09<00:26,  4.34it/s]
 83%|████████▎ | 578/693 [02:10<00:26,  4.39it/s]
 84%|████████▎ | 579/693 [02:10<00:26,  4.36it/s]
 84%|████████▎ | 580/693 [02:10<00:26,  4.28it/s]
 84%|████████▍ | 581/693 [02:10<00:26,  4.28it/s]
 84%|████████▍ | 582/693 [02:11<00:23,  4.63it/s]
 84%|████████▍ | 583/693 [02:11<00:20,  5.25it/s]
 84%|████████▍ | 584/693 [02:11<00:22,  4.94it/s]
 84%|████████▍ | 585/693 [02:11<00:22,  4.70it/s]
 85%|████████▍ | 586/693 [02:11<00:23,  4.56it/s]
 85%|████████▍ | 587/693 [02:12<00:23,  4.46it/s]
 85%|████████▍ | 588/693 [02:12<00:23,  4.44it/s]
 85%|████████▍ | 589/693 [02:12<00:23,  4.34it/s]
 85%|████████▌ | 590/693 [02:12<00:22,  4.52it/s]
 85%|████████▌ | 591/693 [02:13<00:22,  4.49it/s]
 85%|████████▌ | 592/693 [02:13<00:22,  4.44it/s]
 86%|████████▌ | 593/693 [02:13<00:22,  4.40it/s]
 86%|████████▌ | 594/693 [02:13<00:22,  4.37it/s]
 86%|████████▌ | 595/693 [02:13<00:19,  5.00it/s]
 86%|████████▌ | 596/693 [02:14<00:18,  5.38it/s]
 86%|████████▌ | 597/693 [02:14<00:19,  4.98it/s]
 86%|████████▋ | 598/693 [02:14<00:19,  4.78it/s]
 86%|████████▋ | 599/693 [02:14<00:20,  4.59it/s]
 87%|████████▋ | 600/693 [02:14<00:20,  4.51it/s]
 87%|████████▋ | 601/693 [02:15<00:20,  4.41it/s]
 87%|████████▋ | 602/693 [02:15<00:20,  4.35it/s]
 87%|████████▋ | 603/693 [02:15<00:20,  4.43it/s]
 87%|████████▋ | 604/693 [02:15<00:20,  4.38it/s]
 87%|████████▋ | 605/693 [02:16<00:20,  4.33it/s]
 87%|████████▋ | 606/693 [02:16<00:20,  4.33it/s]
 88%|████████▊ | 607/693 [02:16<00:19,  4.47it/s]
 88%|████████▊ | 608/693 [02:16<00:16,  5.06it/s]
 88%|████████▊ | 609/693 [02:16<00:15,  5.39it/s]
 88%|████████▊ | 610/693 [02:17<00:16,  4.95it/s]
 88%|████████▊ | 611/693 [02:17<00:17,  4.70it/s]
 88%|████████▊ | 612/693 [02:17<00:17,  4.56it/s]
 88%|████████▊ | 613/693 [02:17<00:17,  4.45it/s]
 89%|████████▊ | 614/693 [02:18<00:18,  4.39it/s]
 89%|████████▊ | 615/693 [02:18<00:18,  4.30it/s]
 89%|████████▉ | 616/693 [02:18<00:17,  4.35it/s]
 89%|████████▉ | 617/693 [02:18<00:17,  4.31it/s]
 89%|████████▉ | 618/693 [02:18<00:17,  4.30it/s]
 89%|████████▉ | 619/693 [02:19<00:17,  4.29it/s]
 89%|████████▉ | 620/693 [02:19<00:15,  4.60it/s]
 90%|████████▉ | 621/693 [02:19<00:13,  5.27it/s]
 90%|████████▉ | 622/693 [02:19<00:13,  5.44it/s]
 90%|████████▉ | 623/693 [02:19<00:13,  5.02it/s]
 90%|█████████ | 624/693 [02:20<00:14,  4.76it/s]
 90%|█████████ | 625/693 [02:20<00:14,  4.58it/s]
 90%|█████████ | 626/693 [02:20<00:14,  4.48it/s]
 90%|█████████ | 627/693 [02:20<00:15,  4.38it/s]
 91%|█████████ | 628/693 [02:21<00:14,  4.35it/s]
 91%|█████████ | 629/693 [02:21<00:14,  4.35it/s]
 91%|█████████ | 630/693 [02:21<00:14,  4.29it/s]
 91%|█████████ | 631/693 [02:21<00:14,  4.31it/s]
 91%|█████████ | 632/693 [02:22<00:14,  4.31it/s]
 91%|█████████▏| 633/693 [02:22<00:12,  4.65it/s]
 91%|█████████▏| 634/693 [02:22<00:11,  5.18it/s]
 92%|█████████▏| 635/693 [02:22<00:11,  4.89it/s]
 92%|█████████▏| 636/693 [02:22<00:12,  4.70it/s]
 92%|█████████▏| 637/693 [02:23<00:12,  4.55it/s]
 92%|█████████▏| 638/693 [02:23<00:12,  4.46it/s]
 92%|█████████▏| 639/693 [02:23<00:12,  4.40it/s]
 92%|█████████▏| 640/693 [02:25<00:43,  1.22it/s]
 92%|█████████▏| 641/693 [02:25<00:32,  1.59it/s]
 93%|█████████▎| 642/693 [02:26<00:24,  2.07it/s]
 93%|█████████▎| 643/693 [02:26<00:19,  2.60it/s]
 93%|█████████▎| 644/693 [02:26<00:16,  2.94it/s]
 93%|█████████▎| 645/693 [02:26<00:14,  3.23it/s]
 93%|█████████▎| 646/693 [02:26<00:13,  3.48it/s]
 93%|█████████▎| 647/693 [02:27<00:12,  3.68it/s]
 94%|█████████▎| 648/693 [02:27<00:14,  3.08it/s]
 94%|█████████▎| 649/693 [02:27<00:13,  3.36it/s]
 94%|█████████▍| 650/693 [02:28<00:12,  3.57it/s]
 94%|█████████▍| 651/693 [02:28<00:11,  3.77it/s]
 94%|█████████▍| 652/693 [02:28<00:10,  4.02it/s]
 94%|█████████▍| 653/693 [02:28<00:08,  4.71it/s]
 94%|█████████▍| 654/693 [02:28<00:07,  4.99it/s]
 95%|█████████▍| 655/693 [02:29<00:07,  4.76it/s]
 95%|█████████▍| 656/693 [02:29<00:10,  3.68it/s]
 95%|█████████▍| 657/693 [02:29<00:09,  3.83it/s]
 95%|█████████▍| 658/693 [02:29<00:08,  3.94it/s]
 95%|█████████▌| 659/693 [02:30<00:08,  4.11it/s]
 95%|█████████▌| 660/693 [02:30<00:07,  4.27it/s]
 95%|█████████▌| 661/693 [02:30<00:07,  4.24it/s]
 96%|█████████▌| 662/693 [02:30<00:07,  4.26it/s]
 96%|█████████▌| 663/693 [02:31<00:07,  4.26it/s]
 96%|█████████▌| 664/693 [02:31<00:11,  2.47it/s]
 96%|█████████▌| 665/693 [02:32<00:09,  2.82it/s]
 96%|█████████▌| 666/693 [02:32<00:08,  3.15it/s]
 96%|█████████▌| 667/693 [02:32<00:07,  3.50it/s]
 96%|█████████▋| 668/693 [02:32<00:06,  3.66it/s]
 97%|█████████▋| 669/693 [02:33<00:06,  3.84it/s]
 97%|█████████▋| 670/693 [02:33<00:05,  3.98it/s]
 97%|█████████▋| 671/693 [02:33<00:04,  4.55it/s]
 97%|█████████▋| 672/693 [02:33<00:04,  5.09it/s]
 97%|█████████▋| 673/693 [02:33<00:04,  4.82it/s]
 97%|█████████▋| 674/693 [02:34<00:04,  4.66it/s]
 97%|█████████▋| 675/693 [02:34<00:03,  4.51it/s]
 98%|█████████▊| 676/693 [02:34<00:03,  4.45it/s]
 98%|█████████▊| 677/693 [02:34<00:03,  4.37it/s]
 98%|█████████▊| 678/693 [02:34<00:03,  4.36it/s]
 98%|█████████▊| 679/693 [02:35<00:03,  4.35it/s]
 98%|█████████▊| 680/693 [02:35<00:02,  4.34it/s]
 98%|█████████▊| 681/693 [02:35<00:02,  4.31it/s]
 98%|█████████▊| 682/693 [02:35<00:02,  4.32it/s]
 99%|█████████▊| 683/693 [02:36<00:02,  4.45it/s]
 99%|█████████▊| 684/693 [02:36<00:01,  5.14it/s]
 99%|█████████▉| 685/693 [02:36<00:01,  5.76it/s]
 99%|█████████▉| 686/693 [02:36<00:01,  5.51it/s]
 99%|█████████▉| 687/693 [02:36<00:01,  5.02it/s]
 99%|█████████▉| 688/693 [02:36<00:01,  4.81it/s]
 99%|█████████▉| 689/693 [02:37<00:00,  4.62it/s]
100%|█████████▉| 690/693 [02:37<00:00,  4.55it/s]
100%|█████████▉| 691/693 [02:37<00:00,  4.46it/s]
100%|█████████▉| 692/693 [02:37<00:00,  4.42it/s]
100%|██████████| 693/693 [02:38<00:00,  4.67it/s]
100%|██████████| 693/693 [02:38<00:00,  4.38it/s]
Training loss: 0.6274809920340562, KL loss: 0.3747374320572073, Sim loss: 4.730234215003949e-05, Exo CLS loss: 0.48821436947085295, 
Noun sim loss: 0.1179154711798328, Part sim loss: 0.15023267701332704, Proto loss: 1.0197809116664902, Conc loss: 0.09667524692171063
learning rate:3.85440947804104e-05


  0%|          | 0/168 [00:00<?, ?it/s]
  1%|          | 1/168 [00:00<01:48,  1.53it/s]
  2%|▏         | 4/168 [00:00<00:26,  6.14it/s]
  4%|▎         | 6/168 [00:00<00:20,  8.04it/s]
  5%|▌         | 9/168 [00:01<00:17,  8.89it/s]
  7%|▋         | 12/168 [00:01<00:13, 11.64it/s]
  9%|▉         | 15/168 [00:01<00:10, 14.11it/s]
 10%|█         | 17/168 [00:01<00:16,  9.06it/s]
 12%|█▏        | 20/168 [00:02<00:12, 11.51it/s]
 14%|█▎        | 23/168 [00:02<00:10, 14.25it/s]
 15%|█▍        | 25/168 [00:02<00:13, 10.80it/s]
 16%|█▌        | 27/168 [00:02<00:14,  9.70it/s]
 18%|█▊        | 30/168 [00:02<00:11, 12.21it/s]
 20%|█▉        | 33/168 [00:03<00:09, 14.44it/s]
 21%|██▏       | 36/168 [00:03<00:08, 16.11it/s]
 23%|██▎       | 39/168 [00:03<00:07, 17.87it/s]
 25%|██▌       | 42/168 [00:03<00:06, 18.48it/s]
 27%|██▋       | 45/168 [00:03<00:06, 20.13it/s]
 29%|██▊       | 48/168 [00:03<00:05, 20.73it/s]
 30%|███       | 51/168 [00:03<00:05, 20.64it/s]
 32%|███▏      | 54/168 [00:04<00:05, 20.74it/s]
 34%|███▍      | 57/168 [00:04<00:05, 19.94it/s]
 36%|███▌      | 60/168 [00:04<00:05, 20.71it/s]
 39%|███▊      | 65/168 [00:04<00:03, 26.16it/s]
 40%|████      | 68/168 [00:04<00:03, 25.79it/s]
 42%|████▏     | 71/168 [00:04<00:03, 24.73it/s]
 44%|████▍     | 74/168 [00:04<00:03, 23.95it/s]
 46%|████▌     | 77/168 [00:05<00:04, 22.25it/s]
 48%|████▊     | 80/168 [00:05<00:04, 21.35it/s]
 49%|████▉     | 83/168 [00:05<00:03, 21.59it/s]
 51%|█████     | 86/168 [00:05<00:04, 19.42it/s]
 53%|█████▎    | 89/168 [00:05<00:03, 20.25it/s]
 55%|█████▍    | 92/168 [00:05<00:03, 20.68it/s]
 57%|█████▋    | 95/168 [00:06<00:07, 10.41it/s]
 60%|█████▉    | 100/168 [00:06<00:04, 15.03it/s]
 62%|██████▏   | 104/168 [00:06<00:03, 18.08it/s]
 64%|██████▎   | 107/168 [00:06<00:03, 19.05it/s]
 65%|██████▌   | 110/168 [00:06<00:02, 19.51it/s]
 67%|██████▋   | 113/168 [00:07<00:02, 20.25it/s]
 69%|██████▉   | 116/168 [00:07<00:02, 20.85it/s]
 71%|███████   | 119/168 [00:07<00:02, 20.86it/s]
 73%|███████▎  | 122/168 [00:07<00:02, 20.96it/s]
 74%|███████▍  | 125/168 [00:07<00:02, 20.76it/s]
 76%|███████▌  | 128/168 [00:07<00:01, 20.80it/s]
 78%|███████▊  | 131/168 [00:07<00:01, 20.91it/s]
 80%|███████▉  | 134/168 [00:08<00:01, 21.47it/s]
 82%|████████▏ | 137/168 [00:08<00:01, 20.94it/s]
 83%|████████▎ | 140/168 [00:08<00:01, 21.32it/s]
 85%|████████▌ | 143/168 [00:08<00:01, 21.43it/s]
 87%|████████▋ | 146/168 [00:08<00:01, 21.21it/s]
 89%|████████▊ | 149/168 [00:08<00:00, 21.31it/s]
 90%|█████████ | 152/168 [00:08<00:00, 22.95it/s]
 93%|█████████▎| 156/168 [00:08<00:00, 24.82it/s]
 95%|█████████▍| 159/168 [00:09<00:00, 23.38it/s]
 96%|█████████▋| 162/168 [00:09<00:00, 15.38it/s]
 98%|█████████▊| 165/168 [00:09<00:00, 17.06it/s]
100%|██████████| 168/168 [00:09<00:00, 18.83it/s]
100%|██████████| 168/168 [00:09<00:00, 17.05it/s]
Result on AGD: 
KLD=0.9733107089996338, SIM=0.5187737941741943, NSS=1.503183126449585
noun sim: 0.1092104594711037, part sim: 0.14668778223650797
No KLD improvement for 6 epoch(s). Best KLD: 0.8691259026527405, Current KLD: 0.9733107089996338
Epoch 13 loss coeffs: kl=0.3, sim=1.0, exo_cls=0.6, noun=0.1, part=0.01, proto=0.2, conc=0.05
============Training Epoch 13============

  0%|          | 0/693 [00:00<?, ?it/s]/mnt/sdb/wyn/envs/clip-env/lib/python3.10/site-packages/torch/_tensor.py:1002: UserWarning: non-inplace resize is deprecated
  warnings.warn("non-inplace resize is deprecated")
/mnt/sdb/wyn/envs/clip-env/lib/python3.10/site-packages/torch/_tensor.py:1002: UserWarning: non-inplace resize is deprecated
  warnings.warn("non-inplace resize is deprecated")
/mnt/sdb/wyn/envs/clip-env/lib/python3.10/site-packages/torch/_tensor.py:1002: UserWarning: non-inplace resize is deprecated
  warnings.warn("non-inplace resize is deprecated")
/mnt/sdb/wyn/envs/clip-env/lib/python3.10/site-packages/torch/_tensor.py:1002: UserWarning: non-inplace resize is deprecated
  warnings.warn("non-inplace resize is deprecated")
/mnt/sdb/wyn/envs/clip-env/lib/python3.10/site-packages/torch/_tensor.py:1002: UserWarning: non-inplace resize is deprecated
  warnings.warn("non-inplace resize is deprecated")
/mnt/sdb/wyn/envs/clip-env/lib/python3.10/site-packages/torch/_tensor.py:1002: UserWarning: non-inplace resize is deprecated
  warnings.warn("non-inplace resize is deprecated")
/mnt/sdb/wyn/envs/clip-env/lib/python3.10/site-packages/torch/_tensor.py:1002: UserWarning: non-inplace resize is deprecated
  warnings.warn("non-inplace resize is deprecated")
/mnt/sdb/wyn/envs/clip-env/lib/python3.10/site-packages/torch/_tensor.py:1002: UserWarning: non-inplace resize is deprecated
  warnings.warn("non-inplace resize is deprecated")

  0%|          | 1/693 [00:01<16:56,  1.47s/it]
  0%|          | 2/693 [00:02<11:56,  1.04s/it]
  0%|          | 3/693 [00:02<07:28,  1.54it/s]
  1%|          | 4/693 [00:02<05:09,  2.23it/s]
  1%|          | 5/693 [00:02<04:05,  2.80it/s]
  1%|          | 6/693 [00:02<03:38,  3.15it/s]
  1%|          | 7/693 [00:03<03:20,  3.42it/s]
  1%|          | 8/693 [00:03<03:09,  3.62it/s]
  1%|▏         | 9/693 [00:03<03:00,  3.80it/s]
  1%|▏         | 10/693 [00:04<03:50,  2.97it/s]
  2%|▏         | 11/693 [00:04<03:29,  3.25it/s]
  2%|▏         | 12/693 [00:04<03:16,  3.47it/s]
  2%|▏         | 13/693 [00:04<02:58,  3.81it/s]
  2%|▏         | 14/693 [00:05<02:33,  4.43it/s]
  2%|▏         | 15/693 [00:05<02:18,  4.90it/s]
  2%|▏         | 16/693 [00:05<02:25,  4.64it/s]
  2%|▏         | 17/693 [00:05<02:30,  4.50it/s]
  3%|▎         | 18/693 [00:05<02:32,  4.42it/s]
  3%|▎         | 19/693 [00:06<02:35,  4.34it/s]
  3%|▎         | 20/693 [00:06<02:35,  4.32it/s]
  3%|▎         | 21/693 [00:06<02:36,  4.29it/s]
  3%|▎         | 22/693 [00:06<02:33,  4.36it/s]
  3%|▎         | 23/693 [00:07<02:36,  4.29it/s]
  3%|▎         | 24/693 [00:07<02:36,  4.28it/s]
  4%|▎         | 25/693 [00:07<02:36,  4.27it/s]
  4%|▍         | 26/693 [00:07<02:21,  4.71it/s]
  4%|▍         | 27/693 [00:07<02:05,  5.30it/s]
  4%|▍         | 28/693 [00:08<02:11,  5.06it/s]
  4%|▍         | 29/693 [00:08<02:20,  4.74it/s]
  4%|▍         | 30/693 [00:08<02:25,  4.56it/s]
  4%|▍         | 31/693 [00:08<02:28,  4.45it/s]
  5%|▍         | 32/693 [00:08<02:30,  4.40it/s]
  5%|▍         | 33/693 [00:09<02:31,  4.35it/s]
  5%|▍         | 34/693 [00:09<02:29,  4.40it/s]
  5%|▌         | 35/693 [00:09<02:31,  4.35it/s]
  5%|▌         | 36/693 [00:09<02:31,  4.32it/s]
  5%|▌         | 37/693 [00:10<02:32,  4.30it/s]
  5%|▌         | 38/693 [00:10<02:28,  4.40it/s]
  6%|▌         | 39/693 [00:10<02:08,  5.07it/s]
  6%|▌         | 40/693 [00:10<02:00,  5.41it/s]
  6%|▌         | 41/693 [00:10<02:10,  5.00it/s]
  6%|▌         | 42/693 [00:11<02:17,  4.75it/s]
  6%|▌         | 43/693 [00:11<02:22,  4.56it/s]
  6%|▋         | 44/693 [00:11<02:24,  4.49it/s]
  6%|▋         | 45/693 [00:11<02:27,  4.39it/s]
  7%|▋         | 46/693 [00:12<02:28,  4.34it/s]
  7%|▋         | 47/693 [00:12<02:24,  4.49it/s]
  7%|▋         | 48/693 [00:12<02:26,  4.41it/s]
  7%|▋         | 49/693 [00:12<02:27,  4.37it/s]
  7%|▋         | 50/693 [00:12<02:28,  4.34it/s]
  7%|▋         | 51/693 [00:13<02:22,  4.51it/s]
  8%|▊         | 52/693 [00:13<02:08,  4.98it/s]
  8%|▊         | 53/693 [00:13<02:01,  5.25it/s]
  8%|▊         | 54/693 [00:13<02:12,  4.82it/s]
  8%|▊         | 55/693 [00:13<02:18,  4.62it/s]
  8%|▊         | 56/693 [00:14<02:23,  4.44it/s]
  8%|▊         | 57/693 [00:14<02:26,  4.35it/s]
  8%|▊         | 58/693 [00:14<02:28,  4.28it/s]
  9%|▊         | 59/693 [00:14<02:28,  4.28it/s]
  9%|▊         | 60/693 [00:15<02:22,  4.45it/s]
  9%|▉         | 61/693 [00:15<02:24,  4.36it/s]
  9%|▉         | 62/693 [00:15<02:26,  4.31it/s]
  9%|▉         | 63/693 [00:15<02:26,  4.29it/s]
  9%|▉         | 64/693 [00:16<02:13,  4.73it/s]
  9%|▉         | 65/693 [00:16<01:58,  5.32it/s]
 10%|▉         | 66/693 [00:16<02:07,  4.92it/s]
 10%|▉         | 67/693 [00:16<02:13,  4.68it/s]
 10%|▉         | 68/693 [00:16<02:18,  4.51it/s]
 10%|▉         | 69/693 [00:17<02:21,  4.41it/s]
 10%|█         | 70/693 [00:17<02:23,  4.33it/s]
 10%|█         | 71/693 [00:17<02:24,  4.29it/s]
 10%|█         | 72/693 [00:17<02:19,  4.44it/s]
 11%|█         | 73/693 [00:18<02:21,  4.38it/s]
 11%|█         | 74/693 [00:18<02:24,  4.30it/s]
 11%|█         | 75/693 [00:18<02:23,  4.29it/s]
 11%|█         | 76/693 [00:18<02:18,  4.45it/s]
 11%|█         | 77/693 [00:18<02:01,  5.07it/s]
 11%|█▏        | 78/693 [00:18<01:50,  5.54it/s]
 11%|█▏        | 79/693 [00:19<02:01,  5.04it/s]
 12%|█▏        | 80/693 [00:19<02:08,  4.75it/s]
 12%|█▏        | 81/693 [00:19<02:14,  4.56it/s]
 12%|█▏        | 82/693 [00:19<02:18,  4.43it/s]
 12%|█▏        | 83/693 [00:20<02:19,  4.36it/s]
 12%|█▏        | 84/693 [00:20<02:22,  4.28it/s]
 12%|█▏        | 85/693 [00:20<02:20,  4.33it/s]
 12%|█▏        | 86/693 [00:20<02:21,  4.28it/s]
 13%|█▎        | 87/693 [00:21<02:22,  4.27it/s]
 13%|█▎        | 88/693 [00:21<02:22,  4.24it/s]
 13%|█▎        | 89/693 [00:21<02:12,  4.57it/s]
 13%|█▎        | 90/693 [00:21<01:57,  5.13it/s]
 13%|█▎        | 91/693 [00:21<01:58,  5.06it/s]
 13%|█▎        | 92/693 [00:22<02:06,  4.76it/s]
 13%|█▎        | 93/693 [00:22<02:11,  4.57it/s]
 14%|█▎        | 94/693 [00:22<02:14,  4.46it/s]
 14%|█▎        | 95/693 [00:22<02:16,  4.37it/s]
 14%|█▍        | 96/693 [00:23<02:18,  4.31it/s]
 14%|█▍        | 97/693 [00:23<02:19,  4.28it/s]
 14%|█▍        | 98/693 [00:23<02:20,  4.23it/s]
 14%|█▍        | 99/693 [00:23<02:19,  4.25it/s]
 14%|█▍        | 100/693 [00:24<02:20,  4.23it/s]
 15%|█▍        | 101/693 [00:24<02:15,  4.36it/s]
 15%|█▍        | 102/693 [00:24<02:00,  4.89it/s]
 15%|█▍        | 103/693 [00:24<01:56,  5.08it/s]
 15%|█▌        | 104/693 [00:24<02:03,  4.75it/s]
 15%|█▌        | 105/693 [00:25<02:08,  4.58it/s]
 15%|█▌        | 106/693 [00:25<02:12,  4.44it/s]
 15%|█▌        | 107/693 [00:25<02:14,  4.34it/s]
 16%|█▌        | 108/693 [00:25<02:16,  4.28it/s]
 16%|█▌        | 109/693 [00:26<02:17,  4.25it/s]
 16%|█▌        | 110/693 [00:26<02:14,  4.33it/s]
 16%|█▌        | 111/693 [00:26<02:15,  4.31it/s]
 16%|█▌        | 112/693 [00:26<02:15,  4.28it/s]
 16%|█▋        | 113/693 [00:26<02:13,  4.35it/s]
 16%|█▋        | 114/693 [00:27<01:59,  4.86it/s]
 17%|█▋        | 115/693 [00:27<01:47,  5.36it/s]
 17%|█▋        | 116/693 [00:27<01:57,  4.93it/s]
 17%|█▋        | 117/693 [00:27<02:02,  4.69it/s]
 17%|█▋        | 118/693 [00:27<02:07,  4.51it/s]
 17%|█▋        | 119/693 [00:28<02:09,  4.42it/s]
 17%|█▋        | 120/693 [00:28<02:11,  4.37it/s]
 17%|█▋        | 121/693 [00:28<02:12,  4.31it/s]
 18%|█▊        | 122/693 [00:28<02:06,  4.53it/s]
 18%|█▊        | 123/693 [00:29<02:08,  4.45it/s]
 18%|█▊        | 124/693 [00:29<02:09,  4.38it/s]
 18%|█▊        | 125/693 [00:29<02:10,  4.34it/s]
 18%|█▊        | 126/693 [00:29<02:06,  4.50it/s]
 18%|█▊        | 127/693 [00:29<01:51,  5.06it/s]
 18%|█▊        | 128/693 [00:30<01:49,  5.15it/s]
 19%|█▊        | 129/693 [00:30<01:57,  4.82it/s]
 19%|█▉        | 130/693 [00:30<02:02,  4.60it/s]
 19%|█▉        | 131/693 [00:30<02:05,  4.46it/s]
 19%|█▉        | 132/693 [00:31<02:07,  4.41it/s]
 19%|█▉        | 133/693 [00:31<02:08,  4.37it/s]
 19%|█▉        | 134/693 [00:31<02:06,  4.42it/s]
 19%|█▉        | 135/693 [00:31<02:03,  4.53it/s]
 20%|█▉        | 136/693 [00:31<02:06,  4.40it/s]
 20%|█▉        | 137/693 [00:32<02:08,  4.33it/s]
 20%|█▉        | 138/693 [00:32<02:09,  4.28it/s]
 20%|██        | 139/693 [00:32<01:55,  4.78it/s]
 20%|██        | 140/693 [00:32<01:43,  5.36it/s]
 20%|██        | 141/693 [00:32<01:47,  5.12it/s]
 20%|██        | 142/693 [00:33<01:54,  4.80it/s]
 21%|██        | 143/693 [00:33<01:59,  4.59it/s]
 21%|██        | 144/693 [00:33<02:03,  4.46it/s]
 21%|██        | 145/693 [00:33<02:05,  4.37it/s]
 21%|██        | 146/693 [00:34<02:07,  4.30it/s]
 21%|██        | 147/693 [00:34<02:04,  4.40it/s]
 21%|██▏       | 148/693 [00:34<02:05,  4.35it/s]
 22%|██▏       | 149/693 [00:34<02:06,  4.32it/s]
 22%|██▏       | 150/693 [00:35<02:06,  4.28it/s]
 22%|██▏       | 151/693 [00:35<02:02,  4.41it/s]
 22%|██▏       | 152/693 [00:35<01:48,  5.00it/s]
 22%|██▏       | 153/693 [00:35<01:40,  5.38it/s]
 22%|██▏       | 154/693 [00:35<01:49,  4.94it/s]
 22%|██▏       | 155/693 [00:36<01:54,  4.70it/s]
 23%|██▎       | 156/693 [00:36<01:58,  4.53it/s]
 23%|██▎       | 157/693 [00:36<02:00,  4.44it/s]
 23%|██▎       | 158/693 [00:36<02:02,  4.36it/s]
 23%|██▎       | 159/693 [00:36<02:04,  4.30it/s]
 23%|██▎       | 160/693 [00:37<02:02,  4.35it/s]
 23%|██▎       | 161/693 [00:37<02:03,  4.32it/s]
 23%|██▎       | 162/693 [00:37<02:03,  4.30it/s]
 24%|██▎       | 163/693 [00:37<02:03,  4.28it/s]
 24%|██▎       | 164/693 [00:38<01:53,  4.66it/s]
 24%|██▍       | 165/693 [00:38<01:39,  5.32it/s]
 24%|██▍       | 166/693 [00:38<01:33,  5.65it/s]
 24%|██▍       | 167/693 [00:38<01:42,  5.13it/s]
 24%|██▍       | 168/693 [00:38<01:49,  4.80it/s]
 24%|██▍       | 169/693 [00:39<01:53,  4.62it/s]
 25%|██▍       | 170/693 [00:39<01:55,  4.52it/s]
 25%|██▍       | 171/693 [00:39<01:58,  4.42it/s]
 25%|██▍       | 172/693 [00:39<01:58,  4.39it/s]
 25%|██▍       | 173/693 [00:39<01:55,  4.49it/s]
 25%|██▌       | 174/693 [00:40<01:57,  4.43it/s]
 25%|██▌       | 175/693 [00:40<01:58,  4.36it/s]
 25%|██▌       | 176/693 [00:40<01:58,  4.35it/s]
 26%|██▌       | 177/693 [00:40<01:55,  4.49it/s]
 26%|██▌       | 178/693 [00:41<01:42,  5.02it/s]
 26%|██▌       | 179/693 [00:41<01:34,  5.45it/s]
 26%|██▌       | 180/693 [00:41<01:42,  5.01it/s]
 26%|██▌       | 181/693 [00:41<01:47,  4.74it/s]
 26%|██▋       | 182/693 [00:41<01:50,  4.61it/s]
 26%|██▋       | 183/693 [00:42<01:54,  4.47it/s]
 27%|██▋       | 184/693 [00:42<01:56,  4.39it/s]
 27%|██▋       | 185/693 [00:42<01:56,  4.36it/s]
 27%|██▋       | 186/693 [00:42<01:53,  4.46it/s]
 27%|██▋       | 187/693 [00:43<01:55,  4.38it/s]
 27%|██▋       | 188/693 [00:43<01:56,  4.34it/s]
 27%|██▋       | 189/693 [00:43<01:56,  4.32it/s]
 27%|██▋       | 190/693 [00:43<01:51,  4.52it/s]
 28%|██▊       | 191/693 [00:43<01:36,  5.18it/s]
 28%|██▊       | 192/693 [00:43<01:30,  5.55it/s]
 28%|██▊       | 193/693 [00:44<01:38,  5.07it/s]
 28%|██▊       | 194/693 [00:44<01:44,  4.79it/s]
 28%|██▊       | 195/693 [00:44<01:48,  4.60it/s]
 28%|██▊       | 196/693 [00:44<01:50,  4.50it/s]
 28%|██▊       | 197/693 [00:45<01:52,  4.39it/s]
 29%|██▊       | 198/693 [00:45<01:53,  4.34it/s]
 29%|██▊       | 199/693 [00:45<01:52,  4.39it/s]
 29%|██▉       | 200/693 [00:45<01:53,  4.36it/s]
 29%|██▉       | 201/693 [00:46<01:53,  4.32it/s]
 29%|██▉       | 202/693 [00:46<01:54,  4.30it/s]
 29%|██▉       | 203/693 [00:46<01:46,  4.58it/s]
 29%|██▉       | 204/693 [00:46<01:34,  5.18it/s]
 30%|██▉       | 205/693 [00:46<01:26,  5.61it/s]
 30%|██▉       | 206/693 [00:47<01:35,  5.12it/s]
 30%|██▉       | 207/693 [00:47<01:40,  4.83it/s]
 30%|███       | 208/693 [00:47<01:44,  4.66it/s]
 30%|███       | 209/693 [00:47<01:47,  4.52it/s]
 30%|███       | 210/693 [00:47<01:49,  4.42it/s]
 30%|███       | 211/693 [00:48<01:50,  4.37it/s]
 31%|███       | 212/693 [00:48<01:49,  4.40it/s]
 31%|███       | 213/693 [00:48<01:49,  4.37it/s]
 31%|███       | 214/693 [00:48<01:49,  4.35it/s]
 31%|███       | 215/693 [00:49<01:50,  4.31it/s]
 31%|███       | 216/693 [00:49<01:47,  4.46it/s]
 31%|███▏      | 217/693 [00:49<01:32,  5.17it/s]
 31%|███▏      | 218/693 [00:49<01:22,  5.76it/s]
 32%|███▏      | 219/693 [00:49<01:26,  5.50it/s]
 32%|███▏      | 220/693 [00:50<01:32,  5.09it/s]
 32%|███▏      | 221/693 [00:50<01:38,  4.80it/s]
 32%|███▏      | 222/693 [00:50<01:41,  4.65it/s]
 32%|███▏      | 223/693 [00:50<01:44,  4.50it/s]
 32%|███▏      | 224/693 [00:50<01:45,  4.45it/s]
 32%|███▏      | 225/693 [00:51<01:46,  4.41it/s]
 33%|███▎      | 226/693 [00:51<01:41,  4.61it/s]
 33%|███▎      | 227/693 [00:51<01:43,  4.51it/s]
 33%|███▎      | 228/693 [00:51<01:44,  4.47it/s]
 33%|███▎      | 229/693 [00:52<01:45,  4.42it/s]
 33%|███▎      | 230/693 [00:52<01:36,  4.81it/s]
 33%|███▎      | 231/693 [00:52<01:23,  5.51it/s]
 33%|███▎      | 232/693 [00:52<01:17,  5.98it/s]
 34%|███▎      | 233/693 [00:52<01:21,  5.67it/s]
 34%|███▍      | 234/693 [00:52<01:28,  5.19it/s]
 34%|███▍      | 235/693 [00:53<01:34,  4.85it/s]
 34%|███▍      | 236/693 [00:53<01:37,  4.68it/s]
 34%|███▍      | 237/693 [00:53<01:40,  4.53it/s]
 34%|███▍      | 238/693 [00:53<01:42,  4.46it/s]
 34%|███▍      | 239/693 [00:54<01:41,  4.48it/s]
 35%|███▍      | 240/693 [00:54<01:39,  4.56it/s]
 35%|███▍      | 241/693 [00:54<01:41,  4.45it/s]
 35%|███▍      | 242/693 [00:54<01:41,  4.43it/s]
 35%|███▌      | 243/693 [00:55<01:43,  4.36it/s]
 35%|███▌      | 244/693 [00:55<01:31,  4.88it/s]
 35%|███▌      | 245/693 [00:55<01:21,  5.51it/s]
 35%|███▌      | 246/693 [00:55<01:26,  5.17it/s]
 36%|███▌      | 247/693 [00:55<01:32,  4.84it/s]
 36%|███▌      | 248/693 [00:55<01:34,  4.69it/s]
 36%|███▌      | 249/693 [00:56<01:37,  4.53it/s]
 36%|███▌      | 250/693 [00:56<01:39,  4.47it/s]
 36%|███▌      | 251/693 [00:56<01:40,  4.40it/s]
 36%|███▋      | 252/693 [00:56<01:38,  4.50it/s]
 37%|███▋      | 253/693 [00:57<01:37,  4.53it/s]
 37%|███▋      | 254/693 [00:57<01:38,  4.46it/s]
 37%|███▋      | 255/693 [00:57<01:40,  4.36it/s]
 37%|███▋      | 256/693 [00:57<01:40,  4.34it/s]
 37%|███▋      | 257/693 [00:57<01:29,  4.88it/s]
 37%|███▋      | 258/693 [00:58<01:21,  5.34it/s]
 37%|███▋      | 259/693 [00:58<01:27,  4.95it/s]
 38%|███▊      | 260/693 [00:58<01:31,  4.72it/s]
 38%|███▊      | 261/693 [00:58<01:34,  4.56it/s]
 38%|███▊      | 262/693 [00:59<01:36,  4.48it/s]
 38%|███▊      | 263/693 [00:59<01:37,  4.40it/s]
 38%|███▊      | 264/693 [00:59<01:38,  4.34it/s]
 38%|███▊      | 265/693 [00:59<01:36,  4.42it/s]
 38%|███▊      | 266/693 [00:59<01:37,  4.37it/s]
 39%|███▊      | 267/693 [01:00<01:38,  4.34it/s]
 39%|███▊      | 268/693 [01:00<01:37,  4.34it/s]
 39%|███▉      | 269/693 [01:00<01:34,  4.49it/s]
 39%|███▉      | 270/693 [01:00<01:22,  5.10it/s]
 39%|███▉      | 271/693 [01:00<01:18,  5.40it/s]
 39%|███▉      | 272/693 [01:01<01:24,  5.00it/s]
 39%|███▉      | 273/693 [01:01<01:28,  4.75it/s]
 40%|███▉      | 274/693 [01:01<01:31,  4.59it/s]
 40%|███▉      | 275/693 [01:01<01:33,  4.47it/s]
 40%|███▉      | 276/693 [01:02<01:34,  4.40it/s]
 40%|███▉      | 277/693 [01:02<01:35,  4.35it/s]
 40%|████      | 278/693 [01:02<01:32,  4.46it/s]
 40%|████      | 279/693 [01:02<01:34,  4.38it/s]
 40%|████      | 280/693 [01:03<01:35,  4.33it/s]
 41%|████      | 281/693 [01:03<01:36,  4.28it/s]
 41%|████      | 282/693 [01:03<01:32,  4.42it/s]
 41%|████      | 283/693 [01:03<01:23,  4.91it/s]
 41%|████      | 284/693 [01:03<01:26,  4.70it/s]
 41%|████      | 285/693 [01:04<01:29,  4.55it/s]
 41%|████▏     | 286/693 [01:04<01:31,  4.45it/s]
 41%|████▏     | 287/693 [01:04<01:32,  4.39it/s]
 42%|████▏     | 288/693 [01:04<01:33,  4.34it/s]
 42%|████▏     | 289/693 [01:05<01:33,  4.31it/s]
 42%|████▏     | 290/693 [01:05<01:30,  4.45it/s]
 42%|████▏     | 291/693 [01:05<01:32,  4.36it/s]
 42%|████▏     | 292/693 [01:05<01:31,  4.36it/s]
 42%|████▏     | 293/693 [01:05<01:32,  4.33it/s]
 42%|████▏     | 294/693 [01:06<01:28,  4.53it/s]
 43%|████▎     | 295/693 [01:06<01:16,  5.20it/s]
 43%|████▎     | 296/693 [01:06<01:08,  5.79it/s]
 43%|████▎     | 297/693 [01:06<01:11,  5.51it/s]
 43%|████▎     | 298/693 [01:06<01:17,  5.09it/s]
 43%|████▎     | 299/693 [01:07<01:22,  4.80it/s]
 43%|████▎     | 300/693 [01:07<01:24,  4.67it/s]
 43%|████▎     | 301/693 [01:07<01:27,  4.49it/s]
 44%|████▎     | 302/693 [01:07<01:27,  4.45it/s]
 44%|████▎     | 303/693 [01:08<01:28,  4.41it/s]
 44%|████▍     | 304/693 [01:08<01:24,  4.61it/s]
 44%|████▍     | 305/693 [01:08<01:26,  4.48it/s]
 44%|████▍     | 306/693 [01:08<01:27,  4.42it/s]
 44%|████▍     | 307/693 [01:08<01:27,  4.39it/s]
 44%|████▍     | 308/693 [01:09<01:19,  4.82it/s]
 45%|████▍     | 309/693 [01:09<01:09,  5.56it/s]
 45%|████▍     | 310/693 [01:09<01:03,  5.99it/s]
 45%|████▍     | 311/693 [01:09<01:11,  5.35it/s]
 45%|████▌     | 312/693 [01:09<01:16,  4.99it/s]
 45%|████▌     | 313/693 [01:10<01:20,  4.72it/s]
 45%|████▌     | 314/693 [01:10<01:22,  4.59it/s]
 45%|████▌     | 315/693 [01:10<01:24,  4.47it/s]
 46%|████▌     | 316/693 [01:10<01:25,  4.42it/s]
 46%|████▌     | 317/693 [01:10<01:24,  4.47it/s]
 46%|████▌     | 318/693 [01:11<01:24,  4.44it/s]
 46%|████▌     | 319/693 [01:11<01:26,  4.35it/s]
 46%|████▌     | 320/693 [01:11<01:26,  4.29it/s]
 46%|████▋     | 321/693 [01:11<01:23,  4.47it/s]
 46%|████▋     | 322/693 [01:11<01:13,  5.03it/s]
 47%|████▋     | 323/693 [01:12<01:08,  5.43it/s]
 47%|████▋     | 324/693 [01:12<01:13,  4.99it/s]
 47%|████▋     | 325/693 [01:12<01:17,  4.73it/s]
 47%|████▋     | 326/693 [01:12<01:20,  4.56it/s]
 47%|████▋     | 327/693 [01:13<01:22,  4.44it/s]
 47%|████▋     | 328/693 [01:13<01:23,  4.37it/s]
 47%|████▋     | 329/693 [01:13<01:24,  4.32it/s]
 48%|████▊     | 330/693 [01:13<01:23,  4.33it/s]
 48%|████▊     | 331/693 [01:14<01:24,  4.31it/s]
 48%|████▊     | 332/693 [01:14<01:24,  4.28it/s]
 48%|████▊     | 333/693 [01:14<01:24,  4.26it/s]
 48%|████▊     | 334/693 [01:14<01:17,  4.63it/s]
 48%|████▊     | 335/693 [01:14<01:08,  5.22it/s]
 48%|████▊     | 336/693 [01:15<01:10,  5.06it/s]
 49%|████▊     | 337/693 [01:15<01:14,  4.76it/s]
 49%|████▉     | 338/693 [01:15<01:18,  4.55it/s]
 49%|████▉     | 339/693 [01:15<01:20,  4.40it/s]
 49%|████▉     | 340/693 [01:15<01:21,  4.34it/s]
 49%|████▉     | 341/693 [01:16<01:21,  4.32it/s]
 49%|████▉     | 342/693 [01:16<01:21,  4.28it/s]
 49%|████▉     | 343/693 [01:16<01:22,  4.24it/s]
 50%|████▉     | 344/693 [01:16<01:22,  4.22it/s]
 50%|████▉     | 345/693 [01:17<01:22,  4.24it/s]
 50%|████▉     | 346/693 [01:17<01:19,  4.34it/s]
 50%|█████     | 347/693 [01:17<01:07,  5.11it/s]
 50%|█████     | 348/693 [01:17<01:04,  5.37it/s]
 50%|█████     | 349/693 [01:17<01:09,  4.95it/s]
 51%|█████     | 350/693 [01:18<01:12,  4.74it/s]
 51%|█████     | 351/693 [01:18<01:15,  4.56it/s]
 51%|█████     | 352/693 [01:18<01:16,  4.45it/s]
 51%|█████     | 353/693 [01:18<01:17,  4.38it/s]
 51%|█████     | 354/693 [01:19<01:18,  4.34it/s]
 51%|█████     | 355/693 [01:19<01:17,  4.38it/s]
 51%|█████▏    | 356/693 [01:19<01:17,  4.36it/s]
 52%|█████▏    | 357/693 [01:19<01:17,  4.33it/s]
 52%|█████▏    | 358/693 [01:20<01:17,  4.31it/s]
 52%|█████▏    | 359/693 [01:20<01:10,  4.71it/s]
 52%|█████▏    | 360/693 [01:20<01:03,  5.26it/s]
 52%|█████▏    | 361/693 [01:20<01:04,  5.16it/s]
 52%|█████▏    | 362/693 [01:20<01:08,  4.83it/s]
 52%|█████▏    | 363/693 [01:20<01:11,  4.62it/s]
 53%|█████▎    | 364/693 [01:21<01:13,  4.50it/s]
 53%|█████▎    | 365/693 [01:21<01:14,  4.42it/s]
 53%|█████▎    | 366/693 [01:21<01:14,  4.40it/s]
 53%|█████▎    | 367/693 [01:21<01:13,  4.46it/s]
 53%|█████▎    | 368/693 [01:22<01:11,  4.54it/s]
 53%|█████▎    | 369/693 [01:22<01:13,  4.41it/s]
 53%|█████▎    | 370/693 [01:22<01:13,  4.41it/s]
 54%|█████▎    | 371/693 [01:22<01:13,  4.38it/s]
 54%|█████▎    | 372/693 [01:22<01:05,  4.89it/s]
 54%|█████▍    | 373/693 [01:23<00:57,  5.58it/s]
 54%|█████▍    | 374/693 [01:23<00:55,  5.71it/s]
 54%|█████▍    | 375/693 [01:23<01:01,  5.15it/s]
 54%|█████▍    | 376/693 [01:23<01:05,  4.86it/s]
 54%|█████▍    | 377/693 [01:23<01:07,  4.67it/s]
 55%|█████▍    | 378/693 [01:24<01:09,  4.56it/s]
 55%|█████▍    | 379/693 [01:24<01:10,  4.43it/s]
 55%|█████▍    | 380/693 [01:24<01:10,  4.41it/s]
 55%|█████▍    | 381/693 [01:24<01:07,  4.61it/s]
 55%|█████▌    | 382/693 [01:25<01:08,  4.52it/s]
 55%|█████▌    | 383/693 [01:25<01:10,  4.41it/s]
 55%|█████▌    | 384/693 [01:25<01:10,  4.39it/s]
 56%|█████▌    | 385/693 [01:25<01:08,  4.51it/s]
 56%|█████▌    | 386/693 [01:25<00:59,  5.13it/s]
 56%|█████▌    | 387/693 [01:26<00:53,  5.76it/s]
 56%|█████▌    | 388/693 [01:26<00:55,  5.47it/s]
 56%|█████▌    | 389/693 [01:26<01:00,  5.01it/s]
 56%|█████▋    | 390/693 [01:26<01:03,  4.79it/s]
 56%|█████▋    | 391/693 [01:26<01:05,  4.58it/s]
 57%|█████▋    | 392/693 [01:27<01:06,  4.52it/s]
 57%|█████▋    | 393/693 [01:27<01:07,  4.42it/s]
 57%|█████▋    | 394/693 [01:27<01:07,  4.41it/s]
 57%|█████▋    | 395/693 [01:27<01:04,  4.60it/s]
 57%|█████▋    | 396/693 [01:28<01:05,  4.52it/s]
 57%|█████▋    | 397/693 [01:28<01:06,  4.45it/s]
 57%|█████▋    | 398/693 [01:28<01:06,  4.41it/s]
 58%|█████▊    | 399/693 [01:28<01:00,  4.85it/s]
 58%|█████▊    | 400/693 [01:28<00:53,  5.51it/s]
 58%|█████▊    | 401/693 [01:28<00:48,  5.97it/s]
 58%|█████▊    | 402/693 [01:29<00:53,  5.39it/s]
 58%|█████▊    | 403/693 [01:29<00:58,  4.98it/s]
 58%|█████▊    | 404/693 [01:29<01:00,  4.79it/s]
 58%|█████▊    | 405/693 [01:29<01:02,  4.57it/s]
 59%|█████▊    | 406/693 [01:30<01:03,  4.51it/s]
 59%|█████▊    | 407/693 [01:30<01:04,  4.41it/s]
 59%|█████▉    | 408/693 [01:30<01:02,  4.58it/s]
 59%|█████▉    | 409/693 [01:30<01:03,  4.50it/s]
 59%|█████▉    | 410/693 [01:31<01:03,  4.46it/s]
 59%|█████▉    | 411/693 [01:31<01:04,  4.40it/s]
 59%|█████▉    | 412/693 [01:31<01:03,  4.40it/s]
 60%|█████▉    | 413/693 [01:31<00:55,  5.01it/s]
 60%|█████▉    | 414/693 [01:31<00:49,  5.61it/s]
 60%|█████▉    | 415/693 [01:31<00:51,  5.38it/s]
 60%|██████    | 416/693 [01:32<00:55,  5.02it/s]
 60%|██████    | 417/693 [01:32<00:58,  4.72it/s]
 60%|██████    | 418/693 [01:32<00:59,  4.60it/s]
 60%|██████    | 419/693 [01:32<01:00,  4.50it/s]
 61%|██████    | 420/693 [01:33<01:01,  4.45it/s]
 61%|██████    | 421/693 [01:33<01:01,  4.42it/s]
 61%|██████    | 422/693 [01:33<00:58,  4.59it/s]
 61%|██████    | 423/693 [01:33<01:00,  4.45it/s]
 61%|██████    | 424/693 [01:33<01:00,  4.42it/s]
 61%|██████▏   | 425/693 [01:34<01:01,  4.37it/s]
 61%|██████▏   | 426/693 [01:34<00:55,  4.80it/s]
 62%|██████▏   | 427/693 [01:34<00:49,  5.38it/s]
 62%|██████▏   | 428/693 [01:34<00:52,  5.01it/s]
 62%|██████▏   | 429/693 [01:34<00:55,  4.73it/s]
 62%|██████▏   | 430/693 [01:35<00:57,  4.59it/s]
 62%|██████▏   | 431/693 [01:35<00:58,  4.47it/s]
 62%|██████▏   | 432/693 [01:35<00:59,  4.41it/s]
 62%|██████▏   | 433/693 [01:35<00:59,  4.35it/s]
 63%|██████▎   | 434/693 [01:36<00:59,  4.37it/s]
 63%|██████▎   | 435/693 [01:36<00:59,  4.35it/s]
 63%|██████▎   | 436/693 [01:36<00:59,  4.35it/s]
 63%|██████▎   | 437/693 [01:36<00:59,  4.31it/s]
 63%|██████▎   | 438/693 [01:37<00:57,  4.43it/s]
 63%|██████▎   | 439/693 [01:37<00:49,  5.12it/s]
 63%|██████▎   | 440/693 [01:37<00:44,  5.67it/s]
 64%|██████▎   | 441/693 [01:37<00:46,  5.38it/s]
 64%|██████▍   | 442/693 [01:37<00:50,  5.00it/s]
 64%|██████▍   | 443/693 [01:38<00:52,  4.75it/s]
 64%|██████▍   | 444/693 [01:38<00:54,  4.61it/s]
 64%|██████▍   | 445/693 [01:38<00:55,  4.49it/s]
 64%|██████▍   | 446/693 [01:38<00:55,  4.44it/s]
 65%|██████▍   | 447/693 [01:38<00:54,  4.49it/s]
 65%|██████▍   | 448/693 [01:39<00:53,  4.58it/s]
 65%|██████▍   | 449/693 [01:39<00:55,  4.41it/s]
 65%|██████▍   | 450/693 [01:39<00:55,  4.37it/s]
 65%|██████▌   | 451/693 [01:39<00:56,  4.32it/s]
 65%|██████▌   | 452/693 [01:40<00:50,  4.81it/s]
 65%|██████▌   | 453/693 [01:40<00:43,  5.46it/s]
 66%|██████▌   | 454/693 [01:40<00:44,  5.35it/s]
 66%|██████▌   | 455/693 [01:40<00:48,  4.91it/s]
 66%|██████▌   | 456/693 [01:40<00:50,  4.70it/s]
 66%|██████▌   | 457/693 [01:41<00:52,  4.53it/s]
 66%|██████▌   | 458/693 [01:41<00:52,  4.45it/s]
 66%|██████▌   | 459/693 [01:41<00:53,  4.37it/s]
 66%|██████▋   | 460/693 [01:41<00:52,  4.43it/s]
 67%|██████▋   | 461/693 [01:41<00:51,  4.50it/s]
 67%|██████▋   | 462/693 [01:42<00:52,  4.41it/s]
 67%|██████▋   | 463/693 [01:42<00:52,  4.34it/s]
 67%|██████▋   | 464/693 [01:42<00:53,  4.29it/s]
 67%|██████▋   | 465/693 [01:42<00:47,  4.82it/s]
 67%|██████▋   | 466/693 [01:42<00:43,  5.28it/s]
 67%|██████▋   | 467/693 [01:43<00:46,  4.91it/s]
 68%|██████▊   | 468/693 [01:43<00:48,  4.67it/s]
 68%|██████▊   | 469/693 [01:43<00:49,  4.52it/s]
 68%|██████▊   | 470/693 [01:43<00:50,  4.42it/s]
 68%|██████▊   | 471/693 [01:44<00:51,  4.34it/s]
 68%|██████▊   | 472/693 [01:44<00:51,  4.28it/s]
 68%|██████▊   | 473/693 [01:44<00:51,  4.29it/s]
 68%|██████▊   | 474/693 [01:44<00:51,  4.26it/s]
 69%|██████▊   | 475/693 [01:45<00:50,  4.28it/s]
 69%|██████▊   | 476/693 [01:45<00:50,  4.30it/s]
 69%|██████▉   | 477/693 [01:45<00:46,  4.66it/s]
 69%|██████▉   | 478/693 [01:45<00:40,  5.26it/s]
 69%|██████▉   | 479/693 [01:45<00:40,  5.25it/s]
 69%|██████▉   | 480/693 [01:46<00:43,  4.92it/s]
 69%|██████▉   | 481/693 [01:46<00:45,  4.69it/s]
 70%|██████▉   | 482/693 [01:46<00:46,  4.55it/s]
 70%|██████▉   | 483/693 [01:46<00:47,  4.44it/s]
 70%|██████▉   | 484/693 [01:46<00:47,  4.39it/s]
 70%|██████▉   | 485/693 [01:47<00:47,  4.34it/s]
 70%|███████   | 486/693 [01:47<00:46,  4.45it/s]
 70%|███████   | 487/693 [01:47<00:47,  4.37it/s]
 70%|███████   | 488/693 [01:47<00:47,  4.35it/s]
 71%|███████   | 489/693 [01:48<00:47,  4.30it/s]
 71%|███████   | 490/693 [01:48<00:42,  4.81it/s]
 71%|███████   | 491/693 [01:48<00:37,  5.46it/s]
 71%|███████   | 492/693 [01:48<00:36,  5.48it/s]
 71%|███████   | 493/693 [01:48<00:39,  5.03it/s]
 71%|███████▏  | 494/693 [01:49<00:41,  4.77it/s]
 71%|███████▏  | 495/693 [01:49<00:42,  4.62it/s]
 72%|███████▏  | 496/693 [01:49<00:43,  4.49it/s]
 72%|███████▏  | 497/693 [01:49<00:44,  4.40it/s]
 72%|███████▏  | 498/693 [01:50<00:44,  4.35it/s]
 72%|███████▏  | 499/693 [01:50<00:44,  4.39it/s]
 72%|███████▏  | 500/693 [01:50<00:44,  4.37it/s]
 72%|███████▏  | 501/693 [01:50<00:44,  4.33it/s]
 72%|███████▏  | 502/693 [01:50<00:44,  4.32it/s]
 73%|███████▎  | 503/693 [01:51<00:40,  4.72it/s]
 73%|███████▎  | 504/693 [01:51<00:36,  5.24it/s]
 73%|███████▎  | 505/693 [01:51<00:37,  5.02it/s]
 73%|███████▎  | 506/693 [01:51<00:39,  4.78it/s]
 73%|███████▎  | 507/693 [01:51<00:40,  4.58it/s]
 73%|███████▎  | 508/693 [01:52<00:41,  4.48it/s]
 73%|███████▎  | 509/693 [01:52<00:41,  4.40it/s]
 74%|███████▎  | 510/693 [01:52<00:42,  4.35it/s]
 74%|███████▎  | 511/693 [01:52<00:42,  4.32it/s]
 74%|███████▍  | 512/693 [01:53<00:41,  4.32it/s]
 74%|███████▍  | 513/693 [01:53<00:42,  4.28it/s]
 74%|███████▍  | 514/693 [01:53<00:41,  4.28it/s]
 74%|███████▍  | 515/693 [01:53<00:40,  4.43it/s]
 74%|███████▍  | 516/693 [01:53<00:35,  5.03it/s]
 75%|███████▍  | 517/693 [01:54<00:32,  5.41it/s]
 75%|███████▍  | 518/693 [01:54<00:35,  4.98it/s]
 75%|███████▍  | 519/693 [01:54<00:36,  4.73it/s]
 75%|███████▌  | 520/693 [01:54<00:37,  4.56it/s]
 75%|███████▌  | 521/693 [01:55<00:38,  4.45it/s]
 75%|███████▌  | 522/693 [01:55<00:39,  4.37it/s]
 75%|███████▌  | 523/693 [01:55<00:39,  4.34it/s]
 76%|███████▌  | 524/693 [01:55<00:37,  4.50it/s]
 76%|███████▌  | 525/693 [01:55<00:37,  4.43it/s]
 76%|███████▌  | 526/693 [01:56<00:38,  4.38it/s]
 76%|███████▌  | 527/693 [01:56<00:38,  4.35it/s]
 76%|███████▌  | 528/693 [01:56<00:36,  4.50it/s]
 76%|███████▋  | 529/693 [01:56<00:31,  5.17it/s]
 76%|███████▋  | 530/693 [01:56<00:29,  5.53it/s]
 77%|███████▋  | 531/693 [01:57<00:31,  5.08it/s]
 77%|███████▋  | 532/693 [01:57<00:33,  4.79it/s]
 77%|███████▋  | 533/693 [01:57<00:34,  4.61it/s]
 77%|███████▋  | 534/693 [01:57<00:35,  4.51it/s]
 77%|███████▋  | 535/693 [01:58<00:35,  4.40it/s]
 77%|███████▋  | 536/693 [01:58<00:35,  4.37it/s]
 77%|███████▋  | 537/693 [01:58<00:34,  4.48it/s]
 78%|███████▊  | 538/693 [01:58<00:35,  4.41it/s]
 78%|███████▊  | 539/693 [01:58<00:35,  4.37it/s]
 78%|███████▊  | 540/693 [01:59<00:35,  4.33it/s]
 78%|███████▊  | 541/693 [01:59<00:33,  4.50it/s]
 78%|███████▊  | 542/693 [01:59<00:29,  5.06it/s]
 78%|███████▊  | 543/693 [01:59<00:26,  5.58it/s]
 78%|███████▊  | 544/693 [01:59<00:29,  5.12it/s]
 79%|███████▊  | 545/693 [02:00<00:30,  4.80it/s]
 79%|███████▉  | 546/693 [02:00<00:31,  4.63it/s]
 79%|███████▉  | 547/693 [02:00<00:32,  4.50it/s]
 79%|███████▉  | 548/693 [02:00<00:32,  4.43it/s]
 79%|███████▉  | 549/693 [02:01<00:33,  4.36it/s]
 79%|███████▉  | 550/693 [02:01<00:32,  4.36it/s]
 80%|███████▉  | 551/693 [02:01<00:33,  4.30it/s]
 80%|███████▉  | 552/693 [02:01<00:32,  4.31it/s]
 80%|███████▉  | 553/693 [02:02<00:32,  4.29it/s]
 80%|███████▉  | 554/693 [02:02<00:31,  4.45it/s]
 80%|████████  | 555/693 [02:02<00:26,  5.12it/s]
 80%|████████  | 556/693 [02:02<00:24,  5.52it/s]
 80%|████████  | 557/693 [02:02<00:26,  5.07it/s]
 81%|████████  | 558/693 [02:02<00:28,  4.80it/s]
 81%|████████  | 559/693 [02:03<00:29,  4.61it/s]
 81%|████████  | 560/693 [02:03<00:29,  4.51it/s]
 81%|████████  | 561/693 [02:03<00:29,  4.42it/s]
 81%|████████  | 562/693 [02:03<00:29,  4.39it/s]
 81%|████████  | 563/693 [02:04<00:29,  4.44it/s]
 81%|████████▏ | 564/693 [02:04<00:29,  4.38it/s]
 82%|████████▏ | 565/693 [02:04<00:29,  4.36it/s]
 82%|████████▏ | 566/693 [02:04<00:29,  4.32it/s]
 82%|████████▏ | 567/693 [02:05<00:28,  4.49it/s]
 82%|████████▏ | 568/693 [02:05<00:24,  5.03it/s]
 82%|████████▏ | 569/693 [02:05<00:22,  5.50it/s]
 82%|████████▏ | 570/693 [02:05<00:24,  5.05it/s]
 82%|████████▏ | 571/693 [02:05<00:25,  4.76it/s]
 83%|████████▎ | 572/693 [02:06<00:26,  4.60it/s]
 83%|████████▎ | 573/693 [02:06<00:26,  4.49it/s]
 83%|████████▎ | 574/693 [02:06<00:26,  4.42it/s]
 83%|████████▎ | 575/693 [02:06<00:26,  4.37it/s]
 83%|████████▎ | 576/693 [02:06<00:26,  4.41it/s]
 83%|████████▎ | 577/693 [02:07<00:26,  4.37it/s]
 83%|████████▎ | 578/693 [02:07<00:26,  4.34it/s]
 84%|████████▎ | 579/693 [02:07<00:26,  4.31it/s]
 84%|████████▎ | 580/693 [02:07<00:25,  4.45it/s]
 84%|████████▍ | 581/693 [02:08<00:21,  5.12it/s]
 84%|████████▍ | 582/693 [02:08<00:20,  5.53it/s]
 84%|████████▍ | 583/693 [02:08<00:21,  5.06it/s]
 84%|████████▍ | 584/693 [02:08<00:22,  4.78it/s]
 84%|████████▍ | 585/693 [02:08<00:23,  4.59it/s]
 85%|████████▍ | 586/693 [02:09<00:23,  4.50it/s]
 85%|████████▍ | 587/693 [02:09<00:24,  4.40it/s]
 85%|████████▍ | 588/693 [02:09<00:24,  4.35it/s]
 85%|████████▍ | 589/693 [02:09<00:23,  4.46it/s]
 85%|████████▌ | 590/693 [02:10<00:23,  4.41it/s]
 85%|████████▌ | 591/693 [02:10<00:23,  4.34it/s]
 85%|████████▌ | 592/693 [02:10<00:23,  4.32it/s]
 86%|████████▌ | 593/693 [02:10<00:22,  4.48it/s]
 86%|████████▌ | 594/693 [02:10<00:19,  5.07it/s]
 86%|████████▌ | 595/693 [02:10<00:17,  5.65it/s]
 86%|████████▌ | 596/693 [02:11<00:17,  5.44it/s]
 86%|████████▌ | 597/693 [02:11<00:19,  5.01it/s]
 86%|████████▋ | 598/693 [02:11<00:20,  4.74it/s]
 86%|████████▋ | 599/693 [02:11<00:20,  4.55it/s]
 87%|████████▋ | 600/693 [02:12<00:20,  4.46it/s]
 87%|████████▋ | 601/693 [02:12<00:20,  4.39it/s]
 87%|████████▋ | 602/693 [02:12<00:20,  4.37it/s]
 87%|████████▋ | 603/693 [02:12<00:19,  4.57it/s]
 87%|████████▋ | 604/693 [02:13<00:19,  4.49it/s]
 87%|████████▋ | 605/693 [02:13<00:20,  4.40it/s]
 87%|████████▋ | 606/693 [02:13<00:20,  4.35it/s]
 88%|████████▊ | 607/693 [02:13<00:17,  4.80it/s]
 88%|████████▊ | 608/693 [02:13<00:15,  5.37it/s]
 88%|████████▊ | 609/693 [02:13<00:15,  5.27it/s]
 88%|████████▊ | 610/693 [02:14<00:16,  4.91it/s]
 88%|████████▊ | 611/693 [02:14<00:17,  4.69it/s]
 88%|████████▊ | 612/693 [02:14<00:17,  4.54it/s]
 88%|████████▊ | 613/693 [02:14<00:18,  4.44it/s]
 89%|████████▊ | 614/693 [02:15<00:17,  4.39it/s]
 89%|████████▊ | 615/693 [02:15<00:17,  4.43it/s]
 89%|████████▉ | 616/693 [02:15<00:17,  4.51it/s]
 89%|████████▉ | 617/693 [02:15<00:17,  4.43it/s]
 89%|████████▉ | 618/693 [02:16<00:17,  4.39it/s]
 89%|████████▉ | 619/693 [02:16<00:17,  4.33it/s]
 89%|████████▉ | 620/693 [02:16<00:15,  4.84it/s]
 90%|████████▉ | 621/693 [02:16<00:13,  5.42it/s]
 90%|████████▉ | 622/693 [02:16<00:14,  4.98it/s]
 90%|████████▉ | 623/693 [02:17<00:14,  4.79it/s]
 90%|█████████ | 624/693 [02:17<00:15,  4.57it/s]
 90%|█████████ | 625/693 [02:17<00:15,  4.49it/s]
 90%|█████████ | 626/693 [02:17<00:15,  4.44it/s]
 90%|█████████ | 627/693 [02:17<00:15,  4.40it/s]
 91%|█████████ | 628/693 [02:18<00:14,  4.58it/s]
 91%|█████████ | 629/693 [02:18<00:14,  4.53it/s]
 91%|█████████ | 630/693 [02:18<00:14,  4.48it/s]
 91%|█████████ | 631/693 [02:18<00:14,  4.41it/s]
 91%|█████████ | 632/693 [02:19<00:13,  4.40it/s]
 91%|█████████▏| 633/693 [02:19<00:12,  4.95it/s]
 91%|█████████▏| 634/693 [02:19<00:10,  5.49it/s]
 92%|█████████▏| 635/693 [02:19<00:11,  5.21it/s]
 92%|█████████▏| 636/693 [02:19<00:11,  4.96it/s]
 92%|█████████▏| 637/693 [02:20<00:11,  4.71it/s]
 92%|█████████▏| 638/693 [02:20<00:11,  4.59it/s]
 92%|█████████▏| 639/693 [02:20<00:12,  4.47it/s]
 92%|█████████▏| 640/693 [02:20<00:11,  4.44it/s]
 92%|█████████▏| 641/693 [02:20<00:11,  4.47it/s]
 93%|█████████▎| 642/693 [02:21<00:11,  4.57it/s]
 93%|█████████▎| 643/693 [02:21<00:11,  4.35it/s]
 93%|█████████▎| 644/693 [02:21<00:11,  4.39it/s]
 93%|█████████▎| 645/693 [02:21<00:11,  4.33it/s]
 93%|█████████▎| 646/693 [02:22<00:09,  4.81it/s]
 93%|█████████▎| 647/693 [02:22<00:08,  5.44it/s]
 94%|█████████▎| 648/693 [02:22<00:08,  5.12it/s]
 94%|█████████▎| 649/693 [02:22<00:09,  4.79it/s]
 94%|█████████▍| 650/693 [02:22<00:09,  4.62it/s]
 94%|█████████▍| 651/693 [02:23<00:09,  4.44it/s]
 94%|█████████▍| 652/693 [02:23<00:09,  4.42it/s]
 94%|█████████▍| 653/693 [02:23<00:09,  4.35it/s]
 94%|█████████▍| 654/693 [02:23<00:08,  4.36it/s]
 95%|█████████▍| 655/693 [02:24<00:08,  4.32it/s]
 95%|█████████▍| 656/693 [02:24<00:08,  4.30it/s]
 95%|█████████▍| 657/693 [02:24<00:08,  4.30it/s]
 95%|█████████▍| 658/693 [02:24<00:08,  4.31it/s]
 95%|█████████▌| 659/693 [02:24<00:06,  4.99it/s]
 95%|█████████▌| 660/693 [02:25<00:06,  5.33it/s]
 95%|█████████▌| 661/693 [02:25<00:06,  4.93it/s]
 96%|█████████▌| 662/693 [02:25<00:06,  4.71it/s]
 96%|█████████▌| 663/693 [02:25<00:06,  4.53it/s]
 96%|█████████▌| 664/693 [02:25<00:06,  4.44it/s]
 96%|█████████▌| 665/693 [02:26<00:06,  4.37it/s]
 96%|█████████▌| 666/693 [02:26<00:06,  4.32it/s]
 96%|█████████▌| 667/693 [02:26<00:05,  4.37it/s]
 96%|█████████▋| 668/693 [02:26<00:05,  4.34it/s]
 97%|█████████▋| 669/693 [02:27<00:05,  4.29it/s]
 97%|█████████▋| 670/693 [02:27<00:05,  4.28it/s]
 97%|█████████▋| 671/693 [02:27<00:04,  4.66it/s]
 97%|█████████▋| 672/693 [02:27<00:04,  5.22it/s]
 97%|█████████▋| 673/693 [02:27<00:04,  4.92it/s]
 97%|█████████▋| 674/693 [02:28<00:04,  4.70it/s]
 97%|█████████▋| 675/693 [02:28<00:03,  4.55it/s]
 98%|█████████▊| 676/693 [02:28<00:03,  4.46it/s]
 98%|█████████▊| 677/693 [02:28<00:03,  4.37it/s]
 98%|█████████▊| 678/693 [02:29<00:03,  4.34it/s]
 98%|█████████▊| 679/693 [02:29<00:03,  4.38it/s]
 98%|█████████▊| 680/693 [02:29<00:02,  4.34it/s]
 98%|█████████▊| 681/693 [02:29<00:02,  4.32it/s]
 98%|█████████▊| 682/693 [02:30<00:02,  4.30it/s]
 99%|█████████▊| 683/693 [02:30<00:02,  4.40it/s]
 99%|█████████▊| 684/693 [02:30<00:01,  5.00it/s]
 99%|█████████▉| 685/693 [02:30<00:01,  5.40it/s]
 99%|█████████▉| 686/693 [02:30<00:01,  4.99it/s]
 99%|█████████▉| 687/693 [02:31<00:02,  2.30it/s]
 99%|█████████▉| 688/693 [02:31<00:01,  2.66it/s]
 99%|█████████▉| 689/693 [02:32<00:01,  2.99it/s]
100%|█████████▉| 690/693 [02:32<00:00,  3.46it/s]
100%|█████████▉| 691/693 [02:32<00:00,  4.20it/s]
100%|█████████▉| 692/693 [02:32<00:00,  4.25it/s]
100%|██████████| 693/693 [02:32<00:00,  4.30it/s]
100%|██████████| 693/693 [02:33<00:00,  4.53it/s]
Training loss: 0.620999701159857, KL loss: 0.3539234840164625, Sim loss: 2.5557421460826003e-05, Exo CLS loss: 0.4953523220287429, 
Noun sim loss: 0.1179160037727067, Part sim loss: 0.1488511859833076, Proto loss: 0.9978145229351985, Conc loss: 0.0948533597758408
learning rate:3.689620141289771e-05


  0%|          | 0/168 [00:00<?, ?it/s]
  1%|          | 1/168 [00:00<01:43,  1.61it/s]
  2%|▏         | 4/168 [00:00<00:25,  6.40it/s]
  4%|▎         | 6/168 [00:01<00:22,  7.06it/s]
  5%|▌         | 9/168 [00:01<00:15, 10.07it/s]
  8%|▊         | 13/168 [00:01<00:10, 15.25it/s]
 10%|▉         | 16/168 [00:01<00:08, 17.10it/s]
 11%|█▏        | 19/168 [00:02<00:15,  9.42it/s]
 13%|█▎        | 22/168 [00:02<00:12, 11.62it/s]
 15%|█▍        | 25/168 [00:02<00:13, 10.82it/s]
 16%|█▌        | 27/168 [00:02<00:13, 10.48it/s]
 18%|█▊        | 30/168 [00:02<00:10, 12.69it/s]
 20%|█▉        | 33/168 [00:02<00:09, 14.73it/s]
 22%|██▏       | 37/168 [00:03<00:06, 18.95it/s]
 24%|██▍       | 41/168 [00:03<00:05, 22.23it/s]
 26%|██▌       | 44/168 [00:03<00:05, 21.74it/s]
 28%|██▊       | 47/168 [00:03<00:05, 21.66it/s]
 30%|██▉       | 50/168 [00:03<00:05, 21.37it/s]
 32%|███▏      | 53/168 [00:03<00:05, 21.12it/s]
 33%|███▎      | 56/168 [00:03<00:05, 21.02it/s]
 35%|███▌      | 59/168 [00:04<00:05, 19.98it/s]
 37%|███▋      | 62/168 [00:04<00:05, 20.59it/s]
 39%|███▊      | 65/168 [00:04<00:04, 21.05it/s]
 40%|████      | 68/168 [00:04<00:04, 21.35it/s]
 42%|████▏     | 71/168 [00:04<00:04, 21.40it/s]
 44%|████▍     | 74/168 [00:04<00:04, 21.98it/s]
 46%|████▌     | 77/168 [00:04<00:04, 21.46it/s]
 48%|████▊     | 80/168 [00:05<00:04, 21.13it/s]
 49%|████▉     | 83/168 [00:05<00:04, 20.52it/s]
 51%|█████     | 86/168 [00:05<00:03, 21.63it/s]
 54%|█████▎    | 90/168 [00:05<00:03, 25.72it/s]
 55%|█████▌    | 93/168 [00:05<00:04, 17.09it/s]
 57%|█████▋    | 96/168 [00:05<00:03, 18.28it/s]
 59%|█████▉    | 99/168 [00:06<00:03, 19.49it/s]
 61%|██████    | 102/168 [00:06<00:03, 19.72it/s]
 62%|██████▎   | 105/168 [00:06<00:03, 20.58it/s]
 64%|██████▍   | 108/168 [00:06<00:02, 21.42it/s]
 66%|██████▌   | 111/168 [00:06<00:02, 21.35it/s]
 68%|██████▊   | 114/168 [00:06<00:02, 21.51it/s]
 70%|██████▉   | 117/168 [00:06<00:02, 22.14it/s]
 71%|███████▏  | 120/168 [00:06<00:02, 21.94it/s]
 73%|███████▎  | 123/168 [00:07<00:02, 21.94it/s]
 75%|███████▌  | 126/168 [00:07<00:01, 21.83it/s]
 77%|███████▋  | 129/168 [00:07<00:01, 21.59it/s]
 79%|███████▊  | 132/168 [00:07<00:01, 21.40it/s]
 80%|████████  | 135/168 [00:07<00:01, 23.37it/s]
 82%|████████▏ | 138/168 [00:07<00:01, 24.66it/s]
 84%|████████▍ | 141/168 [00:07<00:01, 24.17it/s]
 86%|████████▌ | 144/168 [00:08<00:01, 23.20it/s]
 88%|████████▊ | 147/168 [00:08<00:00, 21.72it/s]
 89%|████████▉ | 150/168 [00:08<00:00, 21.34it/s]
 91%|█████████ | 153/168 [00:08<00:00, 20.80it/s]
 93%|█████████▎| 156/168 [00:08<00:00, 21.19it/s]
 95%|█████████▍| 159/168 [00:08<00:00, 20.38it/s]
 96%|█████████▋| 162/168 [00:08<00:00, 17.70it/s]
 98%|█████████▊| 165/168 [00:09<00:00, 19.20it/s]
100%|██████████| 168/168 [00:09<00:00, 20.67it/s]
100%|██████████| 168/168 [00:09<00:00, 17.91it/s]
Result on AGD: 
KLD=0.9116173982620239, SIM=0.5287944674491882, NSS=1.567997694015503
noun sim: 0.10909463500692732, part sim: 0.14546249576267742
No KLD improvement for 7 epoch(s). Best KLD: 0.8691259026527405, Current KLD: 0.9116173982620239
Epoch 14 loss coeffs: kl=0.3, sim=1.0, exo_cls=0.6, noun=0.1, part=0.01, proto=0.2, conc=0.05
============Training Epoch 14============

  0%|          | 0/693 [00:00<?, ?it/s]/mnt/sdb/wyn/envs/clip-env/lib/python3.10/site-packages/torch/_tensor.py:1002: UserWarning: non-inplace resize is deprecated
  warnings.warn("non-inplace resize is deprecated")
/mnt/sdb/wyn/envs/clip-env/lib/python3.10/site-packages/torch/_tensor.py:1002: UserWarning: non-inplace resize is deprecated
  warnings.warn("non-inplace resize is deprecated")
/mnt/sdb/wyn/envs/clip-env/lib/python3.10/site-packages/torch/_tensor.py:1002: UserWarning: non-inplace resize is deprecated
  warnings.warn("non-inplace resize is deprecated")
/mnt/sdb/wyn/envs/clip-env/lib/python3.10/site-packages/torch/_tensor.py:1002: UserWarning: non-inplace resize is deprecated
  warnings.warn("non-inplace resize is deprecated")
/mnt/sdb/wyn/envs/clip-env/lib/python3.10/site-packages/torch/_tensor.py:1002: UserWarning: non-inplace resize is deprecated
  warnings.warn("non-inplace resize is deprecated")
/mnt/sdb/wyn/envs/clip-env/lib/python3.10/site-packages/torch/_tensor.py:1002: UserWarning: non-inplace resize is deprecated
  warnings.warn("non-inplace resize is deprecated")
/mnt/sdb/wyn/envs/clip-env/lib/python3.10/site-packages/torch/_tensor.py:1002: UserWarning: non-inplace resize is deprecated
  warnings.warn("non-inplace resize is deprecated")
/mnt/sdb/wyn/envs/clip-env/lib/python3.10/site-packages/torch/_tensor.py:1002: UserWarning: non-inplace resize is deprecated
  warnings.warn("non-inplace resize is deprecated")

  0%|          | 1/693 [00:02<33:25,  2.90s/it]
  0%|          | 2/693 [00:03<15:24,  1.34s/it]
  0%|          | 3/693 [00:03<09:35,  1.20it/s]
  1%|          | 4/693 [00:03<06:42,  1.71it/s]
  1%|          | 5/693 [00:03<04:46,  2.40it/s]
  1%|          | 6/693 [00:03<03:44,  3.06it/s]
  1%|          | 7/693 [00:04<03:23,  3.37it/s]
  1%|          | 8/693 [00:04<03:11,  3.58it/s]
  1%|▏         | 9/693 [00:04<03:01,  3.76it/s]
  1%|▏         | 10/693 [00:04<02:55,  3.89it/s]
  2%|▏         | 11/693 [00:05<02:50,  4.00it/s]
  2%|▏         | 12/693 [00:05<02:46,  4.08it/s]
  2%|▏         | 13/693 [00:05<02:37,  4.31it/s]
  2%|▏         | 14/693 [00:05<02:38,  4.29it/s]
  2%|▏         | 15/693 [00:05<02:39,  4.26it/s]
  2%|▏         | 16/693 [00:06<02:38,  4.26it/s]
  2%|▏         | 17/693 [00:06<02:31,  4.45it/s]
  3%|▎         | 18/693 [00:06<02:14,  5.04it/s]
  3%|▎         | 19/693 [00:06<02:02,  5.51it/s]
  3%|▎         | 20/693 [00:06<02:13,  5.04it/s]
  3%|▎         | 21/693 [00:07<02:21,  4.75it/s]
  3%|▎         | 22/693 [00:07<02:27,  4.56it/s]
  3%|▎         | 23/693 [00:07<02:30,  4.45it/s]
  3%|▎         | 24/693 [00:07<02:32,  4.39it/s]
  4%|▎         | 25/693 [00:08<02:34,  4.31it/s]
  4%|▍         | 26/693 [00:08<02:28,  4.48it/s]
  4%|▍         | 27/693 [00:08<02:31,  4.39it/s]
  4%|▍         | 28/693 [00:08<02:32,  4.36it/s]
  4%|▍         | 29/693 [00:09<02:33,  4.32it/s]
  4%|▍         | 30/693 [00:09<02:26,  4.51it/s]
  4%|▍         | 31/693 [00:09<02:07,  5.18it/s]
  5%|▍         | 32/693 [00:09<02:00,  5.48it/s]
  5%|▍         | 33/693 [00:09<02:11,  5.03it/s]
  5%|▍         | 34/693 [00:09<02:19,  4.73it/s]
  5%|▌         | 35/693 [00:10<02:23,  4.57it/s]
  5%|▌         | 36/693 [00:10<02:26,  4.48it/s]
  5%|▌         | 37/693 [00:10<02:29,  4.39it/s]
  5%|▌         | 38/693 [00:10<02:30,  4.35it/s]
  6%|▌         | 39/693 [00:11<02:29,  4.38it/s]
  6%|▌         | 40/693 [00:11<02:30,  4.33it/s]
  6%|▌         | 41/693 [00:11<02:30,  4.34it/s]
  6%|▌         | 42/693 [00:11<02:31,  4.30it/s]
  6%|▌         | 43/693 [00:12<02:19,  4.64it/s]
  6%|▋         | 44/693 [00:12<02:05,  5.19it/s]
  6%|▋         | 45/693 [00:12<02:02,  5.29it/s]
  7%|▋         | 46/693 [00:12<02:11,  4.93it/s]
  7%|▋         | 47/693 [00:12<02:17,  4.69it/s]
  7%|▋         | 48/693 [00:13<02:21,  4.55it/s]
  7%|▋         | 49/693 [00:13<02:25,  4.43it/s]
  7%|▋         | 50/693 [00:13<02:26,  4.39it/s]
  7%|▋         | 51/693 [00:13<02:28,  4.32it/s]
  8%|▊         | 52/693 [00:13<02:21,  4.52it/s]
  8%|▊         | 53/693 [00:14<02:25,  4.41it/s]
  8%|▊         | 54/693 [00:14<02:26,  4.37it/s]
  8%|▊         | 55/693 [00:14<02:27,  4.31it/s]
  8%|▊         | 56/693 [00:14<02:13,  4.76it/s]
  8%|▊         | 57/693 [00:14<01:58,  5.37it/s]
  8%|▊         | 58/693 [00:15<02:08,  4.95it/s]
  9%|▊         | 59/693 [00:15<02:14,  4.73it/s]
  9%|▊         | 60/693 [00:15<02:18,  4.56it/s]
  9%|▉         | 61/693 [00:15<02:21,  4.47it/s]
  9%|▉         | 62/693 [00:16<02:22,  4.43it/s]
  9%|▉         | 63/693 [00:16<02:24,  4.35it/s]
  9%|▉         | 64/693 [00:16<02:22,  4.42it/s]
  9%|▉         | 65/693 [00:16<02:24,  4.35it/s]
 10%|▉         | 66/693 [00:17<02:23,  4.35it/s]
 10%|▉         | 67/693 [00:17<02:25,  4.30it/s]
 10%|▉         | 68/693 [00:17<02:21,  4.41it/s]
 10%|▉         | 69/693 [00:17<02:04,  5.02it/s]
 10%|█         | 70/693 [00:17<01:50,  5.64it/s]
 10%|█         | 71/693 [00:17<02:01,  5.11it/s]
 10%|█         | 72/693 [00:18<02:08,  4.82it/s]
 11%|█         | 73/693 [00:18<02:14,  4.60it/s]
 11%|█         | 74/693 [00:18<02:17,  4.50it/s]
 11%|█         | 75/693 [00:18<02:20,  4.41it/s]
 11%|█         | 76/693 [00:19<02:21,  4.36it/s]
 11%|█         | 77/693 [00:19<02:18,  4.45it/s]
 11%|█▏        | 78/693 [00:19<02:20,  4.39it/s]
 11%|█▏        | 79/693 [00:19<02:22,  4.32it/s]
 12%|█▏        | 80/693 [00:20<02:22,  4.32it/s]
 12%|█▏        | 81/693 [00:20<02:17,  4.45it/s]
 12%|█▏        | 82/693 [00:20<01:59,  5.13it/s]
 12%|█▏        | 83/693 [00:20<01:45,  5.80it/s]
 12%|█▏        | 84/693 [00:20<01:55,  5.28it/s]
 12%|█▏        | 85/693 [00:21<02:04,  4.89it/s]
 12%|█▏        | 86/693 [00:21<02:08,  4.71it/s]
 13%|█▎        | 87/693 [00:21<02:13,  4.54it/s]
 13%|█▎        | 88/693 [00:21<02:15,  4.48it/s]
 13%|█▎        | 89/693 [00:21<02:17,  4.38it/s]
 13%|█▎        | 90/693 [00:22<02:18,  4.37it/s]
 13%|█▎        | 91/693 [00:22<02:17,  4.37it/s]
 13%|█▎        | 92/693 [00:22<02:18,  4.35it/s]
 13%|█▎        | 93/693 [00:22<02:20,  4.28it/s]
 14%|█▎        | 94/693 [00:23<02:16,  4.39it/s]
 14%|█▎        | 95/693 [00:23<01:58,  5.06it/s]
 14%|█▍        | 96/693 [00:23<01:46,  5.62it/s]
 14%|█▍        | 97/693 [00:23<01:56,  5.12it/s]
 14%|█▍        | 98/693 [00:23<02:03,  4.82it/s]
 14%|█▍        | 99/693 [00:24<02:08,  4.61it/s]
 14%|█▍        | 100/693 [00:24<02:11,  4.53it/s]
 15%|█▍        | 101/693 [00:24<02:13,  4.42it/s]
 15%|█▍        | 102/693 [00:24<02:14,  4.41it/s]
 15%|█▍        | 103/693 [00:24<02:11,  4.48it/s]
 15%|█▌        | 104/693 [00:25<02:12,  4.46it/s]
 15%|█▌        | 105/693 [00:25<02:14,  4.38it/s]
 15%|█▌        | 106/693 [00:25<02:14,  4.38it/s]
 15%|█▌        | 107/693 [00:25<02:10,  4.49it/s]
 16%|█▌        | 108/693 [00:26<01:53,  5.16it/s]
 16%|█▌        | 109/693 [00:26<01:41,  5.75it/s]
 16%|█▌        | 110/693 [00:26<01:51,  5.25it/s]
 16%|█▌        | 111/693 [00:26<01:58,  4.90it/s]
 16%|█▌        | 112/693 [00:26<02:02,  4.73it/s]
 16%|█▋        | 113/693 [00:27<02:07,  4.56it/s]
 16%|█▋        | 114/693 [00:27<02:08,  4.51it/s]
 17%|█▋        | 115/693 [00:27<02:11,  4.41it/s]
 17%|█▋        | 116/693 [00:27<02:06,  4.57it/s]
 17%|█▋        | 117/693 [00:27<02:06,  4.56it/s]
 17%|█▋        | 118/693 [00:28<02:08,  4.48it/s]
 17%|█▋        | 119/693 [00:28<02:10,  4.41it/s]
 17%|█▋        | 120/693 [00:28<02:10,  4.38it/s]
 17%|█▋        | 121/693 [00:28<01:55,  4.97it/s]
 18%|█▊        | 122/693 [00:28<01:41,  5.60it/s]
 18%|█▊        | 123/693 [00:29<01:32,  6.15it/s]
 18%|█▊        | 124/693 [00:29<01:43,  5.48it/s]
 18%|█▊        | 125/693 [00:29<01:53,  5.01it/s]
 18%|█▊        | 126/693 [00:29<01:58,  4.77it/s]
 18%|█▊        | 127/693 [00:29<02:02,  4.62it/s]
 18%|█▊        | 128/693 [00:30<02:04,  4.52it/s]
 19%|█▊        | 129/693 [00:30<02:07,  4.42it/s]
 19%|█▉        | 130/693 [00:30<02:07,  4.42it/s]
 19%|█▉        | 131/693 [00:30<02:08,  4.37it/s]
 19%|█▉        | 132/693 [00:31<02:08,  4.37it/s]
 19%|█▉        | 133/693 [00:31<02:09,  4.33it/s]
 19%|█▉        | 134/693 [00:31<02:05,  4.45it/s]
 19%|█▉        | 135/693 [00:31<01:48,  5.13it/s]
 20%|█▉        | 136/693 [00:31<01:37,  5.72it/s]
 20%|█▉        | 137/693 [00:32<01:46,  5.20it/s]
 20%|█▉        | 138/693 [00:32<01:53,  4.90it/s]
 20%|██        | 139/693 [00:32<01:58,  4.69it/s]
 20%|██        | 140/693 [00:32<02:00,  4.58it/s]
 20%|██        | 141/693 [00:33<02:03,  4.46it/s]
 20%|██        | 142/693 [00:33<02:05,  4.39it/s]
 21%|██        | 143/693 [00:33<02:04,  4.40it/s]
 21%|██        | 144/693 [00:33<02:06,  4.33it/s]
 21%|██        | 145/693 [00:33<02:07,  4.30it/s]
 21%|██        | 146/693 [00:34<02:07,  4.30it/s]
 21%|██        | 147/693 [00:34<02:02,  4.45it/s]
 21%|██▏       | 148/693 [00:34<01:48,  5.02it/s]
 22%|██▏       | 149/693 [00:34<01:40,  5.42it/s]
 22%|██▏       | 150/693 [00:34<01:48,  5.00it/s]
 22%|██▏       | 151/693 [00:35<01:54,  4.73it/s]
 22%|██▏       | 152/693 [00:35<01:58,  4.56it/s]
 22%|██▏       | 153/693 [00:35<02:01,  4.45it/s]
 22%|██▏       | 154/693 [00:35<02:02,  4.40it/s]
 22%|██▏       | 155/693 [00:36<02:04,  4.33it/s]
 23%|██▎       | 156/693 [00:36<02:02,  4.37it/s]
 23%|██▎       | 157/693 [00:36<02:04,  4.31it/s]
 23%|██▎       | 158/693 [00:36<02:04,  4.30it/s]
 23%|██▎       | 159/693 [00:37<02:04,  4.29it/s]
 23%|██▎       | 160/693 [00:37<01:54,  4.64it/s]
 23%|██▎       | 161/693 [00:37<01:40,  5.30it/s]
 23%|██▎       | 162/693 [00:37<01:36,  5.49it/s]
 24%|██▎       | 163/693 [00:37<01:45,  5.00it/s]
 24%|██▎       | 164/693 [00:37<01:51,  4.76it/s]
 24%|██▍       | 165/693 [00:38<01:55,  4.56it/s]
 24%|██▍       | 166/693 [00:38<01:57,  4.47it/s]
 24%|██▍       | 167/693 [00:38<01:59,  4.39it/s]
 24%|██▍       | 168/693 [00:38<02:00,  4.36it/s]
 24%|██▍       | 169/693 [00:39<01:59,  4.39it/s]
 25%|██▍       | 170/693 [00:39<01:59,  4.37it/s]
 25%|██▍       | 171/693 [00:39<02:00,  4.33it/s]
 25%|██▍       | 172/693 [00:39<02:00,  4.31it/s]
 25%|██▍       | 173/693 [00:40<01:50,  4.72it/s]
 25%|██▌       | 174/693 [00:40<01:39,  5.21it/s]
 25%|██▌       | 175/693 [00:40<01:43,  5.00it/s]
 25%|██▌       | 176/693 [00:40<01:48,  4.75it/s]
 26%|██▌       | 177/693 [00:40<01:53,  4.56it/s]
 26%|██▌       | 178/693 [00:41<03:08,  2.73it/s]
 26%|██▌       | 179/693 [00:41<02:48,  3.05it/s]
 26%|██▌       | 180/693 [00:42<02:33,  3.35it/s]
 26%|██▌       | 181/693 [00:42<02:22,  3.60it/s]
 26%|██▋       | 182/693 [00:42<02:00,  4.25it/s]
 26%|██▋       | 183/693 [00:42<01:43,  4.92it/s]
 27%|██▋       | 184/693 [00:42<01:46,  4.77it/s]
 27%|██▋       | 185/693 [00:42<01:50,  4.60it/s]
 27%|██▋       | 186/693 [00:43<01:52,  4.49it/s]
 27%|██▋       | 187/693 [00:43<01:54,  4.40it/s]
 27%|██▋       | 188/693 [00:43<01:55,  4.37it/s]
 27%|██▋       | 189/693 [00:43<01:56,  4.31it/s]
 27%|██▋       | 190/693 [00:44<01:52,  4.47it/s]
 28%|██▊       | 191/693 [00:44<01:51,  4.50it/s]
 28%|██▊       | 192/693 [00:44<01:53,  4.41it/s]
 28%|██▊       | 193/693 [00:44<01:54,  4.37it/s]
 28%|██▊       | 194/693 [00:45<01:54,  4.35it/s]
 28%|██▊       | 195/693 [00:45<01:41,  4.92it/s]
 28%|██▊       | 196/693 [00:45<01:31,  5.41it/s]
 28%|██▊       | 197/693 [00:45<01:39,  4.97it/s]
 29%|██▊       | 198/693 [00:45<01:44,  4.74it/s]
 29%|██▊       | 199/693 [00:46<01:47,  4.58it/s]
 29%|██▉       | 200/693 [00:46<01:49,  4.49it/s]
 29%|██▉       | 201/693 [00:46<01:51,  4.40it/s]
 29%|██▉       | 202/693 [00:46<01:53,  4.34it/s]
 29%|██▉       | 203/693 [00:46<01:50,  4.44it/s]
 29%|██▉       | 204/693 [00:47<01:51,  4.37it/s]
 30%|██▉       | 205/693 [00:47<01:52,  4.35it/s]
 30%|██▉       | 206/693 [00:47<01:53,  4.31it/s]
 30%|██▉       | 207/693 [00:47<01:47,  4.51it/s]
 30%|███       | 208/693 [00:48<01:35,  5.06it/s]
 30%|███       | 209/693 [00:48<01:29,  5.40it/s]
 30%|███       | 210/693 [00:48<01:36,  4.99it/s]
 30%|███       | 211/693 [00:48<01:41,  4.74it/s]
 31%|███       | 212/693 [00:48<01:45,  4.56it/s]
 31%|███       | 213/693 [00:49<01:47,  4.46it/s]
 31%|███       | 214/693 [00:49<01:49,  4.39it/s]
 31%|███       | 215/693 [00:49<01:50,  4.33it/s]
 31%|███       | 216/693 [00:49<01:47,  4.42it/s]
 31%|███▏      | 217/693 [00:50<01:50,  4.31it/s]
 31%|███▏      | 218/693 [00:50<01:50,  4.32it/s]
 32%|███▏      | 219/693 [00:50<01:49,  4.31it/s]
 32%|███▏      | 220/693 [00:50<01:42,  4.64it/s]
 32%|███▏      | 221/693 [00:50<01:29,  5.29it/s]
 32%|███▏      | 222/693 [00:50<01:25,  5.49it/s]
 32%|███▏      | 223/693 [00:51<01:33,  5.01it/s]
 32%|███▏      | 224/693 [00:51<01:38,  4.77it/s]
 32%|███▏      | 225/693 [00:51<01:42,  4.58it/s]
 33%|███▎      | 226/693 [00:51<01:44,  4.48it/s]
 33%|███▎      | 227/693 [00:52<01:46,  4.40it/s]
 33%|███▎      | 228/693 [00:52<01:47,  4.34it/s]
 33%|███▎      | 229/693 [00:52<01:46,  4.35it/s]
 33%|███▎      | 230/693 [00:52<01:47,  4.31it/s]
 33%|███▎      | 231/693 [00:53<01:46,  4.32it/s]
 33%|███▎      | 232/693 [00:53<01:47,  4.31it/s]
 34%|███▎      | 233/693 [00:53<01:37,  4.70it/s]
 34%|███▍      | 234/693 [00:53<01:28,  5.21it/s]
 34%|███▍      | 235/693 [00:53<01:29,  5.11it/s]
 34%|███▍      | 236/693 [00:54<01:34,  4.82it/s]
 34%|███▍      | 237/693 [00:54<01:38,  4.62it/s]
 34%|███▍      | 238/693 [00:54<01:40,  4.51it/s]
 34%|███▍      | 239/693 [00:54<01:42,  4.43it/s]
 35%|███▍      | 240/693 [00:55<01:43,  4.38it/s]
 35%|███▍      | 241/693 [00:55<01:40,  4.49it/s]
 35%|███▍      | 242/693 [00:55<01:39,  4.53it/s]
 35%|███▌      | 243/693 [00:55<01:41,  4.44it/s]
 35%|███▌      | 244/693 [00:55<01:42,  4.39it/s]
 35%|███▌      | 245/693 [00:56<01:42,  4.35it/s]
 35%|███▌      | 246/693 [00:56<01:32,  4.85it/s]
 36%|███▌      | 247/693 [00:56<01:23,  5.33it/s]
 36%|███▌      | 248/693 [00:56<01:26,  5.17it/s]
 36%|███▌      | 249/693 [00:56<01:31,  4.83it/s]
 36%|███▌      | 250/693 [00:57<01:35,  4.62it/s]
 36%|███▌      | 251/693 [00:57<01:38,  4.47it/s]
 36%|███▋      | 252/693 [00:57<01:40,  4.37it/s]
 37%|███▋      | 253/693 [00:57<01:42,  4.30it/s]
 37%|███▋      | 254/693 [00:58<01:42,  4.26it/s]
 37%|███▋      | 255/693 [00:58<01:43,  4.25it/s]
 37%|███▋      | 256/693 [00:58<01:43,  4.22it/s]
 37%|███▋      | 257/693 [00:58<01:43,  4.23it/s]
 37%|███▋      | 258/693 [00:59<01:39,  4.37it/s]
 37%|███▋      | 259/693 [00:59<01:26,  5.00it/s]
 38%|███▊      | 260/693 [00:59<01:19,  5.43it/s]
 38%|███▊      | 261/693 [00:59<01:26,  5.02it/s]
 38%|███▊      | 262/693 [00:59<01:30,  4.77it/s]
 38%|███▊      | 263/693 [01:00<01:34,  4.57it/s]
 38%|███▊      | 264/693 [01:00<01:35,  4.47it/s]
 38%|███▊      | 265/693 [01:00<01:37,  4.38it/s]
 38%|███▊      | 266/693 [01:00<01:38,  4.33it/s]
 39%|███▊      | 267/693 [01:00<01:33,  4.53it/s]
 39%|███▊      | 268/693 [01:01<01:35,  4.44it/s]
 39%|███▉      | 269/693 [01:01<01:36,  4.38it/s]
 39%|███▉      | 270/693 [01:01<01:37,  4.32it/s]
 39%|███▉      | 271/693 [01:01<01:34,  4.46it/s]
 39%|███▉      | 272/693 [01:01<01:21,  5.14it/s]
 39%|███▉      | 273/693 [01:02<01:13,  5.75it/s]
 40%|███▉      | 274/693 [01:02<01:18,  5.33it/s]
 40%|███▉      | 275/693 [01:02<01:25,  4.91it/s]
 40%|███▉      | 276/693 [01:02<01:29,  4.68it/s]
 40%|███▉      | 277/693 [01:03<01:32,  4.50it/s]
 40%|████      | 278/693 [01:03<01:34,  4.40it/s]
 40%|████      | 279/693 [01:03<01:35,  4.35it/s]
 40%|████      | 280/693 [01:03<01:34,  4.39it/s]
 41%|████      | 281/693 [01:03<01:34,  4.34it/s]
 41%|████      | 282/693 [01:04<01:35,  4.31it/s]
 41%|████      | 283/693 [01:04<01:35,  4.28it/s]
 41%|████      | 284/693 [01:04<01:31,  4.46it/s]
 41%|████      | 285/693 [01:04<01:19,  5.12it/s]
 41%|████▏     | 286/693 [01:04<01:11,  5.69it/s]
 41%|████▏     | 287/693 [01:05<01:18,  5.18it/s]
 42%|████▏     | 288/693 [01:05<01:23,  4.84it/s]
 42%|████▏     | 289/693 [01:05<01:27,  4.62it/s]
 42%|████▏     | 290/693 [01:05<01:29,  4.50it/s]
 42%|████▏     | 291/693 [01:06<01:31,  4.41it/s]
 42%|████▏     | 292/693 [01:06<01:32,  4.34it/s]
 42%|████▏     | 293/693 [01:06<01:29,  4.47it/s]
 42%|████▏     | 294/693 [01:06<01:30,  4.39it/s]
 43%|████▎     | 295/693 [01:06<01:31,  4.37it/s]
 43%|████▎     | 296/693 [01:07<01:31,  4.36it/s]
 43%|████▎     | 297/693 [01:07<01:27,  4.54it/s]
 43%|████▎     | 298/693 [01:07<01:15,  5.20it/s]
 43%|████▎     | 299/693 [01:07<01:07,  5.81it/s]
 43%|████▎     | 300/693 [01:07<01:13,  5.33it/s]
 43%|████▎     | 301/693 [01:08<01:19,  4.93it/s]
 44%|████▎     | 302/693 [01:08<01:22,  4.76it/s]
 44%|████▎     | 303/693 [01:08<01:26,  4.53it/s]
 44%|████▍     | 304/693 [01:08<01:27,  4.44it/s]
 44%|████▍     | 305/693 [01:09<01:28,  4.37it/s]
 44%|████▍     | 306/693 [01:09<01:28,  4.36it/s]
 44%|████▍     | 307/693 [01:09<01:29,  4.33it/s]
 44%|████▍     | 308/693 [01:09<01:29,  4.30it/s]
 45%|████▍     | 309/693 [01:10<01:29,  4.28it/s]
 45%|████▍     | 310/693 [01:10<01:27,  4.40it/s]
 45%|████▍     | 311/693 [01:10<01:15,  5.05it/s]
 45%|████▌     | 312/693 [01:10<01:07,  5.66it/s]
 45%|████▌     | 313/693 [01:10<01:13,  5.18it/s]
 45%|████▌     | 314/693 [01:10<01:18,  4.83it/s]
 45%|████▌     | 315/693 [01:11<01:21,  4.62it/s]
 46%|████▌     | 316/693 [01:11<01:23,  4.49it/s]
 46%|████▌     | 317/693 [01:11<01:25,  4.39it/s]
 46%|████▌     | 318/693 [01:11<01:26,  4.33it/s]
 46%|████▌     | 319/693 [01:12<01:23,  4.48it/s]
 46%|████▌     | 320/693 [01:12<01:24,  4.39it/s]
 46%|████▋     | 321/693 [01:12<01:25,  4.36it/s]
 46%|████▋     | 322/693 [01:12<01:25,  4.34it/s]
 47%|████▋     | 323/693 [01:13<01:26,  4.29it/s]
 47%|████▋     | 324/693 [01:13<01:17,  4.73it/s]
 47%|████▋     | 325/693 [01:13<01:15,  4.88it/s]
 47%|████▋     | 326/693 [01:13<01:19,  4.62it/s]
 47%|████▋     | 327/693 [01:13<01:21,  4.47it/s]
 47%|████▋     | 328/693 [01:14<01:23,  4.39it/s]
 47%|████▋     | 329/693 [01:14<01:23,  4.33it/s]
 48%|████▊     | 330/693 [01:14<01:23,  4.32it/s]
 48%|████▊     | 331/693 [01:14<01:23,  4.34it/s]
 48%|████▊     | 332/693 [01:15<01:20,  4.49it/s]
 48%|████▊     | 333/693 [01:15<01:21,  4.41it/s]
 48%|████▊     | 334/693 [01:15<01:22,  4.36it/s]
 48%|████▊     | 335/693 [01:15<01:22,  4.34it/s]
 48%|████▊     | 336/693 [01:15<01:14,  4.82it/s]
 49%|████▊     | 337/693 [01:16<01:05,  5.43it/s]
 49%|████▉     | 338/693 [01:16<01:10,  5.02it/s]
 49%|████▉     | 339/693 [01:16<01:14,  4.76it/s]
 49%|████▉     | 340/693 [01:16<01:16,  4.61it/s]
 49%|████▉     | 341/693 [01:16<01:18,  4.47it/s]
 49%|████▉     | 342/693 [01:17<01:19,  4.42it/s]
 49%|████▉     | 343/693 [01:17<01:20,  4.36it/s]
 50%|████▉     | 344/693 [01:17<01:19,  4.38it/s]
 50%|████▉     | 345/693 [01:17<01:20,  4.33it/s]
 50%|████▉     | 346/693 [01:18<01:20,  4.29it/s]
 50%|█████     | 347/693 [01:18<01:20,  4.30it/s]
 50%|█████     | 348/693 [01:18<01:17,  4.44it/s]
 50%|█████     | 349/693 [01:18<01:07,  5.11it/s]
 51%|█████     | 350/693 [01:18<01:03,  5.37it/s]
 51%|█████     | 351/693 [01:19<01:08,  4.96it/s]
 51%|█████     | 352/693 [01:19<01:12,  4.72it/s]
 51%|█████     | 353/693 [01:19<01:14,  4.56it/s]
 51%|█████     | 354/693 [01:19<01:16,  4.46it/s]
 51%|█████     | 355/693 [01:20<01:17,  4.38it/s]
 51%|█████▏    | 356/693 [01:20<01:17,  4.35it/s]
 52%|█████▏    | 357/693 [01:20<01:16,  4.38it/s]
 52%|█████▏    | 358/693 [01:20<01:17,  4.34it/s]
 52%|█████▏    | 359/693 [01:20<01:17,  4.32it/s]
 52%|█████▏    | 360/693 [01:21<01:17,  4.31it/s]
 52%|█████▏    | 361/693 [01:21<01:10,  4.70it/s]
 52%|█████▏    | 362/693 [01:21<01:03,  5.22it/s]
 52%|█████▏    | 363/693 [01:21<01:07,  4.90it/s]
 53%|█████▎    | 364/693 [01:21<01:10,  4.69it/s]
 53%|█████▎    | 365/693 [01:22<01:12,  4.54it/s]
 53%|█████▎    | 366/693 [01:22<01:13,  4.43it/s]
 53%|█████▎    | 367/693 [01:22<01:14,  4.38it/s]
 53%|█████▎    | 368/693 [01:22<01:14,  4.35it/s]
 53%|█████▎    | 369/693 [01:23<01:14,  4.37it/s]
 53%|█████▎    | 370/693 [01:23<01:14,  4.35it/s]
 54%|█████▎    | 371/693 [01:23<01:14,  4.32it/s]
 54%|█████▎    | 372/693 [01:23<01:14,  4.32it/s]
 54%|█████▍    | 373/693 [01:24<01:12,  4.44it/s]
 54%|█████▍    | 374/693 [01:24<01:03,  5.04it/s]
 54%|█████▍    | 375/693 [01:24<00:58,  5.39it/s]
 54%|█████▍    | 376/693 [01:24<01:02,  5.04it/s]
 54%|█████▍    | 377/693 [01:24<01:06,  4.75it/s]
 55%|█████▍    | 378/693 [01:25<01:08,  4.61it/s]
 55%|█████▍    | 379/693 [01:25<01:10,  4.48it/s]
 55%|█████▍    | 380/693 [01:25<01:10,  4.42it/s]
 55%|█████▍    | 381/693 [01:25<01:11,  4.38it/s]
 55%|█████▌    | 382/693 [01:25<01:08,  4.53it/s]
 55%|█████▌    | 383/693 [01:26<01:09,  4.46it/s]
 55%|█████▌    | 384/693 [01:26<01:09,  4.43it/s]
 56%|█████▌    | 385/693 [01:26<01:40,  3.07it/s]
 56%|█████▌    | 386/693 [01:27<01:31,  3.36it/s]
 56%|█████▌    | 387/693 [01:27<01:25,  3.58it/s]
 56%|█████▌    | 388/693 [01:27<01:22,  3.70it/s]
 56%|█████▌    | 389/693 [01:27<01:19,  3.84it/s]
 56%|█████▋    | 390/693 [01:28<01:16,  3.94it/s]
 56%|█████▋    | 391/693 [01:28<01:15,  4.01it/s]
 57%|█████▋    | 392/693 [01:28<01:14,  4.04it/s]
 57%|█████▋    | 393/693 [01:28<01:13,  4.10it/s]
 57%|█████▋    | 394/693 [01:29<01:12,  4.12it/s]
 57%|█████▋    | 395/693 [01:29<01:09,  4.29it/s]
 57%|█████▋    | 396/693 [01:29<01:00,  4.89it/s]
 57%|█████▋    | 397/693 [01:29<00:54,  5.42it/s]
 57%|█████▋    | 398/693 [01:29<00:59,  4.97it/s]
 58%|█████▊    | 399/693 [01:30<01:02,  4.72it/s]
 58%|█████▊    | 400/693 [01:30<01:04,  4.53it/s]
 58%|█████▊    | 401/693 [01:30<01:05,  4.43it/s]
 58%|█████▊    | 402/693 [01:30<01:06,  4.36it/s]
 58%|█████▊    | 403/693 [01:31<01:06,  4.33it/s]
 58%|█████▊    | 404/693 [01:31<01:02,  4.59it/s]
 58%|█████▊    | 405/693 [01:31<01:04,  4.48it/s]
 59%|█████▊    | 406/693 [01:31<01:04,  4.44it/s]
 59%|█████▊    | 407/693 [01:31<01:05,  4.37it/s]
 59%|█████▉    | 408/693 [01:32<01:02,  4.55it/s]
 59%|█████▉    | 409/693 [01:32<00:54,  5.23it/s]
 59%|█████▉    | 410/693 [01:32<00:48,  5.79it/s]
 59%|█████▉    | 411/693 [01:32<00:51,  5.48it/s]
 59%|█████▉    | 412/693 [01:32<00:55,  5.08it/s]
 60%|█████▉    | 413/693 [01:33<00:58,  4.77it/s]
 60%|█████▉    | 414/693 [01:33<01:00,  4.65it/s]
 60%|█████▉    | 415/693 [01:33<01:01,  4.51it/s]
 60%|██████    | 416/693 [01:33<01:02,  4.46it/s]
 60%|██████    | 417/693 [01:33<01:01,  4.51it/s]
 60%|██████    | 418/693 [01:34<00:59,  4.59it/s]
 60%|██████    | 419/693 [01:34<01:02,  4.41it/s]
 61%|██████    | 420/693 [01:34<01:02,  4.37it/s]
 61%|██████    | 421/693 [01:34<01:02,  4.33it/s]
 61%|██████    | 422/693 [01:35<00:56,  4.81it/s]
 61%|██████    | 423/693 [01:35<00:49,  5.48it/s]
 61%|██████    | 424/693 [01:35<00:49,  5.40it/s]
 61%|██████▏   | 425/693 [01:35<00:53,  4.96it/s]
 61%|██████▏   | 426/693 [01:35<00:56,  4.73it/s]
 62%|██████▏   | 427/693 [01:36<00:58,  4.55it/s]
 62%|██████▏   | 428/693 [01:36<00:59,  4.46it/s]
 62%|██████▏   | 429/693 [01:36<01:00,  4.37it/s]
 62%|██████▏   | 430/693 [01:36<00:59,  4.45it/s]
 62%|██████▏   | 431/693 [01:36<00:58,  4.50it/s]
 62%|██████▏   | 432/693 [01:37<00:59,  4.42it/s]
 62%|██████▏   | 433/693 [01:37<00:59,  4.37it/s]
 63%|██████▎   | 434/693 [01:37<00:59,  4.36it/s]
 63%|██████▎   | 435/693 [01:37<00:51,  4.98it/s]
 63%|██████▎   | 436/693 [01:37<00:46,  5.58it/s]
 63%|██████▎   | 437/693 [01:38<00:47,  5.41it/s]
 63%|██████▎   | 438/693 [01:38<00:50,  5.05it/s]
 63%|██████▎   | 439/693 [01:38<00:53,  4.78it/s]
 63%|██████▎   | 440/693 [01:38<00:54,  4.64it/s]
 64%|██████▎   | 441/693 [01:39<00:55,  4.50it/s]
 64%|██████▍   | 442/693 [01:39<00:56,  4.45it/s]
 64%|██████▍   | 443/693 [01:39<00:57,  4.36it/s]
 64%|██████▍   | 444/693 [01:39<00:54,  4.54it/s]
 64%|██████▍   | 445/693 [01:40<00:56,  4.42it/s]
 64%|██████▍   | 446/693 [01:40<00:56,  4.39it/s]
 65%|██████▍   | 447/693 [01:40<00:56,  4.39it/s]
 65%|██████▍   | 448/693 [01:40<00:50,  4.86it/s]
 65%|██████▍   | 449/693 [01:40<00:44,  5.54it/s]
 65%|██████▍   | 450/693 [01:40<00:40,  5.94it/s]
 65%|██████▌   | 451/693 [01:41<00:45,  5.30it/s]
 65%|██████▌   | 452/693 [01:41<00:48,  4.97it/s]
 65%|██████▌   | 453/693 [01:41<00:50,  4.72it/s]
 66%|██████▌   | 454/693 [01:41<00:51,  4.61it/s]
 66%|██████▌   | 455/693 [01:42<00:52,  4.49it/s]
 66%|██████▌   | 456/693 [01:42<00:53,  4.45it/s]
 66%|██████▌   | 457/693 [01:42<00:53,  4.44it/s]
 66%|██████▌   | 458/693 [01:42<00:53,  4.41it/s]
 66%|██████▌   | 459/693 [01:42<00:53,  4.37it/s]
 66%|██████▋   | 460/693 [01:43<00:53,  4.37it/s]
 67%|██████▋   | 461/693 [01:43<00:52,  4.45it/s]
 67%|██████▋   | 462/693 [01:43<00:44,  5.14it/s]
 67%|██████▋   | 463/693 [01:43<00:39,  5.77it/s]
 67%|██████▋   | 464/693 [01:43<00:41,  5.52it/s]
 67%|██████▋   | 465/693 [01:44<00:45,  5.05it/s]
 67%|██████▋   | 466/693 [01:44<00:47,  4.82it/s]
 67%|██████▋   | 467/693 [01:44<00:48,  4.63it/s]
 68%|██████▊   | 468/693 [01:44<00:49,  4.52it/s]
 68%|██████▊   | 469/693 [01:45<00:50,  4.42it/s]
 68%|██████▊   | 470/693 [01:45<00:50,  4.41it/s]
 68%|██████▊   | 471/693 [01:45<00:48,  4.60it/s]
 68%|██████▊   | 472/693 [01:45<00:49,  4.51it/s]
 68%|██████▊   | 473/693 [01:45<00:49,  4.42it/s]
 68%|██████▊   | 474/693 [01:46<00:49,  4.42it/s]
 69%|██████▊   | 475/693 [01:46<00:44,  4.85it/s]
 69%|██████▊   | 476/693 [01:46<00:39,  5.50it/s]
 69%|██████▉   | 477/693 [01:46<00:36,  5.99it/s]
 69%|██████▉   | 478/693 [01:46<00:39,  5.38it/s]
 69%|██████▉   | 479/693 [01:47<00:43,  4.97it/s]
 69%|██████▉   | 480/693 [01:47<00:44,  4.77it/s]
 69%|██████▉   | 481/693 [01:47<00:46,  4.60it/s]
 70%|██████▉   | 482/693 [01:47<00:46,  4.51it/s]
 70%|██████▉   | 483/693 [01:47<00:47,  4.42it/s]
 70%|██████▉   | 484/693 [01:48<00:47,  4.41it/s]
 70%|██████▉   | 485/693 [01:48<00:47,  4.37it/s]
 70%|███████   | 486/693 [01:48<00:47,  4.37it/s]
 70%|███████   | 487/693 [01:48<00:47,  4.34it/s]
 70%|███████   | 488/693 [01:49<00:46,  4.44it/s]
 71%|███████   | 489/693 [01:49<00:39,  5.15it/s]
 71%|███████   | 490/693 [01:49<00:35,  5.71it/s]
 71%|███████   | 491/693 [01:49<00:37,  5.44it/s]
 71%|███████   | 492/693 [01:49<00:40,  5.00it/s]
 71%|███████   | 493/693 [01:50<00:42,  4.73it/s]
 71%|███████▏  | 494/693 [01:50<00:43,  4.58it/s]
 71%|███████▏  | 495/693 [01:50<00:44,  4.45it/s]
 72%|███████▏  | 496/693 [01:50<00:44,  4.39it/s]
 72%|███████▏  | 497/693 [01:50<00:44,  4.43it/s]
 72%|███████▏  | 498/693 [01:51<00:44,  4.43it/s]
 72%|███████▏  | 499/693 [01:51<00:44,  4.38it/s]
 72%|███████▏  | 500/693 [01:51<00:44,  4.36it/s]
 72%|███████▏  | 501/693 [01:51<00:44,  4.35it/s]
 72%|███████▏  | 502/693 [01:52<00:38,  4.92it/s]
 73%|███████▎  | 503/693 [01:52<00:34,  5.57it/s]
 73%|███████▎  | 504/693 [01:52<00:35,  5.40it/s]
 73%|███████▎  | 505/693 [01:52<00:37,  4.95it/s]
 73%|███████▎  | 506/693 [01:52<00:39,  4.72it/s]
 73%|███████▎  | 507/693 [01:53<00:40,  4.55it/s]
 73%|███████▎  | 508/693 [01:53<00:41,  4.45it/s]
 73%|███████▎  | 509/693 [01:53<00:42,  4.37it/s]
 74%|███████▎  | 510/693 [01:53<00:41,  4.46it/s]
 74%|███████▎  | 511/693 [01:53<00:40,  4.52it/s]
 74%|███████▍  | 512/693 [01:54<00:40,  4.47it/s]
 74%|███████▍  | 513/693 [01:54<00:40,  4.42it/s]
 74%|███████▍  | 514/693 [01:54<00:40,  4.39it/s]
 74%|███████▍  | 515/693 [01:54<00:37,  4.79it/s]
 74%|███████▍  | 516/693 [01:54<00:32,  5.37it/s]
 75%|███████▍  | 517/693 [01:55<00:33,  5.18it/s]
 75%|███████▍  | 518/693 [01:55<00:36,  4.83it/s]
 75%|███████▍  | 519/693 [01:55<00:37,  4.60it/s]
 75%|███████▌  | 520/693 [01:55<00:38,  4.46it/s]
 75%|███████▌  | 521/693 [01:56<00:39,  4.37it/s]
 75%|███████▌  | 522/693 [01:56<00:40,  4.27it/s]
 75%|███████▌  | 523/693 [01:56<00:39,  4.35it/s]
 76%|███████▌  | 524/693 [01:56<00:39,  4.31it/s]
 76%|███████▌  | 525/693 [01:57<00:39,  4.28it/s]
 76%|███████▌  | 526/693 [01:57<00:39,  4.26it/s]
 76%|███████▌  | 527/693 [01:57<00:37,  4.44it/s]
 76%|███████▌  | 528/693 [01:57<00:33,  5.00it/s]
 76%|███████▋  | 529/693 [01:57<00:29,  5.52it/s]
 76%|███████▋  | 530/693 [01:58<00:32,  5.02it/s]
 77%|███████▋  | 531/693 [01:58<00:34,  4.74it/s]
 77%|███████▋  | 532/693 [01:58<00:35,  4.55it/s]
 77%|███████▋  | 533/693 [01:58<00:36,  4.44it/s]
 77%|███████▋  | 534/693 [01:58<00:36,  4.36it/s]
 77%|███████▋  | 535/693 [01:59<00:36,  4.31it/s]
 77%|███████▋  | 536/693 [01:59<00:36,  4.35it/s]
 77%|███████▋  | 537/693 [01:59<00:36,  4.32it/s]
 78%|███████▊  | 538/693 [01:59<00:35,  4.31it/s]
 78%|███████▊  | 539/693 [02:00<00:35,  4.29it/s]
 78%|███████▊  | 540/693 [02:00<00:32,  4.64it/s]
 78%|███████▊  | 541/693 [02:00<00:28,  5.30it/s]
 78%|███████▊  | 542/693 [02:00<00:26,  5.61it/s]
 78%|███████▊  | 543/693 [02:00<00:29,  5.11it/s]
 78%|███████▊  | 544/693 [02:01<00:30,  4.82it/s]
 79%|███████▊  | 545/693 [02:01<00:31,  4.63it/s]
 79%|███████▉  | 546/693 [02:01<00:32,  4.51it/s]
 79%|███████▉  | 547/693 [02:01<00:33,  4.41it/s]
 79%|███████▉  | 548/693 [02:02<00:33,  4.37it/s]
 79%|███████▉  | 549/693 [02:02<00:31,  4.52it/s]
 79%|███████▉  | 550/693 [02:02<00:32,  4.46it/s]
 80%|███████▉  | 551/693 [02:02<00:32,  4.40it/s]
 80%|███████▉  | 552/693 [02:02<00:32,  4.35it/s]
 80%|███████▉  | 553/693 [02:03<00:30,  4.52it/s]
 80%|███████▉  | 554/693 [02:03<00:27,  5.09it/s]
 80%|████████  | 555/693 [02:03<00:24,  5.64it/s]
 80%|████████  | 556/693 [02:03<00:26,  5.20it/s]
 80%|████████  | 557/693 [02:03<00:27,  4.89it/s]
 81%|████████  | 558/693 [02:04<00:28,  4.72it/s]
 81%|████████  | 559/693 [02:04<00:29,  4.56it/s]
 81%|████████  | 560/693 [02:04<00:29,  4.49it/s]
 81%|████████  | 561/693 [02:04<00:29,  4.42it/s]
 81%|████████  | 562/693 [02:04<00:28,  4.58it/s]
 81%|████████  | 563/693 [02:05<00:28,  4.50it/s]
 81%|████████▏ | 564/693 [02:05<00:28,  4.46it/s]
 82%|████████▏ | 565/693 [02:05<00:29,  4.38it/s]
 82%|████████▏ | 566/693 [02:05<00:28,  4.40it/s]
 82%|████████▏ | 567/693 [02:06<00:24,  5.07it/s]
 82%|████████▏ | 568/693 [02:06<00:22,  5.67it/s]
 82%|████████▏ | 569/693 [02:06<00:22,  5.55it/s]
 82%|████████▏ | 570/693 [02:06<00:24,  5.12it/s]
 82%|████████▏ | 571/693 [02:06<00:25,  4.80it/s]
 83%|████████▎ | 572/693 [02:07<00:26,  4.65it/s]
 83%|████████▎ | 573/693 [02:07<00:26,  4.51it/s]
 83%|████████▎ | 574/693 [02:07<00:26,  4.46it/s]
 83%|████████▎ | 575/693 [02:07<00:27,  4.36it/s]
 83%|████████▎ | 576/693 [02:07<00:25,  4.55it/s]
 83%|████████▎ | 577/693 [02:08<00:26,  4.46it/s]
 83%|████████▎ | 578/693 [02:08<00:26,  4.39it/s]
 84%|████████▎ | 579/693 [02:08<00:26,  4.38it/s]
 84%|████████▎ | 580/693 [02:08<00:23,  4.81it/s]
 84%|████████▍ | 581/693 [02:08<00:20,  5.50it/s]
 84%|████████▍ | 582/693 [02:09<00:18,  5.92it/s]
 84%|████████▍ | 583/693 [02:09<00:20,  5.27it/s]
 84%|████████▍ | 584/693 [02:09<00:22,  4.95it/s]
 84%|████████▍ | 585/693 [02:09<00:22,  4.70it/s]
 85%|████████▍ | 586/693 [02:10<00:23,  4.59it/s]
 85%|████████▍ | 587/693 [02:10<00:23,  4.47it/s]
 85%|████████▍ | 588/693 [02:10<00:23,  4.43it/s]
 85%|████████▍ | 589/693 [02:10<00:23,  4.48it/s]
 85%|████████▌ | 590/693 [02:10<00:23,  4.44it/s]
 85%|████████▌ | 591/693 [02:11<00:23,  4.38it/s]
 85%|████████▌ | 592/693 [02:11<00:23,  4.36it/s]
 86%|████████▌ | 593/693 [02:11<00:22,  4.49it/s]
 86%|████████▌ | 594/693 [02:11<00:19,  5.15it/s]
 86%|████████▌ | 595/693 [02:11<00:16,  5.78it/s]
 86%|████████▌ | 596/693 [02:12<00:17,  5.47it/s]
 86%|████████▌ | 597/693 [02:12<00:18,  5.06it/s]
 86%|████████▋ | 598/693 [02:12<00:19,  4.83it/s]
 86%|████████▋ | 599/693 [02:12<00:20,  4.64it/s]
 87%|████████▋ | 600/693 [02:12<00:20,  4.54it/s]
 87%|████████▋ | 601/693 [02:13<00:20,  4.44it/s]
 87%|████████▋ | 602/693 [02:13<00:20,  4.41it/s]
 87%|████████▋ | 603/693 [02:13<00:19,  4.59it/s]
 87%|████████▋ | 604/693 [02:13<00:19,  4.50it/s]
 87%|████████▋ | 605/693 [02:14<00:19,  4.43it/s]
 87%|████████▋ | 606/693 [02:14<00:19,  4.40it/s]
 88%|████████▊ | 607/693 [02:14<00:17,  4.84it/s]
 88%|████████▊ | 608/693 [02:14<00:15,  5.47it/s]
 88%|████████▊ | 609/693 [02:14<00:14,  5.85it/s]
 88%|████████▊ | 610/693 [02:15<00:15,  5.29it/s]
 88%|████████▊ | 611/693 [02:15<00:16,  4.89it/s]
 88%|████████▊ | 612/693 [02:15<00:17,  4.69it/s]
 88%|████████▊ | 613/693 [02:15<00:17,  4.55it/s]
 89%|████████▊ | 614/693 [02:15<00:17,  4.47it/s]
 89%|████████▊ | 615/693 [02:16<00:17,  4.39it/s]
 89%|████████▉ | 616/693 [02:16<00:17,  4.50it/s]
 89%|████████▉ | 617/693 [02:16<00:17,  4.44it/s]
 89%|████████▉ | 618/693 [02:16<00:17,  4.36it/s]
 89%|████████▉ | 619/693 [02:17<00:17,  4.33it/s]
 89%|████████▉ | 620/693 [02:17<00:16,  4.52it/s]
 90%|████████▉ | 621/693 [02:17<00:13,  5.19it/s]
 90%|████████▉ | 622/693 [02:17<00:13,  5.43it/s]
 90%|████████▉ | 623/693 [02:17<00:14,  4.99it/s]
 90%|█████████ | 624/693 [02:18<00:14,  4.76it/s]
 90%|█████████ | 625/693 [02:18<00:14,  4.57it/s]
 90%|█████████ | 626/693 [02:18<00:15,  4.46it/s]
 90%|█████████ | 627/693 [02:18<00:15,  4.38it/s]
 91%|█████████ | 628/693 [02:19<00:14,  4.35it/s]
 91%|█████████ | 629/693 [02:19<00:14,  4.37it/s]
 91%|█████████ | 630/693 [02:20<00:32,  1.92it/s]
 91%|█████████ | 631/693 [02:20<00:27,  2.30it/s]
 91%|█████████ | 632/693 [02:20<00:22,  2.67it/s]
 91%|█████████▏| 633/693 [02:21<00:19,  3.12it/s]
 91%|█████████▏| 634/693 [02:21<00:17,  3.42it/s]
 92%|█████████▏| 635/693 [02:21<00:16,  3.62it/s]
 92%|█████████▏| 636/693 [02:21<00:14,  3.82it/s]
 92%|█████████▏| 637/693 [02:22<00:13,  4.06it/s]
 92%|█████████▏| 638/693 [02:22<00:11,  4.75it/s]
 92%|█████████▏| 639/693 [02:22<00:09,  5.41it/s]
 92%|█████████▏| 640/693 [02:22<00:10,  5.24it/s]
 92%|█████████▏| 641/693 [02:22<00:10,  4.87it/s]
 93%|█████████▎| 642/693 [02:22<00:10,  4.70it/s]
 93%|█████████▎| 643/693 [02:23<00:11,  4.53it/s]
 93%|█████████▎| 644/693 [02:23<00:10,  4.47it/s]
 93%|█████████▎| 645/693 [02:23<00:10,  4.37it/s]
 93%|█████████▎| 646/693 [02:23<00:10,  4.42it/s]
 93%|█████████▎| 647/693 [02:24<00:10,  4.53it/s]
 94%|█████████▎| 648/693 [02:24<00:10,  4.44it/s]
 94%|█████████▎| 649/693 [02:24<00:10,  4.38it/s]
 94%|█████████▍| 650/693 [02:24<00:09,  4.34it/s]
 94%|█████████▍| 651/693 [02:24<00:08,  4.85it/s]
 94%|█████████▍| 652/693 [02:25<00:07,  5.35it/s]
 94%|█████████▍| 653/693 [02:25<00:07,  5.16it/s]
 94%|█████████▍| 654/693 [02:25<00:07,  4.88it/s]
 95%|█████████▍| 655/693 [02:25<00:08,  4.66it/s]
 95%|█████████▍| 656/693 [02:25<00:08,  4.56it/s]
 95%|█████████▍| 657/693 [02:26<00:08,  4.46it/s]
 95%|█████████▍| 658/693 [02:26<00:07,  4.43it/s]
 95%|█████████▌| 659/693 [02:26<00:07,  4.48it/s]
 95%|█████████▌| 660/693 [02:26<00:07,  4.57it/s]
 95%|█████████▌| 661/693 [02:27<00:07,  4.45it/s]
 96%|█████████▌| 662/693 [02:27<00:07,  4.41it/s]
 96%|█████████▌| 663/693 [02:27<00:06,  4.37it/s]
 96%|█████████▌| 664/693 [02:27<00:05,  4.91it/s]
 96%|█████████▌| 665/693 [02:27<00:05,  5.60it/s]
 96%|█████████▌| 666/693 [02:27<00:04,  6.00it/s]
 96%|█████████▌| 667/693 [02:28<00:04,  5.34it/s]
 96%|█████████▋| 668/693 [02:28<00:04,  5.01it/s]
 97%|█████████▋| 669/693 [02:28<00:05,  4.74it/s]
 97%|█████████▋| 670/693 [02:28<00:04,  4.63it/s]
 97%|█████████▋| 671/693 [02:29<00:04,  4.49it/s]
 97%|█████████▋| 672/693 [02:29<00:04,  4.45it/s]
 97%|█████████▋| 673/693 [02:29<00:04,  4.49it/s]
 97%|█████████▋| 674/693 [02:29<00:04,  4.45it/s]
 97%|█████████▋| 675/693 [02:30<00:04,  4.37it/s]
 98%|█████████▊| 676/693 [02:30<00:03,  4.36it/s]
 98%|█████████▊| 677/693 [02:30<00:03,  4.44it/s]
 98%|█████████▊| 678/693 [02:30<00:02,  5.10it/s]
 98%|█████████▊| 679/693 [02:30<00:02,  5.71it/s]
 98%|█████████▊| 680/693 [02:30<00:02,  5.43it/s]
 98%|█████████▊| 681/693 [02:31<00:02,  5.00it/s]
 98%|█████████▊| 682/693 [02:31<00:02,  4.81it/s]
 99%|█████████▊| 683/693 [02:31<00:02,  4.62it/s]
 99%|█████████▊| 684/693 [02:31<00:01,  4.54it/s]
 99%|█████████▉| 685/693 [02:32<00:01,  4.42it/s]
 99%|█████████▉| 686/693 [02:32<00:01,  4.42it/s]
 99%|█████████▉| 687/693 [02:32<00:01,  4.59it/s]
 99%|█████████▉| 688/693 [02:32<00:01,  4.54it/s]
 99%|█████████▉| 689/693 [02:33<00:00,  4.45it/s]
100%|█████████▉| 690/693 [02:33<00:00,  4.45it/s]
100%|█████████▉| 691/693 [02:33<00:00,  4.82it/s]
100%|█████████▉| 692/693 [02:33<00:00,  5.49it/s]
100%|██████████| 693/693 [02:33<00:00,  6.12it/s]
100%|██████████| 693/693 [02:33<00:00,  4.51it/s]
Training loss: 0.5921666607540235, KL loss: 0.33062786531525773, Sim loss: 7.068399409534632e-05, Exo CLS loss: 0.46714739758429935, 
Noun sim loss: 0.11774084905181269, Part sim loss: 0.14733970556596312, Proto loss: 0.9736514328018068, Conc loss: 0.0928278240828115
learning rate:3.5179642669006936e-05


  0%|          | 0/168 [00:00<?, ?it/s]
  1%|          | 1/168 [00:00<01:24,  1.97it/s]
  2%|▏         | 3/168 [00:00<00:29,  5.63it/s]
  3%|▎         | 5/168 [00:00<00:20,  7.95it/s]
  5%|▍         | 8/168 [00:00<00:13, 11.83it/s]
  6%|▌         | 10/168 [00:01<00:16,  9.38it/s]
  8%|▊         | 13/168 [00:01<00:12, 12.26it/s]
 10%|▉         | 16/168 [00:01<00:10, 15.08it/s]
 11%|█         | 18/168 [00:01<00:15,  9.65it/s]
 12%|█▎        | 21/168 [00:02<00:12, 12.16it/s]
 14%|█▍        | 24/168 [00:02<00:10, 14.34it/s]
 15%|█▌        | 26/168 [00:02<00:16,  8.86it/s]
 17%|█▋        | 29/168 [00:02<00:12, 11.23it/s]
 19%|█▉        | 32/168 [00:02<00:10, 13.41it/s]
 21%|██        | 35/168 [00:03<00:08, 15.27it/s]
 23%|██▎       | 38/168 [00:03<00:07, 17.14it/s]
 24%|██▍       | 41/168 [00:03<00:06, 18.69it/s]
 26%|██▌       | 44/168 [00:03<00:06, 19.75it/s]
 29%|██▊       | 48/168 [00:03<00:05, 23.81it/s]
 31%|███       | 52/168 [00:03<00:04, 25.24it/s]
 33%|███▎      | 55/168 [00:03<00:04, 24.00it/s]
 35%|███▍      | 58/168 [00:04<00:04, 22.15it/s]
 36%|███▋      | 61/168 [00:04<00:04, 21.77it/s]
 38%|███▊      | 64/168 [00:04<00:04, 21.84it/s]
 40%|███▉      | 67/168 [00:04<00:04, 20.58it/s]
 42%|████▏     | 70/168 [00:04<00:04, 21.03it/s]
 43%|████▎     | 73/168 [00:04<00:04, 21.37it/s]
 45%|████▌     | 76/168 [00:04<00:04, 20.84it/s]
 47%|████▋     | 79/168 [00:05<00:04, 22.05it/s]
 49%|████▉     | 82/168 [00:05<00:03, 21.85it/s]
 51%|█████     | 85/168 [00:05<00:03, 20.99it/s]
 52%|█████▏    | 88/168 [00:05<00:03, 20.82it/s]
 54%|█████▍    | 91/168 [00:05<00:03, 20.97it/s]
 56%|█████▌    | 94/168 [00:05<00:04, 18.30it/s]
 59%|█████▉    | 99/168 [00:05<00:02, 23.68it/s]
 61%|██████    | 102/168 [00:06<00:02, 23.88it/s]
 62%|██████▎   | 105/168 [00:06<00:02, 23.61it/s]
 64%|██████▍   | 108/168 [00:06<00:02, 23.53it/s]
 66%|██████▌   | 111/168 [00:06<00:02, 22.71it/s]
 68%|██████▊   | 114/168 [00:06<00:02, 22.47it/s]
 70%|██████▉   | 117/168 [00:06<00:02, 22.11it/s]
 71%|███████▏  | 120/168 [00:06<00:02, 21.84it/s]
 73%|███████▎  | 123/168 [00:07<00:02, 21.66it/s]
 75%|███████▌  | 126/168 [00:07<00:01, 21.56it/s]
 77%|███████▋  | 129/168 [00:07<00:01, 21.46it/s]
 79%|███████▊  | 132/168 [00:07<00:01, 21.94it/s]
 80%|████████  | 135/168 [00:07<00:01, 21.56it/s]
 82%|████████▏ | 138/168 [00:07<00:01, 21.20it/s]
 84%|████████▍ | 141/168 [00:07<00:01, 21.31it/s]
 86%|████████▌ | 144/168 [00:07<00:01, 21.29it/s]
 88%|████████▊ | 147/168 [00:08<00:00, 21.34it/s]
 90%|████████▉ | 151/168 [00:08<00:00, 24.30it/s]
 92%|█████████▏| 155/168 [00:08<00:00, 26.06it/s]
 94%|█████████▍| 158/168 [00:08<00:00, 24.55it/s]
 96%|█████████▌| 161/168 [00:08<00:00, 18.70it/s]
 98%|█████████▊| 164/168 [00:08<00:00, 19.79it/s]
 99%|█████████▉| 167/168 [00:09<00:00, 20.69it/s]
100%|██████████| 168/168 [00:09<00:00, 18.30it/s]
Result on AGD: 
KLD=0.9721566438674927, SIM=0.5206809043884277, NSS=1.5204931497573853
noun sim: 0.10877933080441185, part sim: 0.14381273002141998
No KLD improvement for 8 epoch(s). Best KLD: 0.8691259026527405, Current KLD: 0.9721566438674927
Early stopping triggered at epoch 14. Best KLD: 0.8691259026527405, patience: 8, min_delta: 0.001
