去掉原型对比损失函数的投影层
lr: 0.00005
sche_type: cosine
kl_loss_coeff: 0.1
sim_loss_coeff: 1.
exo_cls_coeff: 1.
noun_sim_coeff: 0.1
part_sim_coeff: 0.01
proto_loss_coeff: 0.5
conc_loss_coeff: 0.05
损失函数：loss_config["kl_loss_coeff"] * kl_loss + \
                loss_config["sim_loss_coeff"] * sim_loss + \
                    loss_config["exo_cls_coeff"] * exo_cls_loss + \
                        loss_config["noun_sim_coeff"] * noun_sim_loss + \
                                loss_config.get("proto_loss_coeff", 0.1) * proto_loss + \
                                loss_config.get("conc_loss_coeff", 0.01) * conc_loss
{'work_dir': 'logs/seen', 'deterministic': False, 'data_dir': '/mnt/sdb/wyn/data/AGD20K', 'load': {'encoder_ckpt': '/mnt/sdb/wyn/model/ViT-B-16.pt', 'all_ckpt': None}, 'batch_size': 10, 'img_size': 224, 'split_type': 'Seen', 'num_exo': 1, 'PL_mode': 'refined', 'aug4imgRatio': 0.5, 'optimizer': {'lr': 5e-05, 'lr_encoder_coeff': 0.1, 'betas': [0.9, 0.95], 'wd': 0.01, 'max_iter': 5000000, 'lr_step': 5000000, 'lr_gamma': 0.1, 'num_epochs': 40, 'accum_iter': 2, 'sche_type': 'cosine'}, 'model': {'encoder_type': 'CLIP', 'encoder_params': {'width': 768, 'layers': 12, 'heads': 12, 'output_dim': 512}, 'decoder_embed_dim': 512, 'pred_model_type': 'SAM', 'pred_decoder_args': {'mlp_dim': 2048, 'depth': 2, 'use_up': 2, 'use_additional_token': True, 'conv_first': True}, 'margin': 0.1}, 'loss': {'kl_loss_coeff': 0.1, 'sim_loss_coeff': 1.0, 'exo_cls_coeff': 1.0, 'noun_sim_coeff': 0.1, 'part_sim_coeff': 0.01, 'proto_loss_coeff': 0.5, 'conc_loss_coeff': 0.05}}
Set random seed to 10000, deterministic: False
/home/wyn/.conda/envs/clip-env/lib/python3.10/site-packages/torch/functional.py:505: UserWarning: torch.meshgrid: in an upcoming release, it will be required to pass the indexing argument. (Triggered internally at /pytorch/aten/src/ATen/native/TensorShape.cpp:4317.)
  return _VF.meshgrid(tensors, **kwargs)  # type: ignore[attr-defined]
#Params: 112520740
#Encoder Params: 86192640
#Final Decoder Params: 12152576
============Training Epoch 0============

  0%|          | 0/693 [00:00<?, ?it/s]/home/wyn/.conda/envs/clip-env/lib/python3.10/site-packages/torch/_tensor.py:1002: UserWarning: non-inplace resize is deprecated
  warnings.warn("non-inplace resize is deprecated")
/home/wyn/.conda/envs/clip-env/lib/python3.10/site-packages/torch/_tensor.py:1002: UserWarning: non-inplace resize is deprecated
  warnings.warn("non-inplace resize is deprecated")
/home/wyn/.conda/envs/clip-env/lib/python3.10/site-packages/torch/_tensor.py:1002: UserWarning: non-inplace resize is deprecated
  warnings.warn("non-inplace resize is deprecated")
/home/wyn/.conda/envs/clip-env/lib/python3.10/site-packages/torch/_tensor.py:1002: UserWarning: non-inplace resize is deprecated
  warnings.warn("non-inplace resize is deprecated")
/home/wyn/.conda/envs/clip-env/lib/python3.10/site-packages/torch/_tensor.py:1002: UserWarning: non-inplace resize is deprecated
  warnings.warn("non-inplace resize is deprecated")
/home/wyn/.conda/envs/clip-env/lib/python3.10/site-packages/torch/_tensor.py:1002: UserWarning: non-inplace resize is deprecated
  warnings.warn("non-inplace resize is deprecated")
/home/wyn/.conda/envs/clip-env/lib/python3.10/site-packages/torch/_tensor.py:1002: UserWarning: non-inplace resize is deprecated
  warnings.warn("non-inplace resize is deprecated")
/home/wyn/.conda/envs/clip-env/lib/python3.10/site-packages/torch/_tensor.py:1002: UserWarning: non-inplace resize is deprecated
  warnings.warn("non-inplace resize is deprecated")

  0%|          | 1/693 [00:02<28:08,  2.44s/it]
  0%|          | 2/693 [00:02<13:06,  1.14s/it]
  0%|          | 3/693 [00:02<07:47,  1.47it/s]
  1%|          | 4/693 [00:02<05:24,  2.12it/s]
  1%|          | 5/693 [00:03<04:03,  2.83it/s]
  1%|          | 6/693 [00:03<03:12,  3.57it/s]
  1%|          | 7/693 [00:03<02:40,  4.28it/s]
  1%|          | 8/693 [00:03<02:18,  4.94it/s]
  1%|▏         | 9/693 [00:03<02:02,  5.60it/s]
  1%|▏         | 10/693 [00:03<01:58,  5.79it/s]
  2%|▏         | 11/693 [00:03<01:48,  6.30it/s]
  2%|▏         | 12/693 [00:04<01:47,  6.31it/s]
  2%|▏         | 13/693 [00:04<01:52,  6.03it/s]
  2%|▏         | 14/693 [00:04<01:46,  6.40it/s]
  2%|▏         | 15/693 [00:04<01:39,  6.79it/s]
  2%|▏         | 16/693 [00:04<01:40,  6.72it/s]
  2%|▏         | 17/693 [00:04<01:35,  7.11it/s]
  3%|▎         | 18/693 [00:05<03:57,  2.84it/s]
  3%|▎         | 19/693 [00:05<03:11,  3.52it/s]
  3%|▎         | 20/693 [00:05<02:40,  4.19it/s]
  3%|▎         | 21/693 [00:06<02:17,  4.88it/s]
  3%|▎         | 22/693 [00:06<02:03,  5.43it/s]
  3%|▎         | 23/693 [00:06<01:53,  5.90it/s]
  3%|▎         | 24/693 [00:06<01:54,  5.84it/s]
  4%|▎         | 25/693 [00:06<01:45,  6.36it/s]
  4%|▍         | 26/693 [00:07<04:05,  2.72it/s]
  4%|▍         | 27/693 [00:07<03:17,  3.37it/s]
  4%|▍         | 28/693 [00:07<02:44,  4.04it/s]
  4%|▍         | 29/693 [00:07<02:22,  4.66it/s]
  4%|▍         | 30/693 [00:08<02:10,  5.10it/s]
  4%|▍         | 31/693 [00:08<01:55,  5.72it/s]
  5%|▍         | 32/693 [00:08<01:50,  6.01it/s]
  5%|▍         | 33/693 [00:08<01:42,  6.46it/s]
  5%|▍         | 34/693 [00:08<01:45,  6.22it/s]
  5%|▌         | 35/693 [00:08<01:38,  6.65it/s]
  5%|▌         | 36/693 [00:08<01:35,  6.86it/s]
  5%|▌         | 37/693 [00:08<01:32,  7.11it/s]
  5%|▌         | 38/693 [00:09<01:31,  7.13it/s]
  6%|▌         | 39/693 [00:09<01:28,  7.36it/s]
  6%|▌         | 40/693 [00:09<01:35,  6.84it/s]
  6%|▌         | 41/693 [00:09<01:31,  7.10it/s]
  6%|▌         | 42/693 [00:09<01:31,  7.11it/s]
  6%|▌         | 43/693 [00:09<01:31,  7.11it/s]
  6%|▋         | 44/693 [00:09<01:30,  7.15it/s]
  6%|▋         | 45/693 [00:10<01:29,  7.25it/s]
  7%|▋         | 46/693 [00:10<01:28,  7.29it/s]
  7%|▋         | 47/693 [00:10<01:26,  7.50it/s]
  7%|▋         | 48/693 [00:11<03:08,  3.41it/s]
  7%|▋         | 49/693 [00:11<02:36,  4.12it/s]
  7%|▋         | 50/693 [00:11<02:15,  4.75it/s]
  7%|▋         | 51/693 [00:11<01:59,  5.38it/s]
  8%|▊         | 52/693 [00:11<01:50,  5.81it/s]
  8%|▊         | 53/693 [00:11<01:48,  5.92it/s]
  8%|▊         | 54/693 [00:11<01:41,  6.30it/s]
  8%|▊         | 55/693 [00:11<01:32,  6.87it/s]
  8%|▊         | 56/693 [00:13<04:26,  2.39it/s]
  8%|▊         | 57/693 [00:13<03:27,  3.07it/s]
  8%|▊         | 58/693 [00:13<02:47,  3.79it/s]
  9%|▊         | 59/693 [00:13<02:17,  4.62it/s]
  9%|▊         | 60/693 [00:13<01:58,  5.34it/s]
  9%|▉         | 61/693 [00:13<01:43,  6.09it/s]
  9%|▉         | 62/693 [00:13<01:34,  6.70it/s]
  9%|▉         | 63/693 [00:13<01:28,  7.15it/s]
  9%|▉         | 64/693 [00:14<02:16,  4.62it/s]
  9%|▉         | 65/693 [00:14<01:56,  5.37it/s]
 10%|▉         | 66/693 [00:14<01:44,  6.03it/s]
 10%|▉         | 67/693 [00:14<01:33,  6.72it/s]
 10%|▉         | 68/693 [00:14<01:26,  7.23it/s]
 10%|▉         | 69/693 [00:14<01:21,  7.64it/s]
 10%|█         | 70/693 [00:14<01:18,  7.91it/s]
 10%|█         | 71/693 [00:15<01:16,  8.14it/s]
 10%|█         | 72/693 [00:15<01:42,  6.05it/s]
 11%|█         | 73/693 [00:15<03:10,  3.25it/s]
 11%|█         | 74/693 [00:16<02:36,  3.95it/s]
 11%|█         | 75/693 [00:16<02:10,  4.74it/s]
 11%|█         | 76/693 [00:16<01:52,  5.50it/s]
 11%|█         | 77/693 [00:16<01:38,  6.24it/s]
 11%|█▏        | 78/693 [00:16<01:54,  5.35it/s]
 11%|█▏        | 79/693 [00:16<01:42,  6.00it/s]
 12%|█▏        | 80/693 [00:16<01:35,  6.42it/s]
 12%|█▏        | 81/693 [00:17<02:12,  4.62it/s]
 12%|█▏        | 82/693 [00:17<01:56,  5.26it/s]
 12%|█▏        | 83/693 [00:17<01:42,  5.94it/s]
 12%|█▏        | 84/693 [00:17<01:35,  6.35it/s]
 12%|█▏        | 85/693 [00:17<01:29,  6.81it/s]
 12%|█▏        | 86/693 [00:18<04:19,  2.34it/s]
 13%|█▎        | 87/693 [00:18<03:28,  2.90it/s]
 13%|█▎        | 88/693 [00:19<02:52,  3.51it/s]
 13%|█▎        | 89/693 [00:19<02:24,  4.18it/s]
 13%|█▎        | 90/693 [00:19<02:06,  4.76it/s]
 13%|█▎        | 91/693 [00:19<01:50,  5.45it/s]
 13%|█▎        | 92/693 [00:19<01:39,  6.02it/s]
 13%|█▎        | 93/693 [00:19<01:32,  6.52it/s]
 14%|█▎        | 94/693 [00:19<01:29,  6.70it/s]
 14%|█▎        | 95/693 [00:20<01:23,  7.12it/s]
 14%|█▍        | 96/693 [00:20<01:22,  7.27it/s]
 14%|█▍        | 97/693 [00:20<01:22,  7.25it/s]
 14%|█▍        | 98/693 [00:20<01:23,  7.13it/s]
 14%|█▍        | 99/693 [00:20<01:20,  7.34it/s]
 14%|█▍        | 100/693 [00:20<01:23,  7.08it/s]
 15%|█▍        | 101/693 [00:20<01:20,  7.36it/s]
 15%|█▍        | 102/693 [00:21<01:31,  6.45it/s]
 15%|█▍        | 103/693 [00:21<01:25,  6.89it/s]
 15%|█▌        | 104/693 [00:21<01:23,  7.04it/s]
 15%|█▌        | 105/693 [00:21<01:21,  7.24it/s]
 15%|█▌        | 106/693 [00:21<01:20,  7.25it/s]
 15%|█▌        | 107/693 [00:21<01:18,  7.43it/s]
 16%|█▌        | 108/693 [00:21<01:20,  7.26it/s]
 16%|█▌        | 109/693 [00:21<01:18,  7.47it/s]
 16%|█▌        | 110/693 [00:22<01:24,  6.94it/s]
 16%|█▌        | 111/693 [00:22<01:20,  7.22it/s]
 16%|█▌        | 112/693 [00:22<01:19,  7.26it/s]
 16%|█▋        | 113/693 [00:22<01:18,  7.43it/s]
 16%|█▋        | 114/693 [00:22<01:18,  7.37it/s]
 17%|█▋        | 115/693 [00:22<01:23,  6.94it/s]
 17%|█▋        | 116/693 [00:22<01:22,  7.01it/s]
 17%|█▋        | 117/693 [00:23<01:20,  7.15it/s]
 17%|█▋        | 118/693 [00:23<01:22,  6.93it/s]
 17%|█▋        | 119/693 [00:23<01:18,  7.28it/s]
 17%|█▋        | 120/693 [00:23<01:19,  7.24it/s]
 17%|█▋        | 121/693 [00:23<01:17,  7.43it/s]
 18%|█▊        | 122/693 [00:23<01:18,  7.24it/s]
 18%|█▊        | 123/693 [00:24<03:44,  2.54it/s]
 18%|█▊        | 124/693 [00:24<02:58,  3.18it/s]
 18%|█▊        | 125/693 [00:25<02:25,  3.89it/s]
 18%|█▊        | 126/693 [00:25<02:03,  4.60it/s]
 18%|█▊        | 127/693 [00:25<01:49,  5.19it/s]
 18%|█▊        | 128/693 [00:25<01:37,  5.79it/s]
 19%|█▊        | 129/693 [00:25<01:28,  6.37it/s]
 19%|█▉        | 130/693 [00:25<01:24,  6.69it/s]
 19%|█▉        | 131/693 [00:25<01:21,  6.86it/s]
 19%|█▉        | 132/693 [00:25<01:18,  7.15it/s]
 19%|█▉        | 133/693 [00:26<01:15,  7.44it/s]
 19%|█▉        | 134/693 [00:26<01:15,  7.45it/s]
 19%|█▉        | 135/693 [00:26<01:15,  7.43it/s]
 20%|█▉        | 136/693 [00:26<01:15,  7.36it/s]
 20%|█▉        | 137/693 [00:26<01:14,  7.42it/s]
 20%|█▉        | 138/693 [00:26<01:15,  7.33it/s]
 20%|██        | 139/693 [00:26<01:17,  7.14it/s]
 20%|██        | 140/693 [00:27<01:17,  7.09it/s]
 20%|██        | 141/693 [00:27<01:16,  7.26it/s]
 20%|██        | 142/693 [00:27<01:52,  4.89it/s]
 21%|██        | 143/693 [00:27<01:37,  5.66it/s]
 21%|██        | 144/693 [00:27<01:33,  5.90it/s]
 21%|██        | 145/693 [00:27<01:26,  6.36it/s]
 21%|██        | 146/693 [00:28<01:23,  6.51it/s]
 21%|██        | 147/693 [00:28<01:19,  6.83it/s]
 21%|██▏       | 148/693 [00:28<01:18,  6.92it/s]
 22%|██▏       | 149/693 [00:28<01:15,  7.25it/s]
 22%|██▏       | 150/693 [00:29<02:54,  3.11it/s]
 22%|██▏       | 151/693 [00:29<02:23,  3.79it/s]
 22%|██▏       | 152/693 [00:29<02:02,  4.40it/s]
 22%|██▏       | 153/693 [00:29<01:47,  5.04it/s]
 22%|██▏       | 154/693 [00:29<01:37,  5.52it/s]
 22%|██▏       | 155/693 [00:29<01:28,  6.05it/s]
 23%|██▎       | 156/693 [00:29<01:24,  6.36it/s]
 23%|██▎       | 157/693 [00:30<01:19,  6.72it/s]
 23%|██▎       | 158/693 [00:30<01:22,  6.46it/s]
 23%|██▎       | 159/693 [00:30<01:19,  6.69it/s]
 23%|██▎       | 160/693 [00:30<01:18,  6.82it/s]
 23%|██▎       | 161/693 [00:30<01:15,  7.06it/s]
 23%|██▎       | 162/693 [00:30<01:18,  6.79it/s]
 24%|██▎       | 163/693 [00:30<01:17,  6.80it/s]
 24%|██▎       | 164/693 [00:31<01:17,  6.85it/s]
 24%|██▍       | 165/693 [00:31<01:14,  7.12it/s]
 24%|██▍       | 166/693 [00:31<01:36,  5.44it/s]
 24%|██▍       | 167/693 [00:31<01:27,  5.98it/s]
 24%|██▍       | 168/693 [00:31<01:23,  6.26it/s]
 24%|██▍       | 169/693 [00:31<01:18,  6.66it/s]
 25%|██▍       | 170/693 [00:32<01:18,  6.68it/s]
 25%|██▍       | 171/693 [00:32<01:14,  6.98it/s]
 25%|██▍       | 172/693 [00:32<01:13,  7.05it/s]
 25%|██▍       | 173/693 [00:32<01:12,  7.22it/s]
 25%|██▌       | 174/693 [00:32<01:18,  6.63it/s]
 25%|██▌       | 175/693 [00:32<01:14,  6.94it/s]
 25%|██▌       | 176/693 [00:32<01:13,  7.01it/s]
 26%|██▌       | 177/693 [00:33<01:11,  7.24it/s]
 26%|██▌       | 178/693 [00:33<01:10,  7.27it/s]
 26%|██▌       | 179/693 [00:33<01:09,  7.45it/s]
 26%|██▌       | 180/693 [00:33<01:09,  7.38it/s]
 26%|██▌       | 181/693 [00:33<01:09,  7.38it/s]
 26%|██▋       | 182/693 [00:34<02:59,  2.85it/s]
 26%|██▋       | 183/693 [00:34<02:24,  3.52it/s]
 27%|██▋       | 184/693 [00:34<02:01,  4.19it/s]
 27%|██▋       | 185/693 [00:34<01:44,  4.84it/s]
 27%|██▋       | 186/693 [00:34<01:33,  5.41it/s]
 27%|██▋       | 187/693 [00:35<01:24,  5.95it/s]
 27%|██▋       | 188/693 [00:35<01:20,  6.27it/s]
 27%|██▋       | 189/693 [00:35<01:16,  6.60it/s]
 27%|██▋       | 190/693 [00:35<01:33,  5.37it/s]
 28%|██▊       | 191/693 [00:35<01:25,  5.90it/s]
 28%|██▊       | 192/693 [00:35<01:20,  6.19it/s]
 28%|██▊       | 193/693 [00:36<01:15,  6.59it/s]
 28%|██▊       | 194/693 [00:36<01:13,  6.82it/s]
 28%|██▊       | 195/693 [00:36<01:09,  7.17it/s]
 28%|██▊       | 196/693 [00:36<01:08,  7.28it/s]
 28%|██▊       | 197/693 [00:36<01:06,  7.51it/s]
 29%|██▊       | 198/693 [00:36<01:11,  6.91it/s]
 29%|██▊       | 199/693 [00:36<01:08,  7.20it/s]
 29%|██▉       | 200/693 [00:36<01:06,  7.36it/s]
 29%|██▉       | 201/693 [00:37<01:04,  7.63it/s]
 29%|██▉       | 202/693 [00:37<01:06,  7.43it/s]
 29%|██▉       | 203/693 [00:37<01:02,  7.78it/s]
 29%|██▉       | 204/693 [00:37<01:04,  7.61it/s]
 30%|██▉       | 205/693 [00:37<01:03,  7.72it/s]
 30%|██▉       | 206/693 [00:37<01:04,  7.56it/s]
 30%|██▉       | 207/693 [00:37<01:03,  7.70it/s]
 30%|███       | 208/693 [00:38<01:04,  7.54it/s]
 30%|███       | 209/693 [00:38<01:03,  7.61it/s]
 30%|███       | 210/693 [00:38<01:04,  7.49it/s]
 30%|███       | 211/693 [00:38<01:03,  7.61it/s]
 31%|███       | 212/693 [00:38<01:03,  7.57it/s]
 31%|███       | 213/693 [00:38<01:01,  7.76it/s]
 31%|███       | 214/693 [00:38<01:02,  7.70it/s]
 31%|███       | 215/693 [00:38<01:01,  7.83it/s]
 31%|███       | 216/693 [00:39<01:02,  7.67it/s]
 31%|███▏      | 217/693 [00:39<01:01,  7.78it/s]
 31%|███▏      | 218/693 [00:39<01:02,  7.61it/s]
 32%|███▏      | 219/693 [00:39<01:02,  7.57it/s]
 32%|███▏      | 220/693 [00:39<01:02,  7.56it/s]
 32%|███▏      | 221/693 [00:39<01:00,  7.75it/s]
 32%|███▏      | 222/693 [00:39<01:01,  7.71it/s]
 32%|███▏      | 223/693 [00:39<00:59,  7.92it/s]
 32%|███▏      | 224/693 [00:40<01:00,  7.76it/s]
 32%|███▏      | 225/693 [00:40<01:00,  7.71it/s]
 33%|███▎      | 226/693 [00:40<01:01,  7.65it/s]
 33%|███▎      | 227/693 [00:40<01:00,  7.74it/s]
 33%|███▎      | 228/693 [00:40<01:00,  7.74it/s]
 33%|███▎      | 229/693 [00:40<00:58,  7.88it/s]
 33%|███▎      | 230/693 [00:40<01:03,  7.34it/s]
 33%|███▎      | 231/693 [00:41<01:01,  7.48it/s]
 33%|███▎      | 232/693 [00:41<01:00,  7.58it/s]
 34%|███▎      | 233/693 [00:41<01:00,  7.62it/s]
 34%|███▍      | 234/693 [00:41<01:00,  7.63it/s]
 34%|███▍      | 235/693 [00:41<00:59,  7.72it/s]
 34%|███▍      | 236/693 [00:41<01:01,  7.48it/s]
 34%|███▍      | 237/693 [00:41<00:58,  7.79it/s]
 34%|███▍      | 238/693 [00:42<02:12,  3.43it/s]
 34%|███▍      | 239/693 [00:42<01:49,  4.15it/s]
 35%|███▍      | 240/693 [00:42<01:35,  4.75it/s]
 35%|███▍      | 241/693 [00:42<01:23,  5.43it/s]
 35%|███▍      | 242/693 [00:43<01:16,  5.86it/s]
 35%|███▌      | 243/693 [00:43<01:10,  6.41it/s]
 35%|███▌      | 244/693 [00:43<01:07,  6.67it/s]
 35%|███▌      | 245/693 [00:43<01:03,  7.06it/s]
 35%|███▌      | 246/693 [00:43<01:15,  5.95it/s]
 36%|███▌      | 247/693 [00:43<01:08,  6.47it/s]
 36%|███▌      | 248/693 [00:43<01:05,  6.75it/s]
 36%|███▌      | 249/693 [00:44<01:03,  7.03it/s]
 36%|███▌      | 250/693 [00:44<01:01,  7.16it/s]
 36%|███▌      | 251/693 [00:44<00:58,  7.50it/s]
 36%|███▋      | 252/693 [00:44<01:00,  7.34it/s]
 37%|███▋      | 253/693 [00:44<00:57,  7.67it/s]
 37%|███▋      | 254/693 [00:44<01:01,  7.14it/s]
 37%|███▋      | 255/693 [00:44<00:59,  7.36it/s]
 37%|███▋      | 256/693 [00:44<00:58,  7.47it/s]
 37%|███▋      | 257/693 [00:45<00:56,  7.68it/s]
 37%|███▋      | 258/693 [00:45<00:57,  7.62it/s]
 37%|███▋      | 259/693 [00:45<00:55,  7.75it/s]
 38%|███▊      | 260/693 [00:45<00:56,  7.72it/s]
 38%|███▊      | 261/693 [00:45<00:58,  7.44it/s]
 38%|███▊      | 262/693 [00:45<01:31,  4.72it/s]
 38%|███▊      | 263/693 [00:46<01:19,  5.42it/s]
 38%|███▊      | 264/693 [00:46<01:12,  5.95it/s]
 38%|███▊      | 265/693 [00:46<01:08,  6.25it/s]
 38%|███▊      | 266/693 [00:46<01:06,  6.47it/s]
 39%|███▊      | 267/693 [00:46<01:02,  6.83it/s]
 39%|███▊      | 268/693 [00:46<01:02,  6.83it/s]
 39%|███▉      | 269/693 [00:47<01:14,  5.65it/s]
 39%|███▉      | 270/693 [00:47<01:10,  6.01it/s]
 39%|███▉      | 271/693 [00:47<01:05,  6.40it/s]
 39%|███▉      | 272/693 [00:47<01:04,  6.48it/s]
 39%|███▉      | 273/693 [00:47<01:01,  6.82it/s]
 40%|███▉      | 274/693 [00:47<01:00,  6.89it/s]
 40%|███▉      | 275/693 [00:47<00:58,  7.13it/s]
 40%|███▉      | 276/693 [00:48<00:58,  7.10it/s]
 40%|███▉      | 277/693 [00:48<01:11,  5.84it/s]
 40%|████      | 278/693 [00:48<01:31,  4.56it/s]
 40%|████      | 279/693 [00:48<01:19,  5.19it/s]
 40%|████      | 280/693 [00:48<01:13,  5.59it/s]
 41%|████      | 281/693 [00:48<01:08,  6.05it/s]
 41%|████      | 282/693 [00:49<01:05,  6.30it/s]
 41%|████      | 283/693 [00:49<01:01,  6.66it/s]
 41%|████      | 284/693 [00:49<01:00,  6.77it/s]
 41%|████      | 285/693 [00:49<00:58,  6.94it/s]
 41%|████▏     | 286/693 [00:49<01:05,  6.25it/s]
 41%|████▏     | 287/693 [00:49<01:01,  6.60it/s]
 42%|████▏     | 288/693 [00:50<01:00,  6.72it/s]
 42%|████▏     | 289/693 [00:50<00:57,  7.01it/s]
 42%|████▏     | 290/693 [00:50<00:57,  7.07it/s]
 42%|████▏     | 291/693 [00:50<00:55,  7.27it/s]
 42%|████▏     | 292/693 [00:50<00:55,  7.25it/s]
 42%|████▏     | 293/693 [00:50<00:54,  7.34it/s]
 42%|████▏     | 294/693 [00:51<02:03,  3.23it/s]
 43%|████▎     | 295/693 [00:51<01:40,  3.95it/s]
 43%|████▎     | 296/693 [00:51<01:25,  4.65it/s]
 43%|████▎     | 297/693 [00:51<01:14,  5.32it/s]
 43%|████▎     | 298/693 [00:51<01:07,  5.84it/s]
 43%|████▎     | 299/693 [00:52<01:01,  6.36it/s]
 43%|████▎     | 300/693 [00:52<00:58,  6.68it/s]
 43%|████▎     | 301/693 [00:52<00:55,  7.06it/s]
 44%|████▎     | 302/693 [00:52<01:01,  6.34it/s]
 44%|████▎     | 303/693 [00:52<00:58,  6.72it/s]
 44%|████▍     | 304/693 [00:52<00:55,  6.97it/s]
 44%|████▍     | 305/693 [00:52<00:53,  7.30it/s]
 44%|████▍     | 306/693 [00:52<00:50,  7.60it/s]
 44%|████▍     | 307/693 [00:53<00:49,  7.83it/s]
 44%|████▍     | 308/693 [00:53<00:48,  7.93it/s]
 45%|████▍     | 309/693 [00:53<00:47,  8.17it/s]
 45%|████▍     | 310/693 [00:53<00:57,  6.67it/s]
 45%|████▍     | 311/693 [00:53<00:54,  7.06it/s]
 45%|████▌     | 312/693 [00:53<00:52,  7.26it/s]
 45%|████▌     | 313/693 [00:53<00:50,  7.53it/s]
 45%|████▌     | 314/693 [00:54<00:50,  7.58it/s]
 45%|████▌     | 315/693 [00:54<00:48,  7.73it/s]
 46%|████▌     | 316/693 [00:54<00:49,  7.68it/s]
 46%|████▌     | 317/693 [00:54<00:48,  7.82it/s]
 46%|████▌     | 318/693 [00:54<00:51,  7.26it/s]
 46%|████▌     | 319/693 [00:54<00:48,  7.65it/s]
 46%|████▌     | 320/693 [00:54<00:49,  7.60it/s]
 46%|████▋     | 321/693 [00:54<00:48,  7.70it/s]
 46%|████▋     | 322/693 [00:55<00:48,  7.71it/s]
 47%|████▋     | 323/693 [00:55<00:47,  7.83it/s]
 47%|████▋     | 324/693 [00:55<00:47,  7.71it/s]
 47%|████▋     | 325/693 [00:55<01:07,  5.46it/s]
 47%|████▋     | 326/693 [00:55<01:01,  5.97it/s]
 47%|████▋     | 327/693 [00:55<00:56,  6.51it/s]
 47%|████▋     | 328/693 [00:56<00:52,  6.91it/s]
 47%|████▋     | 329/693 [00:56<00:50,  7.28it/s]
 48%|████▊     | 330/693 [00:56<00:49,  7.35it/s]
 48%|████▊     | 331/693 [00:56<00:48,  7.53it/s]
 48%|████▊     | 332/693 [00:56<00:47,  7.56it/s]
 48%|████▊     | 333/693 [00:57<01:34,  3.81it/s]
 48%|████▊     | 334/693 [00:57<01:19,  4.51it/s]
 48%|████▊     | 335/693 [00:57<01:08,  5.23it/s]
 48%|████▊     | 336/693 [00:57<01:02,  5.75it/s]
 49%|████▊     | 337/693 [00:57<00:56,  6.33it/s]
 49%|████▉     | 338/693 [00:57<00:52,  6.74it/s]
 49%|████▉     | 339/693 [00:57<00:49,  7.09it/s]
 49%|████▉     | 340/693 [00:57<00:49,  7.19it/s]
 49%|████▉     | 341/693 [00:58<00:46,  7.53it/s]
 49%|████▉     | 342/693 [00:58<00:48,  7.30it/s]
 49%|████▉     | 343/693 [01:01<05:28,  1.07it/s]
 50%|████▉     | 344/693 [01:01<04:01,  1.44it/s]
 50%|████▉     | 345/693 [01:01<03:00,  1.93it/s]
 50%|████▉     | 346/693 [01:01<02:17,  2.52it/s]
 50%|█████     | 347/693 [01:01<01:47,  3.21it/s]
 50%|█████     | 348/693 [01:01<01:27,  3.93it/s]
 50%|█████     | 349/693 [01:01<01:11,  4.78it/s]
 51%|█████     | 350/693 [01:01<01:03,  5.42it/s]
 51%|█████     | 351/693 [01:02<01:01,  5.57it/s]
 51%|█████     | 352/693 [01:02<00:54,  6.25it/s]
 51%|█████     | 353/693 [01:02<00:50,  6.79it/s]
 51%|█████     | 354/693 [01:02<00:46,  7.29it/s]
 51%|█████     | 355/693 [01:02<00:44,  7.66it/s]
 51%|█████▏    | 356/693 [01:02<00:42,  7.98it/s]
 52%|█████▏    | 357/693 [01:02<00:40,  8.21it/s]
 52%|█████▏    | 358/693 [01:02<00:40,  8.29it/s]
 52%|█████▏    | 359/693 [01:02<00:41,  8.06it/s]
 52%|█████▏    | 360/693 [01:03<00:40,  8.14it/s]
 52%|█████▏    | 361/693 [01:03<00:39,  8.42it/s]
 52%|█████▏    | 362/693 [01:04<01:53,  2.92it/s]
 52%|█████▏    | 363/693 [01:04<01:32,  3.58it/s]
 53%|█████▎    | 364/693 [01:04<01:17,  4.23it/s]
 53%|█████▎    | 365/693 [01:04<01:05,  4.98it/s]
 53%|█████▎    | 366/693 [01:04<00:59,  5.54it/s]
 53%|█████▎    | 367/693 [01:04<00:51,  6.34it/s]
 53%|█████▎    | 368/693 [01:04<00:49,  6.62it/s]
 53%|█████▎    | 369/693 [01:04<00:45,  7.13it/s]
 53%|█████▎    | 370/693 [01:05<00:44,  7.19it/s]
 54%|█████▎    | 371/693 [01:05<00:43,  7.45it/s]
 54%|█████▎    | 372/693 [01:05<00:42,  7.56it/s]
 54%|█████▍    | 373/693 [01:05<00:41,  7.76it/s]
 54%|█████▍    | 374/693 [01:05<00:41,  7.70it/s]
 54%|█████▍    | 375/693 [01:05<00:40,  7.85it/s]
 54%|█████▍    | 376/693 [01:05<00:40,  7.82it/s]
 54%|█████▍    | 377/693 [01:05<00:39,  8.00it/s]
 55%|█████▍    | 378/693 [01:06<00:41,  7.60it/s]
 55%|█████▍    | 379/693 [01:06<00:40,  7.83it/s]
 55%|█████▍    | 380/693 [01:06<00:40,  7.66it/s]
 55%|█████▍    | 381/693 [01:06<00:39,  7.80it/s]
 55%|█████▌    | 382/693 [01:06<00:40,  7.70it/s]
 55%|█████▌    | 383/693 [01:06<00:39,  7.76it/s]
 55%|█████▌    | 384/693 [01:06<00:42,  7.30it/s]
 56%|█████▌    | 385/693 [01:07<00:40,  7.63it/s]
 56%|█████▌    | 386/693 [01:07<00:40,  7.60it/s]
 56%|█████▌    | 387/693 [01:07<00:39,  7.74it/s]
 56%|█████▌    | 388/693 [01:07<00:39,  7.69it/s]
 56%|█████▌    | 389/693 [01:07<00:38,  7.85it/s]
 56%|█████▋    | 390/693 [01:07<00:38,  7.77it/s]
 56%|█████▋    | 391/693 [01:07<00:38,  7.79it/s]
 57%|█████▋    | 392/693 [01:07<00:41,  7.21it/s]
 57%|█████▋    | 393/693 [01:08<00:40,  7.47it/s]
 57%|█████▋    | 394/693 [01:08<00:39,  7.50it/s]
 57%|█████▋    | 395/693 [01:08<00:39,  7.61it/s]
 57%|█████▋    | 396/693 [01:08<00:38,  7.71it/s]
 57%|█████▋    | 397/693 [01:08<00:37,  7.88it/s]
 57%|█████▋    | 398/693 [01:08<00:38,  7.71it/s]
 58%|█████▊    | 399/693 [01:09<01:21,  3.62it/s]
 58%|█████▊    | 400/693 [01:09<01:08,  4.28it/s]
 58%|█████▊    | 401/693 [01:09<00:58,  5.00it/s]
 58%|█████▊    | 402/693 [01:09<00:52,  5.55it/s]
 58%|█████▊    | 403/693 [01:09<00:47,  6.16it/s]
 58%|█████▊    | 404/693 [01:09<00:44,  6.51it/s]
 58%|█████▊    | 405/693 [01:10<00:41,  6.90it/s]
 59%|█████▊    | 406/693 [01:10<00:42,  6.82it/s]
 59%|█████▊    | 407/693 [01:10<00:39,  7.21it/s]
 59%|█████▉    | 408/693 [01:10<00:39,  7.21it/s]
 59%|█████▉    | 409/693 [01:10<00:38,  7.40it/s]
 59%|█████▉    | 410/693 [01:10<00:38,  7.44it/s]
 59%|█████▉    | 411/693 [01:10<00:36,  7.77it/s]
 59%|█████▉    | 412/693 [01:11<00:36,  7.64it/s]
 60%|█████▉    | 413/693 [01:11<00:35,  7.81it/s]
 60%|█████▉    | 414/693 [01:11<01:27,  3.18it/s]
 60%|█████▉    | 415/693 [01:12<01:11,  3.89it/s]
 60%|██████    | 416/693 [01:12<01:01,  4.52it/s]
 60%|██████    | 417/693 [01:12<00:53,  5.15it/s]
 60%|██████    | 418/693 [01:12<00:48,  5.65it/s]
 60%|██████    | 419/693 [01:12<00:44,  6.19it/s]
 61%|██████    | 420/693 [01:12<00:41,  6.50it/s]
 61%|██████    | 421/693 [01:12<00:39,  6.81it/s]
 61%|██████    | 422/693 [01:12<00:40,  6.68it/s]
 61%|██████    | 423/693 [01:13<00:37,  7.11it/s]
 61%|██████    | 424/693 [01:13<00:37,  7.21it/s]
 61%|██████▏   | 425/693 [01:13<00:35,  7.51it/s]
 61%|██████▏   | 426/693 [01:13<00:35,  7.54it/s]
 62%|██████▏   | 427/693 [01:13<00:34,  7.70it/s]
 62%|██████▏   | 428/693 [01:13<00:35,  7.51it/s]
 62%|██████▏   | 429/693 [01:13<00:33,  7.86it/s]
 62%|██████▏   | 430/693 [01:14<00:36,  7.22it/s]
 62%|██████▏   | 431/693 [01:14<00:34,  7.55it/s]
 62%|██████▏   | 432/693 [01:14<00:34,  7.53it/s]
 62%|██████▏   | 433/693 [01:14<00:33,  7.77it/s]
 63%|██████▎   | 434/693 [01:14<00:43,  5.91it/s]
 63%|██████▎   | 435/693 [01:14<00:39,  6.48it/s]
 63%|██████▎   | 436/693 [01:14<00:37,  6.80it/s]
 63%|██████▎   | 437/693 [01:15<00:35,  7.14it/s]
 63%|██████▎   | 438/693 [01:15<00:45,  5.61it/s]
 63%|██████▎   | 439/693 [01:15<00:40,  6.24it/s]
 63%|██████▎   | 440/693 [01:15<00:38,  6.59it/s]
 64%|██████▎   | 441/693 [01:15<00:35,  7.17it/s]
 64%|██████▍   | 442/693 [01:16<00:51,  4.90it/s]
 64%|██████▍   | 443/693 [01:16<00:44,  5.57it/s]
 64%|██████▍   | 444/693 [01:16<00:40,  6.11it/s]
 64%|██████▍   | 445/693 [01:16<00:37,  6.63it/s]
 64%|██████▍   | 446/693 [01:16<00:38,  6.48it/s]
 65%|██████▍   | 447/693 [01:16<00:35,  6.92it/s]
 65%|██████▍   | 448/693 [01:17<01:56,  2.10it/s]
 65%|██████▍   | 449/693 [01:18<01:30,  2.70it/s]
 65%|██████▍   | 450/693 [01:18<01:12,  3.35it/s]
 65%|██████▌   | 451/693 [01:18<00:58,  4.10it/s]
 65%|██████▌   | 452/693 [01:18<00:50,  4.78it/s]
 65%|██████▌   | 453/693 [01:18<00:43,  5.51it/s]
 66%|██████▌   | 454/693 [01:18<00:39,  6.01it/s]
 66%|██████▌   | 455/693 [01:18<00:36,  6.60it/s]
 66%|██████▌   | 456/693 [01:19<01:04,  3.68it/s]
 66%|██████▌   | 457/693 [01:19<00:53,  4.41it/s]
 66%|██████▌   | 458/693 [01:19<00:46,  5.08it/s]
 66%|██████▌   | 459/693 [01:19<00:40,  5.76it/s]
 66%|██████▋   | 460/693 [01:19<00:37,  6.24it/s]
 67%|██████▋   | 461/693 [01:19<00:34,  6.80it/s]
 67%|██████▋   | 462/693 [01:20<00:32,  7.11it/s]
 67%|██████▋   | 463/693 [01:20<00:31,  7.41it/s]
 67%|██████▋   | 464/693 [01:21<01:26,  2.64it/s]
 67%|██████▋   | 465/693 [01:21<01:08,  3.31it/s]
 67%|██████▋   | 466/693 [01:21<00:57,  3.96it/s]
 67%|██████▋   | 467/693 [01:21<00:47,  4.71it/s]
 68%|██████▊   | 468/693 [01:21<00:42,  5.26it/s]
 68%|██████▊   | 469/693 [01:21<00:38,  5.87it/s]
 68%|██████▊   | 470/693 [01:21<00:35,  6.26it/s]
 68%|██████▊   | 471/693 [01:22<00:33,  6.70it/s]
 68%|██████▊   | 472/693 [01:22<00:32,  6.83it/s]
 68%|██████▊   | 473/693 [01:22<00:30,  7.23it/s]
 68%|██████▊   | 474/693 [01:22<00:30,  7.29it/s]
 69%|██████▊   | 475/693 [01:22<00:29,  7.48it/s]
 69%|██████▊   | 476/693 [01:22<00:28,  7.62it/s]
 69%|██████▉   | 477/693 [01:22<00:28,  7.69it/s]
 69%|██████▉   | 478/693 [01:22<00:28,  7.62it/s]
 69%|██████▉   | 479/693 [01:23<00:27,  7.78it/s]
 69%|██████▉   | 480/693 [01:23<00:30,  6.93it/s]
 69%|██████▉   | 481/693 [01:23<00:56,  3.75it/s]
 70%|██████▉   | 482/693 [01:23<00:47,  4.41it/s]
 70%|██████▉   | 483/693 [01:24<00:41,  5.10it/s]
 70%|██████▉   | 484/693 [01:24<00:36,  5.69it/s]
 70%|██████▉   | 485/693 [01:24<00:32,  6.36it/s]
 70%|███████   | 486/693 [01:24<00:30,  6.75it/s]
 70%|███████   | 487/693 [01:24<00:28,  7.22it/s]
 70%|███████   | 488/693 [01:24<00:27,  7.43it/s]
 71%|███████   | 489/693 [01:24<00:28,  7.23it/s]
 71%|███████   | 490/693 [01:24<00:27,  7.27it/s]
 71%|███████   | 491/693 [01:25<00:27,  7.44it/s]
 71%|███████   | 492/693 [01:25<00:27,  7.42it/s]
 71%|███████   | 493/693 [01:25<00:26,  7.55it/s]
 71%|███████▏  | 494/693 [01:25<00:26,  7.51it/s]
 71%|███████▏  | 495/693 [01:25<00:26,  7.61it/s]
 72%|███████▏  | 496/693 [01:25<00:25,  7.59it/s]
 72%|███████▏  | 497/693 [01:26<00:44,  4.36it/s]
 72%|███████▏  | 498/693 [01:27<01:33,  2.08it/s]
 72%|███████▏  | 499/693 [01:27<01:12,  2.68it/s]
 72%|███████▏  | 500/693 [01:27<00:58,  3.31it/s]
 72%|███████▏  | 501/693 [01:27<00:47,  4.06it/s]
 72%|███████▏  | 502/693 [01:27<00:40,  4.71it/s]
 73%|███████▎  | 503/693 [01:27<00:35,  5.40it/s]
 73%|███████▎  | 504/693 [01:28<00:32,  5.91it/s]
 73%|███████▎  | 505/693 [01:28<00:29,  6.48it/s]
 73%|███████▎  | 506/693 [01:28<00:28,  6.50it/s]
 73%|███████▎  | 507/693 [01:28<00:26,  6.99it/s]
 73%|███████▎  | 508/693 [01:28<00:25,  7.12it/s]
 73%|███████▎  | 509/693 [01:28<00:24,  7.44it/s]
 74%|███████▎  | 510/693 [01:28<00:24,  7.41it/s]
 74%|███████▎  | 511/693 [01:28<00:23,  7.66it/s]
 74%|███████▍  | 512/693 [01:29<00:23,  7.63it/s]
 74%|███████▍  | 513/693 [01:29<00:23,  7.76it/s]
 74%|███████▍  | 514/693 [01:29<00:24,  7.32it/s]
 74%|███████▍  | 515/693 [01:29<00:23,  7.51it/s]
 74%|███████▍  | 516/693 [01:29<00:23,  7.56it/s]
 75%|███████▍  | 517/693 [01:29<00:23,  7.65it/s]
 75%|███████▍  | 518/693 [01:29<00:23,  7.58it/s]
 75%|███████▍  | 519/693 [01:30<00:40,  4.25it/s]
 75%|███████▌  | 520/693 [01:30<00:35,  4.85it/s]
 75%|███████▌  | 521/693 [01:30<00:31,  5.47it/s]
 75%|███████▌  | 522/693 [01:30<00:28,  5.92it/s]
 75%|███████▌  | 523/693 [01:30<00:26,  6.42it/s]
 76%|███████▌  | 524/693 [01:30<00:25,  6.65it/s]
 76%|███████▌  | 525/693 [01:31<00:23,  7.03it/s]
 76%|███████▌  | 526/693 [01:31<00:22,  7.29it/s]
 76%|███████▌  | 527/693 [01:31<00:22,  7.41it/s]
 76%|███████▌  | 528/693 [01:31<00:21,  7.60it/s]
 76%|███████▋  | 529/693 [01:31<00:20,  7.87it/s]
 76%|███████▋  | 530/693 [01:31<00:20,  7.84it/s]
 77%|███████▋  | 531/693 [01:31<00:20,  7.82it/s]
 77%|███████▋  | 532/693 [01:31<00:20,  7.91it/s]
 77%|███████▋  | 533/693 [01:32<00:19,  8.08it/s]
 77%|███████▋  | 534/693 [01:32<00:20,  7.78it/s]
 77%|███████▋  | 535/693 [01:32<00:46,  3.42it/s]
 77%|███████▋  | 536/693 [01:33<00:38,  4.09it/s]
 77%|███████▋  | 537/693 [01:33<00:32,  4.81it/s]
 78%|███████▊  | 538/693 [01:33<00:28,  5.46it/s]
 78%|███████▊  | 539/693 [01:33<00:25,  6.10it/s]
 78%|███████▊  | 540/693 [01:33<00:23,  6.52it/s]
 78%|███████▊  | 541/693 [01:33<00:21,  6.97it/s]
 78%|███████▊  | 542/693 [01:33<00:21,  7.17it/s]
 78%|███████▊  | 543/693 [01:34<00:39,  3.79it/s]
 78%|███████▊  | 544/693 [01:34<00:33,  4.47it/s]
 79%|███████▊  | 545/693 [01:34<00:28,  5.19it/s]
 79%|███████▉  | 546/693 [01:34<00:25,  5.74it/s]
 79%|███████▉  | 547/693 [01:34<00:22,  6.36it/s]
 79%|███████▉  | 548/693 [01:34<00:21,  6.72it/s]
 79%|███████▉  | 549/693 [01:35<00:20,  7.14it/s]
 79%|███████▉  | 550/693 [01:35<00:19,  7.27it/s]
 80%|███████▉  | 551/693 [01:35<00:24,  5.92it/s]
 80%|███████▉  | 552/693 [01:35<00:22,  6.37it/s]
 80%|███████▉  | 553/693 [01:35<00:20,  6.90it/s]
 80%|███████▉  | 554/693 [01:35<00:19,  7.13it/s]
 80%|████████  | 555/693 [01:35<00:18,  7.37it/s]
 80%|████████  | 556/693 [01:36<00:18,  7.48it/s]
 80%|████████  | 557/693 [01:36<00:17,  7.71it/s]
 81%|████████  | 558/693 [01:36<00:17,  7.68it/s]
 81%|████████  | 559/693 [01:36<00:34,  3.94it/s]
 81%|████████  | 560/693 [01:37<00:28,  4.61it/s]
 81%|████████  | 561/693 [01:37<00:24,  5.31it/s]
 81%|████████  | 562/693 [01:37<00:22,  5.87it/s]
 81%|████████  | 563/693 [01:37<00:20,  6.46it/s]
 81%|████████▏ | 564/693 [01:37<00:18,  6.79it/s]
 82%|████████▏ | 565/693 [01:37<00:17,  7.18it/s]
 82%|████████▏ | 566/693 [01:37<00:17,  7.37it/s]
 82%|████████▏ | 567/693 [01:37<00:17,  7.34it/s]
 82%|████████▏ | 568/693 [01:38<00:16,  7.46it/s]
 82%|████████▏ | 569/693 [01:38<00:16,  7.68it/s]
 82%|████████▏ | 570/693 [01:38<00:15,  7.69it/s]
 82%|████████▏ | 571/693 [01:38<00:15,  7.86it/s]
 83%|████████▎ | 572/693 [01:38<00:15,  7.79it/s]
 83%|████████▎ | 573/693 [01:38<00:15,  7.99it/s]
 83%|████████▎ | 574/693 [01:38<00:15,  7.90it/s]
 83%|████████▎ | 575/693 [01:39<00:31,  3.72it/s]
 83%|████████▎ | 576/693 [01:39<00:26,  4.40it/s]
 83%|████████▎ | 577/693 [01:39<00:22,  5.10it/s]
 83%|████████▎ | 578/693 [01:39<00:20,  5.70it/s]
 84%|████████▎ | 579/693 [01:39<00:18,  6.30it/s]
 84%|████████▎ | 580/693 [01:40<00:17,  6.59it/s]
 84%|████████▍ | 581/693 [01:40<00:15,  7.12it/s]
 84%|████████▍ | 582/693 [01:40<00:15,  7.21it/s]
 84%|████████▍ | 583/693 [01:40<00:15,  7.31it/s]
 84%|████████▍ | 584/693 [01:40<00:14,  7.52it/s]
 84%|████████▍ | 585/693 [01:40<00:14,  7.68it/s]
 85%|████████▍ | 586/693 [01:40<00:14,  7.59it/s]
 85%|████████▍ | 587/693 [01:40<00:13,  7.85it/s]
 85%|████████▍ | 588/693 [01:41<00:13,  7.71it/s]
 85%|████████▍ | 589/693 [01:41<00:13,  7.84it/s]
 85%|████████▌ | 590/693 [01:41<00:13,  7.72it/s]
 85%|████████▌ | 591/693 [01:41<00:13,  7.74it/s]
 85%|████████▌ | 592/693 [01:41<00:13,  7.39it/s]
 86%|████████▌ | 593/693 [01:41<00:18,  5.49it/s]
 86%|████████▌ | 594/693 [01:41<00:16,  6.03it/s]
 86%|████████▌ | 595/693 [01:42<00:15,  6.44it/s]
 86%|████████▌ | 596/693 [01:42<00:14,  6.82it/s]
 86%|████████▌ | 597/693 [01:42<00:13,  7.19it/s]
 86%|████████▋ | 598/693 [01:42<00:13,  7.24it/s]
 86%|████████▋ | 599/693 [01:42<00:12,  7.53it/s]
 87%|████████▋ | 600/693 [01:42<00:18,  4.90it/s]
 87%|████████▋ | 601/693 [01:43<00:26,  3.50it/s]
 87%|████████▋ | 602/693 [01:43<00:22,  4.12it/s]
 87%|████████▋ | 603/693 [01:43<00:18,  4.78it/s]
 87%|████████▋ | 604/693 [01:43<00:16,  5.28it/s]
 87%|████████▋ | 605/693 [01:44<00:15,  5.84it/s]
 87%|████████▋ | 606/693 [01:44<00:14,  6.14it/s]
 88%|████████▊ | 607/693 [01:44<00:13,  6.55it/s]
 88%|████████▊ | 608/693 [01:44<00:12,  6.72it/s]
 88%|████████▊ | 609/693 [01:44<00:12,  6.61it/s]
 88%|████████▊ | 610/693 [01:44<00:12,  6.75it/s]
 88%|████████▊ | 611/693 [01:44<00:11,  6.98it/s]
 88%|████████▊ | 612/693 [01:45<00:11,  7.06it/s]
 88%|████████▊ | 613/693 [01:45<00:11,  7.12it/s]
 89%|████████▊ | 614/693 [01:45<00:11,  7.10it/s]
 89%|████████▊ | 615/693 [01:45<00:11,  6.70it/s]
 89%|████████▉ | 616/693 [01:45<00:11,  6.76it/s]
 89%|████████▉ | 617/693 [01:45<00:11,  6.46it/s]
 89%|████████▉ | 618/693 [01:45<00:11,  6.59it/s]
 89%|████████▉ | 619/693 [01:46<00:10,  6.78it/s]
 89%|████████▉ | 620/693 [01:46<00:10,  6.84it/s]
 90%|████████▉ | 621/693 [01:46<00:10,  7.00it/s]
 90%|████████▉ | 622/693 [01:46<00:10,  6.98it/s]
 90%|████████▉ | 623/693 [01:47<00:33,  2.07it/s]
 90%|█████████ | 624/693 [01:47<00:26,  2.63it/s]
 90%|█████████ | 625/693 [01:48<00:20,  3.28it/s]
 90%|█████████ | 626/693 [01:48<00:17,  3.92it/s]
 90%|█████████ | 627/693 [01:48<00:14,  4.63it/s]
 91%|█████████ | 628/693 [01:48<00:12,  5.23it/s]
 91%|█████████ | 629/693 [01:48<00:11,  5.80it/s]
 91%|█████████ | 630/693 [01:48<00:10,  6.18it/s]
 91%|█████████ | 631/693 [01:48<00:09,  6.36it/s]
 91%|█████████ | 632/693 [01:48<00:09,  6.65it/s]
 91%|█████████▏| 633/693 [01:49<00:08,  7.03it/s]
 91%|█████████▏| 634/693 [01:49<00:08,  7.16it/s]
 92%|█████████▏| 635/693 [01:49<00:07,  7.45it/s]
 92%|█████████▏| 636/693 [01:49<00:07,  7.38it/s]
 92%|█████████▏| 637/693 [01:49<00:08,  6.67it/s]
 92%|█████████▏| 638/693 [01:49<00:08,  6.80it/s]
 92%|█████████▏| 639/693 [01:49<00:07,  6.95it/s]
 92%|█████████▏| 640/693 [01:50<00:07,  6.77it/s]
 92%|█████████▏| 641/693 [01:50<00:07,  7.10it/s]
 93%|█████████▎| 642/693 [01:50<00:07,  7.22it/s]
 93%|█████████▎| 643/693 [01:50<00:06,  7.45it/s]
 93%|█████████▎| 644/693 [01:50<00:06,  7.26it/s]
 93%|█████████▎| 645/693 [01:51<00:12,  3.80it/s]
 93%|█████████▎| 646/693 [01:51<00:10,  4.44it/s]
 93%|█████████▎| 647/693 [01:51<00:08,  5.13it/s]
 94%|█████████▎| 648/693 [01:51<00:08,  5.48it/s]
 94%|█████████▎| 649/693 [01:51<00:07,  5.98it/s]
 94%|█████████▍| 650/693 [01:51<00:06,  6.22it/s]
 94%|█████████▍| 651/693 [01:51<00:06,  6.57it/s]
 94%|█████████▍| 652/693 [01:52<00:06,  6.62it/s]
 94%|█████████▍| 653/693 [01:52<00:08,  4.73it/s]
 94%|█████████▍| 654/693 [01:52<00:07,  5.24it/s]
 95%|█████████▍| 655/693 [01:52<00:06,  5.79it/s]
 95%|█████████▍| 656/693 [01:52<00:06,  6.06it/s]
 95%|█████████▍| 657/693 [01:53<00:05,  6.49it/s]
 95%|█████████▍| 658/693 [01:53<00:05,  6.65it/s]
 95%|█████████▌| 659/693 [01:53<00:04,  6.95it/s]
 95%|█████████▌| 660/693 [01:53<00:04,  6.94it/s]
 95%|█████████▌| 661/693 [01:54<00:12,  2.64it/s]
 96%|█████████▌| 662/693 [01:54<00:09,  3.25it/s]
 96%|█████████▌| 663/693 [01:54<00:07,  3.94it/s]
 96%|█████████▌| 664/693 [01:54<00:06,  4.56it/s]
 96%|█████████▌| 665/693 [01:54<00:05,  5.20it/s]
 96%|█████████▌| 666/693 [01:55<00:04,  5.63it/s]
 96%|█████████▌| 667/693 [01:55<00:04,  6.12it/s]
 96%|█████████▋| 668/693 [01:55<00:03,  6.33it/s]
 97%|█████████▋| 669/693 [01:55<00:05,  4.17it/s]
 97%|█████████▋| 670/693 [01:55<00:04,  4.74it/s]
 97%|█████████▋| 671/693 [01:56<00:04,  5.31it/s]
 97%|█████████▋| 672/693 [01:56<00:03,  5.69it/s]
 97%|█████████▋| 673/693 [01:56<00:03,  6.10it/s]
 97%|█████████▋| 674/693 [01:56<00:03,  6.27it/s]
 97%|█████████▋| 675/693 [01:56<00:02,  6.56it/s]
 98%|█████████▊| 676/693 [01:56<00:02,  6.71it/s]
 98%|█████████▊| 677/693 [01:56<00:02,  6.61it/s]
 98%|█████████▊| 678/693 [01:57<00:02,  6.77it/s]
 98%|█████████▊| 679/693 [01:57<00:02,  6.98it/s]
 98%|█████████▊| 680/693 [01:57<00:01,  7.05it/s]
 98%|█████████▊| 681/693 [01:57<00:01,  7.25it/s]
 98%|█████████▊| 682/693 [01:57<00:01,  7.27it/s]
 99%|█████████▊| 683/693 [01:57<00:01,  7.12it/s]
 99%|█████████▊| 684/693 [01:57<00:01,  7.30it/s]
 99%|█████████▉| 685/693 [01:57<00:01,  7.53it/s]
 99%|█████████▉| 686/693 [01:58<00:00,  7.62it/s]
 99%|█████████▉| 687/693 [01:58<00:00,  7.73it/s]
 99%|█████████▉| 688/693 [01:58<00:00,  6.87it/s]
 99%|█████████▉| 689/693 [01:58<00:00,  7.20it/s]
100%|█████████▉| 690/693 [01:58<00:00,  7.34it/s]
100%|█████████▉| 691/693 [01:59<00:00,  4.89it/s]
100%|█████████▉| 692/693 [01:59<00:00,  5.49it/s]
100%|██████████| 693/693 [01:59<00:00,  6.00it/s]
100%|██████████| 693/693 [01:59<00:00,  5.80it/s]
Training loss: 3.137458904309018, KL loss: 1.4952476407370354, Sim loss: 0.07341350966613941, Exo CLS loss: 1.9730578303165078, 
Noun sim loss: 0.3335780425354688, Part sim loss: 0.8661297752399637, Proto loss: 1.7837908443434414, Conc loss: 0.15096530621443993
learning rate:5e-05


  0%|          | 0/168 [00:00<?, ?it/s]
  1%|          | 1/168 [00:00<01:40,  1.66it/s]
  3%|▎         | 5/168 [00:00<00:27,  5.88it/s]
  5%|▌         | 9/168 [00:01<00:18,  8.73it/s]
  7%|▋         | 11/168 [00:01<00:15, 10.08it/s]
  9%|▉         | 15/168 [00:01<00:10, 14.96it/s]
 11%|█         | 18/168 [00:02<00:20,  7.24it/s]
 14%|█▎        | 23/168 [00:02<00:12, 11.31it/s]
 15%|█▌        | 26/168 [00:02<00:15,  8.98it/s]
 18%|█▊        | 31/168 [00:03<00:10, 13.16it/s]
 20%|██        | 34/168 [00:03<00:08, 15.18it/s]
 23%|██▎       | 39/168 [00:03<00:06, 20.44it/s]
 26%|██▌       | 43/168 [00:03<00:05, 23.81it/s]
 29%|██▊       | 48/168 [00:03<00:04, 28.80it/s]
 31%|███       | 52/168 [00:03<00:03, 30.90it/s]
 34%|███▍      | 57/168 [00:03<00:04, 23.42it/s]
 36%|███▋      | 61/168 [00:04<00:04, 23.85it/s]
 39%|███▉      | 66/168 [00:04<00:03, 28.11it/s]
 42%|████▏     | 70/168 [00:04<00:03, 26.12it/s]
 45%|████▍     | 75/168 [00:04<00:03, 29.91it/s]
 47%|████▋     | 79/168 [00:04<00:03, 23.17it/s]
 49%|████▉     | 83/168 [00:04<00:03, 25.75it/s]
 52%|█████▏    | 87/168 [00:05<00:03, 21.69it/s]
 54%|█████▍    | 91/168 [00:05<00:03, 24.74it/s]
 56%|█████▌    | 94/168 [00:05<00:04, 15.76it/s]
 59%|█████▉    | 99/168 [00:05<00:03, 20.19it/s]
 61%|██████▏   | 103/168 [00:05<00:02, 23.34it/s]
 64%|██████▍   | 108/168 [00:06<00:02, 27.17it/s]
 67%|██████▋   | 112/168 [00:06<00:01, 29.25it/s]
 69%|██████▉   | 116/168 [00:06<00:01, 30.49it/s]
 71%|███████▏  | 120/168 [00:06<00:01, 32.04it/s]
 74%|███████▍  | 124/168 [00:06<00:01, 32.39it/s]
 76%|███████▌  | 128/168 [00:06<00:01, 33.36it/s]
 79%|███████▊  | 132/168 [00:06<00:01, 33.58it/s]
 81%|████████  | 136/168 [00:06<00:00, 34.29it/s]
 83%|████████▎ | 140/168 [00:06<00:00, 33.49it/s]
 86%|████████▌ | 144/168 [00:07<00:00, 34.71it/s]
 88%|████████▊ | 148/168 [00:07<00:00, 33.63it/s]
 90%|█████████ | 152/168 [00:07<00:00, 33.15it/s]
 93%|█████████▎| 156/168 [00:07<00:00, 34.46it/s]
 95%|█████████▌| 160/168 [00:07<00:00, 21.17it/s]
 98%|█████████▊| 164/168 [00:07<00:00, 24.01it/s]
100%|██████████| 168/168 [00:08<00:00, 20.82it/s]
Result on AGD: 
KLD=1.101413607597351, SIM=0.41968902945518494, NSS=1.3164955377578735
noun sim: 0.1260304463849891, part sim: 0.691696818740595
New best KLD: 1.101413607597351, 0.41968902945518494, 1.3164955377578735
============Training Epoch 1============

  0%|          | 0/693 [00:00<?, ?it/s]/home/wyn/.conda/envs/clip-env/lib/python3.10/site-packages/torch/_tensor.py:1002: UserWarning: non-inplace resize is deprecated
  warnings.warn("non-inplace resize is deprecated")
/home/wyn/.conda/envs/clip-env/lib/python3.10/site-packages/torch/_tensor.py:1002: UserWarning: non-inplace resize is deprecated
  warnings.warn("non-inplace resize is deprecated")
/home/wyn/.conda/envs/clip-env/lib/python3.10/site-packages/torch/_tensor.py:1002: UserWarning: non-inplace resize is deprecated
  warnings.warn("non-inplace resize is deprecated")
/home/wyn/.conda/envs/clip-env/lib/python3.10/site-packages/torch/_tensor.py:1002: UserWarning: non-inplace resize is deprecated
  warnings.warn("non-inplace resize is deprecated")
/home/wyn/.conda/envs/clip-env/lib/python3.10/site-packages/torch/_tensor.py:1002: UserWarning: non-inplace resize is deprecated
  warnings.warn("non-inplace resize is deprecated")
/home/wyn/.conda/envs/clip-env/lib/python3.10/site-packages/torch/_tensor.py:1002: UserWarning: non-inplace resize is deprecated
  warnings.warn("non-inplace resize is deprecated")
/home/wyn/.conda/envs/clip-env/lib/python3.10/site-packages/torch/_tensor.py:1002: UserWarning: non-inplace resize is deprecated
  warnings.warn("non-inplace resize is deprecated")
/home/wyn/.conda/envs/clip-env/lib/python3.10/site-packages/torch/_tensor.py:1002: UserWarning: non-inplace resize is deprecated
  warnings.warn("non-inplace resize is deprecated")

  0%|          | 1/693 [00:01<21:00,  1.82s/it]
  0%|          | 2/693 [00:02<15:06,  1.31s/it]
  0%|          | 3/693 [00:03<09:26,  1.22it/s]
  1%|          | 4/693 [00:03<06:20,  1.81it/s]
  1%|          | 5/693 [00:03<04:34,  2.50it/s]
  1%|          | 6/693 [00:03<03:33,  3.22it/s]
  1%|          | 7/693 [00:03<02:52,  3.98it/s]
  1%|          | 8/693 [00:03<02:27,  4.64it/s]
  1%|▏         | 9/693 [00:03<02:12,  5.17it/s]
  1%|▏         | 10/693 [00:03<02:00,  5.65it/s]
  2%|▏         | 11/693 [00:04<04:22,  2.60it/s]
  2%|▏         | 12/693 [00:04<03:31,  3.22it/s]
  2%|▏         | 13/693 [00:05<02:56,  3.86it/s]
  2%|▏         | 14/693 [00:05<02:33,  4.44it/s]
  2%|▏         | 15/693 [00:05<02:12,  5.11it/s]
  2%|▏         | 16/693 [00:05<02:02,  5.55it/s]
  2%|▏         | 17/693 [00:05<01:57,  5.76it/s]
  3%|▎         | 18/693 [00:05<01:50,  6.13it/s]
  3%|▎         | 19/693 [00:05<01:43,  6.51it/s]
  3%|▎         | 20/693 [00:06<01:44,  6.41it/s]
  3%|▎         | 21/693 [00:08<07:47,  1.44it/s]
  3%|▎         | 22/693 [00:08<05:54,  1.89it/s]
  3%|▎         | 23/693 [00:08<04:35,  2.43it/s]
  3%|▎         | 24/693 [00:08<03:41,  3.02it/s]
  4%|▎         | 25/693 [00:08<03:02,  3.65it/s]
  4%|▍         | 26/693 [00:08<02:35,  4.28it/s]
  4%|▍         | 27/693 [00:08<02:15,  4.93it/s]
  4%|▍         | 28/693 [00:09<02:54,  3.82it/s]
  4%|▍         | 29/693 [00:09<02:26,  4.52it/s]
  4%|▍         | 30/693 [00:09<02:10,  5.09it/s]
  4%|▍         | 31/693 [00:09<01:56,  5.67it/s]
  5%|▍         | 32/693 [00:09<01:49,  6.03it/s]
  5%|▍         | 33/693 [00:09<01:45,  6.23it/s]
  5%|▍         | 34/693 [00:10<01:41,  6.48it/s]
  5%|▌         | 35/693 [00:10<01:37,  6.75it/s]
  5%|▌         | 36/693 [00:10<01:37,  6.76it/s]
  5%|▌         | 37/693 [00:10<01:33,  7.05it/s]
  5%|▌         | 38/693 [00:10<01:32,  7.11it/s]
  6%|▌         | 39/693 [00:10<01:29,  7.27it/s]
  6%|▌         | 40/693 [00:10<01:32,  7.09it/s]
  6%|▌         | 41/693 [00:11<01:30,  7.18it/s]
  6%|▌         | 42/693 [00:11<01:30,  7.19it/s]
  6%|▌         | 43/693 [00:11<01:28,  7.33it/s]
  6%|▋         | 44/693 [00:11<02:18,  4.70it/s]
  6%|▋         | 45/693 [00:11<02:20,  4.61it/s]
  7%|▋         | 46/693 [00:12<02:05,  5.15it/s]
  7%|▋         | 47/693 [00:12<01:53,  5.71it/s]
  7%|▋         | 48/693 [00:12<01:46,  6.08it/s]
  7%|▋         | 49/693 [00:12<01:39,  6.49it/s]
  7%|▋         | 50/693 [00:12<01:40,  6.43it/s]
  7%|▋         | 51/693 [00:12<01:35,  6.75it/s]
  8%|▊         | 52/693 [00:13<04:24,  2.43it/s]
  8%|▊         | 53/693 [00:14<04:26,  2.40it/s]
  8%|▊         | 54/693 [00:14<03:32,  3.01it/s]
  8%|▊         | 55/693 [00:14<02:53,  3.68it/s]
  8%|▊         | 56/693 [00:14<02:27,  4.31it/s]
  8%|▊         | 57/693 [00:14<02:06,  5.04it/s]
  8%|▊         | 58/693 [00:14<01:53,  5.61it/s]
  9%|▊         | 59/693 [00:15<01:42,  6.18it/s]
  9%|▊         | 60/693 [00:15<01:49,  5.78it/s]
  9%|▉         | 61/693 [00:16<05:24,  1.95it/s]
  9%|▉         | 62/693 [00:16<04:12,  2.50it/s]
  9%|▉         | 63/693 [00:16<03:18,  3.18it/s]
  9%|▉         | 64/693 [00:16<02:42,  3.86it/s]
  9%|▉         | 65/693 [00:17<02:16,  4.61it/s]
 10%|▉         | 66/693 [00:17<01:59,  5.26it/s]
 10%|▉         | 67/693 [00:17<01:46,  5.90it/s]
 10%|▉         | 68/693 [00:17<01:39,  6.30it/s]
 10%|▉         | 69/693 [00:17<01:32,  6.74it/s]
 10%|█         | 70/693 [00:17<01:28,  7.00it/s]
 10%|█         | 71/693 [00:17<01:29,  6.95it/s]
 10%|█         | 72/693 [00:17<01:30,  6.86it/s]
 11%|█         | 73/693 [00:18<01:25,  7.27it/s]
 11%|█         | 74/693 [00:18<01:23,  7.39it/s]
 11%|█         | 75/693 [00:18<01:20,  7.68it/s]
 11%|█         | 76/693 [00:18<01:22,  7.46it/s]
 11%|█         | 77/693 [00:18<01:20,  7.63it/s]
 11%|█▏        | 78/693 [00:18<01:19,  7.78it/s]
 11%|█▏        | 79/693 [00:19<02:21,  4.35it/s]
 12%|█▏        | 80/693 [00:19<02:04,  4.94it/s]
 12%|█▏        | 81/693 [00:19<01:49,  5.61it/s]
 12%|█▏        | 82/693 [00:19<01:40,  6.07it/s]
 12%|█▏        | 83/693 [00:19<01:44,  5.83it/s]
 12%|█▏        | 84/693 [00:19<01:37,  6.24it/s]
 12%|█▏        | 85/693 [00:20<01:30,  6.69it/s]
 12%|█▏        | 86/693 [00:20<01:26,  7.04it/s]
 13%|█▎        | 87/693 [00:20<01:25,  7.11it/s]
 13%|█▎        | 88/693 [00:20<01:25,  7.09it/s]
 13%|█▎        | 89/693 [00:20<01:20,  7.48it/s]
 13%|█▎        | 90/693 [00:20<01:20,  7.53it/s]
 13%|█▎        | 91/693 [00:20<01:17,  7.77it/s]
 13%|█▎        | 92/693 [00:20<01:17,  7.76it/s]
 13%|█▎        | 93/693 [00:21<01:15,  7.90it/s]
 14%|█▎        | 94/693 [00:21<01:17,  7.75it/s]
 14%|█▎        | 95/693 [00:21<02:04,  4.82it/s]
 14%|█▍        | 96/693 [00:21<01:49,  5.43it/s]
 14%|█▍        | 97/693 [00:21<01:39,  6.02it/s]
 14%|█▍        | 98/693 [00:22<01:45,  5.62it/s]
 14%|█▍        | 99/693 [00:22<01:37,  6.11it/s]
 14%|█▍        | 100/693 [00:23<05:36,  1.76it/s]
 15%|█▍        | 101/693 [00:23<04:15,  2.32it/s]
 15%|█▍        | 102/693 [00:23<03:19,  2.96it/s]
 15%|█▍        | 103/693 [00:24<02:39,  3.71it/s]
 15%|█▌        | 104/693 [00:24<02:12,  4.44it/s]
 15%|█▌        | 105/693 [00:24<01:52,  5.21it/s]
 15%|█▌        | 106/693 [00:24<01:39,  5.87it/s]
 15%|█▌        | 107/693 [00:24<01:33,  6.27it/s]
 16%|█▌        | 108/693 [00:24<01:29,  6.54it/s]
 16%|█▌        | 109/693 [00:24<01:24,  6.88it/s]
 16%|█▌        | 110/693 [00:24<01:24,  6.94it/s]
 16%|█▌        | 111/693 [00:25<01:20,  7.25it/s]
 16%|█▌        | 112/693 [00:25<01:18,  7.41it/s]
 16%|█▋        | 113/693 [00:25<01:16,  7.61it/s]
 16%|█▋        | 114/693 [00:25<01:20,  7.22it/s]
 17%|█▋        | 115/693 [00:25<01:17,  7.42it/s]
 17%|█▋        | 116/693 [00:25<01:18,  7.39it/s]
 17%|█▋        | 117/693 [00:25<01:18,  7.33it/s]
 17%|█▋        | 118/693 [00:26<03:29,  2.75it/s]
 17%|█▋        | 119/693 [00:26<02:48,  3.42it/s]
 17%|█▋        | 120/693 [00:27<02:20,  4.08it/s]
 17%|█▋        | 121/693 [00:27<02:00,  4.75it/s]
 18%|█▊        | 122/693 [00:27<01:49,  5.21it/s]
 18%|█▊        | 123/693 [00:27<01:39,  5.76it/s]
 18%|█▊        | 124/693 [00:27<01:33,  6.12it/s]
 18%|█▊        | 125/693 [00:28<02:33,  3.69it/s]
 18%|█▊        | 126/693 [00:28<02:10,  4.33it/s]
 18%|█▊        | 127/693 [00:28<01:53,  4.99it/s]
 18%|█▊        | 128/693 [00:30<07:50,  1.20it/s]
 19%|█▊        | 129/693 [00:30<05:51,  1.60it/s]
 19%|█▉        | 130/693 [00:30<04:28,  2.09it/s]
 19%|█▉        | 131/693 [00:31<03:29,  2.68it/s]
 19%|█▉        | 132/693 [00:31<02:49,  3.31it/s]
 19%|█▉        | 133/693 [00:31<02:19,  4.01it/s]
 19%|█▉        | 134/693 [00:31<02:01,  4.60it/s]
 19%|█▉        | 135/693 [00:31<01:46,  5.25it/s]
 20%|█▉        | 136/693 [00:31<01:41,  5.47it/s]
 20%|█▉        | 137/693 [00:31<01:32,  5.99it/s]
 20%|█▉        | 138/693 [00:32<01:27,  6.33it/s]
 20%|██        | 139/693 [00:32<01:22,  6.73it/s]
 20%|██        | 140/693 [00:32<01:20,  6.86it/s]
 20%|██        | 141/693 [00:32<01:17,  7.11it/s]
 20%|██        | 142/693 [00:32<01:16,  7.18it/s]
 21%|██        | 143/693 [00:32<01:14,  7.35it/s]
 21%|██        | 144/693 [00:32<01:19,  6.92it/s]
 21%|██        | 145/693 [00:32<01:20,  6.83it/s]
 21%|██        | 146/693 [00:33<01:18,  6.97it/s]
 21%|██        | 147/693 [00:33<01:15,  7.21it/s]
 21%|██▏       | 148/693 [00:33<01:15,  7.23it/s]
 22%|██▏       | 149/693 [00:33<01:13,  7.37it/s]
 22%|██▏       | 150/693 [00:33<01:13,  7.34it/s]
 22%|██▏       | 151/693 [00:33<01:12,  7.46it/s]
 22%|██▏       | 152/693 [00:33<01:16,  7.10it/s]
 22%|██▏       | 153/693 [00:34<02:38,  3.40it/s]
 22%|██▏       | 154/693 [00:34<02:13,  4.05it/s]
 22%|██▏       | 155/693 [00:34<01:53,  4.73it/s]
 23%|██▎       | 156/693 [00:35<01:41,  5.30it/s]
 23%|██▎       | 157/693 [00:35<01:31,  5.87it/s]
 23%|██▎       | 158/693 [00:35<01:25,  6.22it/s]
 23%|██▎       | 159/693 [00:35<01:20,  6.66it/s]
 23%|██▎       | 160/693 [00:35<01:59,  4.46it/s]
 23%|██▎       | 161/693 [00:36<01:58,  4.50it/s]
 23%|██▎       | 162/693 [00:36<01:42,  5.16it/s]
 24%|██▎       | 163/693 [00:36<01:30,  5.85it/s]
 24%|██▎       | 164/693 [00:36<01:23,  6.33it/s]
 24%|██▍       | 165/693 [00:36<01:17,  6.79it/s]
 24%|██▍       | 166/693 [00:36<01:15,  6.95it/s]
 24%|██▍       | 167/693 [00:36<01:10,  7.42it/s]
 24%|██▍       | 168/693 [00:37<02:11,  4.00it/s]
 24%|██▍       | 169/693 [00:38<04:20,  2.01it/s]
 25%|██▍       | 170/693 [00:38<03:23,  2.57it/s]
 25%|██▍       | 171/693 [00:38<02:40,  3.25it/s]
 25%|██▍       | 172/693 [00:38<02:13,  3.89it/s]
 25%|██▍       | 173/693 [00:38<01:51,  4.66it/s]
 25%|██▌       | 174/693 [00:38<01:40,  5.19it/s]
 25%|██▌       | 175/693 [00:39<01:28,  5.87it/s]
 25%|██▌       | 176/693 [00:39<01:22,  6.24it/s]
 26%|██▌       | 177/693 [00:40<04:03,  2.12it/s]
 26%|██▌       | 178/693 [00:40<03:12,  2.68it/s]
 26%|██▌       | 179/693 [00:40<02:33,  3.34it/s]
 26%|██▌       | 180/693 [00:40<02:09,  3.97it/s]
 26%|██▌       | 181/693 [00:40<01:49,  4.66it/s]
 26%|██▋       | 182/693 [00:41<01:39,  5.15it/s]
 26%|██▋       | 183/693 [00:41<01:29,  5.70it/s]
 27%|██▋       | 184/693 [00:41<01:24,  6.02it/s]
 27%|██▋       | 185/693 [00:41<01:23,  6.09it/s]
 27%|██▋       | 186/693 [00:41<01:19,  6.35it/s]
 27%|██▋       | 187/693 [00:41<01:15,  6.72it/s]
 27%|██▋       | 188/693 [00:41<01:13,  6.86it/s]
 27%|██▋       | 189/693 [00:42<01:10,  7.11it/s]
 27%|██▋       | 190/693 [00:42<01:10,  7.14it/s]
 28%|██▊       | 191/693 [00:42<01:09,  7.24it/s]
 28%|██▊       | 192/693 [00:42<01:08,  7.26it/s]
 28%|██▊       | 193/693 [00:42<01:09,  7.18it/s]
 28%|██▊       | 194/693 [00:42<01:09,  7.15it/s]
 28%|██▊       | 195/693 [00:42<01:08,  7.31it/s]
 28%|██▊       | 196/693 [00:43<01:14,  6.69it/s]
 28%|██▊       | 197/693 [00:43<01:09,  7.09it/s]
 29%|██▊       | 198/693 [00:43<01:07,  7.29it/s]
 29%|██▊       | 199/693 [00:43<01:05,  7.53it/s]
 29%|██▉       | 200/693 [00:43<01:06,  7.47it/s]
 29%|██▉       | 201/693 [00:43<01:04,  7.66it/s]
 29%|██▉       | 202/693 [00:43<01:05,  7.53it/s]
 29%|██▉       | 203/693 [00:44<01:04,  7.57it/s]
 29%|██▉       | 204/693 [00:44<01:24,  5.81it/s]
 30%|██▉       | 205/693 [00:44<01:16,  6.37it/s]
 30%|██▉       | 206/693 [00:44<01:14,  6.52it/s]
 30%|██▉       | 207/693 [00:44<01:11,  6.78it/s]
 30%|███       | 208/693 [00:44<01:13,  6.61it/s]
 30%|███       | 209/693 [00:44<01:11,  6.73it/s]
 30%|███       | 210/693 [00:45<01:10,  6.85it/s]
 30%|███       | 211/693 [00:45<01:08,  7.03it/s]
 31%|███       | 212/693 [00:45<01:06,  7.21it/s]
 31%|███       | 213/693 [00:45<01:04,  7.49it/s]
 31%|███       | 214/693 [00:45<01:06,  7.17it/s]
 31%|███       | 215/693 [00:45<01:06,  7.23it/s]
 31%|███       | 216/693 [00:45<01:06,  7.16it/s]
 31%|███▏      | 217/693 [00:46<01:08,  6.98it/s]
 31%|███▏      | 218/693 [00:46<01:53,  4.17it/s]
 32%|███▏      | 219/693 [00:46<01:36,  4.90it/s]
 32%|███▏      | 220/693 [00:46<01:26,  5.48it/s]
 32%|███▏      | 221/693 [00:46<01:25,  5.53it/s]
 32%|███▏      | 222/693 [00:47<01:22,  5.73it/s]
 32%|███▏      | 223/693 [00:47<01:53,  4.15it/s]
 32%|███▏      | 224/693 [00:47<01:38,  4.76it/s]
 32%|███▏      | 225/693 [00:47<01:26,  5.40it/s]
 33%|███▎      | 226/693 [00:47<01:19,  5.87it/s]
 33%|███▎      | 227/693 [00:48<01:13,  6.35it/s]
 33%|███▎      | 228/693 [00:48<01:10,  6.59it/s]
 33%|███▎      | 229/693 [00:48<01:07,  6.91it/s]
 33%|███▎      | 230/693 [00:48<01:06,  6.98it/s]
 33%|███▎      | 231/693 [00:48<01:06,  6.92it/s]
 33%|███▎      | 232/693 [00:48<01:05,  7.04it/s]
 34%|███▎      | 233/693 [00:48<01:03,  7.23it/s]
 34%|███▍      | 234/693 [00:49<01:08,  6.66it/s]
 34%|███▍      | 235/693 [00:49<01:05,  6.97it/s]
 34%|███▍      | 236/693 [00:49<01:04,  7.12it/s]
 34%|███▍      | 237/693 [00:49<01:02,  7.34it/s]
 34%|███▍      | 238/693 [00:49<01:02,  7.32it/s]
 34%|███▍      | 239/693 [00:49<01:00,  7.50it/s]
 35%|███▍      | 240/693 [00:49<01:02,  7.24it/s]
 35%|███▍      | 241/693 [00:49<01:00,  7.44it/s]
 35%|███▍      | 242/693 [00:50<01:07,  6.73it/s]
 35%|███▌      | 243/693 [00:50<01:04,  6.96it/s]
 35%|███▌      | 244/693 [00:50<01:04,  7.01it/s]
 35%|███▌      | 245/693 [00:50<01:02,  7.20it/s]
 35%|███▌      | 246/693 [00:50<01:01,  7.25it/s]
 36%|███▌      | 247/693 [00:50<01:00,  7.38it/s]
 36%|███▌      | 248/693 [00:50<01:01,  7.29it/s]
 36%|███▌      | 249/693 [00:51<01:01,  7.27it/s]
 36%|███▌      | 250/693 [00:51<01:01,  7.24it/s]
 36%|███▌      | 251/693 [00:51<01:00,  7.34it/s]
 36%|███▋      | 252/693 [00:51<01:00,  7.27it/s]
 37%|███▋      | 253/693 [00:51<01:00,  7.24it/s]
 37%|███▋      | 254/693 [00:51<01:02,  7.00it/s]
 37%|███▋      | 255/693 [00:51<01:01,  7.13it/s]
 37%|███▋      | 256/693 [00:52<01:01,  7.16it/s]
 37%|███▋      | 257/693 [00:52<01:00,  7.25it/s]
 37%|███▋      | 258/693 [00:52<01:00,  7.20it/s]
 37%|███▋      | 259/693 [00:52<00:59,  7.35it/s]
 38%|███▊      | 260/693 [00:52<01:03,  6.86it/s]
 38%|███▊      | 261/693 [00:52<01:00,  7.09it/s]
 38%|███▊      | 262/693 [00:53<01:11,  6.01it/s]
 38%|███▊      | 263/693 [00:53<01:44,  4.11it/s]
 38%|███▊      | 264/693 [00:53<01:30,  4.74it/s]
 38%|███▊      | 265/693 [00:53<01:19,  5.36it/s]
 38%|███▊      | 266/693 [00:53<01:13,  5.78it/s]
 39%|███▊      | 267/693 [00:53<01:08,  6.25it/s]
 39%|███▊      | 268/693 [00:54<01:04,  6.54it/s]
 39%|███▉      | 269/693 [00:54<01:00,  7.01it/s]
 39%|███▉      | 270/693 [00:54<00:59,  7.17it/s]
 39%|███▉      | 271/693 [00:54<01:39,  4.25it/s]
 39%|███▉      | 272/693 [00:54<01:26,  4.86it/s]
 39%|███▉      | 273/693 [00:55<01:16,  5.52it/s]
 40%|███▉      | 274/693 [00:55<01:09,  6.01it/s]
 40%|███▉      | 275/693 [00:55<01:04,  6.52it/s]
 40%|███▉      | 276/693 [00:55<01:01,  6.77it/s]
 40%|███▉      | 277/693 [00:55<00:58,  7.14it/s]
 40%|████      | 278/693 [00:55<00:58,  7.13it/s]
 40%|████      | 279/693 [00:56<03:02,  2.26it/s]
 40%|████      | 280/693 [00:57<02:24,  2.86it/s]
 41%|████      | 281/693 [00:57<01:54,  3.58it/s]
 41%|████      | 282/693 [00:57<01:36,  4.26it/s]
 41%|████      | 283/693 [00:57<01:22,  4.94it/s]
 41%|████      | 284/693 [00:57<01:14,  5.52it/s]
 41%|████      | 285/693 [00:57<01:06,  6.13it/s]
 41%|████▏     | 286/693 [00:57<01:02,  6.56it/s]
 41%|████▏     | 287/693 [00:57<00:58,  6.93it/s]
 42%|████▏     | 288/693 [00:58<02:15,  2.99it/s]
 42%|████▏     | 289/693 [00:58<01:49,  3.68it/s]
 42%|████▏     | 290/693 [00:58<01:32,  4.37it/s]
 42%|████▏     | 291/693 [00:59<01:18,  5.11it/s]
 42%|████▏     | 292/693 [00:59<01:11,  5.64it/s]
 42%|████▏     | 293/693 [00:59<01:04,  6.21it/s]
 42%|████▏     | 294/693 [00:59<01:00,  6.61it/s]
 43%|████▎     | 295/693 [00:59<00:56,  7.04it/s]
 43%|████▎     | 296/693 [01:00<02:17,  2.89it/s]
 43%|████▎     | 297/693 [01:00<01:50,  3.60it/s]
 43%|████▎     | 298/693 [01:00<01:31,  4.34it/s]
 43%|████▎     | 299/693 [01:00<01:18,  5.02it/s]
 43%|████▎     | 300/693 [01:00<01:09,  5.67it/s]
 43%|████▎     | 301/693 [01:00<01:02,  6.31it/s]
 44%|████▎     | 302/693 [01:01<00:57,  6.80it/s]
 44%|████▎     | 303/693 [01:01<00:53,  7.34it/s]
 44%|████▍     | 304/693 [01:01<01:55,  3.36it/s]
 44%|████▍     | 305/693 [01:02<01:34,  4.11it/s]
 44%|████▍     | 306/693 [01:02<01:20,  4.83it/s]
 44%|████▍     | 307/693 [01:02<01:18,  4.89it/s]
 44%|████▍     | 308/693 [01:02<01:08,  5.59it/s]
 45%|████▍     | 309/693 [01:02<01:01,  6.29it/s]
 45%|████▍     | 310/693 [01:02<00:57,  6.70it/s]
 45%|████▍     | 311/693 [01:02<00:53,  7.09it/s]
 45%|████▌     | 312/693 [01:02<00:53,  7.11it/s]
 45%|████▌     | 313/693 [01:03<00:50,  7.47it/s]
 45%|████▌     | 314/693 [01:03<00:50,  7.51it/s]
 45%|████▌     | 315/693 [01:03<01:33,  4.06it/s]
 46%|████▌     | 316/693 [01:03<01:19,  4.73it/s]
 46%|████▌     | 317/693 [01:03<01:09,  5.43it/s]
 46%|████▌     | 318/693 [01:04<01:03,  5.91it/s]
 46%|████▌     | 319/693 [01:04<00:57,  6.45it/s]
 46%|████▌     | 320/693 [01:04<00:55,  6.76it/s]
 46%|████▋     | 321/693 [01:04<00:52,  7.02it/s]
 46%|████▋     | 322/693 [01:04<00:51,  7.14it/s]
 47%|████▋     | 323/693 [01:06<03:38,  1.70it/s]
 47%|████▋     | 324/693 [01:06<02:46,  2.22it/s]
 47%|████▋     | 325/693 [01:06<02:09,  2.85it/s]
 47%|████▋     | 326/693 [01:06<01:44,  3.52it/s]
 47%|████▋     | 327/693 [01:06<01:26,  4.26it/s]
 47%|████▋     | 328/693 [01:06<01:14,  4.91it/s]
 47%|████▋     | 329/693 [01:07<01:05,  5.55it/s]
 48%|████▊     | 330/693 [01:07<00:59,  6.06it/s]
 48%|████▊     | 331/693 [01:07<01:50,  3.29it/s]
 48%|████▊     | 332/693 [01:07<01:30,  3.97it/s]
 48%|████▊     | 333/693 [01:08<01:16,  4.70it/s]
 48%|████▊     | 334/693 [01:08<01:07,  5.32it/s]
 48%|████▊     | 335/693 [01:08<00:59,  5.99it/s]
 48%|████▊     | 336/693 [01:08<00:55,  6.40it/s]
 49%|████▊     | 337/693 [01:08<00:51,  6.88it/s]
 49%|████▉     | 338/693 [01:08<00:50,  7.10it/s]
 49%|████▉     | 339/693 [01:08<00:58,  6.02it/s]
 49%|████▉     | 340/693 [01:08<00:55,  6.39it/s]
 49%|████▉     | 341/693 [01:09<00:50,  6.92it/s]
 49%|████▉     | 342/693 [01:09<00:49,  7.08it/s]
 49%|████▉     | 343/693 [01:09<00:47,  7.39it/s]
 50%|████▉     | 344/693 [01:09<00:46,  7.48it/s]
 50%|████▉     | 345/693 [01:09<00:44,  7.76it/s]
 50%|████▉     | 346/693 [01:09<00:45,  7.69it/s]
 50%|█████     | 347/693 [01:09<00:44,  7.75it/s]
 50%|█████     | 348/693 [01:10<00:44,  7.71it/s]
 50%|█████     | 349/693 [01:10<00:43,  7.87it/s]
 51%|█████     | 350/693 [01:10<00:43,  7.80it/s]
 51%|█████     | 351/693 [01:10<00:43,  7.88it/s]
 51%|█████     | 352/693 [01:10<00:44,  7.69it/s]
 51%|█████     | 353/693 [01:10<00:44,  7.72it/s]
 51%|█████     | 354/693 [01:10<00:43,  7.72it/s]
 51%|█████     | 355/693 [01:10<00:43,  7.77it/s]
 51%|█████▏    | 356/693 [01:11<00:43,  7.68it/s]
 52%|█████▏    | 357/693 [01:11<00:42,  7.87it/s]
 52%|█████▏    | 358/693 [01:11<00:44,  7.46it/s]
 52%|█████▏    | 359/693 [01:12<01:43,  3.24it/s]
 52%|█████▏    | 360/693 [01:12<01:24,  3.93it/s]
 52%|█████▏    | 361/693 [01:12<01:10,  4.72it/s]
 52%|█████▏    | 362/693 [01:12<01:01,  5.39it/s]
 52%|█████▏    | 363/693 [01:12<00:56,  5.87it/s]
 53%|█████▎    | 364/693 [01:12<00:52,  6.28it/s]
 53%|█████▎    | 365/693 [01:12<00:48,  6.79it/s]
 53%|█████▎    | 366/693 [01:12<00:47,  6.94it/s]
 53%|█████▎    | 367/693 [01:13<01:04,  5.06it/s]
 53%|█████▎    | 368/693 [01:13<00:57,  5.62it/s]
 53%|█████▎    | 369/693 [01:13<00:52,  6.22it/s]
 53%|█████▎    | 370/693 [01:13<00:49,  6.54it/s]
 54%|█████▎    | 371/693 [01:13<00:45,  7.01it/s]
 54%|█████▎    | 372/693 [01:13<00:45,  7.10it/s]
 54%|█████▍    | 373/693 [01:14<00:43,  7.42it/s]
 54%|█████▍    | 374/693 [01:14<00:42,  7.48it/s]
 54%|█████▍    | 375/693 [01:15<02:16,  2.32it/s]
 54%|█████▍    | 376/693 [01:15<01:48,  2.93it/s]
 54%|█████▍    | 377/693 [01:15<01:26,  3.66it/s]
 55%|█████▍    | 378/693 [01:15<01:11,  4.38it/s]
 55%|█████▍    | 379/693 [01:15<01:01,  5.12it/s]
 55%|█████▍    | 380/693 [01:15<00:54,  5.79it/s]
 55%|█████▍    | 381/693 [01:15<00:48,  6.43it/s]
 55%|█████▌    | 382/693 [01:16<00:45,  6.88it/s]
 55%|█████▌    | 383/693 [01:16<00:43,  7.05it/s]
 55%|█████▌    | 384/693 [01:16<00:42,  7.27it/s]
 56%|█████▌    | 385/693 [01:16<00:40,  7.54it/s]
 56%|█████▌    | 386/693 [01:16<00:41,  7.44it/s]
 56%|█████▌    | 387/693 [01:16<00:39,  7.66it/s]
 56%|█████▌    | 388/693 [01:16<00:39,  7.65it/s]
 56%|█████▌    | 389/693 [01:16<00:38,  7.80it/s]
 56%|█████▋    | 390/693 [01:17<00:39,  7.72it/s]
 56%|█████▋    | 391/693 [01:17<01:20,  3.77it/s]
 57%|█████▋    | 392/693 [01:17<01:06,  4.51it/s]
 57%|█████▋    | 393/693 [01:17<00:56,  5.26it/s]
 57%|█████▋    | 394/693 [01:18<00:51,  5.83it/s]
 57%|█████▋    | 395/693 [01:18<00:45,  6.53it/s]
 57%|█████▋    | 396/693 [01:18<00:42,  7.00it/s]
 57%|█████▋    | 397/693 [01:18<00:39,  7.50it/s]
 57%|█████▋    | 398/693 [01:18<00:38,  7.65it/s]
 58%|█████▊    | 399/693 [01:19<01:35,  3.08it/s]
 58%|█████▊    | 400/693 [01:19<01:17,  3.78it/s]
 58%|█████▊    | 401/693 [01:19<01:04,  4.54it/s]
 58%|█████▊    | 402/693 [01:19<00:55,  5.26it/s]
 58%|█████▊    | 403/693 [01:19<00:48,  6.02it/s]
 58%|█████▊    | 404/693 [01:19<00:44,  6.53it/s]
 58%|█████▊    | 405/693 [01:20<00:40,  7.06it/s]
 59%|█████▊    | 406/693 [01:20<00:38,  7.36it/s]
 59%|█████▊    | 407/693 [01:20<00:39,  7.22it/s]
 59%|█████▉    | 408/693 [01:20<00:38,  7.33it/s]
 59%|█████▉    | 409/693 [01:20<00:37,  7.61it/s]
 59%|█████▉    | 410/693 [01:22<03:38,  1.29it/s]
 59%|█████▉    | 411/693 [01:22<02:43,  1.73it/s]
 59%|█████▉    | 412/693 [01:23<02:04,  2.26it/s]
 60%|█████▉    | 413/693 [01:23<01:36,  2.89it/s]
 60%|█████▉    | 414/693 [01:23<01:18,  3.53it/s]
 60%|█████▉    | 415/693 [01:23<01:04,  4.28it/s]
 60%|██████    | 416/693 [01:23<00:55,  4.97it/s]
 60%|██████    | 417/693 [01:23<00:49,  5.63it/s]
 60%|██████    | 418/693 [01:23<00:45,  6.06it/s]
 60%|██████    | 419/693 [01:23<00:41,  6.60it/s]
 61%|██████    | 420/693 [01:24<00:39,  6.89it/s]
 61%|██████    | 421/693 [01:24<00:37,  7.22it/s]
 61%|██████    | 422/693 [01:24<00:37,  7.30it/s]
 61%|██████    | 423/693 [01:24<00:36,  7.50it/s]
 61%|██████    | 424/693 [01:24<00:35,  7.57it/s]
 61%|██████▏   | 425/693 [01:24<00:34,  7.79it/s]
 61%|██████▏   | 426/693 [01:24<00:34,  7.72it/s]
 62%|██████▏   | 427/693 [01:24<00:33,  7.94it/s]
 62%|██████▏   | 428/693 [01:25<00:35,  7.43it/s]
 62%|██████▏   | 429/693 [01:25<00:46,  5.68it/s]
 62%|██████▏   | 430/693 [01:25<00:42,  6.22it/s]
 62%|██████▏   | 431/693 [01:25<00:39,  6.71it/s]
 62%|██████▏   | 432/693 [01:25<00:37,  6.97it/s]
 62%|██████▏   | 433/693 [01:25<00:35,  7.29it/s]
 63%|██████▎   | 434/693 [01:26<00:35,  7.20it/s]
 63%|██████▎   | 435/693 [01:26<00:34,  7.51it/s]
 63%|██████▎   | 436/693 [01:26<00:34,  7.55it/s]
 63%|██████▎   | 437/693 [01:26<00:38,  6.63it/s]
 63%|██████▎   | 438/693 [01:26<00:37,  6.84it/s]
 63%|██████▎   | 439/693 [01:26<00:35,  7.17it/s]
 63%|██████▎   | 440/693 [01:26<00:34,  7.25it/s]
 64%|██████▎   | 441/693 [01:26<00:33,  7.60it/s]
 64%|██████▍   | 442/693 [01:27<00:57,  4.37it/s]
 64%|██████▍   | 443/693 [01:27<00:49,  5.08it/s]
 64%|██████▍   | 444/693 [01:27<00:44,  5.63it/s]
 64%|██████▍   | 445/693 [01:27<00:39,  6.27it/s]
 64%|██████▍   | 446/693 [01:27<00:37,  6.64it/s]
 65%|██████▍   | 447/693 [01:28<00:34,  7.07it/s]
 65%|██████▍   | 448/693 [01:28<00:33,  7.27it/s]
 65%|██████▍   | 449/693 [01:28<00:32,  7.51it/s]
 65%|██████▍   | 450/693 [01:28<00:51,  4.68it/s]
 65%|██████▌   | 451/693 [01:28<00:45,  5.35it/s]
 65%|██████▌   | 452/693 [01:28<00:41,  5.79it/s]
 65%|██████▌   | 453/693 [01:29<00:37,  6.39it/s]
 66%|██████▌   | 454/693 [01:29<00:35,  6.68it/s]
 66%|██████▌   | 455/693 [01:29<00:33,  7.05it/s]
 66%|██████▌   | 456/693 [01:29<00:34,  6.93it/s]
 66%|██████▌   | 457/693 [01:29<00:32,  7.18it/s]
 66%|██████▌   | 458/693 [01:29<00:33,  7.03it/s]
 66%|██████▌   | 459/693 [01:30<01:02,  3.72it/s]
 66%|██████▋   | 460/693 [01:30<00:53,  4.33it/s]
 67%|██████▋   | 461/693 [01:30<00:46,  5.01it/s]
 67%|██████▋   | 462/693 [01:30<00:42,  5.44it/s]
 67%|██████▋   | 463/693 [01:30<00:42,  5.43it/s]
 67%|██████▋   | 464/693 [01:31<00:39,  5.84it/s]
 67%|██████▋   | 465/693 [01:31<00:36,  6.21it/s]
 67%|██████▋   | 466/693 [01:31<00:34,  6.63it/s]
 67%|██████▋   | 467/693 [01:31<00:57,  3.91it/s]
 68%|██████▊   | 468/693 [01:31<00:49,  4.57it/s]
 68%|██████▊   | 469/693 [01:32<00:42,  5.26it/s]
 68%|██████▊   | 470/693 [01:32<00:44,  5.01it/s]
 68%|██████▊   | 471/693 [01:32<00:39,  5.58it/s]
 68%|██████▊   | 472/693 [01:32<00:36,  6.02it/s]
 68%|██████▊   | 473/693 [01:32<00:34,  6.41it/s]
 68%|██████▊   | 474/693 [01:32<00:32,  6.66it/s]
 69%|██████▊   | 475/693 [01:32<00:30,  7.07it/s]
 69%|██████▊   | 476/693 [01:33<00:30,  7.14it/s]
 69%|██████▉   | 477/693 [01:33<00:29,  7.44it/s]
 69%|██████▉   | 478/693 [01:33<00:31,  6.79it/s]
 69%|██████▉   | 479/693 [01:34<01:02,  3.44it/s]
 69%|██████▉   | 480/693 [01:34<00:51,  4.14it/s]
 69%|██████▉   | 481/693 [01:34<00:43,  4.86it/s]
 70%|██████▉   | 482/693 [01:34<00:38,  5.54it/s]
 70%|██████▉   | 483/693 [01:34<00:33,  6.24it/s]
 70%|██████▉   | 484/693 [01:34<00:31,  6.61it/s]
 70%|██████▉   | 485/693 [01:34<00:29,  7.13it/s]
 70%|███████   | 486/693 [01:34<00:27,  7.44it/s]
 70%|███████   | 487/693 [01:35<00:27,  7.38it/s]
 70%|███████   | 488/693 [01:35<00:26,  7.61it/s]
 71%|███████   | 489/693 [01:35<00:25,  7.86it/s]
 71%|███████   | 490/693 [01:35<00:25,  7.97it/s]
 71%|███████   | 491/693 [01:35<00:24,  8.25it/s]
 71%|███████   | 492/693 [01:35<00:24,  8.19it/s]
 71%|███████   | 493/693 [01:35<00:24,  8.31it/s]
 71%|███████▏  | 494/693 [01:35<00:23,  8.32it/s]
 71%|███████▏  | 495/693 [01:36<00:38,  5.17it/s]
 72%|███████▏  | 496/693 [01:36<00:34,  5.72it/s]
 72%|███████▏  | 497/693 [01:36<00:30,  6.33it/s]
 72%|███████▏  | 498/693 [01:36<00:29,  6.71it/s]
 72%|███████▏  | 499/693 [01:36<00:27,  7.10it/s]
 72%|███████▏  | 500/693 [01:36<00:26,  7.21it/s]
 72%|███████▏  | 501/693 [01:36<00:25,  7.55it/s]
 72%|███████▏  | 502/693 [01:37<00:24,  7.64it/s]
 73%|███████▎  | 503/693 [01:37<00:58,  3.27it/s]
 73%|███████▎  | 504/693 [01:37<00:47,  3.98it/s]
 73%|███████▎  | 505/693 [01:38<00:40,  4.65it/s]
 73%|███████▎  | 506/693 [01:38<00:35,  5.29it/s]
 73%|███████▎  | 507/693 [01:38<00:31,  5.93it/s]
 73%|███████▎  | 508/693 [01:38<00:29,  6.35it/s]
 73%|███████▎  | 509/693 [01:38<00:26,  6.86it/s]
 74%|███████▎  | 510/693 [01:38<00:25,  7.08it/s]
 74%|███████▎  | 511/693 [01:39<00:49,  3.64it/s]
 74%|███████▍  | 512/693 [01:39<00:42,  4.23it/s]
 74%|███████▍  | 513/693 [01:39<00:36,  4.90it/s]
 74%|███████▍  | 514/693 [01:39<00:33,  5.41it/s]
 74%|███████▍  | 515/693 [01:39<00:29,  5.94it/s]
 74%|███████▍  | 516/693 [01:39<00:28,  6.24it/s]
 75%|███████▍  | 517/693 [01:40<00:26,  6.59it/s]
 75%|███████▍  | 518/693 [01:40<00:26,  6.70it/s]
 75%|███████▍  | 519/693 [01:40<00:26,  6.56it/s]
 75%|███████▌  | 520/693 [01:40<00:25,  6.83it/s]
 75%|███████▌  | 521/693 [01:40<00:23,  7.17it/s]
 75%|███████▌  | 522/693 [01:40<00:23,  7.14it/s]
 75%|███████▌  | 523/693 [01:40<00:22,  7.47it/s]
 76%|███████▌  | 524/693 [01:41<00:22,  7.51it/s]
 76%|███████▌  | 525/693 [01:41<00:22,  7.59it/s]
 76%|███████▌  | 526/693 [01:41<00:21,  7.94it/s]
 76%|███████▌  | 527/693 [01:41<00:21,  7.82it/s]
 76%|███████▌  | 528/693 [01:41<00:20,  7.97it/s]
 76%|███████▋  | 529/693 [01:41<00:20,  7.93it/s]
 76%|███████▋  | 530/693 [01:41<00:20,  7.92it/s]
 77%|███████▋  | 531/693 [01:41<00:19,  8.32it/s]
 77%|███████▋  | 532/693 [01:42<00:19,  8.29it/s]
 77%|███████▋  | 533/693 [01:42<00:19,  8.38it/s]
 77%|███████▋  | 534/693 [01:42<00:34,  4.59it/s]
 77%|███████▋  | 535/693 [01:42<00:29,  5.31it/s]
 77%|███████▋  | 536/693 [01:42<00:26,  5.95it/s]
 77%|███████▋  | 537/693 [01:42<00:24,  6.50it/s]
 78%|███████▊  | 538/693 [01:43<00:22,  6.94it/s]
 78%|███████▊  | 539/693 [01:43<00:20,  7.40it/s]
 78%|███████▊  | 540/693 [01:43<00:20,  7.50it/s]
 78%|███████▊  | 541/693 [01:43<00:19,  7.75it/s]
 78%|███████▊  | 542/693 [01:43<00:19,  7.85it/s]
 78%|███████▊  | 543/693 [01:43<00:18,  8.00it/s]
 78%|███████▊  | 544/693 [01:43<00:18,  8.02it/s]
 79%|███████▊  | 545/693 [01:44<01:04,  2.28it/s]
 79%|███████▉  | 546/693 [01:45<00:50,  2.89it/s]
 79%|███████▉  | 547/693 [01:45<00:40,  3.59it/s]
 79%|███████▉  | 548/693 [01:45<00:33,  4.27it/s]
 79%|███████▉  | 549/693 [01:45<00:28,  5.00it/s]
 79%|███████▉  | 550/693 [01:45<00:25,  5.57it/s]
 80%|███████▉  | 551/693 [01:45<00:23,  6.06it/s]
 80%|███████▉  | 552/693 [01:45<00:21,  6.47it/s]
 80%|███████▉  | 553/693 [01:45<00:20,  6.93it/s]
 80%|███████▉  | 554/693 [01:46<00:19,  7.05it/s]
 80%|████████  | 555/693 [01:46<00:18,  7.39it/s]
 80%|████████  | 556/693 [01:46<00:18,  7.42it/s]
 80%|████████  | 557/693 [01:46<00:17,  7.60it/s]
 81%|████████  | 558/693 [01:46<00:17,  7.60it/s]
 81%|████████  | 559/693 [01:47<00:40,  3.28it/s]
 81%|████████  | 560/693 [01:47<00:33,  3.94it/s]
 81%|████████  | 561/693 [01:47<00:28,  4.66it/s]
 81%|████████  | 562/693 [01:47<00:24,  5.28it/s]
 81%|████████  | 563/693 [01:47<00:21,  5.93it/s]
 81%|████████▏ | 564/693 [01:47<00:20,  6.33it/s]
 82%|████████▏ | 565/693 [01:48<00:19,  6.73it/s]
 82%|████████▏ | 566/693 [01:48<00:18,  7.01it/s]
 82%|████████▏ | 567/693 [01:48<00:33,  3.78it/s]
 82%|████████▏ | 568/693 [01:48<00:28,  4.43it/s]
 82%|████████▏ | 569/693 [01:49<00:24,  5.06it/s]
 82%|████████▏ | 570/693 [01:49<00:21,  5.61it/s]
 82%|████████▏ | 571/693 [01:49<00:19,  6.19it/s]
 83%|████████▎ | 572/693 [01:49<00:18,  6.52it/s]
 83%|████████▎ | 573/693 [01:49<00:17,  6.92it/s]
 83%|████████▎ | 574/693 [01:49<00:16,  7.12it/s]
 83%|████████▎ | 575/693 [01:49<00:16,  7.20it/s]
 83%|████████▎ | 576/693 [01:49<00:15,  7.31it/s]
 83%|████████▎ | 577/693 [01:50<00:15,  7.27it/s]
 83%|████████▎ | 578/693 [01:50<00:15,  7.25it/s]
 84%|████████▎ | 579/693 [01:50<00:15,  7.41it/s]
 84%|████████▎ | 580/693 [01:50<00:15,  7.29it/s]
 84%|████████▍ | 581/693 [01:50<00:15,  7.42it/s]
 84%|████████▍ | 582/693 [01:50<00:15,  7.31it/s]
 84%|████████▍ | 583/693 [01:51<00:26,  4.18it/s]
 84%|████████▍ | 584/693 [01:51<00:22,  4.79it/s]
 84%|████████▍ | 585/693 [01:51<00:23,  4.55it/s]
 85%|████████▍ | 586/693 [01:51<00:20,  5.14it/s]
 85%|████████▍ | 587/693 [01:51<00:18,  5.74it/s]
 85%|████████▍ | 588/693 [01:52<00:17,  6.10it/s]
 85%|████████▍ | 589/693 [01:52<00:15,  6.52it/s]
 85%|████████▌ | 590/693 [01:52<00:15,  6.64it/s]
 85%|████████▌ | 591/693 [01:52<00:15,  6.42it/s]
 85%|████████▌ | 592/693 [01:52<00:15,  6.54it/s]
 86%|████████▌ | 593/693 [01:52<00:14,  6.77it/s]
 86%|████████▌ | 594/693 [01:52<00:14,  6.84it/s]
 86%|████████▌ | 595/693 [01:53<00:14,  6.77it/s]
 86%|████████▌ | 596/693 [01:53<00:14,  6.82it/s]
 86%|████████▌ | 597/693 [01:53<00:13,  7.04it/s]
 86%|████████▋ | 598/693 [01:53<00:13,  7.06it/s]
 86%|████████▋ | 599/693 [01:53<00:13,  7.21it/s]
 87%|████████▋ | 600/693 [01:53<00:13,  6.91it/s]
 87%|████████▋ | 601/693 [01:54<00:16,  5.70it/s]
 87%|████████▋ | 602/693 [01:54<00:15,  6.06it/s]
 87%|████████▋ | 603/693 [01:54<00:13,  6.45it/s]
 87%|████████▋ | 604/693 [01:54<00:13,  6.57it/s]
 87%|████████▋ | 605/693 [01:54<00:12,  6.85it/s]
 87%|████████▋ | 606/693 [01:54<00:12,  6.88it/s]
 88%|████████▊ | 607/693 [01:54<00:12,  7.00it/s]
 88%|████████▊ | 608/693 [01:55<00:12,  6.83it/s]
 88%|████████▊ | 609/693 [01:55<00:23,  3.59it/s]
 88%|████████▊ | 610/693 [01:55<00:19,  4.19it/s]
 88%|████████▊ | 611/693 [01:55<00:17,  4.75it/s]
 88%|████████▊ | 612/693 [01:56<00:15,  5.08it/s]
 88%|████████▊ | 613/693 [01:56<00:14,  5.66it/s]
 89%|████████▊ | 614/693 [01:56<00:13,  6.03it/s]
 89%|████████▊ | 615/693 [01:56<00:12,  6.44it/s]
 89%|████████▉ | 616/693 [01:56<00:11,  6.62it/s]
 89%|████████▉ | 617/693 [01:56<00:11,  6.56it/s]
 89%|████████▉ | 618/693 [01:56<00:11,  6.73it/s]
 89%|████████▉ | 619/693 [01:57<00:10,  7.02it/s]
 89%|████████▉ | 620/693 [01:57<00:10,  6.88it/s]
 90%|████████▉ | 621/693 [01:57<00:10,  7.10it/s]
 90%|████████▉ | 622/693 [01:57<00:09,  7.12it/s]
 90%|████████▉ | 623/693 [01:57<00:09,  7.29it/s]
 90%|█████████ | 624/693 [01:57<00:09,  7.02it/s]
 90%|█████████ | 625/693 [01:57<00:09,  6.85it/s]
 90%|█████████ | 626/693 [01:58<00:09,  6.91it/s]
 90%|█████████ | 627/693 [01:58<00:09,  7.17it/s]
 91%|█████████ | 628/693 [01:58<00:09,  6.79it/s]
 91%|█████████ | 629/693 [01:58<00:09,  7.03it/s]
 91%|█████████ | 630/693 [01:58<00:08,  7.08it/s]
 91%|█████████ | 631/693 [01:58<00:08,  6.90it/s]
 91%|█████████ | 632/693 [01:59<00:14,  4.08it/s]
 91%|█████████▏| 633/693 [01:59<00:12,  4.75it/s]
 91%|█████████▏| 634/693 [01:59<00:11,  5.36it/s]
 92%|█████████▏| 635/693 [01:59<00:09,  6.06it/s]
 92%|█████████▏| 636/693 [01:59<00:08,  6.44it/s]
 92%|█████████▏| 637/693 [01:59<00:08,  6.92it/s]
 92%|█████████▏| 638/693 [01:59<00:07,  7.09it/s]
 92%|█████████▏| 639/693 [02:00<00:07,  7.40it/s]
 92%|█████████▏| 640/693 [02:00<00:10,  5.24it/s]
 92%|█████████▏| 641/693 [02:00<00:08,  5.85it/s]
 93%|█████████▎| 642/693 [02:00<00:08,  6.32it/s]
 93%|█████████▎| 643/693 [02:00<00:07,  6.80it/s]
 93%|█████████▎| 644/693 [02:00<00:07,  6.91it/s]
 93%|█████████▎| 645/693 [02:01<00:06,  7.29it/s]
 93%|█████████▎| 646/693 [02:01<00:06,  7.12it/s]
 93%|█████████▎| 647/693 [02:01<00:06,  7.45it/s]
 94%|█████████▎| 648/693 [02:01<00:06,  7.48it/s]
 94%|█████████▎| 649/693 [02:01<00:05,  7.77it/s]
 94%|█████████▍| 650/693 [02:01<00:05,  7.72it/s]
 94%|█████████▍| 651/693 [02:01<00:05,  7.88it/s]
 94%|█████████▍| 652/693 [02:01<00:05,  7.74it/s]
 94%|█████████▍| 653/693 [02:02<00:05,  7.99it/s]
 94%|█████████▍| 654/693 [02:02<00:07,  5.20it/s]
 95%|█████████▍| 655/693 [02:02<00:06,  5.87it/s]
 95%|█████████▍| 656/693 [02:02<00:05,  6.30it/s]
 95%|█████████▍| 657/693 [02:02<00:05,  6.77it/s]
 95%|█████████▍| 658/693 [02:02<00:05,  6.96it/s]
 95%|█████████▌| 659/693 [02:03<00:04,  7.34it/s]
 95%|█████████▌| 660/693 [02:03<00:04,  7.41it/s]
 95%|█████████▌| 661/693 [02:03<00:04,  7.62it/s]
 96%|█████████▌| 662/693 [02:04<00:15,  2.03it/s]
 96%|█████████▌| 663/693 [02:04<00:11,  2.64it/s]
 96%|█████████▌| 664/693 [02:04<00:08,  3.31it/s]
 96%|█████████▌| 665/693 [02:05<00:06,  4.01it/s]
 96%|█████████▌| 666/693 [02:05<00:05,  4.76it/s]
 96%|█████████▌| 667/693 [02:05<00:04,  5.46it/s]
 96%|█████████▋| 668/693 [02:05<00:04,  5.95it/s]
 97%|█████████▋| 669/693 [02:05<00:03,  6.47it/s]
 97%|█████████▋| 670/693 [02:06<00:06,  3.57it/s]
 97%|█████████▋| 671/693 [02:06<00:05,  4.32it/s]
 97%|█████████▋| 672/693 [02:06<00:04,  4.97it/s]
 97%|█████████▋| 673/693 [02:06<00:03,  5.63it/s]
 97%|█████████▋| 674/693 [02:06<00:03,  6.11it/s]
 97%|█████████▋| 675/693 [02:06<00:02,  6.48it/s]
 98%|█████████▊| 676/693 [02:06<00:02,  6.71it/s]
 98%|█████████▊| 677/693 [02:06<00:02,  7.14it/s]
 98%|█████████▊| 678/693 [02:07<00:02,  5.49it/s]
 98%|█████████▊| 679/693 [02:07<00:02,  6.16it/s]
 98%|█████████▊| 680/693 [02:07<00:02,  6.49it/s]
 98%|█████████▊| 681/693 [02:07<00:01,  6.93it/s]
 98%|█████████▊| 682/693 [02:07<00:01,  7.14it/s]
 99%|█████████▊| 683/693 [02:07<00:01,  7.47it/s]
 99%|█████████▊| 684/693 [02:07<00:01,  7.53it/s]
 99%|█████████▉| 685/693 [02:08<00:01,  7.81it/s]
 99%|█████████▉| 686/693 [02:08<00:00,  7.72it/s]
 99%|█████████▉| 687/693 [02:08<00:00,  8.13it/s]
 99%|█████████▉| 688/693 [02:08<00:00,  8.18it/s]
 99%|█████████▉| 689/693 [02:08<00:00,  8.44it/s]
100%|█████████▉| 690/693 [02:08<00:00,  8.56it/s]
100%|█████████▉| 691/693 [02:08<00:00,  8.59it/s]
100%|█████████▉| 692/693 [02:08<00:00,  8.71it/s]
100%|██████████| 693/693 [02:09<00:00,  8.83it/s]
100%|██████████| 693/693 [02:09<00:00,  5.36it/s]
Training loss: 1.9632220018821704, KL loss: 1.0192306972771323, Sim loss: 0.000674872629643657, Exo CLS loss: 1.1173169628581272, 
Noun sim loss: 0.12332744548073063, Part sim loss: 0.5462757512862548, Proto loss: 1.4362120069294608, Conc loss: 0.1481118549473186
learning rate:5e-05


  0%|          | 0/168 [00:00<?, ?it/s]
  1%|          | 1/168 [00:00<01:38,  1.70it/s]
  2%|▏         | 4/168 [00:00<00:24,  6.78it/s]
  4%|▎         | 6/168 [00:00<00:21,  7.65it/s]
  5%|▌         | 9/168 [00:01<00:17,  8.89it/s]
  8%|▊         | 13/168 [00:01<00:11, 13.66it/s]
 10%|█         | 17/168 [00:01<00:16,  9.09it/s]
 13%|█▎        | 22/168 [00:02<00:10, 13.59it/s]
 15%|█▍        | 25/168 [00:02<00:13, 10.47it/s]
 16%|█▌        | 27/168 [00:02<00:15,  9.35it/s]
 18%|█▊        | 31/168 [00:02<00:10, 12.98it/s]
 20%|██        | 34/168 [00:03<00:08, 14.97it/s]
 23%|██▎       | 38/168 [00:03<00:07, 18.41it/s]
 25%|██▌       | 42/168 [00:03<00:05, 21.65it/s]
 28%|██▊       | 47/168 [00:03<00:04, 26.32it/s]
 30%|███       | 51/168 [00:03<00:04, 28.41it/s]
 33%|███▎      | 55/168 [00:03<00:03, 31.06it/s]
 35%|███▌      | 59/168 [00:04<00:05, 19.14it/s]
 38%|███▊      | 63/168 [00:04<00:04, 22.41it/s]
 40%|███▉      | 67/168 [00:04<00:04, 22.93it/s]
 42%|████▏     | 71/168 [00:04<00:03, 25.97it/s]
 45%|████▍     | 75/168 [00:04<00:03, 27.98it/s]
 47%|████▋     | 79/168 [00:04<00:04, 19.96it/s]
 49%|████▉     | 83/168 [00:05<00:03, 23.39it/s]
 51%|█████     | 86/168 [00:05<00:04, 16.90it/s]
 54%|█████▎    | 90/168 [00:05<00:03, 20.67it/s]
 56%|█████▌    | 94/168 [00:06<00:07, 10.25it/s]
 58%|█████▊    | 98/168 [00:06<00:05, 13.23it/s]
 61%|██████    | 102/168 [00:06<00:04, 16.43it/s]
 63%|██████▎   | 106/168 [00:06<00:03, 19.83it/s]
 65%|██████▌   | 110/168 [00:06<00:02, 22.66it/s]
 68%|██████▊   | 114/168 [00:06<00:02, 25.26it/s]
 70%|███████   | 118/168 [00:06<00:01, 26.49it/s]
 73%|███████▎  | 122/168 [00:07<00:01, 27.73it/s]
 75%|███████▌  | 126/168 [00:07<00:01, 28.72it/s]
 77%|███████▋  | 130/168 [00:07<00:01, 30.19it/s]
 80%|███████▉  | 134/168 [00:07<00:01, 31.04it/s]
 82%|████████▏ | 138/168 [00:07<00:00, 30.88it/s]
 85%|████████▍ | 142/168 [00:07<00:00, 32.84it/s]
 87%|████████▋ | 146/168 [00:07<00:00, 33.36it/s]
 89%|████████▉ | 150/168 [00:07<00:00, 32.49it/s]
 92%|█████████▏| 154/168 [00:08<00:00, 32.36it/s]
 94%|█████████▍| 158/168 [00:08<00:00, 27.63it/s]
 96%|█████████▌| 161/168 [00:08<00:00, 18.40it/s]
 98%|█████████▊| 165/168 [00:08<00:00, 22.05it/s]
100%|██████████| 168/168 [00:08<00:00, 18.88it/s]
Result on AGD: 
KLD=1.0541837215423584, SIM=0.43213725090026855, NSS=1.4544150829315186
noun sim: 0.11868267909934123, part sim: 0.41902959577384447
New best KLD: 1.0541837215423584, 0.43213725090026855, 1.4544150829315186
============Training Epoch 2============

  0%|          | 0/693 [00:00<?, ?it/s]/home/wyn/.conda/envs/clip-env/lib/python3.10/site-packages/torch/_tensor.py:1002: UserWarning: non-inplace resize is deprecated
  warnings.warn("non-inplace resize is deprecated")
/home/wyn/.conda/envs/clip-env/lib/python3.10/site-packages/torch/_tensor.py:1002: UserWarning: non-inplace resize is deprecated
  warnings.warn("non-inplace resize is deprecated")
/home/wyn/.conda/envs/clip-env/lib/python3.10/site-packages/torch/_tensor.py:1002: UserWarning: non-inplace resize is deprecated
  warnings.warn("non-inplace resize is deprecated")
/home/wyn/.conda/envs/clip-env/lib/python3.10/site-packages/torch/_tensor.py:1002: UserWarning: non-inplace resize is deprecated
  warnings.warn("non-inplace resize is deprecated")
/home/wyn/.conda/envs/clip-env/lib/python3.10/site-packages/torch/_tensor.py:1002: UserWarning: non-inplace resize is deprecated
  warnings.warn("non-inplace resize is deprecated")
/home/wyn/.conda/envs/clip-env/lib/python3.10/site-packages/torch/_tensor.py:1002: UserWarning: non-inplace resize is deprecated
  warnings.warn("non-inplace resize is deprecated")
/home/wyn/.conda/envs/clip-env/lib/python3.10/site-packages/torch/_tensor.py:1002: UserWarning: non-inplace resize is deprecated
  warnings.warn("non-inplace resize is deprecated")
/home/wyn/.conda/envs/clip-env/lib/python3.10/site-packages/torch/_tensor.py:1002: UserWarning: non-inplace resize is deprecated
  warnings.warn("non-inplace resize is deprecated")

  0%|          | 1/693 [00:02<23:18,  2.02s/it]
  0%|          | 2/693 [00:02<10:32,  1.09it/s]
  0%|          | 3/693 [00:02<06:23,  1.80it/s]
  1%|          | 4/693 [00:03<09:11,  1.25it/s]
  1%|          | 5/693 [00:03<06:24,  1.79it/s]
  1%|          | 6/693 [00:03<04:46,  2.40it/s]
  1%|          | 7/693 [00:03<03:40,  3.11it/s]
  1%|          | 8/693 [00:04<03:00,  3.79it/s]
  1%|▏         | 9/693 [00:04<02:34,  4.43it/s]
  1%|▏         | 10/693 [00:04<02:16,  5.02it/s]
  2%|▏         | 11/693 [00:04<02:01,  5.61it/s]
  2%|▏         | 12/693 [00:04<02:01,  5.62it/s]
  2%|▏         | 13/693 [00:04<01:51,  6.11it/s]
  2%|▏         | 14/693 [00:04<01:47,  6.33it/s]
  2%|▏         | 15/693 [00:05<01:41,  6.65it/s]
  2%|▏         | 16/693 [00:05<01:40,  6.75it/s]
  2%|▏         | 17/693 [00:05<01:36,  7.02it/s]
  3%|▎         | 18/693 [00:05<01:36,  7.00it/s]
  3%|▎         | 19/693 [00:05<01:33,  7.19it/s]
  3%|▎         | 20/693 [00:06<02:42,  4.14it/s]
  3%|▎         | 21/693 [00:06<02:18,  4.85it/s]
  3%|▎         | 22/693 [00:06<02:04,  5.37it/s]
  3%|▎         | 23/693 [00:06<01:53,  5.93it/s]
  3%|▎         | 24/693 [00:06<01:47,  6.22it/s]
  4%|▎         | 25/693 [00:06<01:40,  6.64it/s]
  4%|▍         | 26/693 [00:06<01:38,  6.75it/s]
  4%|▍         | 27/693 [00:06<01:34,  7.02it/s]
  4%|▍         | 28/693 [00:07<02:41,  4.13it/s]
  4%|▍         | 29/693 [00:07<02:18,  4.80it/s]
  4%|▍         | 30/693 [00:07<02:04,  5.33it/s]
  4%|▍         | 31/693 [00:07<01:52,  5.88it/s]
  5%|▍         | 32/693 [00:07<01:46,  6.19it/s]
  5%|▍         | 33/693 [00:08<01:40,  6.58it/s]
  5%|▍         | 34/693 [00:08<01:37,  6.74it/s]
  5%|▌         | 35/693 [00:08<01:33,  7.04it/s]
  5%|▌         | 36/693 [00:08<01:59,  5.50it/s]
  5%|▌         | 37/693 [00:08<01:49,  6.00it/s]
  5%|▌         | 38/693 [00:08<01:44,  6.25it/s]
  6%|▌         | 39/693 [00:09<01:38,  6.65it/s]
  6%|▌         | 40/693 [00:09<01:35,  6.85it/s]
  6%|▌         | 41/693 [00:09<01:31,  7.11it/s]
  6%|▌         | 42/693 [00:09<01:31,  7.13it/s]
  6%|▌         | 43/693 [00:09<01:28,  7.35it/s]
  6%|▋         | 44/693 [00:09<01:30,  7.15it/s]
  6%|▋         | 45/693 [00:09<01:28,  7.32it/s]
  7%|▋         | 46/693 [00:09<01:29,  7.27it/s]
  7%|▋         | 47/693 [00:10<01:27,  7.38it/s]
  7%|▋         | 48/693 [00:10<01:30,  7.14it/s]
  7%|▋         | 49/693 [00:10<01:28,  7.31it/s]
  7%|▋         | 50/693 [00:10<01:28,  7.29it/s]
  7%|▋         | 51/693 [00:10<01:26,  7.44it/s]
  8%|▊         | 52/693 [00:10<01:27,  7.30it/s]
  8%|▊         | 53/693 [00:10<01:28,  7.20it/s]
  8%|▊         | 54/693 [00:11<01:30,  7.07it/s]
  8%|▊         | 55/693 [00:11<01:27,  7.27it/s]
  8%|▊         | 56/693 [00:11<03:09,  3.36it/s]
  8%|▊         | 57/693 [00:12<02:36,  4.06it/s]
  8%|▊         | 58/693 [00:12<02:14,  4.71it/s]
  9%|▊         | 59/693 [00:12<01:57,  5.38it/s]
  9%|▊         | 60/693 [00:12<01:49,  5.80it/s]
  9%|▉         | 61/693 [00:12<01:40,  6.30it/s]
  9%|▉         | 62/693 [00:12<01:35,  6.57it/s]
  9%|▉         | 63/693 [00:12<01:32,  6.81it/s]
  9%|▉         | 64/693 [00:13<02:10,  4.81it/s]
  9%|▉         | 65/693 [00:13<01:55,  5.45it/s]
 10%|▉         | 66/693 [00:13<01:46,  5.91it/s]
 10%|▉         | 67/693 [00:13<01:37,  6.42it/s]
 10%|▉         | 68/693 [00:13<01:33,  6.71it/s]
 10%|▉         | 69/693 [00:13<01:28,  7.02it/s]
 10%|█         | 70/693 [00:13<01:27,  7.11it/s]
 10%|█         | 71/693 [00:14<01:25,  7.28it/s]
 10%|█         | 72/693 [00:14<01:35,  6.50it/s]
 11%|█         | 73/693 [00:14<01:31,  6.81it/s]
 11%|█         | 74/693 [00:14<01:29,  6.92it/s]
 11%|█         | 75/693 [00:14<01:26,  7.17it/s]
 11%|█         | 76/693 [00:14<01:26,  7.17it/s]
 11%|█         | 77/693 [00:14<01:23,  7.38it/s]
 11%|█▏        | 78/693 [00:15<01:23,  7.36it/s]
 11%|█▏        | 79/693 [00:15<01:22,  7.46it/s]
 12%|█▏        | 80/693 [00:15<01:30,  6.75it/s]
 12%|█▏        | 81/693 [00:15<01:29,  6.85it/s]
 12%|█▏        | 82/693 [00:15<01:27,  6.96it/s]
 12%|█▏        | 83/693 [00:15<01:24,  7.20it/s]
 12%|█▏        | 84/693 [00:15<01:23,  7.27it/s]
 12%|█▏        | 85/693 [00:16<02:08,  4.74it/s]
 12%|█▏        | 86/693 [00:16<01:54,  5.29it/s]
 13%|█▎        | 87/693 [00:16<01:42,  5.91it/s]
 13%|█▎        | 88/693 [00:16<01:35,  6.32it/s]
 13%|█▎        | 89/693 [00:16<01:28,  6.81it/s]
 13%|█▎        | 90/693 [00:16<01:26,  7.01it/s]
 13%|█▎        | 91/693 [00:17<01:21,  7.42it/s]
 13%|█▎        | 92/693 [00:17<01:20,  7.45it/s]
 13%|█▎        | 93/693 [00:17<01:18,  7.64it/s]
 14%|█▎        | 94/693 [00:17<01:18,  7.66it/s]
 14%|█▎        | 95/693 [00:17<01:18,  7.64it/s]
 14%|█▍        | 96/693 [00:17<01:18,  7.57it/s]
 14%|█▍        | 97/693 [00:17<01:16,  7.76it/s]
 14%|█▍        | 98/693 [00:17<01:17,  7.67it/s]
 14%|█▍        | 99/693 [00:18<01:15,  7.86it/s]
 14%|█▍        | 100/693 [00:18<01:16,  7.76it/s]
 15%|█▍        | 101/693 [00:19<04:27,  2.21it/s]
 15%|█▍        | 102/693 [00:19<03:29,  2.82it/s]
 15%|█▍        | 103/693 [00:19<02:46,  3.53it/s]
 15%|█▌        | 104/693 [00:19<02:18,  4.25it/s]
 15%|█▌        | 105/693 [00:19<01:56,  5.04it/s]
 15%|█▌        | 106/693 [00:20<01:44,  5.64it/s]
 15%|█▌        | 107/693 [00:20<01:33,  6.26it/s]
 16%|█▌        | 108/693 [00:20<01:27,  6.72it/s]
 16%|█▌        | 109/693 [00:21<05:54,  1.65it/s]
 16%|█▌        | 110/693 [00:22<04:31,  2.15it/s]
 16%|█▌        | 111/693 [00:22<03:29,  2.78it/s]
 16%|█▌        | 112/693 [00:22<02:49,  3.44it/s]
 16%|█▋        | 113/693 [00:22<02:18,  4.18it/s]
 16%|█▋        | 114/693 [00:22<01:58,  4.87it/s]
 17%|█▋        | 115/693 [00:22<01:44,  5.55it/s]
 17%|█▋        | 116/693 [00:22<01:35,  6.04it/s]
 17%|█▋        | 117/693 [00:24<05:24,  1.77it/s]
 17%|█▋        | 118/693 [00:24<04:09,  2.31it/s]
 17%|█▋        | 119/693 [00:24<03:14,  2.95it/s]
 17%|█▋        | 120/693 [00:24<02:38,  3.62it/s]
 17%|█▋        | 121/693 [00:24<02:11,  4.33it/s]
 18%|█▊        | 122/693 [00:24<01:54,  4.99it/s]
 18%|█▊        | 123/693 [00:25<01:40,  5.68it/s]
 18%|█▊        | 124/693 [00:25<01:32,  6.13it/s]
 18%|█▊        | 125/693 [00:25<01:25,  6.63it/s]
 18%|█▊        | 126/693 [00:25<01:21,  6.95it/s]
 18%|█▊        | 127/693 [00:25<01:17,  7.29it/s]
 18%|█▊        | 128/693 [00:25<01:16,  7.36it/s]
 19%|█▊        | 129/693 [00:25<01:13,  7.63it/s]
 19%|█▉        | 130/693 [00:25<01:13,  7.68it/s]
 19%|█▉        | 131/693 [00:26<01:11,  7.82it/s]
 19%|█▉        | 132/693 [00:26<01:12,  7.71it/s]
 19%|█▉        | 133/693 [00:26<01:12,  7.76it/s]
 19%|█▉        | 134/693 [00:26<01:12,  7.73it/s]
 19%|█▉        | 135/693 [00:26<01:11,  7.84it/s]
 20%|█▉        | 136/693 [00:26<01:11,  7.80it/s]
 20%|█▉        | 137/693 [00:26<01:10,  7.91it/s]
 20%|█▉        | 138/693 [00:26<01:10,  7.89it/s]
 20%|██        | 139/693 [00:27<01:09,  8.01it/s]
 20%|██        | 140/693 [00:27<01:09,  7.95it/s]
 20%|██        | 141/693 [00:27<01:08,  8.07it/s]
 20%|██        | 142/693 [00:27<01:09,  7.90it/s]
 21%|██        | 143/693 [00:27<01:07,  8.14it/s]
 21%|██        | 144/693 [00:27<01:09,  7.86it/s]
 21%|██        | 145/693 [00:27<01:08,  8.02it/s]
 21%|██        | 146/693 [00:28<01:09,  7.82it/s]
 21%|██        | 147/693 [00:28<01:09,  7.91it/s]
 21%|██▏       | 148/693 [00:28<01:09,  7.81it/s]
 22%|██▏       | 149/693 [00:28<01:08,  7.96it/s]
 22%|██▏       | 150/693 [00:28<01:08,  7.89it/s]
 22%|██▏       | 151/693 [00:28<01:07,  8.01it/s]
 22%|██▏       | 152/693 [00:28<01:09,  7.83it/s]
 22%|██▏       | 153/693 [00:28<01:08,  7.93it/s]
 22%|██▏       | 154/693 [00:29<01:08,  7.83it/s]
 22%|██▏       | 155/693 [00:29<01:32,  5.82it/s]
 23%|██▎       | 156/693 [00:29<01:25,  6.26it/s]
 23%|██▎       | 157/693 [00:29<01:19,  6.77it/s]
 23%|██▎       | 158/693 [00:29<01:15,  7.04it/s]
 23%|██▎       | 159/693 [00:29<01:12,  7.39it/s]
 23%|██▎       | 160/693 [00:29<01:11,  7.47it/s]
 23%|██▎       | 161/693 [00:30<01:08,  7.72it/s]
 23%|██▎       | 162/693 [00:30<01:09,  7.68it/s]
 24%|██▎       | 163/693 [00:30<02:05,  4.22it/s]
 24%|██▎       | 164/693 [00:30<01:48,  4.87it/s]
 24%|██▍       | 165/693 [00:30<01:35,  5.55it/s]
 24%|██▍       | 166/693 [00:31<01:26,  6.08it/s]
 24%|██▍       | 167/693 [00:31<01:19,  6.63it/s]
 24%|██▍       | 168/693 [00:31<01:15,  6.93it/s]
 24%|██▍       | 169/693 [00:31<01:11,  7.30it/s]
 25%|██▍       | 170/693 [00:31<01:10,  7.41it/s]
 25%|██▍       | 171/693 [00:31<01:30,  5.79it/s]
 25%|██▍       | 172/693 [00:31<01:23,  6.21it/s]
 25%|██▍       | 173/693 [00:32<01:17,  6.70it/s]
 25%|██▌       | 174/693 [00:32<01:14,  6.96it/s]
 25%|██▌       | 175/693 [00:32<01:10,  7.35it/s]
 25%|██▌       | 176/693 [00:32<01:09,  7.42it/s]
 26%|██▌       | 177/693 [00:32<01:07,  7.66it/s]
 26%|██▌       | 178/693 [00:32<01:06,  7.71it/s]
 26%|██▌       | 179/693 [00:32<01:18,  6.54it/s]
 26%|██▌       | 180/693 [00:33<01:14,  6.88it/s]
 26%|██▌       | 181/693 [00:33<01:48,  4.72it/s]
 26%|██▋       | 182/693 [00:33<01:37,  5.24it/s]
 26%|██▋       | 183/693 [00:33<01:26,  5.88it/s]
 27%|██▋       | 184/693 [00:33<01:20,  6.33it/s]
 27%|██▋       | 185/693 [00:33<01:15,  6.77it/s]
 27%|██▋       | 186/693 [00:34<01:13,  6.93it/s]
 27%|██▋       | 187/693 [00:34<01:09,  7.24it/s]
 27%|██▋       | 188/693 [00:34<01:08,  7.32it/s]
 27%|██▋       | 189/693 [00:34<02:03,  4.09it/s]
 27%|██▋       | 190/693 [00:34<01:46,  4.72it/s]
 28%|██▊       | 191/693 [00:35<01:32,  5.43it/s]
 28%|██▊       | 192/693 [00:35<01:24,  5.95it/s]
 28%|██▊       | 193/693 [00:35<01:16,  6.50it/s]
 28%|██▊       | 194/693 [00:35<01:14,  6.68it/s]
 28%|██▊       | 195/693 [00:35<01:09,  7.13it/s]
 28%|██▊       | 196/693 [00:35<01:08,  7.24it/s]
 28%|██▊       | 197/693 [00:36<03:40,  2.25it/s]
 29%|██▊       | 198/693 [00:36<02:53,  2.85it/s]
 29%|██▊       | 199/693 [00:37<02:19,  3.54it/s]
 29%|██▉       | 200/693 [00:37<01:56,  4.24it/s]
 29%|██▉       | 201/693 [00:37<01:38,  4.97it/s]
 29%|██▉       | 202/693 [00:37<01:29,  5.50it/s]
 29%|██▉       | 203/693 [00:37<01:20,  6.12it/s]
 29%|██▉       | 204/693 [00:37<01:15,  6.46it/s]
 30%|██▉       | 205/693 [00:37<01:11,  6.84it/s]
 30%|██▉       | 206/693 [00:38<01:10,  6.95it/s]
 30%|██▉       | 207/693 [00:38<01:06,  7.34it/s]
 30%|███       | 208/693 [00:38<01:05,  7.46it/s]
 30%|███       | 209/693 [00:38<01:03,  7.68it/s]
 30%|███       | 210/693 [00:38<01:03,  7.65it/s]
 30%|███       | 211/693 [00:38<01:01,  7.84it/s]
 31%|███       | 212/693 [00:38<01:00,  7.95it/s]
 31%|███       | 213/693 [00:38<01:00,  7.95it/s]
 31%|███       | 214/693 [00:38<00:59,  8.04it/s]
 31%|███       | 215/693 [00:39<01:12,  6.56it/s]
 31%|███       | 216/693 [00:39<01:09,  6.88it/s]
 31%|███▏      | 217/693 [00:39<01:06,  7.20it/s]
 31%|███▏      | 218/693 [00:39<01:04,  7.38it/s]
 32%|███▏      | 219/693 [00:39<01:02,  7.64it/s]
 32%|███▏      | 220/693 [00:39<01:02,  7.57it/s]
 32%|███▏      | 221/693 [00:39<01:01,  7.72it/s]
 32%|███▏      | 222/693 [00:40<01:02,  7.59it/s]
 32%|███▏      | 223/693 [00:40<01:00,  7.73it/s]
 32%|███▏      | 224/693 [00:40<01:01,  7.67it/s]
 32%|███▏      | 225/693 [00:40<01:02,  7.46it/s]
 33%|███▎      | 226/693 [00:40<01:04,  7.24it/s]
 33%|███▎      | 227/693 [00:40<01:01,  7.58it/s]
 33%|███▎      | 228/693 [00:40<01:01,  7.55it/s]
 33%|███▎      | 229/693 [00:41<01:04,  7.19it/s]
 33%|███▎      | 230/693 [00:41<01:03,  7.32it/s]
 33%|███▎      | 231/693 [00:41<01:01,  7.56it/s]
 33%|███▎      | 232/693 [00:41<01:01,  7.54it/s]
 34%|███▎      | 233/693 [00:41<00:59,  7.78it/s]
 34%|███▍      | 234/693 [00:41<00:59,  7.74it/s]
 34%|███▍      | 235/693 [00:41<00:57,  7.90it/s]
 34%|███▍      | 236/693 [00:41<00:58,  7.83it/s]
 34%|███▍      | 237/693 [00:42<01:52,  4.07it/s]
 34%|███▍      | 238/693 [00:42<01:36,  4.72it/s]
 34%|███▍      | 239/693 [00:42<01:23,  5.43it/s]
 35%|███▍      | 240/693 [00:42<01:16,  5.93it/s]
 35%|███▍      | 241/693 [00:42<01:09,  6.48it/s]
 35%|███▍      | 242/693 [00:43<01:06,  6.75it/s]
 35%|███▌      | 243/693 [00:43<01:02,  7.17it/s]
 35%|███▌      | 244/693 [00:43<01:01,  7.28it/s]
 35%|███▌      | 245/693 [00:43<01:01,  7.24it/s]
 35%|███▌      | 246/693 [00:43<01:01,  7.26it/s]
 36%|███▌      | 247/693 [00:43<00:59,  7.51it/s]
 36%|███▌      | 248/693 [00:43<00:58,  7.56it/s]
 36%|███▌      | 249/693 [00:44<00:57,  7.71it/s]
 36%|███▌      | 250/693 [00:44<00:57,  7.67it/s]
 36%|███▌      | 251/693 [00:44<00:57,  7.70it/s]
 36%|███▋      | 252/693 [00:44<00:57,  7.65it/s]
 37%|███▋      | 253/693 [00:44<00:58,  7.46it/s]
 37%|███▋      | 254/693 [00:44<00:58,  7.51it/s]
 37%|███▋      | 255/693 [00:44<00:56,  7.69it/s]
 37%|███▋      | 256/693 [00:44<00:57,  7.54it/s]
 37%|███▋      | 257/693 [00:45<00:56,  7.76it/s]
 37%|███▋      | 258/693 [00:45<00:57,  7.62it/s]
 37%|███▋      | 259/693 [00:45<00:55,  7.76it/s]
 38%|███▊      | 260/693 [00:45<00:56,  7.70it/s]
 38%|███▊      | 261/693 [00:45<00:55,  7.79it/s]
 38%|███▊      | 262/693 [00:45<00:55,  7.79it/s]
 38%|███▊      | 263/693 [00:45<00:54,  7.87it/s]
 38%|███▊      | 264/693 [00:45<00:55,  7.79it/s]
 38%|███▊      | 265/693 [00:46<00:54,  7.86it/s]
 38%|███▊      | 266/693 [00:46<01:44,  4.09it/s]
 39%|███▊      | 267/693 [00:46<01:28,  4.83it/s]
 39%|███▊      | 268/693 [00:46<01:18,  5.42it/s]
 39%|███▉      | 269/693 [00:46<01:10,  6.04it/s]
 39%|███▉      | 270/693 [00:47<01:07,  6.31it/s]
 39%|███▉      | 271/693 [00:47<01:03,  6.67it/s]
 39%|███▉      | 272/693 [00:47<01:03,  6.67it/s]
 39%|███▉      | 273/693 [00:47<01:00,  6.91it/s]
 40%|███▉      | 274/693 [00:47<01:01,  6.83it/s]
 40%|███▉      | 275/693 [00:47<00:58,  7.17it/s]
 40%|███▉      | 276/693 [00:47<00:58,  7.18it/s]
 40%|███▉      | 277/693 [00:48<00:56,  7.42it/s]
 40%|████      | 278/693 [00:48<01:00,  6.89it/s]
 40%|████      | 279/693 [00:48<00:55,  7.45it/s]
 40%|████      | 280/693 [00:48<00:54,  7.55it/s]
 41%|████      | 281/693 [00:48<00:57,  7.20it/s]
 41%|████      | 282/693 [00:48<01:24,  4.89it/s]
 41%|████      | 283/693 [00:49<01:13,  5.56it/s]
 41%|████      | 284/693 [00:49<01:07,  6.04it/s]
 41%|████      | 285/693 [00:49<01:02,  6.55it/s]
 41%|████▏     | 286/693 [00:49<01:00,  6.76it/s]
 41%|████▏     | 287/693 [00:49<00:58,  6.99it/s]
 42%|████▏     | 288/693 [00:49<00:58,  6.91it/s]
 42%|████▏     | 289/693 [00:49<00:54,  7.36it/s]
 42%|████▏     | 290/693 [00:50<00:56,  7.19it/s]
 42%|████▏     | 291/693 [00:50<00:53,  7.49it/s]
 42%|████▏     | 292/693 [00:50<00:54,  7.29it/s]
 42%|████▏     | 293/693 [00:50<00:54,  7.34it/s]
 42%|████▏     | 294/693 [00:50<00:54,  7.36it/s]
 43%|████▎     | 295/693 [00:52<03:45,  1.76it/s]
 43%|████▎     | 296/693 [00:52<02:53,  2.29it/s]
 43%|████▎     | 297/693 [00:52<02:14,  2.93it/s]
 43%|████▎     | 298/693 [00:52<01:49,  3.60it/s]
 43%|████▎     | 299/693 [00:52<01:34,  4.16it/s]
 43%|████▎     | 300/693 [00:52<01:24,  4.67it/s]
 43%|████▎     | 301/693 [00:52<01:13,  5.33it/s]
 44%|████▎     | 302/693 [00:53<01:07,  5.78it/s]
 44%|████▎     | 303/693 [00:53<01:07,  5.78it/s]
 44%|████▍     | 304/693 [00:53<01:03,  6.14it/s]
 44%|████▍     | 305/693 [00:53<00:59,  6.53it/s]
 44%|████▍     | 306/693 [00:53<00:57,  6.69it/s]
 44%|████▍     | 307/693 [00:53<00:55,  6.94it/s]
 44%|████▍     | 308/693 [00:53<00:55,  6.99it/s]
 45%|████▍     | 309/693 [00:54<00:53,  7.18it/s]
 45%|████▍     | 310/693 [00:54<00:53,  7.17it/s]
 45%|████▍     | 311/693 [00:54<00:55,  6.89it/s]
 45%|████▌     | 312/693 [00:54<00:54,  6.96it/s]
 45%|████▌     | 313/693 [00:54<00:56,  6.70it/s]
 45%|████▌     | 314/693 [00:54<00:53,  7.03it/s]
 45%|████▌     | 315/693 [00:54<00:51,  7.38it/s]
 46%|████▌     | 316/693 [00:55<00:49,  7.68it/s]
 46%|████▌     | 317/693 [00:55<00:46,  8.02it/s]
 46%|████▌     | 318/693 [00:55<00:45,  8.16it/s]
 46%|████▌     | 319/693 [00:55<00:45,  8.23it/s]
 46%|████▌     | 320/693 [00:55<00:47,  7.81it/s]
 46%|████▋     | 321/693 [00:56<01:56,  3.20it/s]
 46%|████▋     | 322/693 [00:56<01:35,  3.87it/s]
 47%|████▋     | 323/693 [00:56<01:20,  4.61it/s]
 47%|████▋     | 324/693 [00:56<01:10,  5.24it/s]
 47%|████▋     | 325/693 [00:56<01:02,  5.93it/s]
 47%|████▋     | 326/693 [00:56<00:57,  6.34it/s]
 47%|████▋     | 327/693 [00:57<00:54,  6.77it/s]
 47%|████▋     | 328/693 [00:57<00:52,  6.99it/s]
 47%|████▋     | 329/693 [00:57<00:52,  6.89it/s]
 48%|████▊     | 330/693 [00:57<00:50,  7.12it/s]
 48%|████▊     | 331/693 [00:57<00:48,  7.43it/s]
 48%|████▊     | 332/693 [00:57<00:48,  7.50it/s]
 48%|████▊     | 333/693 [00:57<00:47,  7.60it/s]
 48%|████▊     | 334/693 [00:57<00:47,  7.55it/s]
 48%|████▊     | 335/693 [00:58<00:46,  7.67it/s]
 48%|████▊     | 336/693 [00:58<00:47,  7.58it/s]
 49%|████▊     | 337/693 [00:58<01:29,  3.96it/s]
 49%|████▉     | 338/693 [00:58<01:15,  4.71it/s]
 49%|████▉     | 339/693 [00:59<01:05,  5.41it/s]
 49%|████▉     | 340/693 [00:59<00:59,  5.91it/s]
 49%|████▉     | 341/693 [00:59<00:54,  6.47it/s]
 49%|████▉     | 342/693 [00:59<00:52,  6.75it/s]
 49%|████▉     | 343/693 [00:59<00:49,  7.13it/s]
 50%|████▉     | 344/693 [00:59<00:48,  7.22it/s]
 50%|████▉     | 345/693 [01:00<01:42,  3.38it/s]
 50%|████▉     | 346/693 [01:00<01:25,  4.06it/s]
 50%|█████     | 347/693 [01:00<01:13,  4.70it/s]
 50%|█████     | 348/693 [01:00<01:04,  5.37it/s]
 50%|█████     | 349/693 [01:00<00:56,  6.04it/s]
 51%|█████     | 350/693 [01:00<00:53,  6.45it/s]
 51%|█████     | 351/693 [01:01<00:49,  6.90it/s]
 51%|█████     | 352/693 [01:01<00:48,  7.08it/s]
 51%|█████     | 353/693 [01:01<00:45,  7.41it/s]
 51%|█████     | 354/693 [01:01<00:45,  7.41it/s]
 51%|█████     | 355/693 [01:01<00:43,  7.69it/s]
 51%|█████▏    | 356/693 [01:01<00:45,  7.35it/s]
 52%|█████▏    | 357/693 [01:01<00:45,  7.44it/s]
 52%|█████▏    | 358/693 [01:02<00:46,  7.20it/s]
 52%|█████▏    | 359/693 [01:02<00:45,  7.33it/s]
 52%|█████▏    | 360/693 [01:02<00:45,  7.28it/s]
 52%|█████▏    | 361/693 [01:02<00:46,  7.13it/s]
 52%|█████▏    | 362/693 [01:02<00:46,  7.12it/s]
 52%|█████▏    | 363/693 [01:02<00:45,  7.29it/s]
 53%|█████▎    | 364/693 [01:02<00:45,  7.21it/s]
 53%|█████▎    | 365/693 [01:02<00:44,  7.33it/s]
 53%|█████▎    | 366/693 [01:03<00:45,  7.14it/s]
 53%|█████▎    | 367/693 [01:03<00:44,  7.33it/s]
 53%|█████▎    | 368/693 [01:03<01:05,  4.99it/s]
 53%|█████▎    | 369/693 [01:03<00:57,  5.59it/s]
 53%|█████▎    | 370/693 [01:03<00:53,  6.01it/s]
 54%|█████▎    | 371/693 [01:03<00:50,  6.43it/s]
 54%|█████▎    | 372/693 [01:04<00:47,  6.74it/s]
 54%|█████▍    | 373/693 [01:04<00:45,  7.01it/s]
 54%|█████▍    | 374/693 [01:04<00:45,  6.96it/s]
 54%|█████▍    | 375/693 [01:04<00:46,  6.86it/s]
 54%|█████▍    | 376/693 [01:05<02:29,  2.13it/s]
 54%|█████▍    | 377/693 [01:05<01:56,  2.71it/s]
 55%|█████▍    | 378/693 [01:06<01:35,  3.32it/s]
 55%|█████▍    | 379/693 [01:06<01:18,  4.01it/s]
 55%|█████▍    | 380/693 [01:06<01:07,  4.61it/s]
 55%|█████▍    | 381/693 [01:06<00:59,  5.28it/s]
 55%|█████▌    | 382/693 [01:06<00:54,  5.74it/s]
 55%|█████▌    | 383/693 [01:06<00:49,  6.23it/s]
 55%|█████▌    | 384/693 [01:07<01:45,  2.92it/s]
 56%|█████▌    | 385/693 [01:07<01:24,  3.65it/s]
 56%|█████▌    | 386/693 [01:07<01:10,  4.36it/s]
 56%|█████▌    | 387/693 [01:07<01:00,  5.08it/s]
 56%|█████▌    | 388/693 [01:07<00:53,  5.67it/s]
 56%|█████▌    | 389/693 [01:08<00:48,  6.25it/s]
 56%|█████▋    | 390/693 [01:08<00:45,  6.65it/s]
 56%|█████▋    | 391/693 [01:08<00:42,  7.09it/s]
 57%|█████▋    | 392/693 [01:08<00:43,  6.85it/s]
 57%|█████▋    | 393/693 [01:08<00:41,  7.23it/s]
 57%|█████▋    | 394/693 [01:08<00:40,  7.34it/s]
 57%|█████▋    | 395/693 [01:08<00:39,  7.54it/s]
 57%|█████▋    | 396/693 [01:09<00:39,  7.61it/s]
 57%|█████▋    | 397/693 [01:09<00:38,  7.78it/s]
 57%|█████▋    | 398/693 [01:09<00:38,  7.66it/s]
 58%|█████▊    | 399/693 [01:09<00:37,  7.78it/s]
 58%|█████▊    | 400/693 [01:09<01:17,  3.79it/s]
 58%|█████▊    | 401/693 [01:10<01:04,  4.51it/s]
 58%|█████▊    | 402/693 [01:10<00:56,  5.14it/s]
 58%|█████▊    | 403/693 [01:10<00:50,  5.77it/s]
 58%|█████▊    | 404/693 [01:10<00:45,  6.30it/s]
 58%|█████▊    | 405/693 [01:10<00:42,  6.80it/s]
 59%|█████▊    | 406/693 [01:10<00:41,  6.98it/s]
 59%|█████▊    | 407/693 [01:10<00:38,  7.33it/s]
 59%|█████▉    | 408/693 [01:11<00:47,  5.95it/s]
 59%|█████▉    | 409/693 [01:11<00:43,  6.48it/s]
 59%|█████▉    | 410/693 [01:11<00:42,  6.73it/s]
 59%|█████▉    | 411/693 [01:11<00:39,  7.13it/s]
 59%|█████▉    | 412/693 [01:11<00:39,  7.20it/s]
 60%|█████▉    | 413/693 [01:11<00:37,  7.46it/s]
 60%|█████▉    | 414/693 [01:11<00:37,  7.43it/s]
 60%|█████▉    | 415/693 [01:11<00:36,  7.59it/s]
 60%|██████    | 416/693 [01:12<00:38,  7.27it/s]
 60%|██████    | 417/693 [01:12<00:37,  7.38it/s]
 60%|██████    | 418/693 [01:14<03:26,  1.33it/s]
 60%|██████    | 419/693 [01:14<02:33,  1.78it/s]
 61%|██████    | 420/693 [01:14<01:58,  2.30it/s]
 61%|██████    | 421/693 [01:14<01:32,  2.93it/s]
 61%|██████    | 422/693 [01:14<01:15,  3.58it/s]
 61%|██████    | 423/693 [01:15<01:02,  4.30it/s]
 61%|██████    | 424/693 [01:15<00:54,  4.94it/s]
 61%|██████▏   | 425/693 [01:15<00:47,  5.60it/s]
 61%|██████▏   | 426/693 [01:15<01:14,  3.61it/s]
 62%|██████▏   | 427/693 [01:15<01:01,  4.33it/s]
 62%|██████▏   | 428/693 [01:16<00:53,  4.94it/s]
 62%|██████▏   | 429/693 [01:16<00:46,  5.65it/s]
 62%|██████▏   | 430/693 [01:16<00:42,  6.16it/s]
 62%|██████▏   | 431/693 [01:16<00:39,  6.62it/s]
 62%|██████▏   | 432/693 [01:16<00:37,  6.93it/s]
 62%|██████▏   | 433/693 [01:16<00:35,  7.30it/s]
 63%|██████▎   | 434/693 [01:17<01:11,  3.63it/s]
 63%|██████▎   | 435/693 [01:17<00:59,  4.36it/s]
 63%|██████▎   | 436/693 [01:17<00:51,  5.00it/s]
 63%|██████▎   | 437/693 [01:17<00:44,  5.70it/s]
 63%|██████▎   | 438/693 [01:17<00:41,  6.12it/s]
 63%|██████▎   | 439/693 [01:17<00:38,  6.63it/s]
 63%|██████▎   | 440/693 [01:18<00:38,  6.60it/s]
 64%|██████▎   | 441/693 [01:18<00:36,  6.85it/s]
 64%|██████▍   | 442/693 [01:18<00:41,  6.10it/s]
 64%|██████▍   | 443/693 [01:18<00:38,  6.48it/s]
 64%|██████▍   | 444/693 [01:18<00:37,  6.63it/s]
 64%|██████▍   | 445/693 [01:18<00:36,  6.85it/s]
 64%|██████▍   | 446/693 [01:19<00:36,  6.85it/s]
 65%|██████▍   | 447/693 [01:19<00:34,  7.05it/s]
 65%|██████▍   | 448/693 [01:19<00:33,  7.21it/s]
 65%|██████▍   | 449/693 [01:19<00:33,  7.33it/s]
 65%|██████▍   | 450/693 [01:19<00:32,  7.42it/s]
 65%|██████▌   | 451/693 [01:19<00:31,  7.63it/s]
 65%|██████▌   | 452/693 [01:19<00:31,  7.66it/s]
 65%|██████▌   | 453/693 [01:19<00:30,  7.89it/s]
 66%|██████▌   | 454/693 [01:20<00:30,  7.77it/s]
 66%|██████▌   | 455/693 [01:20<00:30,  7.92it/s]
 66%|██████▌   | 456/693 [01:20<00:30,  7.82it/s]
 66%|██████▌   | 457/693 [01:20<00:29,  7.90it/s]
 66%|██████▌   | 458/693 [01:20<00:30,  7.80it/s]
 66%|██████▌   | 459/693 [01:20<00:29,  7.85it/s]
 66%|██████▋   | 460/693 [01:20<00:30,  7.65it/s]
 67%|██████▋   | 461/693 [01:20<00:29,  7.74it/s]
 67%|██████▋   | 462/693 [01:21<00:30,  7.68it/s]
 67%|██████▋   | 463/693 [01:21<01:09,  3.29it/s]
 67%|██████▋   | 464/693 [01:21<00:57,  3.95it/s]
 67%|██████▋   | 465/693 [01:22<00:48,  4.67it/s]
 67%|██████▋   | 466/693 [01:22<00:43,  5.27it/s]
 67%|██████▋   | 467/693 [01:22<00:38,  5.91it/s]
 68%|██████▊   | 468/693 [01:22<00:35,  6.36it/s]
 68%|██████▊   | 469/693 [01:22<00:33,  6.70it/s]
 68%|██████▊   | 470/693 [01:22<00:33,  6.62it/s]
 68%|██████▊   | 471/693 [01:22<00:41,  5.35it/s]
 68%|██████▊   | 472/693 [01:23<00:37,  5.94it/s]
 68%|██████▊   | 473/693 [01:23<00:33,  6.64it/s]
 68%|██████▊   | 474/693 [01:23<00:30,  7.12it/s]
 69%|██████▊   | 475/693 [01:23<00:28,  7.55it/s]
 69%|██████▊   | 476/693 [01:23<00:27,  7.80it/s]
 69%|██████▉   | 477/693 [01:23<00:26,  8.05it/s]
 69%|██████▉   | 478/693 [01:23<00:26,  8.20it/s]
 69%|██████▉   | 479/693 [01:23<00:26,  8.23it/s]
 69%|██████▉   | 480/693 [01:24<00:25,  8.26it/s]
 69%|██████▉   | 481/693 [01:24<00:25,  8.44it/s]
 70%|██████▉   | 482/693 [01:24<00:24,  8.49it/s]
 70%|██████▉   | 483/693 [01:24<00:26,  7.94it/s]
 70%|██████▉   | 484/693 [01:24<00:28,  7.27it/s]
 70%|██████▉   | 485/693 [01:24<00:29,  7.16it/s]
 70%|███████   | 486/693 [01:24<00:29,  7.09it/s]
 70%|███████   | 487/693 [01:24<00:29,  7.10it/s]
 70%|███████   | 488/693 [01:25<00:29,  7.02it/s]
 71%|███████   | 489/693 [01:25<00:28,  7.17it/s]
 71%|███████   | 490/693 [01:25<00:27,  7.26it/s]
 71%|███████   | 491/693 [01:25<00:26,  7.61it/s]
 71%|███████   | 492/693 [01:26<00:47,  4.19it/s]
 71%|███████   | 493/693 [01:26<00:41,  4.87it/s]
 71%|███████▏  | 494/693 [01:26<00:36,  5.48it/s]
 71%|███████▏  | 495/693 [01:26<00:32,  6.09it/s]
 72%|███████▏  | 496/693 [01:26<00:29,  6.57it/s]
 72%|███████▏  | 497/693 [01:26<00:27,  7.05it/s]
 72%|███████▏  | 498/693 [01:26<00:26,  7.30it/s]
 72%|███████▏  | 499/693 [01:26<00:25,  7.63it/s]
 72%|███████▏  | 500/693 [01:27<00:30,  6.29it/s]
 72%|███████▏  | 501/693 [01:27<00:28,  6.71it/s]
 72%|███████▏  | 502/693 [01:27<00:27,  6.97it/s]
 73%|███████▎  | 503/693 [01:27<00:25,  7.32it/s]
 73%|███████▎  | 504/693 [01:27<00:26,  7.21it/s]
 73%|███████▎  | 505/693 [01:27<00:25,  7.49it/s]
 73%|███████▎  | 506/693 [01:27<00:25,  7.46it/s]
 73%|███████▎  | 507/693 [01:27<00:24,  7.64it/s]
 73%|███████▎  | 508/693 [01:28<00:36,  5.12it/s]
 73%|███████▎  | 509/693 [01:28<00:32,  5.73it/s]
 74%|███████▎  | 510/693 [01:28<00:30,  5.93it/s]
 74%|███████▎  | 511/693 [01:28<00:28,  6.48it/s]
 74%|███████▍  | 512/693 [01:28<00:27,  6.65it/s]
 74%|███████▍  | 513/693 [01:29<00:25,  7.10it/s]
 74%|███████▍  | 514/693 [01:29<00:24,  7.24it/s]
 74%|███████▍  | 515/693 [01:29<00:23,  7.57it/s]
 74%|███████▍  | 516/693 [01:29<00:23,  7.47it/s]
 75%|███████▍  | 517/693 [01:29<00:22,  7.71it/s]
 75%|███████▍  | 518/693 [01:29<00:23,  7.36it/s]
 75%|███████▍  | 519/693 [01:29<00:23,  7.40it/s]
 75%|███████▌  | 520/693 [01:29<00:23,  7.38it/s]
 75%|███████▌  | 521/693 [01:30<00:22,  7.59it/s]
 75%|███████▌  | 522/693 [01:30<00:22,  7.60it/s]
 75%|███████▌  | 523/693 [01:30<00:22,  7.56it/s]
 76%|███████▌  | 524/693 [01:30<00:24,  7.04it/s]
 76%|███████▌  | 525/693 [01:30<00:22,  7.34it/s]
 76%|███████▌  | 526/693 [01:30<00:22,  7.41it/s]
 76%|███████▌  | 527/693 [01:30<00:21,  7.68it/s]
 76%|███████▌  | 528/693 [01:30<00:22,  7.48it/s]
 76%|███████▋  | 529/693 [01:31<00:21,  7.67it/s]
 76%|███████▋  | 530/693 [01:31<00:21,  7.59it/s]
 77%|███████▋  | 531/693 [01:31<00:20,  7.86it/s]
 77%|███████▋  | 532/693 [01:31<00:24,  6.67it/s]
 77%|███████▋  | 533/693 [01:31<00:22,  7.07it/s]
 77%|███████▋  | 534/693 [01:31<00:21,  7.26it/s]
 77%|███████▋  | 535/693 [01:31<00:22,  7.18it/s]
 77%|███████▋  | 536/693 [01:32<00:21,  7.31it/s]
 77%|███████▋  | 537/693 [01:32<00:20,  7.58it/s]
 78%|███████▊  | 538/693 [01:32<00:20,  7.60it/s]
 78%|███████▊  | 539/693 [01:32<00:19,  7.75it/s]
 78%|███████▊  | 540/693 [01:32<00:19,  7.71it/s]
 78%|███████▊  | 541/693 [01:32<00:19,  7.85it/s]
 78%|███████▊  | 542/693 [01:32<00:19,  7.74it/s]
 78%|███████▊  | 543/693 [01:33<00:23,  6.49it/s]
 78%|███████▊  | 544/693 [01:33<00:21,  6.87it/s]
 79%|███████▊  | 545/693 [01:33<00:20,  7.27it/s]
 79%|███████▉  | 546/693 [01:33<00:19,  7.40it/s]
 79%|███████▉  | 547/693 [01:33<00:26,  5.47it/s]
 79%|███████▉  | 548/693 [01:33<00:24,  6.01it/s]
 79%|███████▉  | 549/693 [01:33<00:21,  6.56it/s]
 79%|███████▉  | 550/693 [01:34<00:20,  6.82it/s]
 80%|███████▉  | 551/693 [01:34<00:19,  7.16it/s]
 80%|███████▉  | 552/693 [01:34<00:19,  7.26it/s]
 80%|███████▉  | 553/693 [01:34<00:18,  7.53it/s]
 80%|███████▉  | 554/693 [01:34<00:18,  7.50it/s]
 80%|████████  | 555/693 [01:34<00:21,  6.35it/s]
 80%|████████  | 556/693 [01:34<00:20,  6.64it/s]
 80%|████████  | 557/693 [01:35<00:19,  7.02it/s]
 81%|████████  | 558/693 [01:35<00:18,  7.16it/s]
 81%|████████  | 559/693 [01:36<00:51,  2.62it/s]
 81%|████████  | 560/693 [01:36<00:40,  3.25it/s]
 81%|████████  | 561/693 [01:36<00:33,  3.98it/s]
 81%|████████  | 562/693 [01:36<00:28,  4.65it/s]
 81%|████████  | 563/693 [01:36<00:24,  5.36it/s]
 81%|████████▏ | 564/693 [01:36<00:21,  5.87it/s]
 82%|████████▏ | 565/693 [01:36<00:20,  6.36it/s]
 82%|████████▏ | 566/693 [01:37<00:18,  6.72it/s]
 82%|████████▏ | 567/693 [01:37<00:17,  7.08it/s]
 82%|████████▏ | 568/693 [01:37<00:24,  5.11it/s]
 82%|████████▏ | 569/693 [01:37<00:21,  5.78it/s]
 82%|████████▏ | 570/693 [01:37<00:19,  6.26it/s]
 82%|████████▏ | 571/693 [01:37<00:18,  6.75it/s]
 83%|████████▎ | 572/693 [01:38<00:17,  6.96it/s]
 83%|████████▎ | 573/693 [01:38<00:16,  7.24it/s]
 83%|████████▎ | 574/693 [01:38<00:16,  7.31it/s]
 83%|████████▎ | 575/693 [01:38<00:16,  7.22it/s]
 83%|████████▎ | 576/693 [01:38<00:27,  4.33it/s]
 83%|████████▎ | 577/693 [01:38<00:22,  5.06it/s]
 83%|████████▎ | 578/693 [01:39<00:20,  5.56it/s]
 84%|████████▎ | 579/693 [01:39<00:18,  6.17it/s]
 84%|████████▎ | 580/693 [01:39<00:17,  6.55it/s]
 84%|████████▍ | 581/693 [01:39<00:15,  7.02it/s]
 84%|████████▍ | 582/693 [01:39<00:15,  7.15it/s]
 84%|████████▍ | 583/693 [01:39<00:15,  7.27it/s]
 84%|████████▍ | 584/693 [01:40<00:27,  3.96it/s]
 84%|████████▍ | 585/693 [01:40<00:23,  4.68it/s]
 85%|████████▍ | 586/693 [01:40<00:20,  5.30it/s]
 85%|████████▍ | 587/693 [01:40<00:17,  5.94it/s]
 85%|████████▍ | 588/693 [01:40<00:16,  6.35it/s]
 85%|████████▍ | 589/693 [01:41<00:18,  5.77it/s]
 85%|████████▌ | 590/693 [01:41<00:16,  6.25it/s]
 85%|████████▌ | 591/693 [01:41<00:25,  3.93it/s]
 85%|████████▌ | 592/693 [01:41<00:21,  4.60it/s]
 86%|████████▌ | 593/693 [01:41<00:18,  5.33it/s]
 86%|████████▌ | 594/693 [01:41<00:16,  5.90it/s]
 86%|████████▌ | 595/693 [01:42<00:15,  6.43it/s]
 86%|████████▌ | 596/693 [01:42<00:14,  6.80it/s]
 86%|████████▌ | 597/693 [01:43<00:40,  2.37it/s]
 86%|████████▋ | 598/693 [01:43<00:31,  2.99it/s]
 86%|████████▋ | 599/693 [01:43<00:25,  3.71it/s]
 87%|████████▋ | 600/693 [01:43<00:21,  4.39it/s]
 87%|████████▋ | 601/693 [01:43<00:17,  5.14it/s]
 87%|████████▋ | 602/693 [01:43<00:16,  5.68it/s]
 87%|████████▋ | 603/693 [01:44<00:14,  6.32it/s]
 87%|████████▋ | 604/693 [01:44<00:13,  6.67it/s]
 87%|████████▋ | 605/693 [01:44<00:13,  6.35it/s]
 87%|████████▋ | 606/693 [01:44<00:13,  6.53it/s]
 88%|████████▊ | 607/693 [01:44<00:15,  5.39it/s]
 88%|████████▊ | 608/693 [01:44<00:14,  5.84it/s]
 88%|████████▊ | 609/693 [01:45<00:13,  6.32it/s]
 88%|████████▊ | 610/693 [01:45<00:13,  6.26it/s]
 88%|████████▊ | 611/693 [01:45<00:12,  6.59it/s]
 88%|████████▊ | 612/693 [01:45<00:12,  6.73it/s]
 88%|████████▊ | 613/693 [01:46<00:28,  2.78it/s]
 89%|████████▊ | 614/693 [01:46<00:23,  3.40it/s]
 89%|████████▊ | 615/693 [01:46<00:19,  4.06it/s]
 89%|████████▉ | 616/693 [01:46<00:16,  4.65it/s]
 89%|████████▉ | 617/693 [01:46<00:14,  5.29it/s]
 89%|████████▉ | 618/693 [01:47<00:13,  5.61it/s]
 89%|████████▉ | 619/693 [01:47<00:12,  6.09it/s]
 89%|████████▉ | 620/693 [01:47<00:11,  6.30it/s]
 90%|████████▉ | 621/693 [01:47<00:16,  4.36it/s]
 90%|████████▉ | 622/693 [01:47<00:14,  4.96it/s]
 90%|████████▉ | 623/693 [01:47<00:12,  5.55it/s]
 90%|█████████ | 624/693 [01:48<00:11,  5.92it/s]
 90%|█████████ | 625/693 [01:48<00:10,  6.33it/s]
 90%|█████████ | 626/693 [01:48<00:10,  6.50it/s]
 90%|█████████ | 627/693 [01:48<00:09,  6.78it/s]
 91%|█████████ | 628/693 [01:48<00:09,  6.83it/s]
 91%|█████████ | 629/693 [01:49<00:13,  4.68it/s]
 91%|█████████ | 630/693 [01:49<00:12,  5.24it/s]
 91%|█████████ | 631/693 [01:49<00:10,  5.81it/s]
 91%|█████████ | 632/693 [01:49<00:09,  6.13it/s]
 91%|█████████▏| 633/693 [01:49<00:09,  6.52it/s]
 91%|█████████▏| 634/693 [01:49<00:08,  6.73it/s]
 92%|█████████▏| 635/693 [01:49<00:08,  7.01it/s]
 92%|█████████▏| 636/693 [01:49<00:08,  7.05it/s]
 92%|█████████▏| 637/693 [01:50<00:21,  2.67it/s]
 92%|█████████▏| 638/693 [01:51<00:16,  3.26it/s]
 92%|█████████▏| 639/693 [01:51<00:13,  3.98it/s]
 92%|█████████▏| 640/693 [01:51<00:11,  4.61it/s]
 92%|█████████▏| 641/693 [01:51<00:09,  5.26it/s]
 93%|█████████▎| 642/693 [01:51<00:08,  5.74it/s]
 93%|█████████▎| 643/693 [01:51<00:08,  6.22it/s]
 93%|█████████▎| 644/693 [01:51<00:07,  6.52it/s]
 93%|█████████▎| 645/693 [01:51<00:07,  6.33it/s]
 93%|█████████▎| 646/693 [01:52<00:07,  6.58it/s]
 93%|█████████▎| 647/693 [01:52<00:06,  6.89it/s]
 94%|█████████▎| 648/693 [01:52<00:06,  7.03it/s]
 94%|█████████▎| 649/693 [01:52<00:06,  7.18it/s]
 94%|█████████▍| 650/693 [01:52<00:06,  6.96it/s]
 94%|█████████▍| 651/693 [01:52<00:05,  7.12it/s]
 94%|█████████▍| 652/693 [01:52<00:05,  7.13it/s]
 94%|█████████▍| 653/693 [01:53<00:05,  7.12it/s]
 94%|█████████▍| 654/693 [01:53<00:05,  7.16it/s]
 95%|█████████▍| 655/693 [01:53<00:05,  7.30it/s]
 95%|█████████▍| 656/693 [01:53<00:05,  6.89it/s]
 95%|█████████▍| 657/693 [01:53<00:05,  7.09it/s]
 95%|█████████▍| 658/693 [01:53<00:05,  6.63it/s]
 95%|█████████▌| 659/693 [01:53<00:04,  6.95it/s]
 95%|█████████▌| 660/693 [01:54<00:04,  6.99it/s]
 95%|█████████▌| 661/693 [01:54<00:04,  7.08it/s]
 96%|█████████▌| 662/693 [01:54<00:04,  6.74it/s]
 96%|█████████▌| 663/693 [01:54<00:04,  6.78it/s]
 96%|█████████▌| 664/693 [01:54<00:04,  6.88it/s]
 96%|█████████▌| 665/693 [01:54<00:03,  7.09it/s]
 96%|█████████▌| 666/693 [01:54<00:04,  6.75it/s]
 96%|█████████▌| 667/693 [01:55<00:03,  7.05it/s]
 96%|█████████▋| 668/693 [01:55<00:03,  7.10it/s]
 97%|█████████▋| 669/693 [01:55<00:03,  7.29it/s]
 97%|█████████▋| 670/693 [01:55<00:03,  7.21it/s]
 97%|█████████▋| 671/693 [01:55<00:04,  4.85it/s]
 97%|█████████▋| 672/693 [01:56<00:03,  5.36it/s]
 97%|█████████▋| 673/693 [01:56<00:03,  5.94it/s]
 97%|█████████▋| 674/693 [01:56<00:03,  6.16it/s]
 97%|█████████▋| 675/693 [01:56<00:02,  6.59it/s]
 98%|█████████▊| 676/693 [01:56<00:02,  6.75it/s]
 98%|█████████▊| 677/693 [01:56<00:02,  7.04it/s]
 98%|█████████▊| 678/693 [01:56<00:02,  7.11it/s]
 98%|█████████▊| 679/693 [01:56<00:01,  7.02it/s]
 98%|█████████▊| 680/693 [01:57<00:01,  7.03it/s]
 98%|█████████▊| 681/693 [01:57<00:01,  7.05it/s]
 98%|█████████▊| 682/693 [01:57<00:02,  3.96it/s]
 99%|█████████▊| 683/693 [01:57<00:02,  4.64it/s]
 99%|█████████▊| 684/693 [01:58<00:01,  5.17it/s]
 99%|█████████▉| 685/693 [01:58<00:01,  5.65it/s]
 99%|█████████▉| 686/693 [01:58<00:01,  5.88it/s]
 99%|█████████▉| 687/693 [01:58<00:00,  6.20it/s]
 99%|█████████▉| 688/693 [01:58<00:00,  6.33it/s]
 99%|█████████▉| 689/693 [02:00<00:03,  1.33it/s]
100%|█████████▉| 690/693 [02:00<00:01,  1.77it/s]
100%|█████████▉| 691/693 [02:01<00:00,  2.31it/s]
100%|█████████▉| 692/693 [02:01<00:00,  2.91it/s]
100%|██████████| 693/693 [02:01<00:00,  3.61it/s]
100%|██████████| 693/693 [02:01<00:00,  5.71it/s]
Training loss: 1.6575682496095632, KL loss: 0.8955759955261005, Sim loss: 0.0004509347188470745, Exo CLS loss: 0.86934273355623, 
Noun sim loss: 0.12032741401747708, Part sim loss: 0.3158411106677971, Proto loss: 1.351508299165646, Conc loss: 0.1454335982880379
learning rate:5e-05


  0%|          | 0/168 [00:00<?, ?it/s]
  1%|          | 1/168 [00:00<01:55,  1.45it/s]
  3%|▎         | 5/168 [00:01<00:27,  5.83it/s]
  5%|▌         | 9/168 [00:01<00:16,  9.64it/s]
  7%|▋         | 11/168 [00:01<00:14, 10.52it/s]
  9%|▉         | 15/168 [00:01<00:09, 15.52it/s]
 11%|█         | 18/168 [00:02<00:15,  9.47it/s]
 14%|█▎        | 23/168 [00:02<00:10, 14.43it/s]
 15%|█▌        | 26/168 [00:02<00:15,  9.00it/s]
 18%|█▊        | 30/168 [00:02<00:11, 12.16it/s]
 20%|██        | 34/168 [00:03<00:08, 14.90it/s]
 23%|██▎       | 39/168 [00:03<00:06, 19.52it/s]
 26%|██▌       | 43/168 [00:03<00:05, 22.43it/s]
 28%|██▊       | 47/168 [00:03<00:04, 25.61it/s]
 30%|███       | 51/168 [00:03<00:04, 27.27it/s]
 33%|███▎      | 55/168 [00:03<00:03, 29.80it/s]
 35%|███▌      | 59/168 [00:03<00:05, 20.56it/s]
 38%|███▊      | 64/168 [00:04<00:04, 25.16it/s]
 40%|████      | 68/168 [00:04<00:04, 21.01it/s]
 43%|████▎     | 72/168 [00:04<00:03, 24.16it/s]
 45%|████▌     | 76/168 [00:04<00:03, 26.25it/s]
 48%|████▊     | 80/168 [00:04<00:03, 28.44it/s]
 50%|█████     | 84/168 [00:05<00:04, 18.36it/s]
 52%|█████▏    | 88/168 [00:05<00:03, 21.87it/s]
 55%|█████▍    | 92/168 [00:05<00:03, 22.37it/s]
 57%|█████▋    | 95/168 [00:05<00:03, 19.03it/s]
 59%|█████▉    | 99/168 [00:05<00:03, 22.77it/s]
 61%|██████▏   | 103/168 [00:05<00:02, 25.53it/s]
 64%|██████▎   | 107/168 [00:05<00:02, 28.50it/s]
 66%|██████▌   | 111/168 [00:06<00:01, 30.39it/s]
 69%|██████▉   | 116/168 [00:06<00:01, 33.69it/s]
 72%|███████▏  | 121/168 [00:06<00:01, 35.91it/s]
 75%|███████▌  | 126/168 [00:06<00:01, 37.41it/s]
 78%|███████▊  | 131/168 [00:06<00:00, 38.74it/s]
 81%|████████  | 136/168 [00:06<00:00, 39.55it/s]
 84%|████████▍ | 141/168 [00:06<00:00, 38.83it/s]
 87%|████████▋ | 146/168 [00:06<00:00, 39.73it/s]
 90%|████████▉ | 151/168 [00:07<00:00, 39.03it/s]
 93%|█████████▎| 156/168 [00:07<00:00, 40.79it/s]
 96%|█████████▌| 161/168 [00:07<00:00, 18.58it/s]
 99%|█████████▉| 166/168 [00:07<00:00, 22.65it/s]
100%|██████████| 168/168 [00:08<00:00, 20.99it/s]
Result on AGD: 
KLD=0.9908934235572815, SIM=0.46108779311180115, NSS=1.4639837741851807
noun sim: 0.11639720347843, part sim: 0.2425707523666677
New best KLD: 0.9908934235572815, 0.46108779311180115, 1.4639837741851807
============Training Epoch 3============

  0%|          | 0/693 [00:00<?, ?it/s]/home/wyn/.conda/envs/clip-env/lib/python3.10/site-packages/torch/_tensor.py:1002: UserWarning: non-inplace resize is deprecated
  warnings.warn("non-inplace resize is deprecated")
/home/wyn/.conda/envs/clip-env/lib/python3.10/site-packages/torch/_tensor.py:1002: UserWarning: non-inplace resize is deprecated
  warnings.warn("non-inplace resize is deprecated")
/home/wyn/.conda/envs/clip-env/lib/python3.10/site-packages/torch/_tensor.py:1002: UserWarning: non-inplace resize is deprecated
  warnings.warn("non-inplace resize is deprecated")
/home/wyn/.conda/envs/clip-env/lib/python3.10/site-packages/torch/_tensor.py:1002: UserWarning: non-inplace resize is deprecated
  warnings.warn("non-inplace resize is deprecated")
/home/wyn/.conda/envs/clip-env/lib/python3.10/site-packages/torch/_tensor.py:1002: UserWarning: non-inplace resize is deprecated
  warnings.warn("non-inplace resize is deprecated")
/home/wyn/.conda/envs/clip-env/lib/python3.10/site-packages/torch/_tensor.py:1002: UserWarning: non-inplace resize is deprecated
  warnings.warn("non-inplace resize is deprecated")
/home/wyn/.conda/envs/clip-env/lib/python3.10/site-packages/torch/_tensor.py:1002: UserWarning: non-inplace resize is deprecated
  warnings.warn("non-inplace resize is deprecated")
/home/wyn/.conda/envs/clip-env/lib/python3.10/site-packages/torch/_tensor.py:1002: UserWarning: non-inplace resize is deprecated
  warnings.warn("non-inplace resize is deprecated")

  0%|          | 1/693 [00:02<23:35,  2.05s/it]
  0%|          | 2/693 [00:02<11:11,  1.03it/s]
  0%|          | 3/693 [00:02<06:43,  1.71it/s]
  1%|          | 4/693 [00:02<04:54,  2.34it/s]
  1%|          | 5/693 [00:02<03:39,  3.14it/s]
  1%|          | 6/693 [00:02<02:55,  3.91it/s]
  1%|          | 7/693 [00:02<02:27,  4.64it/s]
  1%|          | 8/693 [00:03<02:10,  5.25it/s]
  1%|▏         | 9/693 [00:03<04:31,  2.52it/s]
  1%|▏         | 10/693 [00:04<03:36,  3.15it/s]
  2%|▏         | 11/693 [00:04<02:57,  3.85it/s]
  2%|▏         | 12/693 [00:04<02:51,  3.98it/s]
  2%|▏         | 13/693 [00:04<02:25,  4.68it/s]
  2%|▏         | 14/693 [00:04<02:09,  5.25it/s]
  2%|▏         | 15/693 [00:04<01:56,  5.82it/s]
  2%|▏         | 16/693 [00:04<01:49,  6.20it/s]
  2%|▏         | 17/693 [00:05<01:46,  6.35it/s]
  3%|▎         | 18/693 [00:05<01:46,  6.33it/s]
  3%|▎         | 19/693 [00:05<01:40,  6.69it/s]
  3%|▎         | 20/693 [00:05<01:38,  6.82it/s]
  3%|▎         | 21/693 [00:05<01:34,  7.10it/s]
  3%|▎         | 22/693 [00:05<01:33,  7.17it/s]
  3%|▎         | 23/693 [00:05<01:30,  7.39it/s]
  3%|▎         | 24/693 [00:06<01:30,  7.38it/s]
  4%|▎         | 25/693 [00:06<01:30,  7.36it/s]
  4%|▍         | 26/693 [00:06<01:32,  7.25it/s]
  4%|▍         | 27/693 [00:06<01:32,  7.22it/s]
  4%|▍         | 28/693 [00:06<01:33,  7.09it/s]
  4%|▍         | 29/693 [00:06<01:33,  7.08it/s]
  4%|▍         | 30/693 [00:06<01:32,  7.14it/s]
  4%|▍         | 31/693 [00:07<01:29,  7.38it/s]
  5%|▍         | 32/693 [00:07<01:31,  7.23it/s]
  5%|▍         | 33/693 [00:07<01:29,  7.40it/s]
  5%|▍         | 34/693 [00:07<01:29,  7.35it/s]
  5%|▌         | 35/693 [00:07<01:30,  7.30it/s]
  5%|▌         | 36/693 [00:07<01:32,  7.13it/s]
  5%|▌         | 37/693 [00:08<02:19,  4.69it/s]
  5%|▌         | 38/693 [00:08<02:03,  5.29it/s]
  6%|▌         | 39/693 [00:08<01:51,  5.87it/s]
  6%|▌         | 40/693 [00:08<01:44,  6.26it/s]
  6%|▌         | 41/693 [00:08<01:38,  6.65it/s]
  6%|▌         | 42/693 [00:08<01:35,  6.79it/s]
  6%|▌         | 43/693 [00:08<01:31,  7.10it/s]
  6%|▋         | 44/693 [00:09<01:30,  7.15it/s]
  6%|▋         | 45/693 [00:09<01:32,  7.02it/s]
  7%|▋         | 46/693 [00:09<01:30,  7.14it/s]
  7%|▋         | 47/693 [00:09<01:28,  7.29it/s]
  7%|▋         | 48/693 [00:09<01:28,  7.27it/s]
  7%|▋         | 49/693 [00:09<01:28,  7.28it/s]
  7%|▋         | 50/693 [00:09<01:28,  7.27it/s]
  7%|▋         | 51/693 [00:10<01:30,  7.10it/s]
  8%|▊         | 52/693 [00:10<01:29,  7.16it/s]
  8%|▊         | 53/693 [00:10<01:27,  7.32it/s]
  8%|▊         | 54/693 [00:10<01:24,  7.56it/s]
  8%|▊         | 55/693 [00:10<01:21,  7.84it/s]
  8%|▊         | 56/693 [00:10<01:22,  7.76it/s]
  8%|▊         | 57/693 [00:10<01:21,  7.82it/s]
  8%|▊         | 58/693 [00:10<01:20,  7.92it/s]
  9%|▊         | 59/693 [00:11<01:20,  7.86it/s]
  9%|▊         | 60/693 [00:11<01:20,  7.82it/s]
  9%|▉         | 61/693 [00:11<01:19,  7.99it/s]
  9%|▉         | 62/693 [00:11<01:20,  7.88it/s]
  9%|▉         | 63/693 [00:11<01:18,  8.04it/s]
  9%|▉         | 64/693 [00:11<01:19,  7.94it/s]
  9%|▉         | 65/693 [00:11<01:18,  8.05it/s]
 10%|▉         | 66/693 [00:11<01:19,  7.88it/s]
 10%|▉         | 67/693 [00:12<01:17,  8.09it/s]
 10%|▉         | 68/693 [00:12<01:19,  7.88it/s]
 10%|▉         | 69/693 [00:12<01:17,  8.01it/s]
 10%|█         | 70/693 [00:12<01:17,  8.00it/s]
 10%|█         | 71/693 [00:12<01:19,  7.85it/s]
 10%|█         | 72/693 [00:12<01:19,  7.83it/s]
 11%|█         | 73/693 [00:12<01:17,  7.97it/s]
 11%|█         | 74/693 [00:13<02:06,  4.89it/s]
 11%|█         | 75/693 [00:13<01:50,  5.60it/s]
 11%|█         | 76/693 [00:13<01:41,  6.10it/s]
 11%|█         | 77/693 [00:13<01:33,  6.62it/s]
 11%|█▏        | 78/693 [00:13<01:28,  6.95it/s]
 11%|█▏        | 79/693 [00:13<01:24,  7.30it/s]
 12%|█▏        | 80/693 [00:13<01:23,  7.38it/s]
 12%|█▏        | 81/693 [00:14<01:18,  7.76it/s]
 12%|█▏        | 82/693 [00:14<01:19,  7.72it/s]
 12%|█▏        | 83/693 [00:14<01:18,  7.76it/s]
 12%|█▏        | 84/693 [00:14<01:18,  7.71it/s]
 12%|█▏        | 85/693 [00:14<01:16,  7.94it/s]
 12%|█▏        | 86/693 [00:14<01:17,  7.88it/s]
 13%|█▎        | 87/693 [00:14<01:15,  7.99it/s]
 13%|█▎        | 88/693 [00:14<01:17,  7.85it/s]
 13%|█▎        | 89/693 [00:15<01:15,  7.99it/s]
 13%|█▎        | 90/693 [00:15<01:16,  7.92it/s]
 13%|█▎        | 91/693 [00:15<01:15,  7.96it/s]
 13%|█▎        | 92/693 [00:15<01:20,  7.43it/s]
 13%|█▎        | 93/693 [00:15<01:22,  7.24it/s]
 14%|█▎        | 94/693 [00:15<01:23,  7.16it/s]
 14%|█▎        | 95/693 [00:15<01:21,  7.37it/s]
 14%|█▍        | 96/693 [00:16<01:21,  7.35it/s]
 14%|█▍        | 97/693 [00:16<01:21,  7.30it/s]
 14%|█▍        | 98/693 [00:16<01:21,  7.31it/s]
 14%|█▍        | 99/693 [00:16<02:24,  4.11it/s]
 14%|█▍        | 100/693 [00:16<02:04,  4.76it/s]
 15%|█▍        | 101/693 [00:17<01:49,  5.42it/s]
 15%|█▍        | 102/693 [00:17<02:01,  4.86it/s]
 15%|█▍        | 103/693 [00:17<01:47,  5.51it/s]
 15%|█▌        | 104/693 [00:17<01:36,  6.10it/s]
 15%|█▌        | 105/693 [00:17<01:28,  6.64it/s]
 15%|█▌        | 106/693 [00:17<01:24,  6.92it/s]
 15%|█▌        | 107/693 [00:17<01:20,  7.27it/s]
 16%|█▌        | 108/693 [00:18<01:18,  7.44it/s]
 16%|█▌        | 109/693 [00:18<01:15,  7.76it/s]
 16%|█▌        | 110/693 [00:18<02:35,  3.76it/s]
 16%|█▌        | 111/693 [00:18<02:09,  4.50it/s]
 16%|█▌        | 112/693 [00:19<01:53,  5.13it/s]
 16%|█▋        | 113/693 [00:19<01:40,  5.80it/s]
 16%|█▋        | 114/693 [00:19<01:32,  6.28it/s]
 17%|█▋        | 115/693 [00:19<01:24,  6.81it/s]
 17%|█▋        | 116/693 [00:19<01:21,  7.05it/s]
 17%|█▋        | 117/693 [00:19<01:17,  7.41it/s]
 17%|█▋        | 118/693 [00:21<05:55,  1.62it/s]
 17%|█▋        | 119/693 [00:21<04:30,  2.13it/s]
 17%|█▋        | 120/693 [00:21<03:30,  2.72it/s]
 17%|█▋        | 121/693 [00:21<02:47,  3.42it/s]
 18%|█▊        | 122/693 [00:21<02:18,  4.12it/s]
 18%|█▊        | 123/693 [00:21<01:57,  4.86it/s]
 18%|█▊        | 124/693 [00:22<01:44,  5.43it/s]
 18%|█▊        | 125/693 [00:22<01:33,  6.09it/s]
 18%|█▊        | 126/693 [00:22<01:28,  6.43it/s]
 18%|█▊        | 127/693 [00:22<01:22,  6.86it/s]
 18%|█▊        | 128/693 [00:22<01:18,  7.18it/s]
 19%|█▊        | 129/693 [00:22<01:16,  7.39it/s]
 19%|█▉        | 130/693 [00:22<01:15,  7.50it/s]
 19%|█▉        | 131/693 [00:23<01:12,  7.74it/s]
 19%|█▉        | 132/693 [00:23<01:12,  7.78it/s]
 19%|█▉        | 133/693 [00:23<01:10,  7.90it/s]
 19%|█▉        | 134/693 [00:23<01:11,  7.86it/s]
 19%|█▉        | 135/693 [00:23<01:12,  7.65it/s]
 20%|█▉        | 136/693 [00:23<01:12,  7.70it/s]
 20%|█▉        | 137/693 [00:23<01:10,  7.88it/s]
 20%|█▉        | 138/693 [00:23<01:10,  7.84it/s]
 20%|██        | 139/693 [00:24<01:10,  7.90it/s]
 20%|██        | 140/693 [00:24<01:09,  7.95it/s]
 20%|██        | 141/693 [00:24<01:14,  7.43it/s]
 20%|██        | 142/693 [00:24<02:00,  4.56it/s]
 21%|██        | 143/693 [00:24<01:43,  5.29it/s]
 21%|██        | 144/693 [00:24<01:33,  5.86it/s]
 21%|██        | 145/693 [00:25<01:25,  6.44it/s]
 21%|██        | 146/693 [00:25<01:26,  6.32it/s]
 21%|██        | 147/693 [00:25<01:19,  6.83it/s]
 21%|██▏       | 148/693 [00:25<01:17,  7.00it/s]
 22%|██▏       | 149/693 [00:25<01:14,  7.33it/s]
 22%|██▏       | 150/693 [00:26<04:27,  2.03it/s]
 22%|██▏       | 151/693 [00:27<03:26,  2.62it/s]
 22%|██▏       | 152/693 [00:27<02:45,  3.26it/s]
 22%|██▏       | 153/693 [00:27<02:14,  4.01it/s]
 22%|██▏       | 154/693 [00:27<01:56,  4.64it/s]
 22%|██▏       | 155/693 [00:27<01:40,  5.36it/s]
 23%|██▎       | 156/693 [00:27<01:31,  5.88it/s]
 23%|██▎       | 157/693 [00:27<01:23,  6.40it/s]
 23%|██▎       | 158/693 [00:28<02:34,  3.47it/s]
 23%|██▎       | 159/693 [00:28<02:07,  4.19it/s]
 23%|██▎       | 160/693 [00:28<01:50,  4.81it/s]
 23%|██▎       | 161/693 [00:28<01:38,  5.38it/s]
 23%|██▎       | 162/693 [00:28<01:31,  5.78it/s]
 24%|██▎       | 163/693 [00:29<01:23,  6.36it/s]
 24%|██▎       | 164/693 [00:29<01:19,  6.64it/s]
 24%|██▍       | 165/693 [00:29<01:14,  7.04it/s]
 24%|██▍       | 166/693 [00:29<02:13,  3.94it/s]
 24%|██▍       | 167/693 [00:29<01:51,  4.70it/s]
 24%|██▍       | 168/693 [00:30<01:38,  5.35it/s]
 24%|██▍       | 169/693 [00:30<01:27,  5.96it/s]
 25%|██▍       | 170/693 [00:30<01:21,  6.41it/s]
 25%|██▍       | 171/693 [00:30<01:15,  6.89it/s]
 25%|██▍       | 172/693 [00:30<01:12,  7.19it/s]
 25%|██▍       | 173/693 [00:30<01:10,  7.42it/s]
 25%|██▌       | 174/693 [00:30<01:11,  7.29it/s]
 25%|██▌       | 175/693 [00:30<01:08,  7.56it/s]
 25%|██▌       | 176/693 [00:31<01:08,  7.56it/s]
 26%|██▌       | 177/693 [00:31<01:06,  7.79it/s]
 26%|██▌       | 178/693 [00:31<01:06,  7.75it/s]
 26%|██▌       | 179/693 [00:31<01:04,  7.93it/s]
 26%|██▌       | 180/693 [00:31<01:04,  7.90it/s]
 26%|██▌       | 181/693 [00:31<01:04,  7.95it/s]
 26%|██▋       | 182/693 [00:32<02:20,  3.64it/s]
 26%|██▋       | 183/693 [00:32<01:56,  4.37it/s]
 27%|██▋       | 184/693 [00:32<01:41,  4.99it/s]
 27%|██▋       | 185/693 [00:32<01:28,  5.72it/s]
 27%|██▋       | 186/693 [00:32<01:21,  6.20it/s]
 27%|██▋       | 187/693 [00:35<06:27,  1.31it/s]
 27%|██▋       | 188/693 [00:35<04:49,  1.74it/s]
 27%|██▋       | 189/693 [00:35<03:40,  2.29it/s]
 27%|██▋       | 190/693 [00:35<02:53,  2.90it/s]
 28%|██▊       | 191/693 [00:35<02:19,  3.60it/s]
 28%|██▊       | 192/693 [00:35<01:56,  4.30it/s]
 28%|██▊       | 193/693 [00:35<01:39,  5.05it/s]
 28%|██▊       | 194/693 [00:35<01:28,  5.61it/s]
 28%|██▊       | 195/693 [00:36<02:42,  3.06it/s]
 28%|██▊       | 196/693 [00:36<02:12,  3.75it/s]
 28%|██▊       | 197/693 [00:36<01:50,  4.49it/s]
 29%|██▊       | 198/693 [00:36<01:36,  5.15it/s]
 29%|██▊       | 199/693 [00:37<01:24,  5.82it/s]
 29%|██▉       | 200/693 [00:37<01:18,  6.30it/s]
 29%|██▉       | 201/693 [00:37<01:12,  6.78it/s]
 29%|██▉       | 202/693 [00:37<01:10,  6.99it/s]
 29%|██▉       | 203/693 [00:37<01:30,  5.41it/s]
 29%|██▉       | 204/693 [00:37<01:22,  5.94it/s]
 30%|██▉       | 205/693 [00:37<01:15,  6.48it/s]
 30%|██▉       | 206/693 [00:38<01:11,  6.83it/s]
 30%|██▉       | 207/693 [00:38<01:07,  7.18it/s]
 30%|███       | 208/693 [00:38<01:06,  7.29it/s]
 30%|███       | 209/693 [00:38<01:03,  7.60it/s]
 30%|███       | 210/693 [00:38<01:03,  7.65it/s]
 30%|███       | 211/693 [00:39<02:07,  3.77it/s]
 31%|███       | 212/693 [00:39<01:48,  4.42it/s]
 31%|███       | 213/693 [00:39<01:34,  5.09it/s]
 31%|███       | 214/693 [00:39<01:25,  5.61it/s]
 31%|███       | 215/693 [00:39<01:17,  6.19it/s]
 31%|███       | 216/693 [00:39<01:13,  6.49it/s]
 31%|███▏      | 217/693 [00:39<01:09,  6.83it/s]
 31%|███▏      | 218/693 [00:40<01:08,  6.95it/s]
 32%|███▏      | 219/693 [00:40<01:14,  6.38it/s]
 32%|███▏      | 220/693 [00:40<01:11,  6.65it/s]
 32%|███▏      | 221/693 [00:40<01:07,  6.98it/s]
 32%|███▏      | 222/693 [00:40<01:06,  7.07it/s]
 32%|███▏      | 223/693 [00:40<01:04,  7.28it/s]
 32%|███▏      | 224/693 [00:40<01:04,  7.31it/s]
 32%|███▏      | 225/693 [00:41<01:02,  7.47it/s]
 33%|███▎      | 226/693 [00:41<01:02,  7.43it/s]
 33%|███▎      | 227/693 [00:41<01:32,  5.05it/s]
 33%|███▎      | 228/693 [00:41<01:23,  5.56it/s]
 33%|███▎      | 229/693 [00:41<01:16,  6.06it/s]
 33%|███▎      | 230/693 [00:42<02:16,  3.40it/s]
 33%|███▎      | 231/693 [00:42<01:52,  4.11it/s]
 33%|███▎      | 232/693 [00:42<01:37,  4.73it/s]
 34%|███▎      | 233/693 [00:42<01:25,  5.41it/s]
 34%|███▍      | 234/693 [00:42<01:18,  5.86it/s]
 34%|███▍      | 235/693 [00:43<01:13,  6.26it/s]
 34%|███▍      | 236/693 [00:43<01:09,  6.55it/s]
 34%|███▍      | 237/693 [00:43<01:05,  6.91it/s]
 34%|███▍      | 238/693 [00:43<01:08,  6.66it/s]
 34%|███▍      | 239/693 [00:43<01:05,  6.94it/s]
 35%|███▍      | 240/693 [00:43<01:04,  7.06it/s]
 35%|███▍      | 241/693 [00:43<01:01,  7.29it/s]
 35%|███▍      | 242/693 [00:44<01:01,  7.32it/s]
 35%|███▌      | 243/693 [00:44<01:01,  7.34it/s]
 35%|███▌      | 244/693 [00:44<01:01,  7.33it/s]
 35%|███▌      | 245/693 [00:44<00:59,  7.47it/s]
 35%|███▌      | 246/693 [00:44<01:02,  7.19it/s]
 36%|███▌      | 247/693 [00:44<01:02,  7.14it/s]
 36%|███▌      | 248/693 [00:44<01:04,  6.95it/s]
 36%|███▌      | 249/693 [00:45<01:01,  7.20it/s]
 36%|███▌      | 250/693 [00:45<01:02,  7.12it/s]
 36%|███▌      | 251/693 [00:45<01:42,  4.30it/s]
 36%|███▋      | 252/693 [00:45<01:32,  4.79it/s]
 37%|███▋      | 253/693 [00:45<01:20,  5.45it/s]
 37%|███▋      | 254/693 [00:46<01:14,  5.90it/s]
 37%|███▋      | 255/693 [00:46<01:08,  6.37it/s]
 37%|███▋      | 256/693 [00:46<01:06,  6.54it/s]
 37%|███▋      | 257/693 [00:46<01:08,  6.40it/s]
 37%|███▋      | 258/693 [00:46<01:06,  6.52it/s]
 37%|███▋      | 259/693 [00:46<01:04,  6.68it/s]
 38%|███▊      | 260/693 [00:46<01:03,  6.80it/s]
 38%|███▊      | 261/693 [00:47<01:01,  7.06it/s]
 38%|███▊      | 262/693 [00:47<01:02,  6.93it/s]
 38%|███▊      | 263/693 [00:47<01:17,  5.57it/s]
 38%|███▊      | 264/693 [00:47<01:12,  5.94it/s]
 38%|███▊      | 265/693 [00:47<01:06,  6.42it/s]
 38%|███▊      | 266/693 [00:47<01:05,  6.55it/s]
 39%|███▊      | 267/693 [00:47<01:01,  6.87it/s]
 39%|███▊      | 268/693 [00:48<01:00,  7.01it/s]
 39%|███▉      | 269/693 [00:48<00:58,  7.24it/s]
 39%|███▉      | 270/693 [00:48<01:28,  4.79it/s]
 39%|███▉      | 271/693 [00:48<01:17,  5.42it/s]
 39%|███▉      | 272/693 [00:48<01:11,  5.86it/s]
 39%|███▉      | 273/693 [00:49<01:06,  6.34it/s]
 40%|███▉      | 274/693 [00:49<01:03,  6.57it/s]
 40%|███▉      | 275/693 [00:49<00:59,  7.06it/s]
 40%|███▉      | 276/693 [00:49<00:56,  7.32it/s]
 40%|███▉      | 277/693 [00:49<00:54,  7.60it/s]
 40%|████      | 278/693 [00:49<00:59,  6.99it/s]
 40%|████      | 279/693 [00:49<00:56,  7.36it/s]
 40%|████      | 280/693 [00:49<00:55,  7.44it/s]
 41%|████      | 281/693 [00:50<00:53,  7.71it/s]
 41%|████      | 282/693 [00:50<00:53,  7.69it/s]
 41%|████      | 283/693 [00:50<00:52,  7.82it/s]
 41%|████      | 284/693 [00:50<00:52,  7.82it/s]
 41%|████      | 285/693 [00:50<00:51,  7.93it/s]
 41%|████▏     | 286/693 [00:51<02:23,  2.83it/s]
 41%|████▏     | 287/693 [00:51<01:55,  3.53it/s]
 42%|████▏     | 288/693 [00:51<01:36,  4.22it/s]
 42%|████▏     | 289/693 [00:51<01:21,  4.97it/s]
 42%|████▏     | 290/693 [00:51<01:12,  5.52it/s]
 42%|████▏     | 291/693 [00:52<01:05,  6.18it/s]
 42%|████▏     | 292/693 [00:52<01:00,  6.59it/s]
 42%|████▏     | 293/693 [00:52<00:57,  7.00it/s]
 42%|████▏     | 294/693 [00:52<00:55,  7.23it/s]
 43%|████▎     | 295/693 [00:52<00:54,  7.25it/s]
 43%|████▎     | 296/693 [00:52<00:54,  7.26it/s]
 43%|████▎     | 297/693 [00:52<00:53,  7.45it/s]
 43%|████▎     | 298/693 [00:52<00:53,  7.39it/s]
 43%|████▎     | 299/693 [00:53<00:52,  7.52it/s]
 43%|████▎     | 300/693 [00:53<00:54,  7.20it/s]
 43%|████▎     | 301/693 [00:53<00:54,  7.22it/s]
 44%|████▎     | 302/693 [00:53<00:56,  6.95it/s]
 44%|████▎     | 303/693 [00:53<00:54,  7.21it/s]
 44%|████▍     | 304/693 [00:53<00:54,  7.19it/s]
 44%|████▍     | 305/693 [00:53<00:52,  7.43it/s]
 44%|████▍     | 306/693 [00:54<00:52,  7.37it/s]
 44%|████▍     | 307/693 [00:54<00:51,  7.43it/s]
 44%|████▍     | 308/693 [00:54<00:56,  6.86it/s]
 45%|████▍     | 309/693 [00:54<00:55,  6.90it/s]
 45%|████▍     | 310/693 [00:54<00:54,  6.99it/s]
 45%|████▍     | 311/693 [00:54<00:52,  7.26it/s]
 45%|████▌     | 312/693 [00:54<00:52,  7.29it/s]
 45%|████▌     | 313/693 [00:55<00:51,  7.45it/s]
 45%|████▌     | 314/693 [00:55<00:51,  7.37it/s]
 45%|████▌     | 315/693 [00:55<00:50,  7.47it/s]
 46%|████▌     | 316/693 [00:55<00:54,  6.87it/s]
 46%|████▌     | 317/693 [00:56<03:02,  2.06it/s]
 46%|████▌     | 318/693 [00:56<02:22,  2.63it/s]
 46%|████▌     | 319/693 [00:57<01:53,  3.29it/s]
 46%|████▌     | 320/693 [00:57<01:34,  3.95it/s]
 46%|████▋     | 321/693 [00:57<01:20,  4.63it/s]
 46%|████▋     | 322/693 [00:57<01:11,  5.21it/s]
 47%|████▋     | 323/693 [00:57<01:03,  5.81it/s]
 47%|████▋     | 324/693 [00:57<00:59,  6.17it/s]
 47%|████▋     | 325/693 [00:58<01:45,  3.50it/s]
 47%|████▋     | 326/693 [00:58<01:28,  4.14it/s]
 47%|████▋     | 327/693 [00:58<01:15,  4.85it/s]
 47%|████▋     | 328/693 [00:58<01:07,  5.40it/s]
 47%|████▋     | 329/693 [00:58<01:01,  5.95it/s]
 48%|████▊     | 330/693 [00:58<00:57,  6.31it/s]
 48%|████▊     | 331/693 [00:59<00:54,  6.68it/s]
 48%|████▊     | 332/693 [00:59<00:52,  6.86it/s]
 48%|████▊     | 333/693 [00:59<01:15,  4.78it/s]
 48%|████▊     | 334/693 [00:59<01:07,  5.32it/s]
 48%|████▊     | 335/693 [00:59<01:01,  5.85it/s]
 48%|████▊     | 336/693 [00:59<00:57,  6.20it/s]
 49%|████▊     | 337/693 [01:00<00:54,  6.57it/s]
 49%|████▉     | 338/693 [01:00<00:52,  6.71it/s]
 49%|████▉     | 339/693 [01:00<00:50,  7.04it/s]
 49%|████▉     | 340/693 [01:00<00:49,  7.10it/s]
 49%|████▉     | 341/693 [01:00<01:00,  5.83it/s]
 49%|████▉     | 342/693 [01:00<00:56,  6.21it/s]
 49%|████▉     | 343/693 [01:01<00:52,  6.62it/s]
 50%|████▉     | 344/693 [01:01<00:51,  6.84it/s]
 50%|████▉     | 345/693 [01:01<00:49,  7.07it/s]
 50%|████▉     | 346/693 [01:01<00:48,  7.12it/s]
 50%|█████     | 347/693 [01:01<00:49,  6.95it/s]
 50%|█████     | 348/693 [01:01<00:49,  7.03it/s]
 50%|█████     | 349/693 [01:02<01:18,  4.36it/s]
 51%|█████     | 350/693 [01:02<01:09,  4.96it/s]
 51%|█████     | 351/693 [01:02<00:59,  5.72it/s]
 51%|█████     | 352/693 [01:02<00:54,  6.24it/s]
 51%|█████     | 353/693 [01:02<00:50,  6.75it/s]
 51%|█████     | 354/693 [01:02<00:48,  7.03it/s]
 51%|█████     | 355/693 [01:03<02:38,  2.14it/s]
 51%|█████▏    | 356/693 [01:04<02:03,  2.73it/s]
 52%|█████▏    | 357/693 [01:04<01:37,  3.44it/s]
 52%|█████▏    | 358/693 [01:04<01:21,  4.13it/s]
 52%|█████▏    | 359/693 [01:04<01:08,  4.86it/s]
 52%|█████▏    | 360/693 [01:04<01:00,  5.48it/s]
 52%|█████▏    | 361/693 [01:04<00:54,  6.08it/s]
 52%|█████▏    | 362/693 [01:04<00:50,  6.56it/s]
 52%|█████▏    | 363/693 [01:04<00:47,  6.92it/s]
 53%|█████▎    | 364/693 [01:05<00:46,  7.14it/s]
 53%|█████▎    | 365/693 [01:05<00:44,  7.45it/s]
 53%|█████▎    | 366/693 [01:05<00:43,  7.51it/s]
 53%|█████▎    | 367/693 [01:05<00:42,  7.76it/s]
 53%|█████▎    | 368/693 [01:05<00:41,  7.76it/s]
 53%|█████▎    | 369/693 [01:05<00:40,  7.97it/s]
 53%|█████▎    | 370/693 [01:05<00:41,  7.82it/s]
 54%|█████▎    | 371/693 [01:05<00:42,  7.65it/s]
 54%|█████▎    | 372/693 [01:06<00:41,  7.66it/s]
 54%|█████▍    | 373/693 [01:06<00:40,  7.87it/s]
 54%|█████▍    | 374/693 [01:06<00:40,  7.83it/s]
 54%|█████▍    | 375/693 [01:06<00:39,  7.97it/s]
 54%|█████▍    | 376/693 [01:06<00:39,  7.93it/s]
 54%|█████▍    | 377/693 [01:06<00:40,  7.88it/s]
 55%|█████▍    | 378/693 [01:06<00:40,  7.83it/s]
 55%|█████▍    | 379/693 [01:06<00:39,  8.02it/s]
 55%|█████▍    | 380/693 [01:07<00:39,  7.96it/s]
 55%|█████▍    | 381/693 [01:07<00:38,  8.02it/s]
 55%|█████▌    | 382/693 [01:07<00:39,  7.83it/s]
 55%|█████▌    | 383/693 [01:07<00:39,  7.89it/s]
 55%|█████▌    | 384/693 [01:07<00:39,  7.86it/s]
 56%|█████▌    | 385/693 [01:07<00:39,  7.77it/s]
 56%|█████▌    | 386/693 [01:07<00:39,  7.80it/s]
 56%|█████▌    | 387/693 [01:08<00:38,  7.87it/s]
 56%|█████▌    | 388/693 [01:08<00:39,  7.78it/s]
 56%|█████▌    | 389/693 [01:08<00:37,  8.03it/s]
 56%|█████▋    | 390/693 [01:08<00:38,  7.87it/s]
 56%|█████▋    | 391/693 [01:08<00:37,  8.03it/s]
 57%|█████▋    | 392/693 [01:08<00:38,  7.91it/s]
 57%|█████▋    | 393/693 [01:08<00:37,  8.08it/s]
 57%|█████▋    | 394/693 [01:08<00:37,  8.01it/s]
 57%|█████▋    | 395/693 [01:09<00:39,  7.53it/s]
 57%|█████▋    | 396/693 [01:09<00:41,  7.17it/s]
 57%|█████▋    | 397/693 [01:09<00:39,  7.44it/s]
 57%|█████▋    | 398/693 [01:09<00:38,  7.56it/s]
 58%|█████▊    | 399/693 [01:09<00:38,  7.73it/s]
 58%|█████▊    | 400/693 [01:09<00:37,  7.79it/s]
 58%|█████▊    | 401/693 [01:09<00:36,  7.95it/s]
 58%|█████▊    | 402/693 [01:09<00:36,  7.89it/s]
 58%|█████▊    | 403/693 [01:10<01:29,  3.25it/s]
 58%|█████▊    | 404/693 [01:10<01:13,  3.92it/s]
 58%|█████▊    | 405/693 [01:10<01:01,  4.67it/s]
 59%|█████▊    | 406/693 [01:11<00:54,  5.29it/s]
 59%|█████▊    | 407/693 [01:11<00:48,  5.92it/s]
 59%|█████▉    | 408/693 [01:11<00:44,  6.39it/s]
 59%|█████▉    | 409/693 [01:11<00:41,  6.91it/s]
 59%|█████▉    | 410/693 [01:11<00:39,  7.10it/s]
 59%|█████▉    | 411/693 [01:12<01:14,  3.77it/s]
 59%|█████▉    | 412/693 [01:12<01:03,  4.44it/s]
 60%|█████▉    | 413/693 [01:12<00:54,  5.16it/s]
 60%|█████▉    | 414/693 [01:12<00:48,  5.74it/s]
 60%|█████▉    | 415/693 [01:12<00:43,  6.32it/s]
 60%|██████    | 416/693 [01:12<00:40,  6.77it/s]
 60%|██████    | 417/693 [01:12<00:38,  7.15it/s]
 60%|██████    | 418/693 [01:12<00:37,  7.32it/s]
 60%|██████    | 419/693 [01:13<00:36,  7.47it/s]
 61%|██████    | 420/693 [01:13<00:36,  7.47it/s]
 61%|██████    | 421/693 [01:13<00:35,  7.71it/s]
 61%|██████    | 422/693 [01:13<00:35,  7.59it/s]
 61%|██████    | 423/693 [01:13<00:34,  7.80it/s]
 61%|██████    | 424/693 [01:13<00:45,  5.92it/s]
 61%|██████▏   | 425/693 [01:14<00:41,  6.50it/s]
 61%|██████▏   | 426/693 [01:14<00:39,  6.78it/s]
 62%|██████▏   | 427/693 [01:14<00:37,  7.15it/s]
 62%|██████▏   | 428/693 [01:14<00:36,  7.32it/s]
 62%|██████▏   | 429/693 [01:14<00:34,  7.59it/s]
 62%|██████▏   | 430/693 [01:14<00:34,  7.60it/s]
 62%|██████▏   | 431/693 [01:14<00:33,  7.80it/s]
 62%|██████▏   | 432/693 [01:16<02:25,  1.80it/s]
 62%|██████▏   | 433/693 [01:16<01:50,  2.35it/s]
 63%|██████▎   | 434/693 [01:16<01:27,  2.97it/s]
 63%|██████▎   | 435/693 [01:16<01:09,  3.69it/s]
 63%|██████▎   | 436/693 [01:16<00:58,  4.36it/s]
 63%|██████▎   | 437/693 [01:16<00:49,  5.12it/s]
 63%|██████▎   | 438/693 [01:17<00:44,  5.71it/s]
 63%|██████▎   | 439/693 [01:17<00:40,  6.30it/s]
 63%|██████▎   | 440/693 [01:17<00:47,  5.32it/s]
 64%|██████▎   | 441/693 [01:17<00:42,  5.97it/s]
 64%|██████▍   | 442/693 [01:17<00:39,  6.37it/s]
 64%|██████▍   | 443/693 [01:17<00:36,  6.86it/s]
 64%|██████▍   | 444/693 [01:17<00:35,  7.06it/s]
 64%|██████▍   | 445/693 [01:18<00:33,  7.35it/s]
 64%|██████▍   | 446/693 [01:18<00:32,  7.54it/s]
 65%|██████▍   | 447/693 [01:18<00:31,  7.72it/s]
 65%|██████▍   | 448/693 [01:19<01:38,  2.48it/s]
 65%|██████▍   | 449/693 [01:19<01:17,  3.14it/s]
 65%|██████▍   | 450/693 [01:19<01:03,  3.83it/s]
 65%|██████▌   | 451/693 [01:19<00:52,  4.57it/s]
 65%|██████▌   | 452/693 [01:19<00:46,  5.22it/s]
 65%|██████▌   | 453/693 [01:19<00:41,  5.85it/s]
 66%|██████▌   | 454/693 [01:20<00:38,  6.23it/s]
 66%|██████▌   | 455/693 [01:20<00:35,  6.73it/s]
 66%|██████▌   | 456/693 [01:20<00:35,  6.72it/s]
 66%|██████▌   | 457/693 [01:20<00:33,  7.08it/s]
 66%|██████▌   | 458/693 [01:20<00:32,  7.29it/s]
 66%|██████▌   | 459/693 [01:20<00:30,  7.59it/s]
 66%|██████▋   | 460/693 [01:20<00:30,  7.65it/s]
 67%|██████▋   | 461/693 [01:20<00:29,  7.85it/s]
 67%|██████▋   | 462/693 [01:21<00:29,  7.83it/s]
 67%|██████▋   | 463/693 [01:21<00:29,  7.92it/s]
 67%|██████▋   | 464/693 [01:21<00:42,  5.38it/s]
 67%|██████▋   | 465/693 [01:21<00:38,  5.92it/s]
 67%|██████▋   | 466/693 [01:21<00:35,  6.37it/s]
 67%|██████▋   | 467/693 [01:21<00:32,  6.89it/s]
 68%|██████▊   | 468/693 [01:22<00:31,  7.06it/s]
 68%|██████▊   | 469/693 [01:22<00:30,  7.46it/s]
 68%|██████▊   | 470/693 [01:22<00:30,  7.42it/s]
 68%|██████▊   | 471/693 [01:22<00:28,  7.70it/s]
 68%|██████▊   | 472/693 [01:22<00:28,  7.76it/s]
 68%|██████▊   | 473/693 [01:22<00:27,  7.88it/s]
 68%|██████▊   | 474/693 [01:22<00:28,  7.76it/s]
 69%|██████▊   | 475/693 [01:22<00:27,  7.94it/s]
 69%|██████▊   | 476/693 [01:23<00:27,  7.87it/s]
 69%|██████▉   | 477/693 [01:23<00:27,  7.98it/s]
 69%|██████▉   | 478/693 [01:23<00:27,  7.81it/s]
 69%|██████▉   | 479/693 [01:23<00:26,  7.97it/s]
 69%|██████▉   | 480/693 [01:23<00:45,  4.73it/s]
 69%|██████▉   | 481/693 [01:23<00:38,  5.44it/s]
 70%|██████▉   | 482/693 [01:24<00:35,  5.98it/s]
 70%|██████▉   | 483/693 [01:24<00:32,  6.54it/s]
 70%|██████▉   | 484/693 [01:24<00:31,  6.70it/s]
 70%|██████▉   | 485/693 [01:24<00:29,  7.16it/s]
 70%|███████   | 486/693 [01:24<00:28,  7.29it/s]
 70%|███████   | 487/693 [01:24<00:27,  7.57it/s]
 70%|███████   | 488/693 [01:24<00:32,  6.24it/s]
 71%|███████   | 489/693 [01:25<00:30,  6.72it/s]
 71%|███████   | 490/693 [01:25<00:29,  6.99it/s]
 71%|███████   | 491/693 [01:25<00:27,  7.38it/s]
 71%|███████   | 492/693 [01:25<00:33,  6.04it/s]
 71%|███████   | 493/693 [01:25<00:30,  6.51it/s]
 71%|███████▏  | 494/693 [01:26<00:43,  4.61it/s]
 71%|███████▏  | 495/693 [01:26<00:37,  5.34it/s]
 72%|███████▏  | 496/693 [01:26<00:32,  5.99it/s]
 72%|███████▏  | 497/693 [01:26<00:29,  6.65it/s]
 72%|███████▏  | 498/693 [01:26<00:28,  6.80it/s]
 72%|███████▏  | 499/693 [01:26<00:27,  7.05it/s]
 72%|███████▏  | 500/693 [01:26<00:26,  7.22it/s]
 72%|███████▏  | 501/693 [01:26<00:25,  7.54it/s]
 72%|███████▏  | 502/693 [01:27<00:25,  7.56it/s]
 73%|███████▎  | 503/693 [01:27<00:24,  7.80it/s]
 73%|███████▎  | 504/693 [01:27<00:24,  7.77it/s]
 73%|███████▎  | 505/693 [01:27<00:37,  5.08it/s]
 73%|███████▎  | 506/693 [01:27<00:33,  5.67it/s]
 73%|███████▎  | 507/693 [01:27<00:29,  6.27it/s]
 73%|███████▎  | 508/693 [01:28<00:27,  6.63it/s]
 73%|███████▎  | 509/693 [01:28<00:27,  6.70it/s]
 74%|███████▎  | 510/693 [01:28<00:47,  3.85it/s]
 74%|███████▎  | 511/693 [01:28<00:39,  4.61it/s]
 74%|███████▍  | 512/693 [01:28<00:34,  5.26it/s]
 74%|███████▍  | 513/693 [01:29<00:30,  5.94it/s]
 74%|███████▍  | 514/693 [01:29<00:28,  6.37it/s]
 74%|███████▍  | 515/693 [01:29<00:26,  6.85it/s]
 74%|███████▍  | 516/693 [01:29<00:25,  7.02it/s]
 75%|███████▍  | 517/693 [01:29<00:24,  7.30it/s]
 75%|███████▍  | 518/693 [01:29<00:38,  4.54it/s]
 75%|███████▍  | 519/693 [01:30<00:33,  5.25it/s]
 75%|███████▌  | 520/693 [01:30<00:29,  5.83it/s]
 75%|███████▌  | 521/693 [01:30<00:26,  6.38it/s]
 75%|███████▌  | 522/693 [01:30<00:25,  6.77it/s]
 75%|███████▌  | 523/693 [01:30<00:23,  7.18it/s]
 76%|███████▌  | 524/693 [01:30<00:22,  7.35it/s]
 76%|███████▌  | 525/693 [01:30<00:22,  7.58it/s]
 76%|███████▌  | 526/693 [01:31<00:22,  7.34it/s]
 76%|███████▌  | 527/693 [01:31<00:21,  7.61it/s]
 76%|███████▌  | 528/693 [01:31<00:21,  7.65it/s]
 76%|███████▋  | 529/693 [01:31<00:20,  7.84it/s]
 76%|███████▋  | 530/693 [01:31<00:20,  7.86it/s]
 77%|███████▋  | 531/693 [01:31<00:31,  5.14it/s]
 77%|███████▋  | 532/693 [01:31<00:28,  5.70it/s]
 77%|███████▋  | 533/693 [01:32<00:25,  6.33it/s]
 77%|███████▋  | 534/693 [01:32<00:23,  6.68it/s]
 77%|███████▋  | 535/693 [01:32<00:21,  7.19it/s]
 77%|███████▋  | 536/693 [01:32<00:20,  7.51it/s]
 77%|███████▋  | 537/693 [01:32<00:19,  7.90it/s]
 78%|███████▊  | 538/693 [01:32<00:20,  7.74it/s]
 78%|███████▊  | 539/693 [01:33<00:40,  3.77it/s]
 78%|███████▊  | 540/693 [01:33<00:34,  4.43it/s]
 78%|███████▊  | 541/693 [01:33<00:29,  5.10it/s]
 78%|███████▊  | 542/693 [01:33<00:27,  5.48it/s]
 78%|███████▊  | 543/693 [01:33<00:24,  6.13it/s]
 78%|███████▊  | 544/693 [01:33<00:22,  6.54it/s]
 79%|███████▊  | 545/693 [01:34<00:21,  6.97it/s]
 79%|███████▉  | 546/693 [01:34<00:20,  7.10it/s]
 79%|███████▉  | 547/693 [01:34<00:20,  6.98it/s]
 79%|███████▉  | 548/693 [01:34<00:37,  3.83it/s]
 79%|███████▉  | 549/693 [01:37<02:05,  1.15it/s]
 79%|███████▉  | 550/693 [01:37<01:32,  1.54it/s]
 80%|███████▉  | 551/693 [01:37<01:09,  2.04it/s]
 80%|███████▉  | 552/693 [01:37<00:53,  2.62it/s]
 80%|███████▉  | 553/693 [01:37<00:42,  3.30it/s]
 80%|███████▉  | 554/693 [01:37<00:35,  3.94it/s]
 80%|████████  | 555/693 [01:37<00:29,  4.61it/s]
 80%|████████  | 556/693 [01:38<00:26,  5.20it/s]
 80%|████████  | 557/693 [01:38<00:25,  5.38it/s]
 81%|████████  | 558/693 [01:38<00:23,  5.81it/s]
 81%|████████  | 559/693 [01:38<00:21,  6.30it/s]
 81%|████████  | 560/693 [01:38<00:20,  6.64it/s]
 81%|████████  | 561/693 [01:38<00:18,  6.99it/s]
 81%|████████  | 562/693 [01:38<00:18,  7.05it/s]
 81%|████████  | 563/693 [01:39<00:17,  7.24it/s]
 81%|████████▏ | 564/693 [01:39<00:17,  7.29it/s]
 82%|████████▏ | 565/693 [01:39<00:17,  7.28it/s]
 82%|████████▏ | 566/693 [01:39<00:17,  7.35it/s]
 82%|████████▏ | 567/693 [01:39<00:16,  7.49it/s]
 82%|████████▏ | 568/693 [01:39<00:20,  6.19it/s]
 82%|████████▏ | 569/693 [01:39<00:18,  6.63it/s]
 82%|████████▏ | 570/693 [01:40<00:18,  6.81it/s]
 82%|████████▏ | 571/693 [01:40<00:17,  7.02it/s]
 83%|████████▎ | 572/693 [01:40<00:17,  7.06it/s]
 83%|████████▎ | 573/693 [01:41<00:46,  2.57it/s]
 83%|████████▎ | 574/693 [01:41<00:38,  3.10it/s]
 83%|████████▎ | 575/693 [01:41<00:31,  3.79it/s]
 83%|████████▎ | 576/693 [01:41<00:27,  4.31it/s]
 83%|████████▎ | 577/693 [01:41<00:23,  5.03it/s]
 83%|████████▎ | 578/693 [01:42<00:20,  5.54it/s]
 84%|████████▎ | 579/693 [01:42<00:18,  6.06it/s]
 84%|████████▎ | 580/693 [01:42<00:17,  6.37it/s]
 84%|████████▍ | 581/693 [01:42<00:17,  6.32it/s]
 84%|████████▍ | 582/693 [01:42<00:16,  6.55it/s]
 84%|████████▍ | 583/693 [01:42<00:15,  6.89it/s]
 84%|████████▍ | 584/693 [01:42<00:16,  6.80it/s]
 84%|████████▍ | 585/693 [01:43<00:15,  7.06it/s]
 85%|████████▍ | 586/693 [01:43<00:14,  7.15it/s]
 85%|████████▍ | 587/693 [01:43<00:14,  7.29it/s]
 85%|████████▍ | 588/693 [01:43<00:14,  7.30it/s]
 85%|████████▍ | 589/693 [01:43<00:14,  7.18it/s]
 85%|████████▌ | 590/693 [01:43<00:14,  7.26it/s]
 85%|████████▌ | 591/693 [01:43<00:13,  7.44it/s]
 85%|████████▌ | 592/693 [01:44<00:16,  5.98it/s]
 86%|████████▌ | 593/693 [01:44<00:15,  6.49it/s]
 86%|████████▌ | 594/693 [01:44<00:14,  6.73it/s]
 86%|████████▌ | 595/693 [01:44<00:13,  7.03it/s]
 86%|████████▌ | 596/693 [01:44<00:17,  5.41it/s]
 86%|████████▌ | 597/693 [01:44<00:15,  6.02it/s]
 86%|████████▋ | 598/693 [01:44<00:14,  6.37it/s]
 86%|████████▋ | 599/693 [01:45<00:13,  6.74it/s]
 87%|████████▋ | 600/693 [01:46<00:41,  2.25it/s]
 87%|████████▋ | 601/693 [01:46<00:32,  2.87it/s]
 87%|████████▋ | 602/693 [01:46<00:25,  3.55it/s]
 87%|████████▋ | 603/693 [01:46<00:20,  4.33it/s]
 87%|████████▋ | 604/693 [01:46<00:17,  4.99it/s]
 87%|████████▋ | 605/693 [01:46<00:15,  5.68it/s]
 87%|████████▋ | 606/693 [01:46<00:14,  6.17it/s]
 88%|████████▊ | 607/693 [01:47<00:12,  6.72it/s]
 88%|████████▊ | 608/693 [01:47<00:18,  4.63it/s]
 88%|████████▊ | 609/693 [01:47<00:15,  5.34it/s]
 88%|████████▊ | 610/693 [01:47<00:14,  5.88it/s]
 88%|████████▊ | 611/693 [01:47<00:12,  6.46it/s]
 88%|████████▊ | 612/693 [01:47<00:11,  6.80it/s]
 88%|████████▊ | 613/693 [01:48<00:11,  7.18it/s]
 89%|████████▊ | 614/693 [01:48<00:10,  7.37it/s]
 89%|████████▊ | 615/693 [01:48<00:10,  7.65it/s]
 89%|████████▉ | 616/693 [01:48<00:13,  5.87it/s]
 89%|████████▉ | 617/693 [01:48<00:11,  6.43it/s]
 89%|████████▉ | 618/693 [01:48<00:10,  6.83it/s]
 89%|████████▉ | 619/693 [01:48<00:10,  7.23it/s]
 89%|████████▉ | 620/693 [01:49<00:09,  7.42it/s]
 90%|████████▉ | 621/693 [01:49<00:09,  7.59it/s]
 90%|████████▉ | 622/693 [01:49<00:09,  7.61it/s]
 90%|████████▉ | 623/693 [01:49<00:08,  7.80it/s]
 90%|█████████ | 624/693 [01:50<00:16,  4.07it/s]
 90%|█████████ | 625/693 [01:50<00:14,  4.83it/s]
 90%|█████████ | 626/693 [01:50<00:12,  5.47it/s]
 90%|█████████ | 627/693 [01:50<00:10,  6.10it/s]
 91%|█████████ | 628/693 [01:50<00:09,  6.50it/s]
 91%|█████████ | 629/693 [01:50<00:09,  6.75it/s]
 91%|█████████ | 630/693 [01:50<00:09,  6.88it/s]
 91%|█████████ | 631/693 [01:50<00:08,  7.15it/s]
 91%|█████████ | 632/693 [01:51<00:15,  4.00it/s]
 91%|█████████▏| 633/693 [01:51<00:12,  4.69it/s]
 91%|█████████▏| 634/693 [01:51<00:11,  5.20it/s]
 92%|█████████▏| 635/693 [01:51<00:10,  5.68it/s]
 92%|█████████▏| 636/693 [01:51<00:09,  6.10it/s]
 92%|█████████▏| 637/693 [01:52<00:08,  6.53it/s]
 92%|█████████▏| 638/693 [01:52<00:08,  6.75it/s]
 92%|█████████▏| 639/693 [01:52<00:07,  7.02it/s]
 92%|█████████▏| 640/693 [01:52<00:07,  6.80it/s]
 92%|█████████▏| 641/693 [01:52<00:07,  6.99it/s]
 93%|█████████▎| 642/693 [01:52<00:07,  7.09it/s]
 93%|█████████▎| 643/693 [01:52<00:06,  7.30it/s]
 93%|█████████▎| 644/693 [01:53<00:06,  7.35it/s]
 93%|█████████▎| 645/693 [01:53<00:06,  7.50it/s]
 93%|█████████▎| 646/693 [01:53<00:06,  7.45it/s]
 93%|█████████▎| 647/693 [01:53<00:06,  7.43it/s]
 94%|█████████▎| 648/693 [01:53<00:06,  6.89it/s]
 94%|█████████▎| 649/693 [01:53<00:06,  7.10it/s]
 94%|█████████▍| 650/693 [01:53<00:06,  7.16it/s]
 94%|█████████▍| 651/693 [01:53<00:05,  7.34it/s]
 94%|█████████▍| 652/693 [01:54<00:05,  7.25it/s]
 94%|█████████▍| 653/693 [01:54<00:05,  7.42it/s]
 94%|█████████▍| 654/693 [01:54<00:05,  7.40it/s]
 95%|█████████▍| 655/693 [01:54<00:05,  7.55it/s]
 95%|█████████▍| 656/693 [01:54<00:04,  7.45it/s]
 95%|█████████▍| 657/693 [01:54<00:04,  7.43it/s]
 95%|█████████▍| 658/693 [01:54<00:04,  7.41it/s]
 95%|█████████▌| 659/693 [01:55<00:04,  7.54it/s]
 95%|█████████▌| 660/693 [01:55<00:04,  7.40it/s]
 95%|█████████▌| 661/693 [01:55<00:04,  7.55it/s]
 96%|█████████▌| 662/693 [01:55<00:04,  7.23it/s]
 96%|█████████▌| 663/693 [01:55<00:04,  7.28it/s]
 96%|█████████▌| 664/693 [01:55<00:03,  7.34it/s]
 96%|█████████▌| 665/693 [01:55<00:03,  7.52it/s]
 96%|█████████▌| 666/693 [01:56<00:03,  7.46it/s]
 96%|█████████▌| 667/693 [01:56<00:03,  7.78it/s]
 96%|█████████▋| 668/693 [01:56<00:03,  7.82it/s]
 97%|█████████▋| 669/693 [01:56<00:03,  7.99it/s]
 97%|█████████▋| 670/693 [01:57<00:06,  3.45it/s]
 97%|█████████▋| 671/693 [01:57<00:08,  2.69it/s]
 97%|█████████▋| 672/693 [01:57<00:06,  3.38it/s]
 97%|█████████▋| 673/693 [01:57<00:04,  4.14it/s]
 97%|█████████▋| 674/693 [01:57<00:03,  4.91it/s]
 97%|█████████▋| 675/693 [01:58<00:03,  5.67it/s]
 98%|█████████▊| 676/693 [01:58<00:02,  6.35it/s]
 98%|█████████▊| 677/693 [01:58<00:02,  6.99it/s]
 98%|█████████▊| 678/693 [01:58<00:02,  7.33it/s]
 98%|█████████▊| 679/693 [01:58<00:02,  5.17it/s]
 98%|█████████▊| 680/693 [01:58<00:02,  5.81it/s]
 98%|█████████▊| 681/693 [01:58<00:01,  6.57it/s]
 98%|█████████▊| 682/693 [01:59<00:01,  7.07it/s]
 99%|█████████▊| 683/693 [01:59<00:01,  7.53it/s]
 99%|█████████▊| 684/693 [01:59<00:01,  7.84it/s]
 99%|█████████▉| 685/693 [01:59<00:00,  8.16it/s]
 99%|█████████▉| 686/693 [01:59<00:00,  8.28it/s]
 99%|█████████▉| 687/693 [02:00<00:01,  4.43it/s]
 99%|█████████▉| 688/693 [02:00<00:00,  5.13it/s]
 99%|█████████▉| 689/693 [02:00<00:00,  5.85it/s]
100%|█████████▉| 690/693 [02:00<00:00,  6.36it/s]
100%|█████████▉| 691/693 [02:00<00:00,  6.88it/s]
100%|█████████▉| 692/693 [02:00<00:00,  7.24it/s]
100%|██████████| 693/693 [02:00<00:00,  7.29it/s]
100%|██████████| 693/693 [02:00<00:00,  5.73it/s]
Training loss: 1.5049566719439122, KL loss: 0.8189696429181753, Sim loss: 0.00032254383941410095, Exo CLS loss: 0.7777588086210804, 
Noun sim loss: 0.11947869863172975, Part sim loss: 0.19737358225716484, Proto loss: 1.2480106153357424, Conc loss: 0.14102881693134747
learning rate:5e-05


  0%|          | 0/168 [00:00<?, ?it/s]
  1%|          | 1/168 [00:00<01:49,  1.53it/s]
  3%|▎         | 5/168 [00:00<00:22,  7.22it/s]
  4%|▍         | 7/168 [00:00<00:17,  9.13it/s]
  5%|▌         | 9/168 [00:01<00:19,  8.08it/s]
  7%|▋         | 12/168 [00:01<00:13, 11.68it/s]
 10%|▉         | 16/168 [00:01<00:08, 17.04it/s]
 11%|█▏        | 19/168 [00:02<00:16,  8.98it/s]
 14%|█▎        | 23/168 [00:02<00:11, 12.75it/s]
 15%|█▌        | 26/168 [00:02<00:14, 10.14it/s]
 18%|█▊        | 31/168 [00:02<00:09, 14.65it/s]
 21%|██        | 35/168 [00:02<00:07, 18.12it/s]
 24%|██▍       | 40/168 [00:03<00:05, 22.68it/s]
 26%|██▌       | 44/168 [00:03<00:04, 25.07it/s]
 29%|██▊       | 48/168 [00:03<00:04, 27.51it/s]
 31%|███       | 52/168 [00:03<00:03, 29.40it/s]
 33%|███▎      | 56/168 [00:03<00:03, 30.78it/s]
 36%|███▌      | 60/168 [00:03<00:05, 21.40it/s]
 38%|███▊      | 64/168 [00:03<00:04, 24.81it/s]
 40%|████      | 68/168 [00:04<00:04, 20.20it/s]
 43%|████▎     | 72/168 [00:04<00:04, 23.65it/s]
 45%|████▌     | 76/168 [00:04<00:03, 25.70it/s]
 48%|████▊     | 80/168 [00:04<00:03, 28.61it/s]
 50%|█████     | 84/168 [00:04<00:03, 21.56it/s]
 52%|█████▏    | 88/168 [00:04<00:03, 24.96it/s]
 55%|█████▍    | 92/168 [00:05<00:03, 19.31it/s]
 57%|█████▋    | 95/168 [00:05<00:04, 17.57it/s]
 60%|█████▉    | 100/168 [00:05<00:03, 22.21it/s]
 62%|██████▏   | 104/168 [00:05<00:02, 25.48it/s]
 64%|██████▍   | 108/168 [00:05<00:02, 28.33it/s]
 67%|██████▋   | 112/168 [00:05<00:01, 30.05it/s]
 69%|██████▉   | 116/168 [00:06<00:01, 31.82it/s]
 71%|███████▏  | 120/168 [00:06<00:01, 32.73it/s]
 74%|███████▍  | 124/168 [00:06<00:01, 33.10it/s]
 76%|███████▌  | 128/168 [00:06<00:01, 33.57it/s]
 79%|███████▊  | 132/168 [00:06<00:01, 33.95it/s]
 81%|████████  | 136/168 [00:06<00:00, 32.90it/s]
 83%|████████▎ | 140/168 [00:06<00:00, 31.90it/s]
 86%|████████▌ | 144/168 [00:06<00:00, 33.52it/s]
 88%|████████▊ | 148/168 [00:06<00:00, 32.95it/s]
 90%|█████████ | 152/168 [00:07<00:00, 32.04it/s]
 93%|█████████▎| 157/168 [00:07<00:00, 34.53it/s]
 96%|█████████▌| 161/168 [00:07<00:00, 16.49it/s]
 99%|█████████▉| 166/168 [00:07<00:00, 20.91it/s]
100%|██████████| 168/168 [00:08<00:00, 20.88it/s]
Result on AGD: 
KLD=0.9152721762657166, SIM=0.4883766770362854, NSS=1.5291556119918823
noun sim: 0.11502221634700185, part sim: 0.17139532199750343
New best KLD: 0.9152721762657166, 0.4883766770362854, 1.5291556119918823
============Training Epoch 4============

  0%|          | 0/693 [00:00<?, ?it/s]/home/wyn/.conda/envs/clip-env/lib/python3.10/site-packages/torch/_tensor.py:1002: UserWarning: non-inplace resize is deprecated
  warnings.warn("non-inplace resize is deprecated")
/home/wyn/.conda/envs/clip-env/lib/python3.10/site-packages/torch/_tensor.py:1002: UserWarning: non-inplace resize is deprecated
  warnings.warn("non-inplace resize is deprecated")
/home/wyn/.conda/envs/clip-env/lib/python3.10/site-packages/torch/_tensor.py:1002: UserWarning: non-inplace resize is deprecated
  warnings.warn("non-inplace resize is deprecated")
/home/wyn/.conda/envs/clip-env/lib/python3.10/site-packages/torch/_tensor.py:1002: UserWarning: non-inplace resize is deprecated
  warnings.warn("non-inplace resize is deprecated")
/home/wyn/.conda/envs/clip-env/lib/python3.10/site-packages/torch/_tensor.py:1002: UserWarning: non-inplace resize is deprecated
  warnings.warn("non-inplace resize is deprecated")
/home/wyn/.conda/envs/clip-env/lib/python3.10/site-packages/torch/_tensor.py:1002: UserWarning: non-inplace resize is deprecated
  warnings.warn("non-inplace resize is deprecated")
/home/wyn/.conda/envs/clip-env/lib/python3.10/site-packages/torch/_tensor.py:1002: UserWarning: non-inplace resize is deprecated
  warnings.warn("non-inplace resize is deprecated")
/home/wyn/.conda/envs/clip-env/lib/python3.10/site-packages/torch/_tensor.py:1002: UserWarning: non-inplace resize is deprecated
  warnings.warn("non-inplace resize is deprecated")

  0%|          | 1/693 [00:01<17:40,  1.53s/it]
  0%|          | 2/693 [00:02<14:01,  1.22s/it]
  0%|          | 3/693 [00:02<08:15,  1.39it/s]
  1%|          | 4/693 [00:02<05:37,  2.04it/s]
  1%|          | 5/693 [00:02<04:07,  2.78it/s]
  1%|          | 6/693 [00:03<03:15,  3.51it/s]
  1%|          | 7/693 [00:03<02:40,  4.28it/s]
  1%|          | 8/693 [00:03<02:19,  4.92it/s]
  1%|▏         | 9/693 [00:03<02:02,  5.59it/s]
  1%|▏         | 10/693 [00:03<03:08,  3.62it/s]
  2%|▏         | 11/693 [00:04<02:35,  4.39it/s]
  2%|▏         | 12/693 [00:04<02:14,  5.08it/s]
  2%|▏         | 13/693 [00:04<02:04,  5.47it/s]
  2%|▏         | 14/693 [00:04<01:49,  6.19it/s]
  2%|▏         | 15/693 [00:04<01:41,  6.71it/s]
  2%|▏         | 16/693 [00:04<01:39,  6.80it/s]
  2%|▏         | 17/693 [00:04<01:35,  7.09it/s]
  3%|▎         | 18/693 [00:05<02:18,  4.88it/s]
  3%|▎         | 19/693 [00:05<02:01,  5.54it/s]
  3%|▎         | 20/693 [00:05<01:52,  5.96it/s]
  3%|▎         | 21/693 [00:05<01:44,  6.43it/s]
  3%|▎         | 22/693 [00:05<01:40,  6.66it/s]
  3%|▎         | 23/693 [00:05<01:36,  6.96it/s]
  3%|▎         | 24/693 [00:05<01:35,  7.04it/s]
  4%|▎         | 25/693 [00:06<01:31,  7.27it/s]
  4%|▍         | 26/693 [00:07<04:57,  2.24it/s]
  4%|▍         | 27/693 [00:07<03:58,  2.79it/s]
  4%|▍         | 28/693 [00:07<03:13,  3.44it/s]
  4%|▍         | 29/693 [00:07<02:41,  4.11it/s]
  4%|▍         | 30/693 [00:07<02:20,  4.73it/s]
  4%|▍         | 31/693 [00:07<02:03,  5.34it/s]
  5%|▍         | 32/693 [00:08<01:54,  5.77it/s]
  5%|▍         | 33/693 [00:08<01:45,  6.26it/s]
  5%|▍         | 34/693 [00:08<01:43,  6.35it/s]
  5%|▌         | 35/693 [00:08<01:38,  6.70it/s]
  5%|▌         | 36/693 [00:08<01:35,  6.87it/s]
  5%|▌         | 37/693 [00:08<01:33,  7.05it/s]
  5%|▌         | 38/693 [00:08<01:32,  7.10it/s]
  6%|▌         | 39/693 [00:09<01:29,  7.33it/s]
  6%|▌         | 40/693 [00:09<01:29,  7.27it/s]
  6%|▌         | 41/693 [00:09<01:28,  7.40it/s]
  6%|▌         | 42/693 [00:09<01:38,  6.61it/s]
  6%|▌         | 43/693 [00:09<01:33,  6.95it/s]
  6%|▋         | 44/693 [00:09<01:32,  7.04it/s]
  6%|▋         | 45/693 [00:09<01:29,  7.24it/s]
  7%|▋         | 46/693 [00:10<01:29,  7.25it/s]
  7%|▋         | 47/693 [00:10<01:26,  7.45it/s]
  7%|▋         | 48/693 [00:10<01:26,  7.43it/s]
  7%|▋         | 49/693 [00:10<01:25,  7.51it/s]
  7%|▋         | 50/693 [00:10<01:34,  6.82it/s]
  7%|▋         | 51/693 [00:10<01:30,  7.11it/s]
  8%|▊         | 52/693 [00:10<01:29,  7.18it/s]
  8%|▊         | 53/693 [00:11<01:26,  7.41it/s]
  8%|▊         | 54/693 [00:11<01:26,  7.35it/s]
  8%|▊         | 55/693 [00:11<01:25,  7.50it/s]
  8%|▊         | 56/693 [00:11<01:28,  7.20it/s]
  8%|▊         | 57/693 [00:11<01:27,  7.29it/s]
  8%|▊         | 58/693 [00:11<01:29,  7.09it/s]
  9%|▊         | 59/693 [00:11<01:32,  6.86it/s]
  9%|▊         | 60/693 [00:12<01:32,  6.84it/s]
  9%|▉         | 61/693 [00:12<01:29,  7.03it/s]
  9%|▉         | 62/693 [00:12<01:28,  7.10it/s]
  9%|▉         | 63/693 [00:12<01:24,  7.44it/s]
  9%|▉         | 64/693 [00:12<01:24,  7.48it/s]
  9%|▉         | 65/693 [00:12<01:26,  7.30it/s]
 10%|▉         | 66/693 [00:12<01:24,  7.42it/s]
 10%|▉         | 67/693 [00:12<01:21,  7.69it/s]
 10%|▉         | 68/693 [00:13<01:22,  7.56it/s]
 10%|▉         | 69/693 [00:13<01:21,  7.68it/s]
 10%|█         | 70/693 [00:13<01:20,  7.69it/s]
 10%|█         | 71/693 [00:13<01:19,  7.84it/s]
 10%|█         | 72/693 [00:13<01:19,  7.85it/s]
 11%|█         | 73/693 [00:14<04:02,  2.55it/s]
 11%|█         | 74/693 [00:14<03:12,  3.22it/s]
 11%|█         | 75/693 [00:14<02:34,  4.00it/s]
 11%|█         | 76/693 [00:14<02:09,  4.75it/s]
 11%|█         | 77/693 [00:15<01:50,  5.55it/s]
 11%|█▏        | 78/693 [00:15<01:44,  5.88it/s]
 11%|█▏        | 79/693 [00:15<01:35,  6.44it/s]
 12%|█▏        | 80/693 [00:15<01:32,  6.63it/s]
 12%|█▏        | 81/693 [00:15<02:11,  4.66it/s]
 12%|█▏        | 82/693 [00:15<01:54,  5.33it/s]
 12%|█▏        | 83/693 [00:16<01:42,  5.95it/s]
 12%|█▏        | 84/693 [00:16<01:36,  6.34it/s]
 12%|█▏        | 85/693 [00:16<01:28,  6.84it/s]
 12%|█▏        | 86/693 [00:16<01:24,  7.20it/s]
 13%|█▎        | 87/693 [00:16<01:21,  7.40it/s]
 13%|█▎        | 88/693 [00:16<01:21,  7.41it/s]
 13%|█▎        | 89/693 [00:17<04:04,  2.47it/s]
 13%|█▎        | 90/693 [00:17<03:14,  3.09it/s]
 13%|█▎        | 91/693 [00:17<02:38,  3.79it/s]
 13%|█▎        | 92/693 [00:18<02:16,  4.41it/s]
 13%|█▎        | 93/693 [00:18<01:58,  5.08it/s]
 14%|█▎        | 94/693 [00:18<01:48,  5.54it/s]
 14%|█▎        | 95/693 [00:18<01:38,  6.08it/s]
 14%|█▍        | 96/693 [00:18<01:32,  6.43it/s]
 14%|█▍        | 97/693 [00:19<04:27,  2.23it/s]
 14%|█▍        | 98/693 [00:19<03:28,  2.85it/s]
 14%|█▍        | 99/693 [00:20<02:46,  3.56it/s]
 14%|█▍        | 100/693 [00:20<02:19,  4.25it/s]
 15%|█▍        | 101/693 [00:20<01:58,  4.98it/s]
 15%|█▍        | 102/693 [00:20<01:47,  5.52it/s]
 15%|█▍        | 103/693 [00:20<01:35,  6.20it/s]
 15%|█▌        | 104/693 [00:20<01:29,  6.55it/s]
 15%|█▌        | 105/693 [00:20<02:04,  4.74it/s]
 15%|█▌        | 106/693 [00:21<01:48,  5.41it/s]
 15%|█▌        | 107/693 [00:21<01:36,  6.06it/s]
 16%|█▌        | 108/693 [00:21<01:30,  6.49it/s]
 16%|█▌        | 109/693 [00:21<01:24,  6.93it/s]
 16%|█▌        | 110/693 [00:21<01:21,  7.14it/s]
 16%|█▌        | 111/693 [00:21<01:17,  7.47it/s]
 16%|█▌        | 112/693 [00:21<01:16,  7.57it/s]
 16%|█▋        | 113/693 [00:22<01:17,  7.47it/s]
 16%|█▋        | 114/693 [00:22<01:16,  7.59it/s]
 17%|█▋        | 115/693 [00:22<01:14,  7.81it/s]
 17%|█▋        | 116/693 [00:22<01:14,  7.75it/s]
 17%|█▋        | 117/693 [00:22<01:13,  7.86it/s]
 17%|█▋        | 118/693 [00:22<01:13,  7.80it/s]
 17%|█▋        | 119/693 [00:22<01:12,  7.97it/s]
 17%|█▋        | 120/693 [00:22<01:12,  7.93it/s]
 17%|█▋        | 121/693 [00:23<01:14,  7.68it/s]
 18%|█▊        | 122/693 [00:23<01:14,  7.62it/s]
 18%|█▊        | 123/693 [00:23<01:12,  7.88it/s]
 18%|█▊        | 124/693 [00:23<01:13,  7.76it/s]
 18%|█▊        | 125/693 [00:23<01:12,  7.88it/s]
 18%|█▊        | 126/693 [00:24<02:25,  3.90it/s]
 18%|█▊        | 127/693 [00:24<02:04,  4.56it/s]
 18%|█▊        | 128/693 [00:24<01:49,  5.16it/s]
 19%|█▊        | 129/693 [00:24<01:36,  5.84it/s]
 19%|█▉        | 130/693 [00:24<01:29,  6.30it/s]
 19%|█▉        | 131/693 [00:24<01:23,  6.76it/s]
 19%|█▉        | 132/693 [00:24<01:20,  6.99it/s]
 19%|█▉        | 133/693 [00:24<01:17,  7.25it/s]
 19%|█▉        | 134/693 [00:25<02:00,  4.63it/s]
 19%|█▉        | 135/693 [00:25<01:47,  5.21it/s]
 20%|█▉        | 136/693 [00:25<01:36,  5.80it/s]
 20%|█▉        | 137/693 [00:25<01:26,  6.43it/s]
 20%|█▉        | 138/693 [00:25<01:21,  6.80it/s]
 20%|██        | 139/693 [00:26<01:17,  7.19it/s]
 20%|██        | 140/693 [00:26<01:16,  7.24it/s]
 20%|██        | 141/693 [00:26<01:13,  7.49it/s]
 20%|██        | 142/693 [00:26<01:14,  7.38it/s]
 21%|██        | 143/693 [00:26<01:29,  6.13it/s]
 21%|██        | 144/693 [00:26<01:23,  6.57it/s]
 21%|██        | 145/693 [00:26<01:18,  7.01it/s]
 21%|██        | 146/693 [00:27<01:16,  7.19it/s]
 21%|██        | 147/693 [00:27<01:12,  7.55it/s]
 21%|██▏       | 148/693 [00:27<01:11,  7.58it/s]
 22%|██▏       | 149/693 [00:27<01:09,  7.80it/s]
 22%|██▏       | 150/693 [00:27<01:10,  7.69it/s]
 22%|██▏       | 151/693 [00:27<01:11,  7.58it/s]
 22%|██▏       | 152/693 [00:27<01:10,  7.64it/s]
 22%|██▏       | 153/693 [00:27<01:09,  7.80it/s]
 22%|██▏       | 154/693 [00:28<01:41,  5.32it/s]
 22%|██▏       | 155/693 [00:28<01:30,  5.95it/s]
 23%|██▎       | 156/693 [00:28<01:23,  6.43it/s]
 23%|██▎       | 157/693 [00:28<01:17,  6.93it/s]
 23%|██▎       | 158/693 [00:28<01:15,  7.12it/s]
 23%|██▎       | 159/693 [00:28<01:11,  7.47it/s]
 23%|██▎       | 160/693 [00:28<01:11,  7.46it/s]
 23%|██▎       | 161/693 [00:29<01:08,  7.74it/s]
 23%|██▎       | 162/693 [00:29<01:09,  7.69it/s]
 24%|██▎       | 163/693 [00:29<01:07,  7.90it/s]
 24%|██▎       | 164/693 [00:29<01:07,  7.78it/s]
 24%|██▍       | 165/693 [00:29<01:06,  7.89it/s]
 24%|██▍       | 166/693 [00:29<01:07,  7.77it/s]
 24%|██▍       | 167/693 [00:30<01:40,  5.22it/s]
 24%|██▍       | 168/693 [00:30<01:30,  5.79it/s]
 24%|██▍       | 169/693 [00:30<01:22,  6.32it/s]
 25%|██▍       | 170/693 [00:30<01:19,  6.59it/s]
 25%|██▍       | 171/693 [00:30<01:13,  7.07it/s]
 25%|██▍       | 172/693 [00:30<01:12,  7.16it/s]
 25%|██▍       | 173/693 [00:30<01:10,  7.37it/s]
 25%|██▌       | 174/693 [00:30<01:09,  7.42it/s]
 25%|██▌       | 175/693 [00:31<01:11,  7.23it/s]
 25%|██▌       | 176/693 [00:31<01:11,  7.25it/s]
 26%|██▌       | 177/693 [00:31<01:08,  7.48it/s]
 26%|██▌       | 178/693 [00:31<01:08,  7.53it/s]
 26%|██▌       | 179/693 [00:31<01:09,  7.35it/s]
 26%|██▌       | 180/693 [00:31<01:08,  7.48it/s]
 26%|██▌       | 181/693 [00:31<01:06,  7.68it/s]
 26%|██▋       | 182/693 [00:32<01:08,  7.48it/s]
 26%|██▋       | 183/693 [00:34<06:51,  1.24it/s]
 27%|██▋       | 184/693 [00:34<05:07,  1.66it/s]
 27%|██▋       | 185/693 [00:34<03:53,  2.18it/s]
 27%|██▋       | 186/693 [00:34<03:02,  2.78it/s]
 27%|██▋       | 187/693 [00:34<02:25,  3.48it/s]
 27%|██▋       | 188/693 [00:35<02:01,  4.15it/s]
 27%|██▋       | 189/693 [00:35<01:43,  4.86it/s]
 27%|██▋       | 190/693 [00:35<01:32,  5.44it/s]
 28%|██▊       | 191/693 [00:36<03:08,  2.66it/s]
 28%|██▊       | 192/693 [00:36<02:31,  3.31it/s]
 28%|██▊       | 193/693 [00:36<02:03,  4.05it/s]
 28%|██▊       | 194/693 [00:36<01:45,  4.74it/s]
 28%|██▊       | 195/693 [00:36<01:31,  5.43it/s]
 28%|██▊       | 196/693 [00:36<01:23,  5.96it/s]
 28%|██▊       | 197/693 [00:36<01:15,  6.55it/s]
 29%|██▊       | 198/693 [00:37<01:11,  6.89it/s]
 29%|██▊       | 199/693 [00:38<03:25,  2.40it/s]
 29%|██▉       | 200/693 [00:38<02:42,  3.03it/s]
 29%|██▉       | 201/693 [00:38<02:11,  3.75it/s]
 29%|██▉       | 202/693 [00:38<01:50,  4.44it/s]
 29%|██▉       | 203/693 [00:38<01:34,  5.17it/s]
 29%|██▉       | 204/693 [00:38<01:25,  5.71it/s]
 30%|██▉       | 205/693 [00:38<01:17,  6.28it/s]
 30%|██▉       | 206/693 [00:38<01:12,  6.67it/s]
 30%|██▉       | 207/693 [00:39<01:11,  6.84it/s]
 30%|███       | 208/693 [00:39<01:09,  7.03it/s]
 30%|███       | 209/693 [00:39<01:05,  7.36it/s]
 30%|███       | 210/693 [00:39<01:04,  7.45it/s]
 30%|███       | 211/693 [00:39<01:03,  7.64it/s]
 31%|███       | 212/693 [00:39<01:03,  7.63it/s]
 31%|███       | 213/693 [00:39<01:01,  7.82it/s]
 31%|███       | 214/693 [00:39<01:01,  7.73it/s]
 31%|███       | 215/693 [00:40<01:01,  7.73it/s]
 31%|███       | 216/693 [00:40<01:02,  7.68it/s]
 31%|███▏      | 217/693 [00:40<01:01,  7.79it/s]
 31%|███▏      | 218/693 [00:40<01:01,  7.78it/s]
 32%|███▏      | 219/693 [00:40<01:00,  7.88it/s]
 32%|███▏      | 220/693 [00:40<01:01,  7.73it/s]
 32%|███▏      | 221/693 [00:40<01:00,  7.85it/s]
 32%|███▏      | 222/693 [00:41<01:01,  7.72it/s]
 32%|███▏      | 223/693 [00:41<01:02,  7.52it/s]
 32%|███▏      | 224/693 [00:41<01:01,  7.58it/s]
 32%|███▏      | 225/693 [00:41<01:22,  5.64it/s]
 33%|███▎      | 226/693 [00:41<01:17,  6.02it/s]
 33%|███▎      | 227/693 [00:41<01:11,  6.54it/s]
 33%|███▎      | 228/693 [00:41<01:07,  6.84it/s]
 33%|███▎      | 229/693 [00:42<01:04,  7.17it/s]
 33%|███▎      | 230/693 [00:42<01:04,  7.13it/s]
 33%|███▎      | 231/693 [00:42<01:01,  7.55it/s]
 33%|███▎      | 232/693 [00:42<01:06,  6.93it/s]
 34%|███▎      | 233/693 [00:42<01:02,  7.31it/s]
 34%|███▍      | 234/693 [00:42<01:01,  7.42it/s]
 34%|███▍      | 235/693 [00:42<00:59,  7.69it/s]
 34%|███▍      | 236/693 [00:42<00:59,  7.66it/s]
 34%|███▍      | 237/693 [00:43<00:58,  7.86it/s]
 34%|███▍      | 238/693 [00:43<00:58,  7.80it/s]
 34%|███▍      | 239/693 [00:43<00:57,  7.91it/s]
 35%|███▍      | 240/693 [00:43<00:58,  7.79it/s]
 35%|███▍      | 241/693 [00:44<02:12,  3.42it/s]
 35%|███▍      | 242/693 [00:44<01:50,  4.09it/s]
 35%|███▌      | 243/693 [00:44<01:50,  4.09it/s]
 35%|███▌      | 244/693 [00:44<01:35,  4.70it/s]
 35%|███▌      | 245/693 [00:44<01:22,  5.41it/s]
 35%|███▌      | 246/693 [00:44<01:15,  5.92it/s]
 36%|███▌      | 247/693 [00:45<01:09,  6.46it/s]
 36%|███▌      | 248/693 [00:45<01:05,  6.78it/s]
 36%|███▌      | 249/693 [00:45<01:27,  5.06it/s]
 36%|███▌      | 250/693 [00:45<01:18,  5.61it/s]
 36%|███▌      | 251/693 [00:45<01:13,  6.03it/s]
 36%|███▋      | 252/693 [00:45<01:08,  6.41it/s]
 37%|███▋      | 253/693 [00:46<01:03,  6.89it/s]
 37%|███▋      | 254/693 [00:46<01:02,  7.05it/s]
 37%|███▋      | 255/693 [00:46<00:58,  7.42it/s]
 37%|███▋      | 256/693 [00:46<00:58,  7.51it/s]
 37%|███▋      | 257/693 [00:46<01:01,  7.04it/s]
 37%|███▋      | 258/693 [00:46<01:01,  7.12it/s]
 37%|███▋      | 259/693 [00:47<01:30,  4.81it/s]
 38%|███▊      | 260/693 [00:47<01:20,  5.37it/s]
 38%|███▊      | 261/693 [00:47<01:12,  5.99it/s]
 38%|███▊      | 262/693 [00:47<01:08,  6.31it/s]
 38%|███▊      | 263/693 [00:47<01:03,  6.81it/s]
 38%|███▊      | 264/693 [00:47<01:01,  7.02it/s]
 38%|███▊      | 265/693 [00:47<00:59,  7.16it/s]
 38%|███▊      | 266/693 [00:47<00:58,  7.27it/s]
 39%|███▊      | 267/693 [00:48<01:04,  6.57it/s]
 39%|███▊      | 268/693 [00:48<01:02,  6.81it/s]
 39%|███▉      | 269/693 [00:48<00:58,  7.22it/s]
 39%|███▉      | 270/693 [00:48<00:57,  7.32it/s]
 39%|███▉      | 271/693 [00:48<00:55,  7.61it/s]
 39%|███▉      | 272/693 [00:48<00:55,  7.55it/s]
 39%|███▉      | 273/693 [00:48<00:54,  7.74it/s]
 40%|███▉      | 274/693 [00:49<00:54,  7.74it/s]
 40%|███▉      | 275/693 [00:49<02:26,  2.85it/s]
 40%|███▉      | 276/693 [00:50<01:59,  3.50it/s]
 40%|███▉      | 277/693 [00:50<01:38,  4.23it/s]
 40%|████      | 278/693 [00:50<01:25,  4.85it/s]
 40%|████      | 279/693 [00:50<01:14,  5.56it/s]
 40%|████      | 280/693 [00:50<01:09,  5.91it/s]
 41%|████      | 281/693 [00:50<01:03,  6.46it/s]
 41%|████      | 282/693 [00:50<01:00,  6.75it/s]
 41%|████      | 283/693 [00:51<02:04,  3.29it/s]
 41%|████      | 284/693 [00:51<01:42,  3.98it/s]
 41%|████      | 285/693 [00:51<01:26,  4.71it/s]
 41%|████▏     | 286/693 [00:51<01:17,  5.26it/s]
 41%|████▏     | 287/693 [00:52<01:08,  5.93it/s]
 42%|████▏     | 288/693 [00:52<01:03,  6.34it/s]
 42%|████▏     | 289/693 [00:52<00:59,  6.81it/s]
 42%|████▏     | 290/693 [00:52<00:57,  7.02it/s]
 42%|████▏     | 291/693 [00:52<00:56,  7.09it/s]
 42%|████▏     | 292/693 [00:52<00:55,  7.18it/s]
 42%|████▏     | 293/693 [00:52<00:52,  7.57it/s]
 42%|████▏     | 294/693 [00:52<00:52,  7.58it/s]
 43%|████▎     | 295/693 [00:53<00:51,  7.72it/s]
 43%|████▎     | 296/693 [00:53<00:51,  7.72it/s]
 43%|████▎     | 297/693 [00:53<00:50,  7.84it/s]
 43%|████▎     | 298/693 [00:53<00:52,  7.58it/s]
 43%|████▎     | 299/693 [00:53<00:52,  7.55it/s]
 43%|████▎     | 300/693 [00:53<00:51,  7.62it/s]
 43%|████▎     | 301/693 [00:53<00:50,  7.81it/s]
 44%|████▎     | 302/693 [00:53<00:50,  7.72it/s]
 44%|████▎     | 303/693 [00:54<00:50,  7.80it/s]
 44%|████▍     | 304/693 [00:54<00:50,  7.71it/s]
 44%|████▍     | 305/693 [00:54<00:49,  7.86it/s]
 44%|████▍     | 306/693 [00:54<01:47,  3.58it/s]
 44%|████▍     | 307/693 [00:55<01:29,  4.32it/s]
 44%|████▍     | 308/693 [00:55<01:17,  4.96it/s]
 45%|████▍     | 309/693 [00:55<01:07,  5.65it/s]
 45%|████▍     | 310/693 [00:55<01:02,  6.15it/s]
 45%|████▍     | 311/693 [00:55<00:57,  6.63it/s]
 45%|████▌     | 312/693 [00:55<00:55,  6.88it/s]
 45%|████▌     | 313/693 [00:55<00:52,  7.24it/s]
 45%|████▌     | 314/693 [00:56<02:03,  3.07it/s]
 45%|████▌     | 315/693 [00:56<01:40,  3.78it/s]
 46%|████▌     | 316/693 [00:56<01:25,  4.43it/s]
 46%|████▌     | 317/693 [00:57<01:13,  5.09it/s]
 46%|████▌     | 318/693 [00:57<01:06,  5.66it/s]
 46%|████▌     | 319/693 [00:57<01:00,  6.22it/s]
 46%|████▌     | 320/693 [00:57<00:57,  6.48it/s]
 46%|████▋     | 321/693 [00:57<00:53,  6.91it/s]
 46%|████▋     | 322/693 [00:57<00:55,  6.72it/s]
 47%|████▋     | 323/693 [00:57<00:52,  7.11it/s]
 47%|████▋     | 324/693 [00:57<00:50,  7.24it/s]
 47%|████▋     | 325/693 [00:58<00:49,  7.50it/s]
 47%|████▋     | 326/693 [00:58<00:49,  7.46it/s]
 47%|████▋     | 327/693 [00:58<00:48,  7.61it/s]
 47%|████▋     | 328/693 [00:58<00:48,  7.45it/s]
 47%|████▋     | 329/693 [00:58<00:47,  7.66it/s]
 48%|████▊     | 330/693 [00:58<00:48,  7.51it/s]
 48%|████▊     | 331/693 [00:58<00:47,  7.67it/s]
 48%|████▊     | 332/693 [00:58<00:47,  7.58it/s]
 48%|████▊     | 333/693 [00:59<00:46,  7.69it/s]
 48%|████▊     | 334/693 [00:59<00:48,  7.39it/s]
 48%|████▊     | 335/693 [00:59<00:47,  7.61it/s]
 48%|████▊     | 336/693 [00:59<00:47,  7.44it/s]
 49%|████▊     | 337/693 [00:59<01:04,  5.54it/s]
 49%|████▉     | 338/693 [00:59<00:58,  6.05it/s]
 49%|████▉     | 339/693 [01:00<00:53,  6.62it/s]
 49%|████▉     | 340/693 [01:00<00:51,  6.91it/s]
 49%|████▉     | 341/693 [01:00<00:48,  7.28it/s]
 49%|████▉     | 342/693 [01:00<00:47,  7.37it/s]
 49%|████▉     | 343/693 [01:00<00:59,  5.90it/s]
 50%|████▉     | 344/693 [01:00<00:55,  6.31it/s]
 50%|████▉     | 345/693 [01:01<01:14,  4.70it/s]
 50%|████▉     | 346/693 [01:01<01:06,  5.23it/s]
 50%|█████     | 347/693 [01:01<00:58,  5.87it/s]
 50%|█████     | 348/693 [01:01<00:55,  6.26it/s]
 50%|█████     | 349/693 [01:01<00:51,  6.69it/s]
 51%|█████     | 350/693 [01:01<00:49,  6.86it/s]
 51%|█████     | 351/693 [01:01<00:47,  7.16it/s]
 51%|█████     | 352/693 [01:02<00:47,  7.19it/s]
 51%|█████     | 353/693 [01:02<00:45,  7.45it/s]
 51%|█████     | 354/693 [01:02<00:45,  7.45it/s]
 51%|█████     | 355/693 [01:02<00:44,  7.66it/s]
 51%|█████▏    | 356/693 [01:02<00:43,  7.72it/s]
 52%|█████▏    | 357/693 [01:02<00:43,  7.80it/s]
 52%|█████▏    | 358/693 [01:02<00:43,  7.67it/s]
 52%|█████▏    | 359/693 [01:02<00:42,  7.77it/s]
 52%|█████▏    | 360/693 [01:03<00:43,  7.74it/s]
 52%|█████▏    | 361/693 [01:03<01:02,  5.32it/s]
 52%|█████▏    | 362/693 [01:03<00:56,  5.83it/s]
 52%|█████▏    | 363/693 [01:03<00:51,  6.38it/s]
 53%|█████▎    | 364/693 [01:03<00:49,  6.62it/s]
 53%|█████▎    | 365/693 [01:03<00:46,  7.05it/s]
 53%|█████▎    | 366/693 [01:04<00:45,  7.12it/s]
 53%|█████▎    | 367/693 [01:04<00:44,  7.36it/s]
 53%|█████▎    | 368/693 [01:04<00:44,  7.28it/s]
 53%|█████▎    | 369/693 [01:04<00:44,  7.35it/s]
 53%|█████▎    | 370/693 [01:04<01:03,  5.07it/s]
 54%|█████▎    | 371/693 [01:04<00:56,  5.74it/s]
 54%|█████▎    | 372/693 [01:05<00:51,  6.23it/s]
 54%|█████▍    | 373/693 [01:05<00:47,  6.69it/s]
 54%|█████▍    | 374/693 [01:05<00:46,  6.87it/s]
 54%|█████▍    | 375/693 [01:05<00:44,  7.09it/s]
 54%|█████▍    | 376/693 [01:05<00:44,  7.20it/s]
 54%|█████▍    | 377/693 [01:05<00:42,  7.42it/s]
 55%|█████▍    | 378/693 [01:05<00:42,  7.48it/s]
 55%|█████▍    | 379/693 [01:05<00:40,  7.66it/s]
 55%|█████▍    | 380/693 [01:06<00:40,  7.64it/s]
 55%|█████▍    | 381/693 [01:06<00:39,  7.82it/s]
 55%|█████▌    | 382/693 [01:06<00:40,  7.65it/s]
 55%|█████▌    | 383/693 [01:06<00:39,  7.76it/s]
 55%|█████▌    | 384/693 [01:06<00:40,  7.69it/s]
 56%|█████▌    | 385/693 [01:06<00:40,  7.52it/s]
 56%|█████▌    | 386/693 [01:06<00:41,  7.35it/s]
 56%|█████▌    | 387/693 [01:07<00:39,  7.66it/s]
 56%|█████▌    | 388/693 [01:07<00:40,  7.62it/s]
 56%|█████▌    | 389/693 [01:07<00:38,  7.81it/s]
 56%|█████▋    | 390/693 [01:07<00:39,  7.66it/s]
 56%|█████▋    | 391/693 [01:07<00:40,  7.45it/s]
 57%|█████▋    | 392/693 [01:07<00:41,  7.24it/s]
 57%|█████▋    | 393/693 [01:08<01:49,  2.74it/s]
 57%|█████▋    | 394/693 [01:08<01:29,  3.35it/s]
 57%|█████▋    | 395/693 [01:08<01:14,  4.01it/s]
 57%|█████▋    | 396/693 [01:09<01:04,  4.60it/s]
 57%|█████▋    | 397/693 [01:09<00:56,  5.19it/s]
 57%|█████▋    | 398/693 [01:09<00:52,  5.60it/s]
 58%|█████▊    | 399/693 [01:09<00:48,  6.06it/s]
 58%|█████▊    | 400/693 [01:09<00:46,  6.30it/s]
 58%|█████▊    | 401/693 [01:09<00:46,  6.34it/s]
 58%|█████▊    | 402/693 [01:09<00:44,  6.48it/s]
 58%|█████▊    | 403/693 [01:10<00:43,  6.70it/s]
 58%|█████▊    | 404/693 [01:10<00:42,  6.78it/s]
 58%|█████▊    | 405/693 [01:10<00:41,  7.00it/s]
 59%|█████▊    | 406/693 [01:10<00:40,  7.17it/s]
 59%|█████▊    | 407/693 [01:10<00:38,  7.43it/s]
 59%|█████▉    | 408/693 [01:10<00:41,  6.92it/s]
 59%|█████▉    | 409/693 [01:10<00:38,  7.32it/s]
 59%|█████▉    | 410/693 [01:11<01:07,  4.21it/s]
 59%|█████▉    | 411/693 [01:11<00:57,  4.91it/s]
 59%|█████▉    | 412/693 [01:11<00:51,  5.51it/s]
 60%|█████▉    | 413/693 [01:11<00:45,  6.11it/s]
 60%|█████▉    | 414/693 [01:11<00:43,  6.44it/s]
 60%|█████▉    | 415/693 [01:11<00:40,  6.91it/s]
 60%|██████    | 416/693 [01:12<00:40,  6.83it/s]
 60%|██████    | 417/693 [01:12<00:38,  7.19it/s]
 60%|██████    | 418/693 [01:12<00:39,  6.88it/s]
 60%|██████    | 419/693 [01:12<00:37,  7.30it/s]
 61%|██████    | 420/693 [01:12<00:37,  7.30it/s]
 61%|██████    | 421/693 [01:12<00:36,  7.49it/s]
 61%|██████    | 422/693 [01:12<00:36,  7.50it/s]
 61%|██████    | 423/693 [01:12<00:34,  7.73it/s]
 61%|██████    | 424/693 [01:13<00:35,  7.53it/s]
 61%|██████▏   | 425/693 [01:13<00:34,  7.73it/s]
 61%|██████▏   | 426/693 [01:13<00:37,  7.11it/s]
 62%|██████▏   | 427/693 [01:13<00:36,  7.37it/s]
 62%|██████▏   | 428/693 [01:13<00:36,  7.36it/s]
 62%|██████▏   | 429/693 [01:13<00:35,  7.49it/s]
 62%|██████▏   | 430/693 [01:13<00:35,  7.40it/s]
 62%|██████▏   | 431/693 [01:14<00:34,  7.57it/s]
 62%|██████▏   | 432/693 [01:14<00:34,  7.52it/s]
 62%|██████▏   | 433/693 [01:14<00:34,  7.59it/s]
 63%|██████▎   | 434/693 [01:14<01:09,  3.75it/s]
 63%|██████▎   | 435/693 [01:15<00:58,  4.45it/s]
 63%|██████▎   | 436/693 [01:15<00:50,  5.08it/s]
 63%|██████▎   | 437/693 [01:15<00:44,  5.78it/s]
 63%|██████▎   | 438/693 [01:15<00:40,  6.29it/s]
 63%|██████▎   | 439/693 [01:15<00:37,  6.79it/s]
 63%|██████▎   | 440/693 [01:15<00:37,  6.75it/s]
 64%|██████▎   | 441/693 [01:15<00:35,  7.04it/s]
 64%|██████▍   | 442/693 [01:15<00:36,  6.93it/s]
 64%|██████▍   | 443/693 [01:16<00:34,  7.23it/s]
 64%|██████▍   | 444/693 [01:16<00:33,  7.42it/s]
 64%|██████▍   | 445/693 [01:16<00:32,  7.52it/s]
 64%|██████▍   | 446/693 [01:16<00:32,  7.57it/s]
 65%|██████▍   | 447/693 [01:16<00:32,  7.68it/s]
 65%|██████▍   | 448/693 [01:16<00:33,  7.33it/s]
 65%|██████▍   | 449/693 [01:16<00:31,  7.82it/s]
 65%|██████▍   | 450/693 [01:16<00:30,  8.00it/s]
 65%|██████▌   | 451/693 [01:17<00:48,  4.94it/s]
 65%|██████▌   | 452/693 [01:17<00:43,  5.57it/s]
 65%|██████▌   | 453/693 [01:17<00:38,  6.26it/s]
 66%|██████▌   | 454/693 [01:17<00:35,  6.81it/s]
 66%|██████▌   | 455/693 [01:17<00:32,  7.32it/s]
 66%|██████▌   | 456/693 [01:18<01:07,  3.53it/s]
 66%|██████▌   | 457/693 [01:18<00:55,  4.29it/s]
 66%|██████▌   | 458/693 [01:18<00:46,  5.00it/s]
 66%|██████▌   | 459/693 [01:18<00:40,  5.81it/s]
 66%|██████▋   | 460/693 [01:18<00:36,  6.43it/s]
 67%|██████▋   | 461/693 [01:19<00:32,  7.03it/s]
 67%|██████▋   | 462/693 [01:19<00:30,  7.47it/s]
 67%|██████▋   | 463/693 [01:19<00:29,  7.86it/s]
 67%|██████▋   | 464/693 [01:20<01:12,  3.16it/s]
 67%|██████▋   | 465/693 [01:20<01:00,  3.79it/s]
 67%|██████▋   | 466/693 [01:20<00:50,  4.47it/s]
 67%|██████▋   | 467/693 [01:20<00:43,  5.15it/s]
 68%|██████▊   | 468/693 [01:20<00:39,  5.76it/s]
 68%|██████▊   | 469/693 [01:20<00:35,  6.37it/s]
 68%|██████▊   | 470/693 [01:20<00:32,  6.78it/s]
 68%|██████▊   | 471/693 [01:20<00:30,  7.18it/s]
 68%|██████▊   | 472/693 [01:21<01:00,  3.67it/s]
 68%|██████▊   | 473/693 [01:21<00:50,  4.38it/s]
 68%|██████▊   | 474/693 [01:21<00:43,  4.98it/s]
 69%|██████▊   | 475/693 [01:21<00:39,  5.57it/s]
 69%|██████▊   | 476/693 [01:22<00:36,  5.99it/s]
 69%|██████▉   | 477/693 [01:22<00:33,  6.45it/s]
 69%|██████▉   | 478/693 [01:22<00:32,  6.67it/s]
 69%|██████▉   | 479/693 [01:22<00:30,  6.96it/s]
 69%|██████▉   | 480/693 [01:22<00:54,  3.92it/s]
 69%|██████▉   | 481/693 [01:23<00:45,  4.62it/s]
 70%|██████▉   | 482/693 [01:23<00:40,  5.20it/s]
 70%|██████▉   | 483/693 [01:23<00:36,  5.77it/s]
 70%|██████▉   | 484/693 [01:23<00:33,  6.16it/s]
 70%|██████▉   | 485/693 [01:23<00:31,  6.58it/s]
 70%|███████   | 486/693 [01:23<00:30,  6.73it/s]
 70%|███████   | 487/693 [01:23<00:29,  7.07it/s]
 70%|███████   | 488/693 [01:23<00:29,  7.05it/s]
 71%|███████   | 489/693 [01:24<00:27,  7.32it/s]
 71%|███████   | 490/693 [01:24<00:27,  7.39it/s]
 71%|███████   | 491/693 [01:24<00:26,  7.61it/s]
 71%|███████   | 492/693 [01:24<00:26,  7.62it/s]
 71%|███████   | 493/693 [01:24<00:25,  7.74it/s]
 71%|███████▏  | 494/693 [01:24<00:25,  7.82it/s]
 71%|███████▏  | 495/693 [01:24<00:24,  7.95it/s]
 72%|███████▏  | 496/693 [01:25<00:25,  7.72it/s]
 72%|███████▏  | 497/693 [01:25<00:25,  7.70it/s]
 72%|███████▏  | 498/693 [01:25<00:25,  7.72it/s]
 72%|███████▏  | 499/693 [01:25<00:24,  7.94it/s]
 72%|███████▏  | 500/693 [01:25<00:24,  7.84it/s]
 72%|███████▏  | 501/693 [01:25<00:24,  7.95it/s]
 72%|███████▏  | 502/693 [01:25<00:24,  7.89it/s]
 73%|███████▎  | 503/693 [01:25<00:23,  8.02it/s]
 73%|███████▎  | 504/693 [01:26<00:25,  7.44it/s]
 73%|███████▎  | 505/693 [01:26<00:24,  7.70it/s]
 73%|███████▎  | 506/693 [01:26<00:24,  7.64it/s]
 73%|███████▎  | 507/693 [01:26<00:23,  7.86it/s]
 73%|███████▎  | 508/693 [01:26<00:23,  7.78it/s]
 73%|███████▎  | 509/693 [01:26<00:23,  7.86it/s]
 74%|███████▎  | 510/693 [01:26<00:23,  7.84it/s]
 74%|███████▎  | 511/693 [01:26<00:22,  7.95it/s]
 74%|███████▍  | 512/693 [01:27<00:23,  7.83it/s]
 74%|███████▍  | 513/693 [01:27<00:22,  7.94it/s]
 74%|███████▍  | 514/693 [01:27<00:22,  7.83it/s]
 74%|███████▍  | 515/693 [01:27<00:22,  7.85it/s]
 74%|███████▍  | 516/693 [01:27<00:32,  5.44it/s]
 75%|███████▍  | 517/693 [01:27<00:29,  6.00it/s]
 75%|███████▍  | 518/693 [01:28<00:27,  6.41it/s]
 75%|███████▍  | 519/693 [01:28<00:33,  5.13it/s]
 75%|███████▌  | 520/693 [01:28<00:30,  5.71it/s]
 75%|███████▌  | 521/693 [01:28<00:27,  6.28it/s]
 75%|███████▌  | 522/693 [01:28<00:25,  6.63it/s]
 75%|███████▌  | 523/693 [01:28<00:23,  7.11it/s]
 76%|███████▌  | 524/693 [01:28<00:23,  7.19it/s]
 76%|███████▌  | 525/693 [01:29<00:22,  7.49it/s]
 76%|███████▌  | 526/693 [01:29<00:22,  7.53it/s]
 76%|███████▌  | 527/693 [01:29<00:21,  7.82it/s]
 76%|███████▌  | 528/693 [01:29<00:21,  7.78it/s]
 76%|███████▋  | 529/693 [01:29<00:20,  7.91it/s]
 76%|███████▋  | 530/693 [01:29<00:20,  7.85it/s]
 77%|███████▋  | 531/693 [01:29<00:20,  7.98it/s]
 77%|███████▋  | 532/693 [01:29<00:20,  7.83it/s]
 77%|███████▋  | 533/693 [01:30<00:19,  8.00it/s]
 77%|███████▋  | 534/693 [01:30<00:20,  7.88it/s]
 77%|███████▋  | 535/693 [01:33<03:09,  1.20s/it]
 77%|███████▋  | 536/693 [01:34<02:18,  1.14it/s]
 77%|███████▋  | 537/693 [01:34<01:42,  1.53it/s]
 78%|███████▊  | 538/693 [01:34<01:17,  2.01it/s]
 78%|███████▊  | 539/693 [01:34<00:59,  2.58it/s]
 78%|███████▊  | 540/693 [01:34<00:48,  3.17it/s]
 78%|███████▊  | 541/693 [01:34<00:39,  3.80it/s]
 78%|███████▊  | 542/693 [01:34<00:34,  4.42it/s]
 78%|███████▊  | 543/693 [01:34<00:30,  4.97it/s]
 78%|███████▊  | 544/693 [01:35<00:27,  5.49it/s]
 79%|███████▊  | 545/693 [01:35<00:24,  5.99it/s]
 79%|███████▉  | 546/693 [01:35<00:23,  6.29it/s]
 79%|███████▉  | 547/693 [01:35<00:21,  6.71it/s]
 79%|███████▉  | 548/693 [01:35<00:21,  6.90it/s]
 79%|███████▉  | 549/693 [01:35<00:20,  7.16it/s]
 79%|███████▉  | 550/693 [01:35<00:19,  7.22it/s]
 80%|███████▉  | 551/693 [01:36<00:20,  6.79it/s]
 80%|███████▉  | 552/693 [01:36<00:20,  6.92it/s]
 80%|███████▉  | 553/693 [01:36<00:19,  7.15it/s]
 80%|███████▉  | 554/693 [01:36<00:19,  7.14it/s]
 80%|████████  | 555/693 [01:36<00:19,  7.07it/s]
 80%|████████  | 556/693 [01:36<00:19,  7.11it/s]
 80%|████████  | 557/693 [01:36<00:18,  7.26it/s]
 81%|████████  | 558/693 [01:37<00:19,  7.09it/s]
 81%|████████  | 559/693 [01:37<00:19,  6.77it/s]
 81%|████████  | 560/693 [01:37<00:19,  6.94it/s]
 81%|████████  | 561/693 [01:37<00:18,  7.01it/s]
 81%|████████  | 562/693 [01:37<00:18,  7.08it/s]
 81%|████████  | 563/693 [01:37<00:18,  7.11it/s]
 81%|████████▏ | 564/693 [01:37<00:17,  7.18it/s]
 82%|████████▏ | 565/693 [01:38<00:17,  7.34it/s]
 82%|████████▏ | 566/693 [01:38<00:17,  7.33it/s]
 82%|████████▏ | 567/693 [01:38<00:17,  7.29it/s]
 82%|████████▏ | 568/693 [01:38<00:17,  7.29it/s]
 82%|████████▏ | 569/693 [01:38<00:16,  7.46it/s]
 82%|████████▏ | 570/693 [01:38<00:16,  7.38it/s]
 82%|████████▏ | 571/693 [01:38<00:16,  7.52it/s]
 83%|████████▎ | 572/693 [01:38<00:16,  7.43it/s]
 83%|████████▎ | 573/693 [01:39<00:17,  7.03it/s]
 83%|████████▎ | 574/693 [01:39<00:16,  7.05it/s]
 83%|████████▎ | 575/693 [01:39<00:16,  7.30it/s]
 83%|████████▎ | 576/693 [01:39<00:16,  7.25it/s]
 83%|████████▎ | 577/693 [01:39<00:15,  7.41it/s]
 83%|████████▎ | 578/693 [01:39<00:16,  6.90it/s]
 84%|████████▎ | 579/693 [01:39<00:16,  7.11it/s]
 84%|████████▎ | 580/693 [01:40<00:15,  7.09it/s]
 84%|████████▍ | 581/693 [01:40<00:15,  7.07it/s]
 84%|████████▍ | 582/693 [01:40<00:16,  6.71it/s]
 84%|████████▍ | 583/693 [01:40<00:15,  7.02it/s]
 84%|████████▍ | 584/693 [01:40<00:15,  7.04it/s]
 84%|████████▍ | 585/693 [01:40<00:15,  7.19it/s]
 85%|████████▍ | 586/693 [01:40<00:15,  7.10it/s]
 85%|████████▍ | 587/693 [01:41<00:14,  7.26it/s]
 85%|████████▍ | 588/693 [01:41<00:14,  7.19it/s]
 85%|████████▍ | 589/693 [01:41<00:14,  7.14it/s]
 85%|████████▌ | 590/693 [01:41<00:14,  7.04it/s]
 85%|████████▌ | 591/693 [01:41<00:14,  7.21it/s]
 85%|████████▌ | 592/693 [01:41<00:13,  7.22it/s]
 86%|████████▌ | 593/693 [01:41<00:13,  7.59it/s]
 86%|████████▌ | 594/693 [01:42<00:13,  7.50it/s]
 86%|████████▌ | 595/693 [01:42<00:12,  7.60it/s]
 86%|████████▌ | 596/693 [01:42<00:13,  7.35it/s]
 86%|████████▌ | 597/693 [01:42<00:12,  7.53it/s]
 86%|████████▋ | 598/693 [01:42<00:12,  7.66it/s]
 86%|████████▋ | 599/693 [01:42<00:12,  7.76it/s]
 87%|████████▋ | 600/693 [01:42<00:16,  5.59it/s]
 87%|████████▋ | 601/693 [01:43<00:15,  6.12it/s]
 87%|████████▋ | 602/693 [01:43<00:14,  6.50it/s]
 87%|████████▋ | 603/693 [01:43<00:12,  6.94it/s]
 87%|████████▋ | 604/693 [01:44<00:38,  2.33it/s]
 87%|████████▋ | 605/693 [01:44<00:29,  2.97it/s]
 87%|████████▋ | 606/693 [01:44<00:23,  3.66it/s]
 88%|████████▊ | 607/693 [01:44<00:19,  4.40it/s]
 88%|████████▊ | 608/693 [01:44<00:16,  5.08it/s]
 88%|████████▊ | 609/693 [01:45<00:14,  5.71it/s]
 88%|████████▊ | 610/693 [01:45<00:13,  6.09it/s]
 88%|████████▊ | 611/693 [01:45<00:12,  6.76it/s]
 88%|████████▊ | 612/693 [01:45<00:21,  3.81it/s]
 88%|████████▊ | 613/693 [01:45<00:17,  4.55it/s]
 89%|████████▊ | 614/693 [01:46<00:15,  5.23it/s]
 89%|████████▊ | 615/693 [01:46<00:13,  5.89it/s]
 89%|████████▉ | 616/693 [01:46<00:12,  6.33it/s]
 89%|████████▉ | 617/693 [01:46<00:11,  6.86it/s]
 89%|████████▉ | 618/693 [01:46<00:10,  7.08it/s]
 89%|████████▉ | 619/693 [01:46<00:09,  7.47it/s]
 89%|████████▉ | 620/693 [01:47<00:17,  4.22it/s]
 90%|████████▉ | 621/693 [01:47<00:14,  4.95it/s]
 90%|████████▉ | 622/693 [01:47<00:12,  5.56it/s]
 90%|████████▉ | 623/693 [01:47<00:11,  6.20it/s]
 90%|█████████ | 624/693 [01:47<00:10,  6.58it/s]
 90%|█████████ | 625/693 [01:47<00:09,  6.99it/s]
 90%|█████████ | 626/693 [01:47<00:09,  7.23it/s]
 90%|█████████ | 627/693 [01:48<00:08,  7.36it/s]
 91%|█████████ | 628/693 [01:48<00:08,  7.52it/s]
 91%|█████████ | 629/693 [01:48<00:08,  7.64it/s]
 91%|█████████ | 630/693 [01:48<00:08,  7.67it/s]
 91%|█████████ | 631/693 [01:48<00:07,  7.84it/s]
 91%|█████████ | 632/693 [01:48<00:08,  7.57it/s]
 91%|█████████▏| 633/693 [01:48<00:07,  7.79it/s]
 91%|█████████▏| 634/693 [01:48<00:07,  7.77it/s]
 92%|█████████▏| 635/693 [01:49<00:07,  7.90it/s]
 92%|█████████▏| 636/693 [01:49<00:14,  4.01it/s]
 92%|█████████▏| 637/693 [01:49<00:11,  4.71it/s]
 92%|█████████▏| 638/693 [01:49<00:10,  5.36it/s]
 92%|█████████▏| 639/693 [01:50<00:09,  5.90it/s]
 92%|█████████▏| 640/693 [01:50<00:08,  6.42it/s]
 92%|█████████▏| 641/693 [01:50<00:07,  6.88it/s]
 93%|█████████▎| 642/693 [01:50<00:07,  7.13it/s]
 93%|█████████▎| 643/693 [01:50<00:06,  7.46it/s]
 93%|█████████▎| 644/693 [01:50<00:06,  7.05it/s]
 93%|█████████▎| 645/693 [01:50<00:06,  7.43it/s]
 93%|█████████▎| 646/693 [01:50<00:06,  7.51it/s]
 93%|█████████▎| 647/693 [01:51<00:05,  7.76it/s]
 94%|█████████▎| 648/693 [01:51<00:05,  7.77it/s]
 94%|█████████▎| 649/693 [01:51<00:05,  7.92it/s]
 94%|█████████▍| 650/693 [01:51<00:05,  7.91it/s]
 94%|█████████▍| 651/693 [01:51<00:05,  7.98it/s]
 94%|█████████▍| 652/693 [01:51<00:05,  7.84it/s]
 94%|█████████▍| 653/693 [01:51<00:05,  7.73it/s]
 94%|█████████▍| 654/693 [01:51<00:05,  7.23it/s]
 95%|█████████▍| 655/693 [01:52<00:10,  3.59it/s]
 95%|█████████▍| 656/693 [01:52<00:08,  4.20it/s]
 95%|█████████▍| 657/693 [01:52<00:07,  4.87it/s]
 95%|█████████▍| 658/693 [01:52<00:06,  5.41it/s]
 95%|█████████▌| 659/693 [01:53<00:05,  5.93it/s]
 95%|█████████▌| 660/693 [01:53<00:05,  6.25it/s]
 95%|█████████▌| 661/693 [01:53<00:04,  6.45it/s]
 96%|█████████▌| 662/693 [01:53<00:04,  6.63it/s]
 96%|█████████▌| 663/693 [01:54<00:10,  2.74it/s]
 96%|█████████▌| 664/693 [01:54<00:08,  3.37it/s]
 96%|█████████▌| 665/693 [01:54<00:06,  4.05it/s]
 96%|█████████▌| 666/693 [01:54<00:05,  4.68it/s]
 96%|█████████▌| 667/693 [01:54<00:04,  5.31it/s]
 96%|█████████▋| 668/693 [01:55<00:04,  5.79it/s]
 97%|█████████▋| 669/693 [01:55<00:03,  6.28it/s]
 97%|█████████▋| 670/693 [01:55<00:03,  6.24it/s]
 97%|█████████▋| 671/693 [01:55<00:03,  6.67it/s]
 97%|█████████▋| 672/693 [01:55<00:03,  6.85it/s]
 97%|█████████▋| 673/693 [01:55<00:02,  7.25it/s]
 97%|█████████▋| 674/693 [01:55<00:02,  7.15it/s]
 97%|█████████▋| 675/693 [01:56<00:02,  7.21it/s]
 98%|█████████▊| 676/693 [01:56<00:02,  7.43it/s]
 98%|█████████▊| 677/693 [01:56<00:02,  7.69it/s]
 98%|█████████▊| 678/693 [01:57<00:05,  2.95it/s]
 98%|█████████▊| 679/693 [01:57<00:03,  3.64it/s]
 98%|█████████▊| 680/693 [01:57<00:02,  4.36it/s]
 98%|█████████▊| 681/693 [01:57<00:02,  5.08it/s]
 98%|█████████▊| 682/693 [01:57<00:01,  5.72it/s]
 99%|█████████▊| 683/693 [01:57<00:01,  6.31it/s]
 99%|█████████▊| 684/693 [01:57<00:01,  6.74it/s]
 99%|█████████▉| 685/693 [01:57<00:01,  7.18it/s]
 99%|█████████▉| 686/693 [01:58<00:00,  7.22it/s]
 99%|█████████▉| 687/693 [01:58<00:00,  7.16it/s]
 99%|█████████▉| 688/693 [01:58<00:00,  7.43it/s]
 99%|█████████▉| 689/693 [01:58<00:00,  7.74it/s]
100%|█████████▉| 690/693 [01:58<00:00,  7.94it/s]
100%|█████████▉| 691/693 [01:58<00:00,  8.23it/s]
100%|█████████▉| 692/693 [01:58<00:00,  8.46it/s]
100%|██████████| 693/693 [01:58<00:00,  8.74it/s]
100%|██████████| 693/693 [01:59<00:00,  5.82it/s]
Training loss: 1.3897681207023829, KL loss: 0.7451399108892224, Sim loss: 0.0001366605670872445, Exo CLS loss: 0.7186074317372465, 
Noun sim loss: 0.1191232188310458, Part sim loss: 0.15770300060596645, Proto loss: 1.152724099107635, Conc loss: 0.13317268434240018
learning rate:5e-05


  0%|          | 0/168 [00:00<?, ?it/s]
  1%|          | 1/168 [00:00<01:28,  1.89it/s]
  3%|▎         | 5/168 [00:00<00:23,  7.05it/s]
  5%|▌         | 9/168 [00:01<00:15, 10.56it/s]
  7%|▋         | 11/168 [00:01<00:15, 10.13it/s]
 10%|▉         | 16/168 [00:01<00:09, 16.71it/s]
 11%|█▏        | 19/168 [00:01<00:15,  9.63it/s]
 14%|█▎        | 23/168 [00:02<00:10, 13.26it/s]
 15%|█▌        | 26/168 [00:02<00:16,  8.62it/s]
 18%|█▊        | 30/168 [00:02<00:11, 11.82it/s]
 20%|██        | 34/168 [00:02<00:08, 15.02it/s]
 23%|██▎       | 38/168 [00:03<00:06, 18.73it/s]
 25%|██▌       | 42/168 [00:03<00:05, 21.19it/s]
 27%|██▋       | 46/168 [00:03<00:04, 24.76it/s]
 30%|██▉       | 50/168 [00:03<00:04, 26.73it/s]
 32%|███▏      | 54/168 [00:03<00:04, 28.21it/s]
 35%|███▍      | 58/168 [00:03<00:04, 27.27it/s]
 37%|███▋      | 62/168 [00:03<00:03, 29.79it/s]
 39%|███▉      | 66/168 [00:03<00:03, 31.10it/s]
 42%|████▏     | 70/168 [00:04<00:03, 28.90it/s]
 44%|████▍     | 74/168 [00:04<00:03, 31.24it/s]
 46%|████▋     | 78/168 [00:04<00:04, 19.89it/s]
 49%|████▉     | 82/168 [00:04<00:03, 23.20it/s]
 51%|█████     | 85/168 [00:04<00:03, 21.19it/s]
 53%|█████▎    | 89/168 [00:04<00:03, 24.79it/s]
 55%|█████▍    | 92/168 [00:05<00:04, 16.67it/s]
 57%|█████▋    | 95/168 [00:05<00:04, 17.37it/s]
 59%|█████▉    | 99/168 [00:05<00:03, 21.34it/s]
 61%|██████▏   | 103/168 [00:05<00:02, 24.38it/s]
 64%|██████▍   | 108/168 [00:05<00:02, 28.24it/s]
 67%|██████▋   | 112/168 [00:05<00:01, 30.27it/s]
 69%|██████▉   | 116/168 [00:06<00:01, 31.79it/s]
 71%|███████▏  | 120/168 [00:06<00:01, 32.59it/s]
 74%|███████▍  | 124/168 [00:06<00:01, 33.33it/s]
 76%|███████▌  | 128/168 [00:06<00:01, 33.74it/s]
 79%|███████▊  | 132/168 [00:06<00:01, 33.45it/s]
 81%|████████  | 136/168 [00:06<00:00, 33.92it/s]
 83%|████████▎ | 140/168 [00:06<00:00, 33.43it/s]
 86%|████████▋ | 145/168 [00:06<00:00, 34.77it/s]
 89%|████████▊ | 149/168 [00:07<00:00, 33.89it/s]
 91%|█████████ | 153/168 [00:07<00:00, 34.67it/s]
 93%|█████████▎| 157/168 [00:07<00:00, 35.95it/s]
 96%|█████████▌| 161/168 [00:07<00:00, 20.88it/s]
 99%|█████████▉| 166/168 [00:07<00:00, 25.54it/s]
100%|██████████| 168/168 [00:07<00:00, 21.36it/s]
Result on AGD: 
KLD=0.8849321007728577, SIM=0.48975956439971924, NSS=1.6061393022537231
noun sim: 0.1139089721033261, part sim: 0.1499843867052169
New best KLD: 0.8849321007728577, 0.48975956439971924, 1.6061393022537231
============Training Epoch 5============

  0%|          | 0/693 [00:00<?, ?it/s]/home/wyn/.conda/envs/clip-env/lib/python3.10/site-packages/torch/_tensor.py:1002: UserWarning: non-inplace resize is deprecated
  warnings.warn("non-inplace resize is deprecated")
/home/wyn/.conda/envs/clip-env/lib/python3.10/site-packages/torch/_tensor.py:1002: UserWarning: non-inplace resize is deprecated
  warnings.warn("non-inplace resize is deprecated")
/home/wyn/.conda/envs/clip-env/lib/python3.10/site-packages/torch/_tensor.py:1002: UserWarning: non-inplace resize is deprecated
  warnings.warn("non-inplace resize is deprecated")
/home/wyn/.conda/envs/clip-env/lib/python3.10/site-packages/torch/_tensor.py:1002: UserWarning: non-inplace resize is deprecated
  warnings.warn("non-inplace resize is deprecated")
/home/wyn/.conda/envs/clip-env/lib/python3.10/site-packages/torch/_tensor.py:1002: UserWarning: non-inplace resize is deprecated
  warnings.warn("non-inplace resize is deprecated")
/home/wyn/.conda/envs/clip-env/lib/python3.10/site-packages/torch/_tensor.py:1002: UserWarning: non-inplace resize is deprecated
  warnings.warn("non-inplace resize is deprecated")
/home/wyn/.conda/envs/clip-env/lib/python3.10/site-packages/torch/_tensor.py:1002: UserWarning: non-inplace resize is deprecated
  warnings.warn("non-inplace resize is deprecated")
/home/wyn/.conda/envs/clip-env/lib/python3.10/site-packages/torch/_tensor.py:1002: UserWarning: non-inplace resize is deprecated
  warnings.warn("non-inplace resize is deprecated")

  0%|          | 1/693 [00:02<28:27,  2.47s/it]
  0%|          | 2/693 [00:02<12:42,  1.10s/it]
  0%|          | 3/693 [00:02<07:31,  1.53it/s]
  1%|          | 4/693 [00:02<05:09,  2.22it/s]
  1%|          | 5/693 [00:02<03:47,  3.03it/s]
  1%|          | 6/693 [00:03<03:00,  3.81it/s]
  1%|          | 7/693 [00:03<02:27,  4.65it/s]
  1%|          | 8/693 [00:03<02:08,  5.34it/s]
  1%|▏         | 9/693 [00:04<03:51,  2.96it/s]
  1%|▏         | 10/693 [00:04<03:07,  3.63it/s]
  2%|▏         | 11/693 [00:04<02:34,  4.41it/s]
  2%|▏         | 12/693 [00:04<02:15,  5.03it/s]
  2%|▏         | 13/693 [00:04<01:58,  5.76it/s]
  2%|▏         | 14/693 [00:04<01:48,  6.23it/s]
  2%|▏         | 15/693 [00:06<07:14,  1.56it/s]
  2%|▏         | 16/693 [00:06<05:29,  2.05it/s]
  2%|▏         | 17/693 [00:06<04:14,  2.66it/s]
  3%|▎         | 18/693 [00:06<03:23,  3.31it/s]
  3%|▎         | 19/693 [00:06<02:46,  4.04it/s]
  3%|▎         | 20/693 [00:07<02:22,  4.73it/s]
  3%|▎         | 21/693 [00:07<02:04,  5.40it/s]
  3%|▎         | 22/693 [00:07<01:52,  5.95it/s]
  3%|▎         | 23/693 [00:07<01:42,  6.51it/s]
  3%|▎         | 24/693 [00:07<01:37,  6.85it/s]
  4%|▎         | 25/693 [00:07<01:32,  7.22it/s]
  4%|▍         | 26/693 [00:07<01:30,  7.37it/s]
  4%|▍         | 27/693 [00:07<01:27,  7.62it/s]
  4%|▍         | 28/693 [00:08<01:27,  7.59it/s]
  4%|▍         | 29/693 [00:08<01:25,  7.77it/s]
  4%|▍         | 30/693 [00:08<01:25,  7.73it/s]
  4%|▍         | 31/693 [00:08<01:24,  7.88it/s]
  5%|▍         | 32/693 [00:08<01:25,  7.77it/s]
  5%|▍         | 33/693 [00:08<01:23,  7.94it/s]
  5%|▍         | 34/693 [00:08<01:25,  7.70it/s]
  5%|▌         | 35/693 [00:08<01:23,  7.84it/s]
  5%|▌         | 36/693 [00:09<02:03,  5.31it/s]
  5%|▌         | 37/693 [00:09<01:50,  5.95it/s]
  5%|▌         | 38/693 [00:09<01:42,  6.36it/s]
  6%|▌         | 39/693 [00:09<01:35,  6.88it/s]
  6%|▌         | 40/693 [00:09<01:32,  7.06it/s]
  6%|▌         | 41/693 [00:09<01:28,  7.39it/s]
  6%|▌         | 42/693 [00:10<01:27,  7.43it/s]
  6%|▌         | 43/693 [00:10<01:23,  7.75it/s]
  6%|▋         | 44/693 [00:10<03:16,  3.30it/s]
  6%|▋         | 45/693 [00:10<02:43,  3.96it/s]
  7%|▋         | 46/693 [00:11<02:20,  4.60it/s]
  7%|▋         | 47/693 [00:11<02:02,  5.27it/s]
  7%|▋         | 48/693 [00:11<01:52,  5.75it/s]
  7%|▋         | 49/693 [00:11<01:42,  6.26it/s]
  7%|▋         | 50/693 [00:11<01:38,  6.50it/s]
  7%|▋         | 51/693 [00:11<01:34,  6.79it/s]
  8%|▊         | 52/693 [00:11<01:37,  6.60it/s]
  8%|▊         | 53/693 [00:12<01:31,  6.96it/s]
  8%|▊         | 54/693 [00:12<01:30,  7.07it/s]
  8%|▊         | 55/693 [00:12<01:27,  7.28it/s]
  8%|▊         | 56/693 [00:12<01:27,  7.29it/s]
  8%|▊         | 57/693 [00:12<01:26,  7.32it/s]
  8%|▊         | 58/693 [00:12<01:29,  7.10it/s]
  9%|▊         | 59/693 [00:12<01:26,  7.29it/s]
  9%|▊         | 60/693 [00:13<01:34,  6.73it/s]
  9%|▉         | 61/693 [00:13<01:30,  7.00it/s]
  9%|▉         | 62/693 [00:13<01:28,  7.11it/s]
  9%|▉         | 63/693 [00:13<01:26,  7.26it/s]
  9%|▉         | 64/693 [00:13<01:28,  7.11it/s]
  9%|▉         | 65/693 [00:13<01:26,  7.25it/s]
 10%|▉         | 66/693 [00:13<01:26,  7.25it/s]
 10%|▉         | 67/693 [00:14<01:25,  7.34it/s]
 10%|▉         | 68/693 [00:14<01:28,  7.10it/s]
 10%|▉         | 69/693 [00:14<01:26,  7.20it/s]
 10%|█         | 70/693 [00:14<01:25,  7.25it/s]
 10%|█         | 71/693 [00:14<01:27,  7.09it/s]
 10%|█         | 72/693 [00:14<01:30,  6.89it/s]
 11%|█         | 73/693 [00:14<01:29,  6.96it/s]
 11%|█         | 74/693 [00:15<01:27,  7.05it/s]
 11%|█         | 75/693 [00:15<01:24,  7.28it/s]
 11%|█         | 76/693 [00:15<01:26,  7.10it/s]
 11%|█         | 77/693 [00:15<01:25,  7.24it/s]
 11%|█▏        | 78/693 [00:15<01:25,  7.23it/s]
 11%|█▏        | 79/693 [00:15<01:28,  6.97it/s]
 12%|█▏        | 80/693 [00:15<01:27,  7.00it/s]
 12%|█▏        | 81/693 [00:16<02:13,  4.60it/s]
 12%|█▏        | 82/693 [00:16<01:59,  5.13it/s]
 12%|█▏        | 83/693 [00:16<01:47,  5.68it/s]
 12%|█▏        | 84/693 [00:16<01:41,  6.01it/s]
 12%|█▏        | 85/693 [00:16<01:34,  6.45it/s]
 12%|█▏        | 86/693 [00:16<01:31,  6.63it/s]
 13%|█▎        | 87/693 [00:17<01:29,  6.79it/s]
 13%|█▎        | 88/693 [00:17<01:27,  6.89it/s]
 13%|█▎        | 89/693 [00:18<03:27,  2.91it/s]
 13%|█▎        | 90/693 [00:18<02:49,  3.55it/s]
 13%|█▎        | 91/693 [00:18<02:21,  4.25it/s]
 13%|█▎        | 92/693 [00:18<02:03,  4.87it/s]
 13%|█▎        | 93/693 [00:18<01:49,  5.48it/s]
 14%|█▎        | 94/693 [00:18<01:41,  5.92it/s]
 14%|█▎        | 95/693 [00:18<01:37,  6.16it/s]
 14%|█▍        | 96/693 [00:18<01:32,  6.47it/s]
 14%|█▍        | 97/693 [00:19<01:31,  6.51it/s]
 14%|█▍        | 98/693 [00:19<01:29,  6.64it/s]
 14%|█▍        | 99/693 [00:19<01:25,  6.95it/s]
 14%|█▍        | 100/693 [00:19<01:24,  7.02it/s]
 15%|█▍        | 101/693 [00:19<01:22,  7.15it/s]
 15%|█▍        | 102/693 [00:19<01:22,  7.13it/s]
 15%|█▍        | 103/693 [00:19<01:29,  6.56it/s]
 15%|█▌        | 104/693 [00:20<01:27,  6.74it/s]
 15%|█▌        | 105/693 [00:20<01:41,  5.77it/s]
 15%|█▌        | 106/693 [00:20<01:35,  6.13it/s]
 15%|█▌        | 107/693 [00:20<01:30,  6.45it/s]
 16%|█▌        | 108/693 [00:20<01:28,  6.60it/s]
 16%|█▌        | 109/693 [00:20<01:25,  6.84it/s]
 16%|█▌        | 110/693 [00:21<01:24,  6.89it/s]
 16%|█▌        | 111/693 [00:21<01:22,  7.04it/s]
 16%|█▌        | 112/693 [00:21<01:57,  4.93it/s]
 16%|█▋        | 113/693 [00:21<01:44,  5.53it/s]
 16%|█▋        | 114/693 [00:21<01:38,  5.87it/s]
 17%|█▋        | 115/693 [00:22<03:22,  2.86it/s]
 17%|█▋        | 116/693 [00:22<02:46,  3.46it/s]
 17%|█▋        | 117/693 [00:22<02:21,  4.08it/s]
 17%|█▋        | 118/693 [00:22<02:02,  4.71it/s]
 17%|█▋        | 119/693 [00:23<01:47,  5.34it/s]
 17%|█▋        | 120/693 [00:23<01:40,  5.71it/s]
 17%|█▋        | 121/693 [00:23<01:31,  6.24it/s]
 18%|█▊        | 122/693 [00:23<01:27,  6.50it/s]
 18%|█▊        | 123/693 [00:23<01:31,  6.21it/s]
 18%|█▊        | 124/693 [00:23<01:26,  6.56it/s]
 18%|█▊        | 125/693 [00:23<01:20,  7.02it/s]
 18%|█▊        | 126/693 [00:24<01:18,  7.19it/s]
 18%|█▊        | 127/693 [00:24<01:15,  7.54it/s]
 18%|█▊        | 128/693 [00:24<01:14,  7.54it/s]
 19%|█▊        | 129/693 [00:24<01:12,  7.79it/s]
 19%|█▉        | 130/693 [00:24<01:13,  7.71it/s]
 19%|█▉        | 131/693 [00:24<01:14,  7.59it/s]
 19%|█▉        | 132/693 [00:24<01:12,  7.69it/s]
 19%|█▉        | 133/693 [00:24<01:11,  7.84it/s]
 19%|█▉        | 134/693 [00:25<01:12,  7.72it/s]
 19%|█▉        | 135/693 [00:25<01:10,  7.95it/s]
 20%|█▉        | 136/693 [00:25<01:12,  7.70it/s]
 20%|█▉        | 137/693 [00:25<01:11,  7.80it/s]
 20%|█▉        | 138/693 [00:25<01:11,  7.74it/s]
 20%|██        | 139/693 [00:26<02:32,  3.64it/s]
 20%|██        | 140/693 [00:26<02:08,  4.31it/s]
 20%|██        | 141/693 [00:26<01:48,  5.07it/s]
 20%|██        | 142/693 [00:26<01:36,  5.69it/s]
 21%|██        | 143/693 [00:26<01:29,  6.18it/s]
 21%|██        | 144/693 [00:26<01:23,  6.58it/s]
 21%|██        | 145/693 [00:26<01:17,  7.08it/s]
 21%|██        | 146/693 [00:27<01:15,  7.24it/s]
 21%|██        | 147/693 [00:27<02:15,  4.04it/s]
 21%|██▏       | 148/693 [00:27<01:56,  4.69it/s]
 22%|██▏       | 149/693 [00:27<01:41,  5.37it/s]
 22%|██▏       | 150/693 [00:28<01:31,  5.96it/s]
 22%|██▏       | 151/693 [00:28<01:23,  6.50it/s]
 22%|██▏       | 152/693 [00:28<01:26,  6.25it/s]
 22%|██▏       | 153/693 [00:28<01:19,  6.80it/s]
 22%|██▏       | 154/693 [00:28<01:16,  7.02it/s]
 22%|██▏       | 155/693 [00:28<01:49,  4.91it/s]
 23%|██▎       | 156/693 [00:29<01:38,  5.46it/s]
 23%|██▎       | 157/693 [00:29<01:28,  6.05it/s]
 23%|██▎       | 158/693 [00:29<01:22,  6.47it/s]
 23%|██▎       | 159/693 [00:29<01:17,  6.93it/s]
 23%|██▎       | 160/693 [00:29<01:14,  7.11it/s]
 23%|██▎       | 161/693 [00:29<01:12,  7.37it/s]
 23%|██▎       | 162/693 [00:29<01:12,  7.34it/s]
 24%|██▎       | 163/693 [00:29<01:14,  7.10it/s]
 24%|██▎       | 164/693 [00:30<01:13,  7.22it/s]
 24%|██▍       | 165/693 [00:30<01:10,  7.50it/s]
 24%|██▍       | 166/693 [00:30<01:09,  7.58it/s]
 24%|██▍       | 167/693 [00:30<01:07,  7.78it/s]
 24%|██▍       | 168/693 [00:30<01:07,  7.72it/s]
 24%|██▍       | 169/693 [00:30<01:07,  7.78it/s]
 25%|██▍       | 170/693 [00:30<01:06,  7.85it/s]
 25%|██▍       | 171/693 [00:30<01:05,  7.98it/s]
 25%|██▍       | 172/693 [00:31<01:06,  7.86it/s]
 25%|██▍       | 173/693 [00:31<01:05,  7.97it/s]
 25%|██▌       | 174/693 [00:31<01:07,  7.69it/s]
 25%|██▌       | 175/693 [00:31<01:06,  7.84it/s]
 25%|██▌       | 176/693 [00:31<01:06,  7.76it/s]
 26%|██▌       | 177/693 [00:31<01:05,  7.91it/s]
 26%|██▌       | 178/693 [00:31<01:05,  7.85it/s]
 26%|██▌       | 179/693 [00:31<01:05,  7.87it/s]
 26%|██▌       | 180/693 [00:32<01:05,  7.82it/s]
 26%|██▌       | 181/693 [00:32<01:05,  7.86it/s]
 26%|██▋       | 182/693 [00:32<01:05,  7.79it/s]
 26%|██▋       | 183/693 [00:32<01:05,  7.78it/s]
 27%|██▋       | 184/693 [00:32<01:06,  7.64it/s]
 27%|██▋       | 185/693 [00:32<01:04,  7.82it/s]
 27%|██▋       | 186/693 [00:32<01:05,  7.76it/s]
 27%|██▋       | 187/693 [00:33<01:03,  7.92it/s]
 27%|██▋       | 188/693 [00:33<01:04,  7.82it/s]
 27%|██▋       | 189/693 [00:33<01:20,  6.25it/s]
 27%|██▋       | 190/693 [00:33<01:15,  6.63it/s]
 28%|██▊       | 191/693 [00:33<01:11,  7.01it/s]
 28%|██▊       | 192/693 [00:33<01:09,  7.21it/s]
 28%|██▊       | 193/693 [00:33<01:06,  7.53it/s]
 28%|██▊       | 194/693 [00:34<01:06,  7.56it/s]
 28%|██▊       | 195/693 [00:34<01:10,  7.08it/s]
 28%|██▊       | 196/693 [00:34<01:08,  7.27it/s]
 28%|██▊       | 197/693 [00:34<01:06,  7.46it/s]
 29%|██▊       | 198/693 [00:34<01:05,  7.52it/s]
 29%|██▊       | 199/693 [00:34<01:03,  7.76it/s]
 29%|██▉       | 200/693 [00:34<01:03,  7.74it/s]
 29%|██▉       | 201/693 [00:34<01:02,  7.87it/s]
 29%|██▉       | 202/693 [00:35<01:04,  7.66it/s]
 29%|██▉       | 203/693 [00:35<02:39,  3.08it/s]
 29%|██▉       | 204/693 [00:35<02:10,  3.74it/s]
 30%|██▉       | 205/693 [00:36<01:48,  4.49it/s]
 30%|██▉       | 206/693 [00:36<01:35,  5.12it/s]
 30%|██▉       | 207/693 [00:36<01:24,  5.78it/s]
 30%|███       | 208/693 [00:36<01:16,  6.33it/s]
 30%|███       | 209/693 [00:36<01:11,  6.77it/s]
 30%|███       | 210/693 [00:36<01:10,  6.87it/s]
 30%|███       | 211/693 [00:37<01:54,  4.21it/s]
 31%|███       | 212/693 [00:37<01:38,  4.88it/s]
 31%|███       | 213/693 [00:37<01:25,  5.62it/s]
 31%|███       | 214/693 [00:37<01:18,  6.12it/s]
 31%|███       | 215/693 [00:37<01:11,  6.65it/s]
 31%|███       | 216/693 [00:37<01:08,  6.93it/s]
 31%|███▏      | 217/693 [00:37<01:04,  7.35it/s]
 31%|███▏      | 218/693 [00:38<01:04,  7.37it/s]
 32%|███▏      | 219/693 [00:38<01:34,  4.99it/s]
 32%|███▏      | 220/693 [00:38<01:24,  5.58it/s]
 32%|███▏      | 221/693 [00:38<01:15,  6.22it/s]
 32%|███▏      | 222/693 [00:38<01:11,  6.61it/s]
 32%|███▏      | 223/693 [00:38<01:06,  7.10it/s]
 32%|███▏      | 224/693 [00:39<01:04,  7.31it/s]
 32%|███▏      | 225/693 [00:39<01:01,  7.58it/s]
 33%|███▎      | 226/693 [00:39<01:01,  7.57it/s]
 33%|███▎      | 227/693 [00:39<01:44,  4.45it/s]
 33%|███▎      | 228/693 [00:39<01:31,  5.10it/s]
 33%|███▎      | 229/693 [00:39<01:21,  5.73it/s]
 33%|███▎      | 230/693 [00:40<01:14,  6.18it/s]
 33%|███▎      | 231/693 [00:40<01:09,  6.67it/s]
 33%|███▎      | 232/693 [00:40<01:06,  6.93it/s]
 34%|███▎      | 233/693 [00:40<01:03,  7.29it/s]
 34%|███▍      | 234/693 [00:40<01:01,  7.43it/s]
 34%|███▍      | 235/693 [00:40<00:59,  7.63it/s]
 34%|███▍      | 236/693 [00:40<00:59,  7.64it/s]
 34%|███▍      | 237/693 [00:41<01:05,  6.99it/s]
 34%|███▍      | 238/693 [00:41<01:02,  7.25it/s]
 34%|███▍      | 239/693 [00:41<01:00,  7.50it/s]
 35%|███▍      | 240/693 [00:41<00:59,  7.57it/s]
 35%|███▍      | 241/693 [00:41<01:01,  7.32it/s]
 35%|███▍      | 242/693 [00:41<01:00,  7.47it/s]
 35%|███▌      | 243/693 [00:41<00:58,  7.65it/s]
 35%|███▌      | 244/693 [00:41<00:58,  7.68it/s]
 35%|███▌      | 245/693 [00:42<01:32,  4.84it/s]
 35%|███▌      | 246/693 [00:42<01:22,  5.43it/s]
 36%|███▌      | 247/693 [00:42<01:13,  6.09it/s]
 36%|███▌      | 248/693 [00:42<01:08,  6.47it/s]
 36%|███▌      | 249/693 [00:43<02:32,  2.91it/s]
 36%|███▌      | 250/693 [00:43<02:03,  3.58it/s]
 36%|███▌      | 251/693 [00:43<01:42,  4.32it/s]
 36%|███▋      | 252/693 [00:43<01:28,  4.99it/s]
 37%|███▋      | 253/693 [00:43<01:17,  5.67it/s]
 37%|███▋      | 254/693 [00:44<01:11,  6.12it/s]
 37%|███▋      | 255/693 [00:44<01:05,  6.70it/s]
 37%|███▋      | 256/693 [00:44<01:02,  6.97it/s]
 37%|███▋      | 257/693 [00:45<02:48,  2.58it/s]
 37%|███▋      | 258/693 [00:45<02:15,  3.22it/s]
 37%|███▋      | 259/693 [00:45<01:49,  3.96it/s]
 38%|███▊      | 260/693 [00:45<01:33,  4.65it/s]
 38%|███▊      | 261/693 [00:45<01:20,  5.37it/s]
 38%|███▊      | 262/693 [00:45<01:13,  5.90it/s]
 38%|███▊      | 263/693 [00:46<01:06,  6.49it/s]
 38%|███▊      | 264/693 [00:46<01:03,  6.81it/s]
 38%|███▊      | 265/693 [00:46<01:57,  3.65it/s]
 38%|███▊      | 266/693 [00:46<01:38,  4.32it/s]
 39%|███▊      | 267/693 [00:47<01:23,  5.08it/s]
 39%|███▊      | 268/693 [00:47<01:14,  5.68it/s]
 39%|███▉      | 269/693 [00:47<01:07,  6.25it/s]
 39%|███▉      | 270/693 [00:47<01:04,  6.59it/s]
 39%|███▉      | 271/693 [00:47<00:59,  7.10it/s]
 39%|███▉      | 272/693 [00:47<00:57,  7.26it/s]
 39%|███▉      | 273/693 [00:47<00:56,  7.43it/s]
 40%|███▉      | 274/693 [00:47<00:56,  7.46it/s]
 40%|███▉      | 275/693 [00:48<00:54,  7.73it/s]
 40%|███▉      | 276/693 [00:48<00:54,  7.65it/s]
 40%|███▉      | 277/693 [00:48<00:52,  7.97it/s]
 40%|████      | 278/693 [00:48<00:52,  7.83it/s]
 40%|████      | 279/693 [00:48<00:52,  7.83it/s]
 40%|████      | 280/693 [00:48<00:52,  7.89it/s]
 41%|████      | 281/693 [00:49<01:56,  3.54it/s]
 41%|████      | 282/693 [00:49<01:36,  4.24it/s]
 41%|████      | 283/693 [00:49<01:22,  4.97it/s]
 41%|████      | 284/693 [00:49<01:13,  5.59it/s]
 41%|████      | 285/693 [00:49<01:05,  6.20it/s]
 41%|████▏     | 286/693 [00:49<01:01,  6.59it/s]
 41%|████▏     | 287/693 [00:50<00:57,  7.02it/s]
 42%|████▏     | 288/693 [00:50<00:56,  7.19it/s]
 42%|████▏     | 289/693 [00:50<02:07,  3.18it/s]
 42%|████▏     | 290/693 [00:51<01:44,  3.84it/s]
 42%|████▏     | 291/693 [00:51<01:27,  4.61it/s]
 42%|████▏     | 292/693 [00:51<01:16,  5.24it/s]
 42%|████▏     | 293/693 [00:51<01:08,  5.87it/s]
 42%|████▏     | 294/693 [00:51<01:03,  6.32it/s]
 43%|████▎     | 295/693 [00:51<00:58,  6.83it/s]
 43%|████▎     | 296/693 [00:51<00:56,  7.06it/s]
 43%|████▎     | 297/693 [00:52<01:17,  5.11it/s]
 43%|████▎     | 298/693 [00:52<01:09,  5.67it/s]
 43%|████▎     | 299/693 [00:52<01:02,  6.29it/s]
 43%|████▎     | 300/693 [00:52<00:58,  6.69it/s]
 43%|████▎     | 301/693 [00:52<00:55,  7.10it/s]
 44%|████▎     | 302/693 [00:52<00:53,  7.27it/s]
 44%|████▎     | 303/693 [00:52<00:51,  7.61it/s]
 44%|████▍     | 304/693 [00:52<00:51,  7.61it/s]
 44%|████▍     | 305/693 [00:53<00:49,  7.88it/s]
 44%|████▍     | 306/693 [00:53<00:48,  8.05it/s]
 44%|████▍     | 307/693 [00:53<00:46,  8.27it/s]
 44%|████▍     | 308/693 [00:53<00:46,  8.35it/s]
 45%|████▍     | 309/693 [00:53<00:44,  8.56it/s]
 45%|████▍     | 310/693 [00:53<00:45,  8.51it/s]
 45%|████▍     | 311/693 [00:53<00:44,  8.58it/s]
 45%|████▌     | 312/693 [00:53<00:44,  8.52it/s]
 45%|████▌     | 313/693 [00:54<00:44,  8.50it/s]
 45%|████▌     | 314/693 [00:54<00:44,  8.52it/s]
 45%|████▌     | 315/693 [00:54<00:44,  8.59it/s]
 46%|████▌     | 316/693 [00:54<00:59,  6.34it/s]
 46%|████▌     | 317/693 [00:54<00:54,  6.86it/s]
 46%|████▌     | 318/693 [00:54<00:51,  7.27it/s]
 46%|████▌     | 319/693 [00:54<00:48,  7.67it/s]
 46%|████▌     | 320/693 [00:55<00:49,  7.47it/s]
 46%|████▋     | 321/693 [00:55<01:45,  3.52it/s]
 46%|████▋     | 322/693 [00:55<01:29,  4.15it/s]
 47%|████▋     | 323/693 [00:55<01:17,  4.79it/s]
 47%|████▋     | 324/693 [00:56<01:08,  5.37it/s]
 47%|████▋     | 325/693 [00:56<01:02,  5.89it/s]
 47%|████▋     | 326/693 [00:56<00:58,  6.25it/s]
 47%|████▋     | 327/693 [00:56<00:56,  6.49it/s]
 47%|████▋     | 328/693 [00:56<00:54,  6.74it/s]
 47%|████▋     | 329/693 [00:57<01:36,  3.78it/s]
 48%|████▊     | 330/693 [00:57<01:21,  4.45it/s]
 48%|████▊     | 331/693 [00:57<01:09,  5.20it/s]
 48%|████▊     | 332/693 [00:57<01:55,  3.13it/s]
 48%|████▊     | 333/693 [00:58<01:33,  3.83it/s]
 48%|████▊     | 334/693 [00:58<01:19,  4.50it/s]
 48%|████▊     | 335/693 [00:58<01:08,  5.22it/s]
 48%|████▊     | 336/693 [00:58<01:01,  5.77it/s]
 49%|████▊     | 337/693 [00:58<00:55,  6.36it/s]
 49%|████▉     | 338/693 [00:58<00:53,  6.63it/s]
 49%|████▉     | 339/693 [00:58<00:50,  7.06it/s]
 49%|████▉     | 340/693 [00:59<01:21,  4.35it/s]
 49%|████▉     | 341/693 [00:59<01:09,  5.07it/s]
 49%|████▉     | 342/693 [00:59<01:02,  5.62it/s]
 49%|████▉     | 343/693 [01:00<03:03,  1.91it/s]
 50%|████▉     | 344/693 [01:01<02:20,  2.48it/s]
 50%|████▉     | 345/693 [01:01<01:49,  3.17it/s]
 50%|████▉     | 346/693 [01:01<01:28,  3.91it/s]
 50%|█████     | 347/693 [01:01<01:13,  4.68it/s]
 50%|█████     | 348/693 [01:01<01:03,  5.42it/s]
 50%|█████     | 349/693 [01:01<00:56,  6.11it/s]
 51%|█████     | 350/693 [01:01<00:52,  6.58it/s]
 51%|█████     | 351/693 [01:02<01:27,  3.93it/s]
 51%|█████     | 352/693 [01:02<01:14,  4.59it/s]
 51%|█████     | 353/693 [01:02<01:03,  5.32it/s]
 51%|█████     | 354/693 [01:02<00:57,  5.86it/s]
 51%|█████     | 355/693 [01:02<00:52,  6.45it/s]
 51%|█████▏    | 356/693 [01:02<00:49,  6.78it/s]
 52%|█████▏    | 357/693 [01:02<00:47,  7.11it/s]
 52%|█████▏    | 358/693 [01:03<00:46,  7.25it/s]
 52%|█████▏    | 359/693 [01:03<00:44,  7.57it/s]
 52%|█████▏    | 360/693 [01:03<00:44,  7.53it/s]
 52%|█████▏    | 361/693 [01:03<00:42,  7.73it/s]
 52%|█████▏    | 362/693 [01:03<00:43,  7.61it/s]
 52%|█████▏    | 363/693 [01:03<00:42,  7.84it/s]
 53%|█████▎    | 364/693 [01:03<00:42,  7.80it/s]
 53%|█████▎    | 365/693 [01:03<00:41,  7.95it/s]
 53%|█████▎    | 366/693 [01:04<00:41,  7.87it/s]
 53%|█████▎    | 367/693 [01:04<00:41,  7.82it/s]
 53%|█████▎    | 368/693 [01:04<00:41,  7.75it/s]
 53%|█████▎    | 369/693 [01:04<00:41,  7.81it/s]
 53%|█████▎    | 370/693 [01:04<00:41,  7.82it/s]
 54%|█████▎    | 371/693 [01:04<00:40,  7.95it/s]
 54%|█████▎    | 372/693 [01:04<00:40,  7.87it/s]
 54%|█████▍    | 373/693 [01:04<00:39,  8.03it/s]
 54%|█████▍    | 374/693 [01:05<00:41,  7.76it/s]
 54%|█████▍    | 375/693 [01:05<00:40,  7.88it/s]
 54%|█████▍    | 376/693 [01:05<00:42,  7.48it/s]
 54%|█████▍    | 377/693 [01:05<00:41,  7.69it/s]
 55%|█████▍    | 378/693 [01:05<00:41,  7.65it/s]
 55%|█████▍    | 379/693 [01:05<00:40,  7.81it/s]
 55%|█████▍    | 380/693 [01:05<00:40,  7.73it/s]
 55%|█████▍    | 381/693 [01:06<00:39,  7.89it/s]
 55%|█████▌    | 382/693 [01:06<00:39,  7.78it/s]
 55%|█████▌    | 383/693 [01:06<00:38,  7.99it/s]
 55%|█████▌    | 384/693 [01:06<00:58,  5.24it/s]
 56%|█████▌    | 385/693 [01:07<01:16,  4.05it/s]
 56%|█████▌    | 386/693 [01:07<01:05,  4.69it/s]
 56%|█████▌    | 387/693 [01:07<00:57,  5.34it/s]
 56%|█████▌    | 388/693 [01:07<00:52,  5.86it/s]
 56%|█████▌    | 389/693 [01:07<00:47,  6.41it/s]
 56%|█████▋    | 390/693 [01:07<00:45,  6.60it/s]
 56%|█████▋    | 391/693 [01:07<00:42,  7.07it/s]
 57%|█████▋    | 392/693 [01:07<00:42,  7.15it/s]
 57%|█████▋    | 393/693 [01:08<00:40,  7.33it/s]
 57%|█████▋    | 394/693 [01:08<00:39,  7.62it/s]
 57%|█████▋    | 395/693 [01:08<00:37,  7.96it/s]
 57%|█████▋    | 396/693 [01:08<00:36,  8.09it/s]
 57%|█████▋    | 397/693 [01:08<00:36,  8.15it/s]
 57%|█████▋    | 398/693 [01:08<00:36,  8.18it/s]
 58%|█████▊    | 399/693 [01:08<00:35,  8.39it/s]
 58%|█████▊    | 400/693 [01:08<00:34,  8.40it/s]
 58%|█████▊    | 401/693 [01:09<01:13,  3.95it/s]
 58%|█████▊    | 402/693 [01:09<01:03,  4.62it/s]
 58%|█████▊    | 403/693 [01:09<00:54,  5.34it/s]
 58%|█████▊    | 404/693 [01:09<00:49,  5.89it/s]
 58%|█████▊    | 405/693 [01:09<00:45,  6.39it/s]
 59%|█████▊    | 406/693 [01:10<00:43,  6.66it/s]
 59%|█████▊    | 407/693 [01:10<00:40,  7.11it/s]
 59%|█████▉    | 408/693 [01:10<00:39,  7.27it/s]
 59%|█████▉    | 409/693 [01:10<00:37,  7.50it/s]
 59%|█████▉    | 410/693 [01:10<00:37,  7.56it/s]
 59%|█████▉    | 411/693 [01:10<00:36,  7.72it/s]
 59%|█████▉    | 412/693 [01:10<00:36,  7.64it/s]
 60%|█████▉    | 413/693 [01:10<00:35,  7.82it/s]
 60%|█████▉    | 414/693 [01:11<00:35,  7.77it/s]
 60%|█████▉    | 415/693 [01:11<00:35,  7.92it/s]
 60%|██████    | 416/693 [01:11<00:35,  7.83it/s]
 60%|██████    | 417/693 [01:11<00:34,  7.96it/s]
 60%|██████    | 418/693 [01:11<00:35,  7.85it/s]
 60%|██████    | 419/693 [01:11<00:34,  7.97it/s]
 61%|██████    | 420/693 [01:11<00:34,  7.89it/s]
 61%|██████    | 421/693 [01:11<00:34,  7.97it/s]
 61%|██████    | 422/693 [01:12<00:34,  7.88it/s]
 61%|██████    | 423/693 [01:12<00:34,  7.92it/s]
 61%|██████    | 424/693 [01:12<00:46,  5.74it/s]
 61%|██████▏   | 425/693 [01:12<00:42,  6.24it/s]
 61%|██████▏   | 426/693 [01:13<01:06,  4.03it/s]
 62%|██████▏   | 427/693 [01:13<00:55,  4.77it/s]
 62%|██████▏   | 428/693 [01:13<00:49,  5.38it/s]
 62%|██████▏   | 429/693 [01:13<00:43,  6.04it/s]
 62%|██████▏   | 430/693 [01:13<00:41,  6.39it/s]
 62%|██████▏   | 431/693 [01:13<00:37,  6.94it/s]
 62%|██████▏   | 432/693 [01:13<00:36,  7.15it/s]
 62%|██████▏   | 433/693 [01:13<00:35,  7.43it/s]
 63%|██████▎   | 434/693 [01:14<00:35,  7.24it/s]
 63%|██████▎   | 435/693 [01:14<00:34,  7.50it/s]
 63%|██████▎   | 436/693 [01:14<00:34,  7.56it/s]
 63%|██████▎   | 437/693 [01:14<00:33,  7.74it/s]
 63%|██████▎   | 438/693 [01:14<00:33,  7.59it/s]
 63%|██████▎   | 439/693 [01:14<00:32,  7.79it/s]
 63%|██████▎   | 440/693 [01:14<00:33,  7.62it/s]
 64%|██████▎   | 441/693 [01:14<00:32,  7.70it/s]
 64%|██████▍   | 442/693 [01:15<00:33,  7.58it/s]
 64%|██████▍   | 443/693 [01:15<00:32,  7.79it/s]
 64%|██████▍   | 444/693 [01:15<00:32,  7.68it/s]
 64%|██████▍   | 445/693 [01:15<00:31,  7.78it/s]
 64%|██████▍   | 446/693 [01:15<00:39,  6.27it/s]
 65%|██████▍   | 447/693 [01:15<00:36,  6.78it/s]
 65%|██████▍   | 448/693 [01:15<00:35,  6.98it/s]
 65%|██████▍   | 449/693 [01:16<00:32,  7.41it/s]
 65%|██████▍   | 450/693 [01:16<00:32,  7.47it/s]
 65%|██████▌   | 451/693 [01:16<00:31,  7.73it/s]
 65%|██████▌   | 452/693 [01:16<00:31,  7.63it/s]
 65%|██████▌   | 453/693 [01:16<00:31,  7.72it/s]
 66%|██████▌   | 454/693 [01:17<00:52,  4.54it/s]
 66%|██████▌   | 455/693 [01:17<00:44,  5.31it/s]
 66%|██████▌   | 456/693 [01:17<00:40,  5.89it/s]
 66%|██████▌   | 457/693 [01:17<00:36,  6.54it/s]
 66%|██████▌   | 458/693 [01:17<00:33,  6.92it/s]
 66%|██████▌   | 459/693 [01:17<00:32,  7.27it/s]
 66%|██████▋   | 460/693 [01:17<00:31,  7.50it/s]
 67%|██████▋   | 461/693 [01:17<00:29,  7.85it/s]
 67%|██████▋   | 462/693 [01:18<00:44,  5.17it/s]
 67%|██████▋   | 463/693 [01:18<00:39,  5.82it/s]
 67%|██████▋   | 464/693 [01:18<01:10,  3.26it/s]
 67%|██████▋   | 465/693 [01:19<00:57,  3.99it/s]
 67%|██████▋   | 466/693 [01:19<00:48,  4.68it/s]
 67%|██████▋   | 467/693 [01:19<00:42,  5.37it/s]
 68%|██████▊   | 468/693 [01:19<00:38,  5.86it/s]
 68%|██████▊   | 469/693 [01:19<00:34,  6.43it/s]
 68%|██████▊   | 470/693 [01:19<00:33,  6.66it/s]
 68%|██████▊   | 471/693 [01:19<00:31,  7.10it/s]
 68%|██████▊   | 472/693 [01:19<00:30,  7.21it/s]
 68%|██████▊   | 473/693 [01:20<00:29,  7.53it/s]
 68%|██████▊   | 474/693 [01:20<00:29,  7.54it/s]
 69%|██████▊   | 475/693 [01:20<00:28,  7.75it/s]
 69%|██████▊   | 476/693 [01:20<00:27,  7.83it/s]
 69%|██████▉   | 477/693 [01:20<00:26,  8.09it/s]
 69%|██████▉   | 478/693 [01:20<00:27,  7.73it/s]
 69%|██████▉   | 479/693 [01:20<00:27,  7.91it/s]
 69%|██████▉   | 480/693 [01:21<00:32,  6.61it/s]
 69%|██████▉   | 481/693 [01:21<00:29,  7.08it/s]
 70%|██████▉   | 482/693 [01:21<00:29,  7.22it/s]
 70%|██████▉   | 483/693 [01:21<00:28,  7.47it/s]
 70%|██████▉   | 484/693 [01:21<00:27,  7.48it/s]
 70%|██████▉   | 485/693 [01:21<00:27,  7.65it/s]
 70%|███████   | 486/693 [01:21<00:27,  7.58it/s]
 70%|███████   | 487/693 [01:22<00:40,  5.05it/s]
 70%|███████   | 488/693 [01:22<00:43,  4.72it/s]
 71%|███████   | 489/693 [01:22<00:37,  5.47it/s]
 71%|███████   | 490/693 [01:22<00:34,  5.97it/s]
 71%|███████   | 491/693 [01:22<00:30,  6.69it/s]
 71%|███████   | 492/693 [01:22<00:28,  7.13it/s]
 71%|███████   | 493/693 [01:23<00:26,  7.48it/s]
 71%|███████▏  | 494/693 [01:23<00:25,  7.79it/s]
 71%|███████▏  | 495/693 [01:23<00:24,  8.00it/s]
 72%|███████▏  | 496/693 [01:23<00:24,  8.06it/s]
 72%|███████▏  | 497/693 [01:23<00:23,  8.22it/s]
 72%|███████▏  | 498/693 [01:23<00:23,  8.38it/s]
 72%|███████▏  | 499/693 [01:23<00:23,  8.38it/s]
 72%|███████▏  | 500/693 [01:23<00:22,  8.44it/s]
 72%|███████▏  | 501/693 [01:23<00:22,  8.57it/s]
 72%|███████▏  | 502/693 [01:24<00:22,  8.53it/s]
 73%|███████▎  | 503/693 [01:24<00:32,  5.88it/s]
 73%|███████▎  | 504/693 [01:24<00:29,  6.35it/s]
 73%|███████▎  | 505/693 [01:24<00:27,  6.81it/s]
 73%|███████▎  | 506/693 [01:25<00:50,  3.67it/s]
 73%|███████▎  | 507/693 [01:25<01:00,  3.08it/s]
 73%|███████▎  | 508/693 [01:25<00:49,  3.73it/s]
 73%|███████▎  | 509/693 [01:25<00:41,  4.47it/s]
 74%|███████▎  | 510/693 [01:26<00:35,  5.11it/s]
 74%|███████▎  | 511/693 [01:26<00:31,  5.78it/s]
 74%|███████▍  | 512/693 [01:26<00:28,  6.27it/s]
 74%|███████▍  | 513/693 [01:26<00:26,  6.81it/s]
 74%|███████▍  | 514/693 [01:26<00:25,  7.03it/s]
 74%|███████▍  | 515/693 [01:26<00:33,  5.29it/s]
 74%|███████▍  | 516/693 [01:26<00:30,  5.86it/s]
 75%|███████▍  | 517/693 [01:27<00:27,  6.46it/s]
 75%|███████▍  | 518/693 [01:27<00:25,  6.74it/s]
 75%|███████▍  | 519/693 [01:27<00:24,  7.15it/s]
 75%|███████▌  | 520/693 [01:27<00:23,  7.24it/s]
 75%|███████▌  | 521/693 [01:27<00:22,  7.51it/s]
 75%|███████▌  | 522/693 [01:27<00:23,  7.42it/s]
 75%|███████▌  | 523/693 [01:27<00:22,  7.67it/s]
 76%|███████▌  | 524/693 [01:27<00:23,  7.25it/s]
 76%|███████▌  | 525/693 [01:28<00:22,  7.52it/s]
 76%|███████▌  | 526/693 [01:28<00:22,  7.57it/s]
 76%|███████▌  | 527/693 [01:28<00:21,  7.79it/s]
 76%|███████▌  | 528/693 [01:28<00:21,  7.71it/s]
 76%|███████▋  | 529/693 [01:28<00:20,  7.92it/s]
 76%|███████▋  | 530/693 [01:28<00:21,  7.69it/s]
 77%|███████▋  | 531/693 [01:28<00:21,  7.53it/s]
 77%|███████▋  | 532/693 [01:29<00:46,  3.43it/s]
 77%|███████▋  | 533/693 [01:29<00:38,  4.16it/s]
 77%|███████▋  | 534/693 [01:29<00:32,  4.82it/s]
 77%|███████▋  | 535/693 [01:29<00:28,  5.48it/s]
 77%|███████▋  | 536/693 [01:30<00:26,  6.03it/s]
 77%|███████▋  | 537/693 [01:30<00:24,  6.44it/s]
 78%|███████▊  | 538/693 [01:30<00:23,  6.71it/s]
 78%|███████▊  | 539/693 [01:30<00:22,  6.85it/s]
 78%|███████▊  | 540/693 [01:30<00:22,  6.83it/s]
 78%|███████▊  | 541/693 [01:30<00:23,  6.40it/s]
 78%|███████▊  | 542/693 [01:30<00:22,  6.71it/s]
 78%|███████▊  | 543/693 [01:31<00:21,  7.09it/s]
 78%|███████▊  | 544/693 [01:31<00:20,  7.19it/s]
 79%|███████▊  | 545/693 [01:31<00:19,  7.49it/s]
 79%|███████▉  | 546/693 [01:31<00:19,  7.40it/s]
 79%|███████▉  | 547/693 [01:31<00:27,  5.23it/s]
 79%|███████▉  | 548/693 [01:31<00:25,  5.74it/s]
 79%|███████▉  | 549/693 [01:32<00:22,  6.30it/s]
 79%|███████▉  | 550/693 [01:32<00:21,  6.65it/s]
 80%|███████▉  | 551/693 [01:32<00:20,  7.08it/s]
 80%|███████▉  | 552/693 [01:32<00:32,  4.34it/s]
 80%|███████▉  | 553/693 [01:32<00:27,  5.08it/s]
 80%|███████▉  | 554/693 [01:32<00:24,  5.65it/s]
 80%|████████  | 555/693 [01:33<00:22,  6.12it/s]
 80%|████████  | 556/693 [01:33<00:21,  6.49it/s]
 80%|████████  | 557/693 [01:33<00:19,  6.97it/s]
 81%|████████  | 558/693 [01:33<00:18,  7.15it/s]
 81%|████████  | 559/693 [01:33<00:17,  7.46it/s]
 81%|████████  | 560/693 [01:33<00:18,  7.27it/s]
 81%|████████  | 561/693 [01:33<00:17,  7.53it/s]
 81%|████████  | 562/693 [01:33<00:17,  7.56it/s]
 81%|████████  | 563/693 [01:34<00:29,  4.43it/s]
 81%|████████▏ | 564/693 [01:34<00:25,  5.09it/s]
 82%|████████▏ | 565/693 [01:34<00:22,  5.72it/s]
 82%|████████▏ | 566/693 [01:34<00:20,  6.10it/s]
 82%|████████▏ | 567/693 [01:34<00:18,  6.69it/s]
 82%|████████▏ | 568/693 [01:35<00:17,  6.96it/s]
 82%|████████▏ | 569/693 [01:35<00:16,  7.33it/s]
 82%|████████▏ | 570/693 [01:35<00:16,  7.43it/s]
 82%|████████▏ | 571/693 [01:35<00:35,  3.47it/s]
 83%|████████▎ | 572/693 [01:36<00:28,  4.19it/s]
 83%|████████▎ | 573/693 [01:36<00:24,  4.92it/s]
 83%|████████▎ | 574/693 [01:36<00:21,  5.60it/s]
 83%|████████▎ | 575/693 [01:36<00:18,  6.27it/s]
 83%|████████▎ | 576/693 [01:36<00:17,  6.61it/s]
 83%|████████▎ | 577/693 [01:36<00:16,  6.96it/s]
 83%|████████▎ | 578/693 [01:36<00:16,  7.03it/s]
 84%|████████▎ | 579/693 [01:36<00:15,  7.42it/s]
 84%|████████▎ | 580/693 [01:37<00:15,  7.42it/s]
 84%|████████▍ | 581/693 [01:37<00:14,  7.69it/s]
 84%|████████▍ | 582/693 [01:37<00:14,  7.61it/s]
 84%|████████▍ | 583/693 [01:37<00:14,  7.61it/s]
 84%|████████▍ | 584/693 [01:37<00:14,  7.50it/s]
 84%|████████▍ | 585/693 [01:37<00:14,  7.49it/s]
 85%|████████▍ | 586/693 [01:37<00:14,  7.54it/s]
 85%|████████▍ | 587/693 [01:38<00:14,  7.11it/s]
 85%|████████▍ | 588/693 [01:38<00:26,  3.97it/s]
 85%|████████▍ | 589/693 [01:38<00:22,  4.69it/s]
 85%|████████▌ | 590/693 [01:38<00:19,  5.35it/s]
 85%|████████▌ | 591/693 [01:38<00:17,  5.99it/s]
 85%|████████▌ | 592/693 [01:39<00:16,  6.25it/s]
 86%|████████▌ | 593/693 [01:39<00:14,  6.68it/s]
 86%|████████▌ | 594/693 [01:39<00:14,  6.80it/s]
 86%|████████▌ | 595/693 [01:39<00:23,  4.18it/s]
 86%|████████▌ | 596/693 [01:39<00:20,  4.81it/s]
 86%|████████▌ | 597/693 [01:40<00:17,  5.48it/s]
 86%|████████▋ | 598/693 [01:40<00:15,  5.97it/s]
 86%|████████▋ | 599/693 [01:40<00:14,  6.49it/s]
 87%|████████▋ | 600/693 [01:40<00:13,  6.73it/s]
 87%|████████▋ | 601/693 [01:41<00:30,  3.00it/s]
 87%|████████▋ | 602/693 [01:41<00:24,  3.66it/s]
 87%|████████▋ | 603/693 [01:41<00:20,  4.40it/s]
 87%|████████▋ | 604/693 [01:41<00:17,  5.03it/s]
 87%|████████▋ | 605/693 [01:41<00:15,  5.68it/s]
 87%|████████▋ | 606/693 [01:41<00:14,  6.01it/s]
 88%|████████▊ | 607/693 [01:41<00:13,  6.52it/s]
 88%|████████▊ | 608/693 [01:42<00:12,  6.78it/s]
 88%|████████▊ | 609/693 [01:42<00:14,  5.66it/s]
 88%|████████▊ | 610/693 [01:42<00:13,  6.21it/s]
 88%|████████▊ | 611/693 [01:42<00:12,  6.75it/s]
 88%|████████▊ | 612/693 [01:42<00:11,  7.16it/s]
 88%|████████▊ | 613/693 [01:42<00:10,  7.58it/s]
 89%|████████▊ | 614/693 [01:42<00:10,  7.77it/s]
 89%|████████▊ | 615/693 [01:43<00:14,  5.31it/s]
 89%|████████▉ | 616/693 [01:43<00:13,  5.80it/s]
 89%|████████▉ | 617/693 [01:43<00:11,  6.41it/s]
 89%|████████▉ | 618/693 [01:43<00:10,  6.90it/s]
 89%|████████▉ | 619/693 [01:43<00:14,  5.25it/s]
 89%|████████▉ | 620/693 [01:44<00:12,  5.88it/s]
 90%|████████▉ | 621/693 [01:44<00:11,  6.51it/s]
 90%|████████▉ | 622/693 [01:44<00:10,  6.92it/s]
 90%|████████▉ | 623/693 [01:44<00:09,  7.28it/s]
 90%|█████████ | 624/693 [01:44<00:09,  7.62it/s]
 90%|█████████ | 625/693 [01:45<00:17,  3.81it/s]
 90%|█████████ | 626/693 [01:45<00:14,  4.52it/s]
 90%|█████████ | 627/693 [01:45<00:12,  5.30it/s]
 91%|█████████ | 628/693 [01:45<00:10,  5.96it/s]
 91%|█████████ | 629/693 [01:45<00:09,  6.60it/s]
 91%|█████████ | 630/693 [01:45<00:08,  7.06it/s]
 91%|█████████ | 631/693 [01:46<00:18,  3.39it/s]
 91%|█████████ | 632/693 [01:46<00:14,  4.12it/s]
 91%|█████████▏| 633/693 [01:46<00:12,  4.87it/s]
 91%|█████████▏| 634/693 [01:46<00:10,  5.60it/s]
 92%|█████████▏| 635/693 [01:46<00:09,  6.31it/s]
 92%|█████████▏| 636/693 [01:46<00:08,  6.83it/s]
 92%|█████████▏| 637/693 [01:47<00:07,  7.25it/s]
 92%|█████████▏| 638/693 [01:47<00:07,  7.56it/s]
 92%|█████████▏| 639/693 [01:47<00:08,  6.59it/s]
 92%|█████████▏| 640/693 [01:47<00:07,  7.03it/s]
 92%|█████████▏| 641/693 [01:47<00:08,  6.07it/s]
 93%|█████████▎| 642/693 [01:47<00:07,  6.61it/s]
 93%|█████████▎| 643/693 [01:47<00:06,  7.16it/s]
 93%|█████████▎| 644/693 [01:48<00:06,  7.45it/s]
 93%|█████████▎| 645/693 [01:48<00:06,  7.89it/s]
 93%|█████████▎| 646/693 [01:48<00:05,  8.03it/s]
 93%|█████████▎| 647/693 [01:48<00:12,  3.66it/s]
 94%|█████████▎| 648/693 [01:49<00:10,  4.34it/s]
 94%|█████████▎| 649/693 [01:49<00:15,  2.78it/s]
 94%|█████████▍| 650/693 [01:49<00:12,  3.47it/s]
 94%|█████████▍| 651/693 [01:49<00:09,  4.24it/s]
 94%|█████████▍| 652/693 [01:50<00:08,  4.99it/s]
 94%|█████████▍| 653/693 [01:50<00:06,  5.76it/s]
 94%|█████████▍| 654/693 [01:50<00:06,  6.37it/s]
 95%|█████████▍| 655/693 [01:50<00:05,  6.96it/s]
 95%|█████████▍| 656/693 [01:50<00:05,  7.37it/s]
 95%|█████████▍| 657/693 [01:50<00:04,  7.76it/s]
 95%|█████████▍| 658/693 [01:50<00:04,  7.97it/s]
 95%|█████████▌| 659/693 [01:50<00:04,  8.22it/s]
 95%|█████████▌| 660/693 [01:50<00:04,  8.23it/s]
 95%|█████████▌| 661/693 [01:51<00:03,  8.47it/s]
 96%|█████████▌| 662/693 [01:51<00:03,  8.52it/s]
 96%|█████████▌| 663/693 [01:51<00:03,  8.58it/s]
 96%|█████████▌| 664/693 [01:51<00:03,  8.55it/s]
 96%|█████████▌| 665/693 [01:51<00:03,  8.04it/s]
 96%|█████████▌| 666/693 [01:51<00:03,  7.17it/s]
 96%|█████████▌| 667/693 [01:52<00:04,  5.40it/s]
 96%|█████████▋| 668/693 [01:52<00:04,  6.00it/s]
 97%|█████████▋| 669/693 [01:52<00:03,  6.61it/s]
 97%|█████████▋| 670/693 [01:52<00:03,  7.03it/s]
 97%|█████████▋| 671/693 [01:52<00:02,  7.45it/s]
 97%|█████████▋| 672/693 [01:52<00:02,  7.73it/s]
 97%|█████████▋| 673/693 [01:52<00:02,  7.98it/s]
 97%|█████████▋| 674/693 [01:52<00:02,  8.11it/s]
 97%|█████████▋| 675/693 [01:53<00:03,  5.59it/s]
 98%|█████████▊| 676/693 [01:53<00:02,  6.17it/s]
 98%|█████████▊| 677/693 [01:53<00:02,  6.78it/s]
 98%|█████████▊| 678/693 [01:53<00:02,  7.27it/s]
 98%|█████████▊| 679/693 [01:53<00:01,  7.69it/s]
 98%|█████████▊| 680/693 [01:53<00:01,  7.87it/s]
 98%|█████████▊| 681/693 [01:53<00:01,  7.99it/s]
 98%|█████████▊| 682/693 [01:54<00:01,  8.11it/s]
 99%|█████████▊| 683/693 [01:54<00:01,  6.44it/s]
 99%|█████████▊| 684/693 [01:54<00:01,  6.91it/s]
 99%|█████████▉| 685/693 [01:54<00:01,  7.40it/s]
 99%|█████████▉| 686/693 [01:54<00:00,  7.67it/s]
 99%|█████████▉| 687/693 [01:54<00:00,  8.01it/s]
 99%|█████████▉| 688/693 [01:54<00:00,  8.12it/s]
 99%|█████████▉| 689/693 [01:54<00:00,  8.25it/s]
100%|█████████▉| 690/693 [01:55<00:00,  8.22it/s]
100%|█████████▉| 691/693 [01:56<00:00,  2.69it/s]
100%|█████████▉| 692/693 [01:56<00:00,  3.37it/s]
100%|██████████| 693/693 [01:56<00:00,  4.17it/s]
100%|██████████| 693/693 [01:56<00:00,  5.96it/s]
Training loss: 1.3235079414744741, KL loss: 0.7179847233008169, Sim loss: 0.00013881193869721498, Exo CLS loss: 0.6890683765502977, 
Noun sim loss: 0.11868250934463559, Part sim loss: 0.14848718453537335, Proto loss: 1.0860830596171072, Conc loss: 0.1221525940028104
learning rate:5e-05


  0%|          | 0/168 [00:00<?, ?it/s]
  1%|          | 1/168 [00:00<01:34,  1.76it/s]
  3%|▎         | 5/168 [00:00<00:25,  6.45it/s]
  5%|▌         | 9/168 [00:01<00:17,  9.11it/s]
  7%|▋         | 12/168 [00:01<00:13, 11.97it/s]
 10%|█         | 17/168 [00:01<00:16,  9.39it/s]
 13%|█▎        | 22/168 [00:02<00:10, 13.66it/s]
 15%|█▍        | 25/168 [00:02<00:13, 10.51it/s]
 16%|█▌        | 27/168 [00:02<00:13, 10.28it/s]
 19%|█▉        | 32/168 [00:02<00:09, 15.04it/s]
 21%|██▏       | 36/168 [00:03<00:07, 18.26it/s]
 24%|██▍       | 41/168 [00:03<00:05, 23.16it/s]
 27%|██▋       | 45/168 [00:03<00:04, 25.92it/s]
 30%|██▉       | 50/168 [00:03<00:04, 28.74it/s]
 33%|███▎      | 55/168 [00:03<00:03, 32.43it/s]
 35%|███▌      | 59/168 [00:03<00:04, 24.66it/s]
 38%|███▊      | 64/168 [00:03<00:03, 28.48it/s]
 40%|████      | 68/168 [00:04<00:03, 27.17it/s]
 43%|████▎     | 73/168 [00:04<00:03, 30.79it/s]
 46%|████▌     | 77/168 [00:04<00:02, 32.28it/s]
 48%|████▊     | 81/168 [00:04<00:02, 31.56it/s]
 51%|█████     | 85/168 [00:04<00:03, 21.83it/s]
 53%|█████▎    | 89/168 [00:04<00:03, 24.60it/s]
 55%|█████▌    | 93/168 [00:05<00:03, 20.80it/s]
 57%|█████▋    | 96/168 [00:05<00:04, 15.06it/s]
 61%|██████    | 102/168 [00:05<00:03, 20.98it/s]
 64%|██████▍   | 108/168 [00:05<00:02, 26.68it/s]
 67%|██████▋   | 113/168 [00:05<00:01, 29.89it/s]
 70%|███████   | 118/168 [00:05<00:01, 33.51it/s]
 73%|███████▎  | 123/168 [00:06<00:01, 35.77it/s]
 76%|███████▌  | 128/168 [00:06<00:01, 37.98it/s]
 79%|███████▉  | 133/168 [00:06<00:00, 38.47it/s]
 82%|████████▏ | 138/168 [00:06<00:00, 36.75it/s]
 86%|████████▌ | 144/168 [00:06<00:00, 40.46it/s]
 89%|████████▊ | 149/168 [00:06<00:00, 40.02it/s]
 92%|█████████▏| 154/168 [00:06<00:00, 41.84it/s]
 95%|█████████▍| 159/168 [00:07<00:00, 27.23it/s]
 97%|█████████▋| 163/168 [00:07<00:00, 25.54it/s]
100%|██████████| 168/168 [00:07<00:00, 22.27it/s]
Result on AGD: 
KLD=0.9284331798553467, SIM=0.48051440715789795, NSS=1.5262116193771362
noun sim: 0.11301054388639473, part sim: 0.14564176666594686
============Training Epoch 6============

  0%|          | 0/693 [00:00<?, ?it/s]/home/wyn/.conda/envs/clip-env/lib/python3.10/site-packages/torch/_tensor.py:1002: UserWarning: non-inplace resize is deprecated
  warnings.warn("non-inplace resize is deprecated")
/home/wyn/.conda/envs/clip-env/lib/python3.10/site-packages/torch/_tensor.py:1002: UserWarning: non-inplace resize is deprecated
  warnings.warn("non-inplace resize is deprecated")
/home/wyn/.conda/envs/clip-env/lib/python3.10/site-packages/torch/_tensor.py:1002: UserWarning: non-inplace resize is deprecated
  warnings.warn("non-inplace resize is deprecated")
/home/wyn/.conda/envs/clip-env/lib/python3.10/site-packages/torch/_tensor.py:1002: UserWarning: non-inplace resize is deprecated
  warnings.warn("non-inplace resize is deprecated")
/home/wyn/.conda/envs/clip-env/lib/python3.10/site-packages/torch/_tensor.py:1002: UserWarning: non-inplace resize is deprecated
  warnings.warn("non-inplace resize is deprecated")
/home/wyn/.conda/envs/clip-env/lib/python3.10/site-packages/torch/_tensor.py:1002: UserWarning: non-inplace resize is deprecated
  warnings.warn("non-inplace resize is deprecated")
/home/wyn/.conda/envs/clip-env/lib/python3.10/site-packages/torch/_tensor.py:1002: UserWarning: non-inplace resize is deprecated
  warnings.warn("non-inplace resize is deprecated")
/home/wyn/.conda/envs/clip-env/lib/python3.10/site-packages/torch/_tensor.py:1002: UserWarning: non-inplace resize is deprecated
  warnings.warn("non-inplace resize is deprecated")

  0%|          | 1/693 [00:01<17:36,  1.53s/it]
  0%|          | 2/693 [00:02<13:14,  1.15s/it]
  0%|          | 3/693 [00:02<07:49,  1.47it/s]
  1%|          | 4/693 [00:02<06:17,  1.83it/s]
  1%|          | 5/693 [00:03<04:31,  2.53it/s]
  1%|          | 6/693 [00:03<03:28,  3.29it/s]
  1%|          | 7/693 [00:03<02:47,  4.09it/s]
  1%|          | 8/693 [00:03<02:22,  4.80it/s]
  1%|▏         | 9/693 [00:03<02:03,  5.53it/s]
  1%|▏         | 10/693 [00:03<01:54,  5.97it/s]
  2%|▏         | 11/693 [00:03<01:48,  6.31it/s]
  2%|▏         | 12/693 [00:03<01:48,  6.27it/s]
  2%|▏         | 13/693 [00:04<01:41,  6.72it/s]
  2%|▏         | 14/693 [00:04<01:36,  7.04it/s]
  2%|▏         | 15/693 [00:04<01:32,  7.34it/s]
  2%|▏         | 16/693 [00:04<01:30,  7.50it/s]
  2%|▏         | 17/693 [00:04<01:27,  7.68it/s]
  3%|▎         | 18/693 [00:04<01:28,  7.59it/s]
  3%|▎         | 19/693 [00:05<03:27,  3.24it/s]
  3%|▎         | 20/693 [00:05<02:51,  3.92it/s]
  3%|▎         | 21/693 [00:05<02:24,  4.66it/s]
  3%|▎         | 22/693 [00:05<02:06,  5.32it/s]
  3%|▎         | 23/693 [00:05<01:49,  6.10it/s]
  3%|▎         | 24/693 [00:06<01:40,  6.65it/s]
  4%|▎         | 25/693 [00:06<01:32,  7.20it/s]
  4%|▍         | 26/693 [00:06<01:28,  7.51it/s]
  4%|▍         | 27/693 [00:06<01:27,  7.58it/s]
  4%|▍         | 28/693 [00:06<01:25,  7.80it/s]
  4%|▍         | 29/693 [00:06<01:23,  7.92it/s]
  4%|▍         | 30/693 [00:06<01:23,  7.98it/s]
  4%|▍         | 31/693 [00:06<01:20,  8.19it/s]
  5%|▍         | 32/693 [00:06<01:21,  8.15it/s]
  5%|▍         | 33/693 [00:07<01:18,  8.42it/s]
  5%|▍         | 34/693 [00:07<01:18,  8.39it/s]
  5%|▌         | 35/693 [00:07<01:20,  8.19it/s]
  5%|▌         | 36/693 [00:07<01:19,  8.25it/s]
  5%|▌         | 37/693 [00:07<01:18,  8.39it/s]
  5%|▌         | 38/693 [00:07<01:21,  8.02it/s]
  6%|▌         | 39/693 [00:07<01:19,  8.25it/s]
  6%|▌         | 40/693 [00:08<04:16,  2.55it/s]
  6%|▌         | 41/693 [00:08<03:22,  3.22it/s]
  6%|▌         | 42/693 [00:09<02:45,  3.94it/s]
  6%|▌         | 43/693 [00:09<02:17,  4.72it/s]
  6%|▋         | 44/693 [00:09<01:59,  5.42it/s]
  6%|▋         | 45/693 [00:09<01:46,  6.08it/s]
  7%|▋         | 46/693 [00:09<01:37,  6.61it/s]
  7%|▋         | 47/693 [00:09<01:32,  6.96it/s]
  7%|▋         | 48/693 [00:10<02:28,  4.35it/s]
  7%|▋         | 49/693 [00:10<02:06,  5.08it/s]
  7%|▋         | 50/693 [00:10<01:56,  5.51it/s]
  7%|▋         | 51/693 [00:10<01:45,  6.09it/s]
  8%|▊         | 52/693 [00:10<01:38,  6.48it/s]
  8%|▊         | 53/693 [00:10<01:32,  6.93it/s]
  8%|▊         | 54/693 [00:10<01:31,  7.01it/s]
  8%|▊         | 55/693 [00:11<01:27,  7.33it/s]
  8%|▊         | 56/693 [00:11<03:29,  3.04it/s]
  8%|▊         | 57/693 [00:11<02:48,  3.77it/s]
  8%|▊         | 58/693 [00:12<02:20,  4.50it/s]
  9%|▊         | 59/693 [00:12<01:59,  5.31it/s]
  9%|▊         | 60/693 [00:12<01:49,  5.77it/s]
  9%|▉         | 61/693 [00:12<01:40,  6.29it/s]
  9%|▉         | 62/693 [00:12<01:41,  6.23it/s]
  9%|▉         | 63/693 [00:12<01:35,  6.62it/s]
  9%|▉         | 64/693 [00:12<01:33,  6.70it/s]
  9%|▉         | 65/693 [00:12<01:29,  7.01it/s]
 10%|▉         | 66/693 [00:13<01:28,  7.09it/s]
 10%|▉         | 67/693 [00:13<01:25,  7.29it/s]
 10%|▉         | 68/693 [00:13<01:26,  7.24it/s]
 10%|▉         | 69/693 [00:13<01:23,  7.51it/s]
 10%|█         | 70/693 [00:13<01:23,  7.44it/s]
 10%|█         | 71/693 [00:13<01:21,  7.65it/s]
 10%|█         | 72/693 [00:13<01:26,  7.18it/s]
 11%|█         | 73/693 [00:14<01:22,  7.49it/s]
 11%|█         | 74/693 [00:14<01:22,  7.55it/s]
 11%|█         | 75/693 [00:14<01:19,  7.78it/s]
 11%|█         | 76/693 [00:14<01:18,  7.81it/s]
 11%|█         | 77/693 [00:14<01:17,  7.94it/s]
 11%|█▏        | 78/693 [00:14<01:22,  7.46it/s]
 11%|█▏        | 79/693 [00:14<01:19,  7.68it/s]
 12%|█▏        | 80/693 [00:15<03:46,  2.70it/s]
 12%|█▏        | 81/693 [00:15<03:00,  3.39it/s]
 12%|█▏        | 82/693 [00:16<02:30,  4.05it/s]
 12%|█▏        | 83/693 [00:16<02:07,  4.77it/s]
 12%|█▏        | 84/693 [00:16<01:56,  5.25it/s]
 12%|█▏        | 85/693 [00:16<01:43,  5.90it/s]
 12%|█▏        | 86/693 [00:16<01:36,  6.30it/s]
 13%|█▎        | 87/693 [00:17<05:12,  1.94it/s]
 13%|█▎        | 88/693 [00:18<04:01,  2.51it/s]
 13%|█▎        | 89/693 [00:18<03:11,  3.16it/s]
 13%|█▎        | 90/693 [00:18<02:36,  3.86it/s]
 13%|█▎        | 91/693 [00:18<02:11,  4.59it/s]
 13%|█▎        | 92/693 [00:18<01:54,  5.23it/s]
 13%|█▎        | 93/693 [00:18<01:42,  5.86it/s]
 14%|█▎        | 94/693 [00:18<01:36,  6.24it/s]
 14%|█▎        | 95/693 [00:19<03:36,  2.76it/s]
 14%|█▍        | 96/693 [00:19<02:55,  3.41it/s]
 14%|█▍        | 97/693 [00:19<02:24,  4.13it/s]
 14%|█▍        | 98/693 [00:19<02:05,  4.76it/s]
 14%|█▍        | 99/693 [00:20<01:49,  5.41it/s]
 14%|█▍        | 100/693 [00:20<01:40,  5.87it/s]
 15%|█▍        | 101/693 [00:20<01:32,  6.40it/s]
 15%|█▍        | 102/693 [00:20<01:27,  6.72it/s]
 15%|█▍        | 103/693 [00:21<03:41,  2.66it/s]
 15%|█▌        | 104/693 [00:21<03:01,  3.25it/s]
 15%|█▌        | 105/693 [00:21<02:29,  3.94it/s]
 15%|█▌        | 106/693 [00:21<02:07,  4.60it/s]
 15%|█▌        | 107/693 [00:21<01:49,  5.33it/s]
 16%|█▌        | 108/693 [00:22<01:39,  5.86it/s]
 16%|█▌        | 109/693 [00:22<01:30,  6.43it/s]
 16%|█▌        | 110/693 [00:22<01:26,  6.76it/s]
 16%|█▌        | 111/693 [00:22<01:24,  6.88it/s]
 16%|█▌        | 112/693 [00:22<01:21,  7.09it/s]
 16%|█▋        | 113/693 [00:22<01:18,  7.39it/s]
 16%|█▋        | 114/693 [00:22<01:17,  7.47it/s]
 17%|█▋        | 115/693 [00:22<01:15,  7.69it/s]
 17%|█▋        | 116/693 [00:23<01:14,  7.72it/s]
 17%|█▋        | 117/693 [00:23<01:13,  7.86it/s]
 17%|█▋        | 118/693 [00:23<01:22,  6.98it/s]
 17%|█▋        | 119/693 [00:23<01:19,  7.24it/s]
 17%|█▋        | 120/693 [00:23<01:17,  7.35it/s]
 17%|█▋        | 121/693 [00:23<01:15,  7.59it/s]
 18%|█▊        | 122/693 [00:23<01:15,  7.61it/s]
 18%|█▊        | 123/693 [00:24<01:13,  7.80it/s]
 18%|█▊        | 124/693 [00:24<01:13,  7.76it/s]
 18%|█▊        | 125/693 [00:24<01:12,  7.88it/s]
 18%|█▊        | 126/693 [00:24<01:16,  7.41it/s]
 18%|█▊        | 127/693 [00:24<01:15,  7.50it/s]
 18%|█▊        | 128/693 [00:24<01:15,  7.45it/s]
 19%|█▊        | 129/693 [00:24<01:13,  7.68it/s]
 19%|█▉        | 130/693 [00:24<01:13,  7.68it/s]
 19%|█▉        | 131/693 [00:25<01:11,  7.82it/s]
 19%|█▉        | 132/693 [00:25<01:11,  7.81it/s]
 19%|█▉        | 133/693 [00:25<01:10,  7.99it/s]
 19%|█▉        | 134/693 [00:25<01:13,  7.56it/s]
 19%|█▉        | 135/693 [00:26<02:43,  3.42it/s]
 20%|█▉        | 136/693 [00:26<02:14,  4.14it/s]
 20%|█▉        | 137/693 [00:26<01:53,  4.89it/s]
 20%|█▉        | 138/693 [00:26<01:40,  5.50it/s]
 20%|██        | 139/693 [00:26<01:30,  6.14it/s]
 20%|██        | 140/693 [00:26<01:24,  6.54it/s]
 20%|██        | 141/693 [00:26<01:19,  6.98it/s]
 20%|██        | 142/693 [00:27<01:22,  6.68it/s]
 21%|██        | 143/693 [00:27<01:43,  5.32it/s]
 21%|██        | 144/693 [00:27<01:33,  5.86it/s]
 21%|██        | 145/693 [00:27<01:25,  6.44it/s]
 21%|██        | 146/693 [00:27<01:21,  6.75it/s]
 21%|██        | 147/693 [00:27<01:15,  7.23it/s]
 21%|██▏       | 148/693 [00:27<01:14,  7.30it/s]
 22%|██▏       | 149/693 [00:28<01:11,  7.58it/s]
 22%|██▏       | 150/693 [00:28<01:11,  7.60it/s]
 22%|██▏       | 151/693 [00:28<01:11,  7.59it/s]
 22%|██▏       | 152/693 [00:28<01:09,  7.74it/s]
 22%|██▏       | 153/693 [00:28<01:35,  5.63it/s]
 22%|██▏       | 154/693 [00:28<01:27,  6.13it/s]
 22%|██▏       | 155/693 [00:28<01:20,  6.69it/s]
 23%|██▎       | 156/693 [00:29<01:17,  6.94it/s]
 23%|██▎       | 157/693 [00:29<03:09,  2.82it/s]
 23%|██▎       | 158/693 [00:30<02:34,  3.47it/s]
 23%|██▎       | 159/693 [00:30<02:06,  4.21it/s]
 23%|██▎       | 160/693 [00:30<01:49,  4.87it/s]
 23%|██▎       | 161/693 [00:30<01:35,  5.55it/s]
 23%|██▎       | 162/693 [00:30<01:27,  6.08it/s]
 24%|██▎       | 163/693 [00:30<01:20,  6.59it/s]
 24%|██▎       | 164/693 [00:30<01:16,  6.89it/s]
 24%|██▍       | 165/693 [00:30<01:12,  7.26it/s]
 24%|██▍       | 166/693 [00:31<01:12,  7.22it/s]
 24%|██▍       | 167/693 [00:31<01:11,  7.38it/s]
 24%|██▍       | 168/693 [00:31<01:10,  7.45it/s]
 24%|██▍       | 169/693 [00:32<03:10,  2.75it/s]
 25%|██▍       | 170/693 [00:32<02:33,  3.40it/s]
 25%|██▍       | 171/693 [00:32<02:06,  4.12it/s]
 25%|██▍       | 172/693 [00:32<01:49,  4.77it/s]
 25%|██▍       | 173/693 [00:33<02:18,  3.76it/s]
 25%|██▌       | 174/693 [00:33<01:57,  4.44it/s]
 25%|██▌       | 175/693 [00:33<01:40,  5.18it/s]
 25%|██▌       | 176/693 [00:33<01:30,  5.72it/s]
 26%|██▌       | 177/693 [00:33<01:21,  6.33it/s]
 26%|██▌       | 178/693 [00:33<01:17,  6.64it/s]
 26%|██▌       | 179/693 [00:33<01:13,  6.99it/s]
 26%|██▌       | 180/693 [00:33<01:11,  7.15it/s]
 26%|██▌       | 181/693 [00:34<01:09,  7.40it/s]
 26%|██▋       | 182/693 [00:34<01:09,  7.38it/s]
 26%|██▋       | 183/693 [00:34<01:07,  7.57it/s]
 27%|██▋       | 184/693 [00:34<01:06,  7.60it/s]
 27%|██▋       | 185/693 [00:34<01:05,  7.73it/s]
 27%|██▋       | 186/693 [00:34<01:05,  7.72it/s]
 27%|██▋       | 187/693 [00:35<02:44,  3.07it/s]
 27%|██▋       | 188/693 [00:35<02:15,  3.73it/s]
 27%|██▋       | 189/693 [00:35<01:52,  4.49it/s]
 27%|██▋       | 190/693 [00:35<01:38,  5.12it/s]
 28%|██▊       | 191/693 [00:35<01:27,  5.75it/s]
 28%|██▊       | 192/693 [00:36<01:20,  6.21it/s]
 28%|██▊       | 193/693 [00:36<01:13,  6.77it/s]
 28%|██▊       | 194/693 [00:36<01:11,  7.01it/s]
 28%|██▊       | 195/693 [00:36<01:08,  7.26it/s]
 28%|██▊       | 196/693 [00:36<01:07,  7.40it/s]
 28%|██▊       | 197/693 [00:36<01:04,  7.65it/s]
 29%|██▊       | 198/693 [00:36<01:04,  7.66it/s]
 29%|██▊       | 199/693 [00:37<01:03,  7.81it/s]
 29%|██▉       | 200/693 [00:37<01:04,  7.70it/s]
 29%|██▉       | 201/693 [00:37<01:02,  7.89it/s]
 29%|██▉       | 202/693 [00:37<01:02,  7.80it/s]
 29%|██▉       | 203/693 [00:37<01:48,  4.53it/s]
 29%|██▉       | 204/693 [00:37<01:35,  5.14it/s]
 30%|██▉       | 205/693 [00:38<01:24,  5.77it/s]
 30%|██▉       | 206/693 [00:38<01:18,  6.21it/s]
 30%|██▉       | 207/693 [00:38<01:11,  6.80it/s]
 30%|███       | 208/693 [00:38<01:10,  6.92it/s]
 30%|███       | 209/693 [00:38<01:06,  7.24it/s]
 30%|███       | 210/693 [00:39<02:47,  2.89it/s]
 30%|███       | 211/693 [00:39<02:14,  3.58it/s]
 31%|███       | 212/693 [00:39<01:52,  4.28it/s]
 31%|███       | 213/693 [00:39<01:36,  4.96it/s]
 31%|███       | 214/693 [00:39<01:26,  5.54it/s]
 31%|███       | 215/693 [00:40<01:18,  6.12it/s]
 31%|███       | 216/693 [00:40<01:13,  6.52it/s]
 31%|███▏      | 217/693 [00:40<01:08,  6.91it/s]
 31%|███▏      | 218/693 [00:40<01:08,  6.95it/s]
 32%|███▏      | 219/693 [00:40<01:05,  7.24it/s]
 32%|███▏      | 220/693 [00:40<01:06,  7.08it/s]
 32%|███▏      | 221/693 [00:40<01:07,  7.04it/s]
 32%|███▏      | 222/693 [00:41<01:06,  7.08it/s]
 32%|███▏      | 223/693 [00:41<01:04,  7.28it/s]
 32%|███▏      | 224/693 [00:41<01:04,  7.23it/s]
 32%|███▏      | 225/693 [00:41<01:03,  7.32it/s]
 33%|███▎      | 226/693 [00:41<01:02,  7.44it/s]
 33%|███▎      | 227/693 [00:41<00:59,  7.82it/s]
 33%|███▎      | 228/693 [00:41<00:58,  7.98it/s]
 33%|███▎      | 229/693 [00:41<01:05,  7.03it/s]
 33%|███▎      | 230/693 [00:42<01:04,  7.20it/s]
 33%|███▎      | 231/693 [00:42<01:01,  7.51it/s]
 33%|███▎      | 232/693 [00:42<01:01,  7.56it/s]
 34%|███▎      | 233/693 [00:42<00:59,  7.75it/s]
 34%|███▍      | 234/693 [00:42<00:59,  7.66it/s]
 34%|███▍      | 235/693 [00:42<00:58,  7.89it/s]
 34%|███▍      | 236/693 [00:42<00:59,  7.67it/s]
 34%|███▍      | 237/693 [00:42<01:01,  7.41it/s]
 34%|███▍      | 238/693 [00:43<01:01,  7.46it/s]
 34%|███▍      | 239/693 [00:43<00:59,  7.62it/s]
 35%|███▍      | 240/693 [00:43<01:00,  7.47it/s]
 35%|███▍      | 241/693 [00:43<00:59,  7.65it/s]
 35%|███▍      | 242/693 [00:43<00:59,  7.54it/s]
 35%|███▌      | 243/693 [00:43<00:59,  7.59it/s]
 35%|███▌      | 244/693 [00:43<00:59,  7.49it/s]
 35%|███▌      | 245/693 [00:44<01:01,  7.25it/s]
 35%|███▌      | 246/693 [00:44<01:00,  7.40it/s]
 36%|███▌      | 247/693 [00:44<00:58,  7.65it/s]
 36%|███▌      | 248/693 [00:44<00:58,  7.64it/s]
 36%|███▌      | 249/693 [00:44<00:56,  7.85it/s]
 36%|███▌      | 250/693 [00:44<00:55,  7.93it/s]
 36%|███▌      | 251/693 [00:44<00:57,  7.69it/s]
 36%|███▋      | 252/693 [00:44<00:57,  7.63it/s]
 37%|███▋      | 253/693 [00:45<00:55,  7.91it/s]
 37%|███▋      | 254/693 [00:45<00:54,  8.08it/s]
 37%|███▋      | 255/693 [00:45<00:52,  8.36it/s]
 37%|███▋      | 256/693 [00:45<00:52,  8.37it/s]
 37%|███▋      | 257/693 [00:45<00:51,  8.50it/s]
 37%|███▋      | 258/693 [00:46<02:07,  3.41it/s]
 37%|███▋      | 259/693 [00:46<01:44,  4.16it/s]
 38%|███▊      | 260/693 [00:46<01:27,  4.92it/s]
 38%|███▊      | 261/693 [00:46<01:15,  5.71it/s]
 38%|███▊      | 262/693 [00:46<01:08,  6.31it/s]
 38%|███▊      | 263/693 [00:46<01:02,  6.90it/s]
 38%|███▊      | 264/693 [00:46<00:58,  7.31it/s]
 38%|███▊      | 265/693 [00:47<00:55,  7.75it/s]
 38%|███▊      | 266/693 [00:47<00:57,  7.38it/s]
 39%|███▊      | 267/693 [00:47<01:15,  5.64it/s]
 39%|███▊      | 268/693 [00:47<01:09,  6.11it/s]
 39%|███▉      | 269/693 [00:47<01:02,  6.76it/s]
 39%|███▉      | 270/693 [00:47<00:58,  7.22it/s]
 39%|███▉      | 271/693 [00:47<00:54,  7.76it/s]
 39%|███▉      | 272/693 [00:48<00:55,  7.65it/s]
 39%|███▉      | 273/693 [00:48<00:53,  7.85it/s]
 40%|███▉      | 274/693 [00:48<00:54,  7.71it/s]
 40%|███▉      | 275/693 [00:48<00:54,  7.69it/s]
 40%|███▉      | 276/693 [00:48<00:53,  7.74it/s]
 40%|███▉      | 277/693 [00:49<01:50,  3.78it/s]
 40%|████      | 278/693 [00:49<01:34,  4.39it/s]
 40%|████      | 279/693 [00:49<01:21,  5.06it/s]
 40%|████      | 280/693 [00:49<01:14,  5.55it/s]
 41%|████      | 281/693 [00:49<01:08,  6.06it/s]
 41%|████      | 282/693 [00:49<01:04,  6.36it/s]
 41%|████      | 283/693 [00:49<01:04,  6.33it/s]
 41%|████      | 284/693 [00:50<01:03,  6.48it/s]
 41%|████      | 285/693 [00:50<02:26,  2.79it/s]
 41%|████▏     | 286/693 [00:51<01:59,  3.40it/s]
 41%|████▏     | 287/693 [00:51<01:39,  4.07it/s]
 42%|████▏     | 288/693 [00:51<01:26,  4.67it/s]
 42%|████▏     | 289/693 [00:51<01:15,  5.32it/s]
 42%|████▏     | 290/693 [00:51<01:10,  5.75it/s]
 42%|████▏     | 291/693 [00:51<01:03,  6.33it/s]
 42%|████▏     | 292/693 [00:51<01:00,  6.59it/s]
 42%|████▏     | 293/693 [00:52<00:59,  6.75it/s]
 42%|████▏     | 294/693 [00:52<00:59,  6.68it/s]
 43%|████▎     | 295/693 [00:52<00:57,  6.98it/s]
 43%|████▎     | 296/693 [00:52<00:56,  6.97it/s]
 43%|████▎     | 297/693 [00:53<01:49,  3.61it/s]
 43%|████▎     | 298/693 [00:53<01:33,  4.21it/s]
 43%|████▎     | 299/693 [00:53<01:21,  4.86it/s]
 43%|████▎     | 300/693 [00:53<01:12,  5.39it/s]
 43%|████▎     | 301/693 [00:53<01:05,  5.94it/s]
 44%|████▎     | 302/693 [00:53<01:02,  6.28it/s]
 44%|████▎     | 303/693 [00:53<00:58,  6.66it/s]
 44%|████▍     | 304/693 [00:54<00:57,  6.75it/s]
 44%|████▍     | 305/693 [00:54<00:56,  6.85it/s]
 44%|████▍     | 306/693 [00:54<00:55,  6.97it/s]
 44%|████▍     | 307/693 [00:54<00:52,  7.29it/s]
 44%|████▍     | 308/693 [00:54<00:52,  7.35it/s]
 45%|████▍     | 309/693 [00:54<00:52,  7.33it/s]
 45%|████▍     | 310/693 [00:54<00:52,  7.33it/s]
 45%|████▍     | 311/693 [00:54<00:50,  7.53it/s]
 45%|████▌     | 312/693 [00:55<00:51,  7.44it/s]
 45%|████▌     | 313/693 [00:55<01:06,  5.72it/s]
 45%|████▌     | 314/693 [00:55<01:01,  6.17it/s]
 45%|████▌     | 315/693 [00:55<00:56,  6.71it/s]
 46%|████▌     | 316/693 [00:55<00:54,  6.94it/s]
 46%|████▌     | 317/693 [00:55<00:51,  7.27it/s]
 46%|████▌     | 318/693 [00:56<00:51,  7.30it/s]
 46%|████▌     | 319/693 [00:56<00:49,  7.50it/s]
 46%|████▌     | 320/693 [00:56<00:48,  7.62it/s]
 46%|████▋     | 321/693 [00:56<00:47,  7.88it/s]
 46%|████▋     | 322/693 [00:56<00:46,  8.04it/s]
 47%|████▋     | 323/693 [00:56<01:04,  5.75it/s]
 47%|████▋     | 324/693 [00:56<00:58,  6.31it/s]
 47%|████▋     | 325/693 [00:57<00:53,  6.88it/s]
 47%|████▋     | 326/693 [00:57<00:50,  7.27it/s]
 47%|████▋     | 327/693 [00:57<00:47,  7.68it/s]
 47%|████▋     | 328/693 [00:57<00:46,  7.89it/s]
 47%|████▋     | 329/693 [00:57<00:44,  8.16it/s]
 48%|████▊     | 330/693 [00:57<00:44,  8.18it/s]
 48%|████▊     | 331/693 [00:57<00:43,  8.36it/s]
 48%|████▊     | 332/693 [00:57<00:43,  8.34it/s]
 48%|████▊     | 333/693 [00:58<01:22,  4.38it/s]
 48%|████▊     | 334/693 [00:58<01:12,  4.98it/s]
 48%|████▊     | 335/693 [00:58<01:03,  5.66it/s]
 48%|████▊     | 336/693 [00:58<00:57,  6.18it/s]
 49%|████▊     | 337/693 [00:58<00:52,  6.72it/s]
 49%|████▉     | 338/693 [00:58<00:50,  7.00it/s]
 49%|████▉     | 339/693 [00:59<00:52,  6.75it/s]
 49%|████▉     | 340/693 [00:59<00:50,  6.95it/s]
 49%|████▉     | 341/693 [01:00<02:39,  2.20it/s]
 49%|████▉     | 342/693 [01:00<02:05,  2.79it/s]
 49%|████▉     | 343/693 [01:00<01:40,  3.49it/s]
 50%|████▉     | 344/693 [01:00<01:23,  4.18it/s]
 50%|████▉     | 345/693 [01:00<01:11,  4.89it/s]
 50%|████▉     | 346/693 [01:01<01:03,  5.45it/s]
 50%|█████     | 347/693 [01:01<00:57,  6.06it/s]
 50%|█████     | 348/693 [01:01<00:53,  6.48it/s]
 50%|█████     | 349/693 [01:01<00:49,  6.95it/s]
 51%|█████     | 350/693 [01:01<00:48,  7.14it/s]
 51%|█████     | 351/693 [01:01<00:46,  7.43it/s]
 51%|█████     | 352/693 [01:01<00:45,  7.47it/s]
 51%|█████     | 353/693 [01:01<00:44,  7.70it/s]
 51%|█████     | 354/693 [01:02<00:44,  7.60it/s]
 51%|█████     | 355/693 [01:02<01:08,  4.95it/s]
 51%|█████▏    | 356/693 [01:02<01:01,  5.52it/s]
 52%|█████▏    | 357/693 [01:02<00:54,  6.15it/s]
 52%|█████▏    | 358/693 [01:02<00:51,  6.56it/s]
 52%|█████▏    | 359/693 [01:02<00:47,  6.97it/s]
 52%|█████▏    | 360/693 [01:03<00:47,  7.04it/s]
 52%|█████▏    | 361/693 [01:03<00:44,  7.40it/s]
 52%|█████▏    | 362/693 [01:03<00:44,  7.45it/s]
 52%|█████▏    | 363/693 [01:03<01:32,  3.58it/s]
 53%|█████▎    | 364/693 [01:04<01:17,  4.27it/s]
 53%|█████▎    | 365/693 [01:04<01:05,  4.98it/s]
 53%|█████▎    | 366/693 [01:04<00:58,  5.57it/s]
 53%|█████▎    | 367/693 [01:04<00:52,  6.16it/s]
 53%|█████▎    | 368/693 [01:04<00:49,  6.55it/s]
 53%|█████▎    | 369/693 [01:04<00:47,  6.84it/s]
 53%|█████▎    | 370/693 [01:04<00:45,  7.04it/s]
 54%|█████▎    | 371/693 [01:05<00:48,  6.64it/s]
 54%|█████▎    | 372/693 [01:05<00:46,  6.85it/s]
 54%|█████▍    | 373/693 [01:05<00:44,  7.23it/s]
 54%|█████▍    | 374/693 [01:05<00:43,  7.34it/s]
 54%|█████▍    | 375/693 [01:05<00:42,  7.55it/s]
 54%|█████▍    | 376/693 [01:05<00:41,  7.58it/s]
 54%|█████▍    | 377/693 [01:05<00:40,  7.76it/s]
 55%|█████▍    | 378/693 [01:05<00:41,  7.63it/s]
 55%|█████▍    | 379/693 [01:06<02:00,  2.61it/s]
 55%|█████▍    | 380/693 [01:07<01:36,  3.24it/s]
 55%|█████▍    | 381/693 [01:07<01:17,  4.01it/s]
 55%|█████▌    | 382/693 [01:07<01:05,  4.77it/s]
 55%|█████▌    | 383/693 [01:07<00:56,  5.52it/s]
 55%|█████▌    | 384/693 [01:07<00:50,  6.16it/s]
 56%|█████▌    | 385/693 [01:07<00:45,  6.82it/s]
 56%|█████▌    | 386/693 [01:07<00:44,  6.93it/s]
 56%|█████▌    | 387/693 [01:08<02:24,  2.12it/s]
 56%|█████▌    | 388/693 [01:09<01:52,  2.71it/s]
 56%|█████▌    | 389/693 [01:09<01:28,  3.42it/s]
 56%|█████▋    | 390/693 [01:09<01:12,  4.15it/s]
 56%|█████▋    | 391/693 [01:09<01:00,  4.97it/s]
 57%|█████▋    | 392/693 [01:09<00:53,  5.64it/s]
 57%|█████▋    | 393/693 [01:09<00:46,  6.41it/s]
 57%|█████▋    | 394/693 [01:09<00:43,  6.92it/s]
 57%|█████▋    | 395/693 [01:09<00:40,  7.34it/s]
 57%|█████▋    | 396/693 [01:10<00:38,  7.65it/s]
 57%|█████▋    | 397/693 [01:10<00:37,  7.96it/s]
 57%|█████▋    | 398/693 [01:10<00:36,  8.16it/s]
 58%|█████▊    | 399/693 [01:10<00:35,  8.32it/s]
 58%|█████▊    | 400/693 [01:10<00:35,  8.35it/s]
 58%|█████▊    | 401/693 [01:10<00:34,  8.55it/s]
 58%|█████▊    | 402/693 [01:10<00:34,  8.50it/s]
 58%|█████▊    | 403/693 [01:10<00:36,  7.93it/s]
 58%|█████▊    | 404/693 [01:10<00:36,  7.85it/s]
 58%|█████▊    | 405/693 [01:11<00:35,  8.15it/s]
 59%|█████▊    | 406/693 [01:11<00:35,  8.02it/s]
 59%|█████▊    | 407/693 [01:11<00:35,  8.09it/s]
 59%|█████▉    | 408/693 [01:11<00:35,  7.94it/s]
 59%|█████▉    | 409/693 [01:11<00:36,  7.85it/s]
 59%|█████▉    | 410/693 [01:11<00:36,  7.77it/s]
 59%|█████▉    | 411/693 [01:12<00:46,  6.02it/s]
 59%|█████▉    | 412/693 [01:12<01:17,  3.61it/s]
 60%|█████▉    | 413/693 [01:12<01:04,  4.34it/s]
 60%|█████▉    | 414/693 [01:12<00:55,  5.01it/s]
 60%|█████▉    | 415/693 [01:12<00:48,  5.68it/s]
 60%|██████    | 416/693 [01:13<00:44,  6.18it/s]
 60%|██████    | 417/693 [01:13<00:41,  6.60it/s]
 60%|██████    | 418/693 [01:13<00:39,  6.89it/s]
 60%|██████    | 419/693 [01:13<00:37,  7.25it/s]
 61%|██████    | 420/693 [01:13<00:37,  7.26it/s]
 61%|██████    | 421/693 [01:13<00:36,  7.54it/s]
 61%|██████    | 422/693 [01:13<00:36,  7.48it/s]
 61%|██████    | 423/693 [01:13<00:34,  7.78it/s]
 61%|██████    | 424/693 [01:14<00:35,  7.68it/s]
 61%|██████▏   | 425/693 [01:14<00:34,  7.77it/s]
 61%|██████▏   | 426/693 [01:14<00:34,  7.74it/s]
 62%|██████▏   | 427/693 [01:14<00:34,  7.72it/s]
 62%|██████▏   | 428/693 [01:14<00:35,  7.42it/s]
 62%|██████▏   | 429/693 [01:14<00:34,  7.68it/s]
 62%|██████▏   | 430/693 [01:14<00:34,  7.70it/s]
 62%|██████▏   | 431/693 [01:14<00:33,  7.78it/s]
 62%|██████▏   | 432/693 [01:15<00:33,  7.76it/s]
 62%|██████▏   | 433/693 [01:15<00:32,  7.90it/s]
 63%|██████▎   | 434/693 [01:15<00:33,  7.64it/s]
 63%|██████▎   | 435/693 [01:15<00:33,  7.81it/s]
 63%|██████▎   | 436/693 [01:15<00:37,  6.93it/s]
 63%|██████▎   | 437/693 [01:15<00:35,  7.28it/s]
 63%|██████▎   | 438/693 [01:15<00:34,  7.44it/s]
 63%|██████▎   | 439/693 [01:16<00:33,  7.68it/s]
 63%|██████▎   | 440/693 [01:16<00:33,  7.63it/s]
 64%|██████▎   | 441/693 [01:16<00:32,  7.82it/s]
 64%|██████▍   | 442/693 [01:16<00:32,  7.75it/s]
 64%|██████▍   | 443/693 [01:16<00:31,  7.84it/s]
 64%|██████▍   | 444/693 [01:16<00:35,  7.07it/s]
 64%|██████▍   | 445/693 [01:16<00:33,  7.42it/s]
 64%|██████▍   | 446/693 [01:16<00:33,  7.44it/s]
 65%|██████▍   | 447/693 [01:17<00:32,  7.59it/s]
 65%|██████▍   | 448/693 [01:17<00:32,  7.59it/s]
 65%|██████▍   | 449/693 [01:17<00:32,  7.51it/s]
 65%|██████▍   | 450/693 [01:17<00:32,  7.58it/s]
 65%|██████▌   | 451/693 [01:17<00:31,  7.76it/s]
 65%|██████▌   | 452/693 [01:17<00:31,  7.74it/s]
 65%|██████▌   | 453/693 [01:17<00:31,  7.71it/s]
 66%|██████▌   | 454/693 [01:18<00:31,  7.71it/s]
 66%|██████▌   | 455/693 [01:18<00:30,  7.93it/s]
 66%|██████▌   | 456/693 [01:18<00:30,  7.83it/s]
 66%|██████▌   | 457/693 [01:18<00:30,  7.81it/s]
 66%|██████▌   | 458/693 [01:18<00:29,  7.93it/s]
 66%|██████▌   | 459/693 [01:18<00:28,  8.14it/s]
 66%|██████▋   | 460/693 [01:18<00:28,  8.22it/s]
 67%|██████▋   | 461/693 [01:18<00:27,  8.30it/s]
 67%|██████▋   | 462/693 [01:19<00:35,  6.42it/s]
 67%|██████▋   | 463/693 [01:19<00:33,  6.77it/s]
 67%|██████▋   | 464/693 [01:19<00:31,  7.19it/s]
 67%|██████▋   | 465/693 [01:19<00:30,  7.47it/s]
 67%|██████▋   | 466/693 [01:19<00:29,  7.76it/s]
 67%|██████▋   | 467/693 [01:19<00:29,  7.58it/s]
 68%|██████▊   | 468/693 [01:19<00:30,  7.34it/s]
 68%|██████▊   | 469/693 [01:20<00:30,  7.39it/s]
 68%|██████▊   | 470/693 [01:20<00:36,  6.08it/s]
 68%|██████▊   | 471/693 [01:20<00:34,  6.43it/s]
 68%|██████▊   | 472/693 [01:20<00:40,  5.49it/s]
 68%|██████▊   | 473/693 [01:20<00:35,  6.20it/s]
 68%|██████▊   | 474/693 [01:20<00:32,  6.69it/s]
 69%|██████▊   | 475/693 [01:20<00:30,  7.21it/s]
 69%|██████▊   | 476/693 [01:21<00:29,  7.45it/s]
 69%|██████▉   | 477/693 [01:21<00:27,  7.75it/s]
 69%|██████▉   | 478/693 [01:21<00:27,  7.87it/s]
 69%|██████▉   | 479/693 [01:21<00:26,  8.19it/s]
 69%|██████▉   | 480/693 [01:21<00:42,  5.05it/s]
 69%|██████▉   | 481/693 [01:21<00:37,  5.64it/s]
 70%|██████▉   | 482/693 [01:22<00:34,  6.18it/s]
 70%|██████▉   | 483/693 [01:22<00:31,  6.73it/s]
 70%|██████▉   | 484/693 [01:22<00:29,  7.09it/s]
 70%|██████▉   | 485/693 [01:22<00:27,  7.56it/s]
 70%|███████   | 486/693 [01:22<00:53,  3.86it/s]
 70%|███████   | 487/693 [01:23<00:44,  4.59it/s]
 70%|███████   | 488/693 [01:23<00:39,  5.21it/s]
 71%|███████   | 489/693 [01:23<00:35,  5.82it/s]
 71%|███████   | 490/693 [01:23<00:32,  6.25it/s]
 71%|███████   | 491/693 [01:23<00:29,  6.77it/s]
 71%|███████   | 492/693 [01:23<00:28,  6.97it/s]
 71%|███████   | 493/693 [01:23<00:27,  7.28it/s]
 71%|███████▏  | 494/693 [01:24<00:42,  4.66it/s]
 71%|███████▏  | 495/693 [01:24<00:36,  5.36it/s]
 72%|███████▏  | 496/693 [01:24<00:33,  5.87it/s]
 72%|███████▏  | 497/693 [01:24<00:30,  6.41it/s]
 72%|███████▏  | 498/693 [01:24<00:29,  6.63it/s]
 72%|███████▏  | 499/693 [01:25<01:14,  2.60it/s]
 72%|███████▏  | 500/693 [01:25<00:59,  3.24it/s]
 72%|███████▏  | 501/693 [01:25<00:48,  3.98it/s]
 72%|███████▏  | 502/693 [01:26<00:41,  4.65it/s]
 73%|███████▎  | 503/693 [01:26<00:35,  5.34it/s]
 73%|███████▎  | 504/693 [01:26<00:32,  5.86it/s]
 73%|███████▎  | 505/693 [01:26<00:29,  6.44it/s]
 73%|███████▎  | 506/693 [01:26<00:27,  6.76it/s]
 73%|███████▎  | 507/693 [01:26<00:42,  4.42it/s]
 73%|███████▎  | 508/693 [01:27<00:36,  5.08it/s]
 73%|███████▎  | 509/693 [01:27<00:32,  5.74it/s]
 74%|███████▎  | 510/693 [01:27<00:29,  6.20it/s]
 74%|███████▎  | 511/693 [01:27<00:27,  6.71it/s]
 74%|███████▍  | 512/693 [01:27<00:26,  6.95it/s]
 74%|███████▍  | 513/693 [01:27<00:24,  7.33it/s]
 74%|███████▍  | 514/693 [01:27<00:24,  7.39it/s]
 74%|███████▍  | 515/693 [01:28<00:56,  3.17it/s]
 74%|███████▍  | 516/693 [01:28<00:45,  3.85it/s]
 75%|███████▍  | 517/693 [01:28<00:38,  4.59it/s]
 75%|███████▍  | 518/693 [01:28<00:33,  5.25it/s]
 75%|███████▍  | 519/693 [01:29<00:29,  5.89it/s]
 75%|███████▌  | 520/693 [01:29<00:27,  6.36it/s]
 75%|███████▌  | 521/693 [01:29<00:25,  6.83it/s]
 75%|███████▌  | 522/693 [01:29<00:24,  7.06it/s]
 75%|███████▌  | 523/693 [01:29<00:23,  7.13it/s]
 76%|███████▌  | 524/693 [01:29<00:23,  7.27it/s]
 76%|███████▌  | 525/693 [01:29<00:25,  6.52it/s]
 76%|███████▌  | 526/693 [01:30<00:28,  5.93it/s]
 76%|███████▌  | 527/693 [01:30<00:24,  6.67it/s]
 76%|███████▌  | 528/693 [01:30<00:23,  6.96it/s]
 76%|███████▋  | 529/693 [01:30<00:22,  7.32it/s]
 76%|███████▋  | 530/693 [01:30<00:21,  7.43it/s]
 77%|███████▋  | 531/693 [01:30<00:21,  7.69it/s]
 77%|███████▋  | 532/693 [01:30<00:23,  6.74it/s]
 77%|███████▋  | 533/693 [01:31<00:22,  7.14it/s]
 77%|███████▋  | 534/693 [01:31<00:30,  5.18it/s]
 77%|███████▋  | 535/693 [01:31<00:27,  5.82it/s]
 77%|███████▋  | 536/693 [01:31<00:24,  6.30it/s]
 77%|███████▋  | 537/693 [01:31<00:22,  6.80it/s]
 78%|███████▊  | 538/693 [01:31<00:22,  7.04it/s]
 78%|███████▊  | 539/693 [01:32<00:20,  7.39it/s]
 78%|███████▊  | 540/693 [01:32<00:21,  7.23it/s]
 78%|███████▊  | 541/693 [01:32<00:20,  7.52it/s]
 78%|███████▊  | 542/693 [01:32<00:20,  7.53it/s]
 78%|███████▊  | 543/693 [01:32<00:19,  7.73it/s]
 78%|███████▊  | 544/693 [01:32<00:18,  7.93it/s]
 79%|███████▊  | 545/693 [01:32<00:18,  7.98it/s]
 79%|███████▉  | 546/693 [01:32<00:18,  7.91it/s]
 79%|███████▉  | 547/693 [01:33<00:18,  8.00it/s]
 79%|███████▉  | 548/693 [01:33<00:18,  7.67it/s]
 79%|███████▉  | 549/693 [01:33<00:18,  7.76it/s]
 79%|███████▉  | 550/693 [01:33<00:30,  4.67it/s]
 80%|███████▉  | 551/693 [01:33<00:26,  5.36it/s]
 80%|███████▉  | 552/693 [01:33<00:23,  5.92it/s]
 80%|███████▉  | 553/693 [01:34<00:22,  6.28it/s]
 80%|███████▉  | 554/693 [01:34<00:21,  6.51it/s]
 80%|████████  | 555/693 [01:34<00:20,  6.86it/s]
 80%|████████  | 556/693 [01:34<00:20,  6.72it/s]
 80%|████████  | 557/693 [01:34<00:19,  6.82it/s]
 81%|████████  | 558/693 [01:34<00:19,  6.89it/s]
 81%|████████  | 559/693 [01:34<00:18,  7.19it/s]
 81%|████████  | 560/693 [01:35<00:18,  7.36it/s]
 81%|████████  | 561/693 [01:35<00:17,  7.57it/s]
 81%|████████  | 562/693 [01:35<00:17,  7.39it/s]
 81%|████████  | 563/693 [01:35<00:17,  7.63it/s]
 81%|████████▏ | 564/693 [01:35<00:17,  7.47it/s]
 82%|████████▏ | 565/693 [01:35<00:17,  7.22it/s]
 82%|████████▏ | 566/693 [01:36<00:31,  4.09it/s]
 82%|████████▏ | 567/693 [01:36<00:26,  4.78it/s]
 82%|████████▏ | 568/693 [01:36<00:23,  5.43it/s]
 82%|████████▏ | 569/693 [01:36<00:20,  6.03it/s]
 82%|████████▏ | 570/693 [01:36<00:19,  6.39it/s]
 82%|████████▏ | 571/693 [01:36<00:18,  6.67it/s]
 83%|████████▎ | 572/693 [01:36<00:17,  6.93it/s]
 83%|████████▎ | 573/693 [01:37<00:16,  7.35it/s]
 83%|████████▎ | 574/693 [01:37<00:18,  6.31it/s]
 83%|████████▎ | 575/693 [01:37<00:17,  6.74it/s]
 83%|████████▎ | 576/693 [01:37<00:16,  7.00it/s]
 83%|████████▎ | 577/693 [01:37<00:15,  7.38it/s]
 83%|████████▎ | 578/693 [01:37<00:15,  7.40it/s]
 84%|████████▎ | 579/693 [01:37<00:14,  7.61it/s]
 84%|████████▎ | 580/693 [01:38<00:14,  7.63it/s]
 84%|████████▍ | 581/693 [01:38<00:14,  7.82it/s]
 84%|████████▍ | 582/693 [01:38<00:15,  7.27it/s]
 84%|████████▍ | 583/693 [01:38<00:14,  7.42it/s]
 84%|████████▍ | 584/693 [01:38<00:14,  7.35it/s]
 84%|████████▍ | 585/693 [01:38<00:14,  7.59it/s]
 85%|████████▍ | 586/693 [01:38<00:15,  7.07it/s]
 85%|████████▍ | 587/693 [01:39<00:14,  7.34it/s]
 85%|████████▍ | 588/693 [01:39<00:14,  7.41it/s]
 85%|████████▍ | 589/693 [01:39<00:13,  7.57it/s]
 85%|████████▌ | 590/693 [01:40<00:31,  3.30it/s]
 85%|████████▌ | 591/693 [01:40<00:25,  3.99it/s]
 85%|████████▌ | 592/693 [01:40<00:21,  4.66it/s]
 86%|████████▌ | 593/693 [01:40<00:18,  5.32it/s]
 86%|████████▌ | 594/693 [01:40<00:17,  5.80it/s]
 86%|████████▌ | 595/693 [01:40<00:15,  6.26it/s]
 86%|████████▌ | 596/693 [01:40<00:14,  6.67it/s]
 86%|████████▌ | 597/693 [01:40<00:13,  7.05it/s]
 86%|████████▋ | 598/693 [01:41<00:25,  3.79it/s]
 86%|████████▋ | 599/693 [01:41<00:20,  4.50it/s]
 87%|████████▋ | 600/693 [01:41<00:17,  5.17it/s]
 87%|████████▋ | 601/693 [01:41<00:15,  5.85it/s]
 87%|████████▋ | 602/693 [01:41<00:14,  6.29it/s]
 87%|████████▋ | 603/693 [01:42<00:28,  3.21it/s]
 87%|████████▋ | 604/693 [01:42<00:22,  3.88it/s]
 87%|████████▋ | 605/693 [01:42<00:19,  4.63it/s]
 87%|████████▋ | 606/693 [01:42<00:16,  5.26it/s]
 88%|████████▊ | 607/693 [01:43<00:14,  5.90it/s]
 88%|████████▊ | 608/693 [01:43<00:13,  6.34it/s]
 88%|████████▊ | 609/693 [01:43<00:12,  6.73it/s]
 88%|████████▊ | 610/693 [01:43<00:12,  6.91it/s]
 88%|████████▊ | 611/693 [01:44<00:33,  2.48it/s]
 88%|████████▊ | 612/693 [01:44<00:26,  3.11it/s]
 88%|████████▊ | 613/693 [01:44<00:21,  3.78it/s]
 89%|████████▊ | 614/693 [01:44<00:17,  4.47it/s]
 89%|████████▊ | 615/693 [01:45<00:15,  5.16it/s]
 89%|████████▉ | 616/693 [01:45<00:13,  5.69it/s]
 89%|████████▉ | 617/693 [01:45<00:12,  6.24it/s]
 89%|████████▉ | 618/693 [01:45<00:11,  6.55it/s]
 89%|████████▉ | 619/693 [01:45<00:10,  6.78it/s]
 89%|████████▉ | 620/693 [01:45<00:10,  7.00it/s]
 90%|████████▉ | 621/693 [01:45<00:09,  7.35it/s]
 90%|████████▉ | 622/693 [01:45<00:09,  7.44it/s]
 90%|████████▉ | 623/693 [01:46<00:09,  7.61it/s]
 90%|█████████ | 624/693 [01:46<00:09,  7.60it/s]
 90%|█████████ | 625/693 [01:46<00:08,  7.76it/s]
 90%|█████████ | 626/693 [01:46<00:08,  7.68it/s]
 90%|█████████ | 627/693 [01:46<00:16,  4.01it/s]
 91%|█████████ | 628/693 [01:47<00:13,  4.67it/s]
 91%|█████████ | 629/693 [01:47<00:11,  5.38it/s]
 91%|█████████ | 630/693 [01:47<00:10,  5.90it/s]
 91%|█████████ | 631/693 [01:47<00:09,  6.39it/s]
 91%|█████████ | 632/693 [01:47<00:09,  6.67it/s]
 91%|█████████▏| 633/693 [01:47<00:08,  7.05it/s]
 91%|█████████▏| 634/693 [01:47<00:08,  7.17it/s]
 92%|█████████▏| 635/693 [01:48<00:16,  3.48it/s]
 92%|█████████▏| 636/693 [01:48<00:13,  4.17it/s]
 92%|█████████▏| 637/693 [01:48<00:11,  4.90it/s]
 92%|█████████▏| 638/693 [01:48<00:09,  5.51it/s]
 92%|█████████▏| 639/693 [01:49<00:08,  6.13it/s]
 92%|█████████▏| 640/693 [01:49<00:08,  6.51it/s]
 92%|█████████▏| 641/693 [01:49<00:07,  6.96it/s]
 93%|█████████▎| 642/693 [01:49<00:07,  7.15it/s]
 93%|█████████▎| 643/693 [01:50<00:15,  3.24it/s]
 93%|█████████▎| 644/693 [01:50<00:12,  3.91it/s]
 93%|█████████▎| 645/693 [01:50<00:10,  4.65it/s]
 93%|█████████▎| 646/693 [01:50<00:08,  5.25it/s]
 93%|█████████▎| 647/693 [01:50<00:07,  5.89it/s]
 94%|█████████▎| 648/693 [01:50<00:07,  6.35it/s]
 94%|█████████▎| 649/693 [01:50<00:06,  6.81it/s]
 94%|█████████▍| 650/693 [01:50<00:06,  7.04it/s]
 94%|█████████▍| 651/693 [01:51<00:12,  3.48it/s]
 94%|█████████▍| 652/693 [01:51<00:09,  4.17it/s]
 94%|█████████▍| 653/693 [01:51<00:08,  4.88it/s]
 94%|█████████▍| 654/693 [01:51<00:07,  5.51it/s]
 95%|█████████▍| 655/693 [01:52<00:06,  6.14it/s]
 95%|█████████▍| 656/693 [01:52<00:05,  6.50it/s]
 95%|█████████▍| 657/693 [01:52<00:05,  6.96it/s]
 95%|█████████▍| 658/693 [01:52<00:04,  7.12it/s]
 95%|█████████▌| 659/693 [01:52<00:04,  7.21it/s]
 95%|█████████▌| 660/693 [01:52<00:04,  7.30it/s]
 95%|█████████▌| 661/693 [01:52<00:04,  7.43it/s]
 96%|█████████▌| 662/693 [01:53<00:04,  7.43it/s]
 96%|█████████▌| 663/693 [01:53<00:03,  7.59it/s]
 96%|█████████▌| 664/693 [01:53<00:03,  7.60it/s]
 96%|█████████▌| 665/693 [01:53<00:03,  7.71it/s]
 96%|█████████▌| 666/693 [01:53<00:03,  7.46it/s]
 96%|█████████▌| 667/693 [01:53<00:03,  7.47it/s]
 96%|█████████▋| 668/693 [01:53<00:03,  7.06it/s]
 97%|█████████▋| 669/693 [01:53<00:03,  7.33it/s]
 97%|█████████▋| 670/693 [01:54<00:03,  7.34it/s]
 97%|█████████▋| 671/693 [01:54<00:02,  7.57it/s]
 97%|█████████▋| 672/693 [01:54<00:02,  7.51it/s]
 97%|█████████▋| 673/693 [01:54<00:03,  5.61it/s]
 97%|█████████▋| 674/693 [01:54<00:03,  6.08it/s]
 97%|█████████▋| 675/693 [01:54<00:02,  6.43it/s]
 98%|█████████▊| 676/693 [01:55<00:02,  6.81it/s]
 98%|█████████▊| 677/693 [01:55<00:02,  7.16it/s]
 98%|█████████▊| 678/693 [01:55<00:02,  7.30it/s]
 98%|█████████▊| 679/693 [01:55<00:01,  7.58it/s]
 98%|█████████▊| 680/693 [01:55<00:02,  4.79it/s]
 98%|█████████▊| 681/693 [01:55<00:02,  5.11it/s]
 98%|█████████▊| 682/693 [01:56<00:01,  5.69it/s]
 99%|█████████▊| 683/693 [01:56<00:01,  6.19it/s]
 99%|█████████▊| 684/693 [01:56<00:01,  4.86it/s]
 99%|█████████▉| 685/693 [01:56<00:01,  5.56it/s]
 99%|█████████▉| 686/693 [01:56<00:01,  6.06it/s]
 99%|█████████▉| 687/693 [01:56<00:00,  6.68it/s]
 99%|█████████▉| 688/693 [01:57<00:01,  3.01it/s]
 99%|█████████▉| 689/693 [01:57<00:01,  3.72it/s]
100%|█████████▉| 690/693 [01:57<00:00,  4.45it/s]
100%|█████████▉| 691/693 [01:58<00:00,  5.28it/s]
100%|█████████▉| 692/693 [02:00<00:00,  1.23it/s]
100%|██████████| 693/693 [02:00<00:00,  1.67it/s]
100%|██████████| 693/693 [02:00<00:00,  5.75it/s]
Training loss: 1.2451543768418987, KL loss: 0.6917365471823047, Sim loss: 9.059930383450743e-05, Exo CLS loss: 0.6308095918277555, 
Noun sim loss: 0.11853869564691491, Part sim loss: 0.14640170562619942, Proto loss: 1.051848397454486, Conc loss: 0.11676890736319458
learning rate:5e-05


  0%|          | 0/168 [00:00<?, ?it/s]
  1%|          | 1/168 [00:00<01:42,  1.64it/s]
  3%|▎         | 5/168 [00:00<00:20,  7.88it/s]
  5%|▌         | 9/168 [00:01<00:14, 10.79it/s]
  7%|▋         | 11/168 [00:01<00:17,  9.02it/s]
 10%|▉         | 16/168 [00:01<00:10, 14.88it/s]
 11%|█▏        | 19/168 [00:01<00:14, 10.07it/s]
 14%|█▍        | 24/168 [00:02<00:09, 14.74it/s]
 16%|█▌        | 27/168 [00:02<00:15,  8.99it/s]
 18%|█▊        | 31/168 [00:02<00:11, 12.07it/s]
 21%|██        | 35/168 [00:03<00:08, 15.41it/s]
 23%|██▎       | 39/168 [00:03<00:06, 19.10it/s]
 26%|██▌       | 43/168 [00:03<00:05, 21.38it/s]
 28%|██▊       | 47/168 [00:03<00:04, 24.84it/s]
 30%|███       | 51/168 [00:03<00:04, 27.06it/s]
 33%|███▎      | 55/168 [00:03<00:03, 29.20it/s]
 35%|███▌      | 59/168 [00:03<00:04, 25.71it/s]
 38%|███▊      | 63/168 [00:03<00:03, 28.80it/s]
 40%|███▉      | 67/168 [00:04<00:03, 28.84it/s]
 42%|████▏     | 71/168 [00:04<00:03, 31.36it/s]
 45%|████▍     | 75/168 [00:04<00:02, 32.33it/s]
 47%|████▋     | 79/168 [00:04<00:03, 24.04it/s]
 49%|████▉     | 83/168 [00:04<00:03, 26.95it/s]
 52%|█████▏    | 87/168 [00:04<00:03, 22.05it/s]
 55%|█████▍    | 92/168 [00:04<00:02, 26.38it/s]
 57%|█████▋    | 96/168 [00:05<00:04, 15.27it/s]
 60%|█████▉    | 100/168 [00:05<00:03, 18.57it/s]
 62%|██████▏   | 104/168 [00:05<00:02, 21.94it/s]
 65%|██████▍   | 109/168 [00:05<00:02, 26.16it/s]
 67%|██████▋   | 113/168 [00:05<00:01, 28.51it/s]
 70%|██████▉   | 117/168 [00:06<00:01, 30.39it/s]
 72%|███████▏  | 121/168 [00:06<00:01, 32.00it/s]
 74%|███████▍  | 125/168 [00:06<00:01, 32.69it/s]
 77%|███████▋  | 129/168 [00:06<00:01, 33.29it/s]
 79%|███████▉  | 133/168 [00:06<00:01, 34.07it/s]
 82%|████████▏ | 137/168 [00:06<00:00, 33.19it/s]
 85%|████████▍ | 142/168 [00:06<00:00, 35.46it/s]
 87%|████████▋ | 146/168 [00:06<00:00, 35.26it/s]
 89%|████████▉ | 150/168 [00:07<00:00, 34.46it/s]
 92%|█████████▏| 154/168 [00:07<00:00, 34.56it/s]
 94%|█████████▍| 158/168 [00:07<00:00, 35.68it/s]
 96%|█████████▋| 162/168 [00:07<00:00, 18.42it/s]
 99%|█████████▉| 167/168 [00:07<00:00, 23.35it/s]
100%|██████████| 168/168 [00:07<00:00, 21.15it/s]
Result on AGD: 
KLD=0.8859213590621948, SIM=0.5061891674995422, NSS=1.5280958414077759
noun sim: 0.11194441272389322, part sim: 0.1440857288738092
============Training Epoch 7============

  0%|          | 0/693 [00:00<?, ?it/s]/home/wyn/.conda/envs/clip-env/lib/python3.10/site-packages/torch/_tensor.py:1002: UserWarning: non-inplace resize is deprecated
  warnings.warn("non-inplace resize is deprecated")
/home/wyn/.conda/envs/clip-env/lib/python3.10/site-packages/torch/_tensor.py:1002: UserWarning: non-inplace resize is deprecated
  warnings.warn("non-inplace resize is deprecated")
/home/wyn/.conda/envs/clip-env/lib/python3.10/site-packages/torch/_tensor.py:1002: UserWarning: non-inplace resize is deprecated
  warnings.warn("non-inplace resize is deprecated")
/home/wyn/.conda/envs/clip-env/lib/python3.10/site-packages/torch/_tensor.py:1002: UserWarning: non-inplace resize is deprecated
  warnings.warn("non-inplace resize is deprecated")
/home/wyn/.conda/envs/clip-env/lib/python3.10/site-packages/torch/_tensor.py:1002: UserWarning: non-inplace resize is deprecated
  warnings.warn("non-inplace resize is deprecated")
/home/wyn/.conda/envs/clip-env/lib/python3.10/site-packages/torch/_tensor.py:1002: UserWarning: non-inplace resize is deprecated
  warnings.warn("non-inplace resize is deprecated")
/home/wyn/.conda/envs/clip-env/lib/python3.10/site-packages/torch/_tensor.py:1002: UserWarning: non-inplace resize is deprecated
  warnings.warn("non-inplace resize is deprecated")
/home/wyn/.conda/envs/clip-env/lib/python3.10/site-packages/torch/_tensor.py:1002: UserWarning: non-inplace resize is deprecated
  warnings.warn("non-inplace resize is deprecated")

  0%|          | 1/693 [00:02<25:21,  2.20s/it]
  0%|          | 2/693 [00:02<14:28,  1.26s/it]
  0%|          | 3/693 [00:02<08:29,  1.35it/s]
  1%|          | 4/693 [00:03<05:43,  2.01it/s]
  1%|          | 5/693 [00:03<04:08,  2.77it/s]
  1%|          | 6/693 [00:03<03:13,  3.54it/s]
  1%|          | 7/693 [00:03<02:38,  4.34it/s]
  1%|          | 8/693 [00:04<04:27,  2.56it/s]
  1%|▏         | 9/693 [00:04<03:28,  3.27it/s]
  1%|▏         | 10/693 [00:04<02:51,  3.97it/s]
  2%|▏         | 11/693 [00:04<02:23,  4.75it/s]
  2%|▏         | 12/693 [00:04<02:06,  5.38it/s]
  2%|▏         | 13/693 [00:04<01:52,  6.03it/s]
  2%|▏         | 14/693 [00:04<01:44,  6.47it/s]
  2%|▏         | 15/693 [00:05<01:38,  6.91it/s]
  2%|▏         | 16/693 [00:05<04:17,  2.63it/s]
  2%|▏         | 17/693 [00:06<03:24,  3.31it/s]
  3%|▎         | 18/693 [00:06<02:49,  3.98it/s]
  3%|▎         | 19/693 [00:06<02:26,  4.59it/s]
  3%|▎         | 20/693 [00:06<02:10,  5.14it/s]
  3%|▎         | 21/693 [00:06<01:57,  5.72it/s]
  3%|▎         | 22/693 [00:06<01:51,  6.04it/s]
  3%|▎         | 23/693 [00:06<01:43,  6.47it/s]
  3%|▎         | 24/693 [00:07<01:42,  6.53it/s]
  4%|▎         | 25/693 [00:07<01:38,  6.76it/s]
  4%|▍         | 26/693 [00:07<01:37,  6.83it/s]
  4%|▍         | 27/693 [00:07<01:34,  7.05it/s]
  4%|▍         | 28/693 [00:07<01:38,  6.72it/s]
  4%|▍         | 29/693 [00:07<01:34,  7.01it/s]
  4%|▍         | 30/693 [00:07<01:34,  7.01it/s]
  4%|▍         | 31/693 [00:08<01:30,  7.30it/s]
  5%|▍         | 32/693 [00:08<01:38,  6.68it/s]
  5%|▍         | 33/693 [00:08<01:36,  6.85it/s]
  5%|▍         | 34/693 [00:08<01:36,  6.80it/s]
  5%|▌         | 35/693 [00:08<01:33,  7.01it/s]
  5%|▌         | 36/693 [00:08<01:33,  7.06it/s]
  5%|▌         | 37/693 [00:08<01:30,  7.27it/s]
  5%|▌         | 38/693 [00:09<01:31,  7.16it/s]
  6%|▌         | 39/693 [00:09<01:29,  7.31it/s]
  6%|▌         | 40/693 [00:09<01:46,  6.11it/s]
  6%|▌         | 41/693 [00:09<01:39,  6.55it/s]
  6%|▌         | 42/693 [00:09<01:36,  6.72it/s]
  6%|▌         | 43/693 [00:09<01:32,  7.02it/s]
  6%|▋         | 44/693 [00:09<01:32,  6.99it/s]
  6%|▋         | 45/693 [00:10<01:29,  7.20it/s]
  7%|▋         | 46/693 [00:10<01:35,  6.78it/s]
  7%|▋         | 47/693 [00:10<01:36,  6.73it/s]
  7%|▋         | 48/693 [00:10<01:35,  6.77it/s]
  7%|▋         | 49/693 [00:10<01:31,  7.04it/s]
  7%|▋         | 50/693 [00:10<01:30,  7.09it/s]
  7%|▋         | 51/693 [00:10<01:27,  7.33it/s]
  8%|▊         | 52/693 [00:11<01:25,  7.48it/s]
  8%|▊         | 53/693 [00:11<03:34,  2.99it/s]
  8%|▊         | 54/693 [00:11<02:57,  3.60it/s]
  8%|▊         | 55/693 [00:12<02:27,  4.33it/s]
  8%|▊         | 56/693 [00:12<02:07,  5.00it/s]
  8%|▊         | 57/693 [00:12<01:51,  5.70it/s]
  8%|▊         | 58/693 [00:12<01:42,  6.18it/s]
  9%|▊         | 59/693 [00:12<01:34,  6.68it/s]
  9%|▊         | 60/693 [00:12<01:30,  6.97it/s]
  9%|▉         | 61/693 [00:13<02:35,  4.05it/s]
  9%|▉         | 62/693 [00:13<02:13,  4.73it/s]
  9%|▉         | 63/693 [00:13<01:55,  5.46it/s]
  9%|▉         | 64/693 [00:13<01:45,  5.95it/s]
  9%|▉         | 65/693 [00:13<01:36,  6.48it/s]
 10%|▉         | 66/693 [00:13<01:33,  6.72it/s]
 10%|▉         | 67/693 [00:13<01:27,  7.15it/s]
 10%|▉         | 68/693 [00:14<01:25,  7.29it/s]
 10%|▉         | 69/693 [00:14<01:22,  7.57it/s]
 10%|█         | 70/693 [00:14<01:27,  7.15it/s]
 10%|█         | 71/693 [00:14<01:24,  7.37it/s]
 10%|█         | 72/693 [00:14<01:23,  7.41it/s]
 11%|█         | 73/693 [00:14<01:22,  7.50it/s]
 11%|█         | 74/693 [00:14<01:21,  7.59it/s]
 11%|█         | 75/693 [00:15<01:22,  7.47it/s]
 11%|█         | 76/693 [00:15<01:22,  7.44it/s]
 11%|█         | 77/693 [00:15<01:20,  7.62it/s]
 11%|█▏        | 78/693 [00:15<01:24,  7.27it/s]
 11%|█▏        | 79/693 [00:15<01:24,  7.29it/s]
 12%|█▏        | 80/693 [00:15<01:21,  7.54it/s]
 12%|█▏        | 81/693 [00:15<01:19,  7.69it/s]
 12%|█▏        | 82/693 [00:15<01:19,  7.67it/s]
 12%|█▏        | 83/693 [00:16<01:18,  7.73it/s]
 12%|█▏        | 84/693 [00:16<01:19,  7.67it/s]
 12%|█▏        | 85/693 [00:16<01:17,  7.86it/s]
 12%|█▏        | 86/693 [00:16<01:21,  7.45it/s]
 13%|█▎        | 87/693 [00:16<01:19,  7.66it/s]
 13%|█▎        | 88/693 [00:16<01:19,  7.66it/s]
 13%|█▎        | 89/693 [00:16<01:18,  7.72it/s]
 13%|█▎        | 90/693 [00:16<01:18,  7.67it/s]
 13%|█▎        | 91/693 [00:18<05:01,  2.00it/s]
 13%|█▎        | 92/693 [00:18<03:53,  2.57it/s]
 13%|█▎        | 93/693 [00:18<03:05,  3.24it/s]
 14%|█▎        | 94/693 [00:18<02:32,  3.92it/s]
 14%|█▎        | 95/693 [00:18<02:08,  4.65it/s]
 14%|█▍        | 96/693 [00:18<01:53,  5.25it/s]
 14%|█▍        | 97/693 [00:19<01:39,  5.96it/s]
 14%|█▍        | 98/693 [00:19<01:33,  6.39it/s]
 14%|█▍        | 99/693 [00:20<05:42,  1.74it/s]
 14%|█▍        | 100/693 [00:20<04:22,  2.26it/s]
 15%|█▍        | 101/693 [00:21<03:24,  2.89it/s]
 15%|█▍        | 102/693 [00:21<02:46,  3.55it/s]
 15%|█▍        | 103/693 [00:21<02:18,  4.27it/s]
 15%|█▌        | 104/693 [00:21<02:00,  4.90it/s]
 15%|█▌        | 105/693 [00:21<01:42,  5.73it/s]
 15%|█▌        | 106/693 [00:21<01:32,  6.33it/s]
 15%|█▌        | 107/693 [00:21<01:25,  6.82it/s]
 16%|█▌        | 108/693 [00:21<01:21,  7.20it/s]
 16%|█▌        | 109/693 [00:22<01:18,  7.48it/s]
 16%|█▌        | 110/693 [00:22<01:16,  7.67it/s]
 16%|█▌        | 111/693 [00:22<01:12,  8.06it/s]
 16%|█▌        | 112/693 [00:22<01:11,  8.16it/s]
 16%|█▋        | 113/693 [00:22<01:08,  8.46it/s]
 16%|█▋        | 114/693 [00:22<01:08,  8.45it/s]
 17%|█▋        | 115/693 [00:22<01:11,  8.06it/s]
 17%|█▋        | 116/693 [00:22<01:10,  8.20it/s]
 17%|█▋        | 117/693 [00:22<01:08,  8.35it/s]
 17%|█▋        | 118/693 [00:23<01:09,  8.30it/s]
 17%|█▋        | 119/693 [00:23<01:07,  8.55it/s]
 17%|█▋        | 120/693 [00:23<01:09,  8.30it/s]
 17%|█▋        | 121/693 [00:23<01:07,  8.53it/s]
 18%|█▊        | 122/693 [00:23<02:17,  4.16it/s]
 18%|█▊        | 123/693 [00:24<01:54,  4.98it/s]
 18%|█▊        | 124/693 [00:24<01:41,  5.59it/s]
 18%|█▊        | 125/693 [00:24<01:30,  6.28it/s]
 18%|█▊        | 126/693 [00:24<01:25,  6.62it/s]
 18%|█▊        | 127/693 [00:24<01:21,  6.97it/s]
 18%|█▊        | 128/693 [00:24<01:19,  7.12it/s]
 19%|█▊        | 129/693 [00:24<01:16,  7.40it/s]
 19%|█▉        | 130/693 [00:24<01:16,  7.36it/s]
 19%|█▉        | 131/693 [00:25<01:15,  7.43it/s]
 19%|█▉        | 132/693 [00:25<01:14,  7.48it/s]
 19%|█▉        | 133/693 [00:25<01:14,  7.52it/s]
 19%|█▉        | 134/693 [00:25<01:17,  7.24it/s]
 19%|█▉        | 135/693 [00:25<01:14,  7.47it/s]
 20%|█▉        | 136/693 [00:25<01:14,  7.50it/s]
 20%|█▉        | 137/693 [00:25<01:11,  7.78it/s]
 20%|█▉        | 138/693 [00:26<01:12,  7.65it/s]
 20%|██        | 139/693 [00:26<02:33,  3.60it/s]
 20%|██        | 140/693 [00:26<02:09,  4.26it/s]
 20%|██        | 141/693 [00:26<01:50,  4.99it/s]
 20%|██        | 142/693 [00:27<01:39,  5.52it/s]
 21%|██        | 143/693 [00:27<01:30,  6.05it/s]
 21%|██        | 144/693 [00:27<01:25,  6.43it/s]
 21%|██        | 145/693 [00:27<01:20,  6.84it/s]
 21%|██        | 146/693 [00:27<01:37,  5.63it/s]
 21%|██        | 147/693 [00:28<02:05,  4.34it/s]
 21%|██▏       | 148/693 [00:28<01:49,  4.98it/s]
 22%|██▏       | 149/693 [00:28<01:36,  5.65it/s]
 22%|██▏       | 150/693 [00:28<01:28,  6.16it/s]
 22%|██▏       | 151/693 [00:28<01:21,  6.67it/s]
 22%|██▏       | 152/693 [00:28<01:17,  6.94it/s]
 22%|██▏       | 153/693 [00:28<01:13,  7.30it/s]
 22%|██▏       | 154/693 [00:28<01:13,  7.38it/s]
 22%|██▏       | 155/693 [00:29<01:14,  7.26it/s]
 23%|██▎       | 156/693 [00:29<01:15,  7.08it/s]
 23%|██▎       | 157/693 [00:29<01:09,  7.69it/s]
 23%|██▎       | 158/693 [00:29<01:09,  7.71it/s]
 23%|██▎       | 159/693 [00:29<01:09,  7.74it/s]
 23%|██▎       | 160/693 [00:29<01:09,  7.71it/s]
 23%|██▎       | 161/693 [00:29<01:07,  7.83it/s]
 23%|██▎       | 162/693 [00:29<01:08,  7.72it/s]
 24%|██▎       | 163/693 [00:30<01:43,  5.12it/s]
 24%|██▎       | 164/693 [00:30<01:34,  5.59it/s]
 24%|██▍       | 165/693 [00:30<01:25,  6.19it/s]
 24%|██▍       | 166/693 [00:30<01:20,  6.55it/s]
 24%|██▍       | 167/693 [00:30<01:15,  7.01it/s]
 24%|██▍       | 168/693 [00:30<01:13,  7.17it/s]
 24%|██▍       | 169/693 [00:31<01:09,  7.49it/s]
 25%|██▍       | 170/693 [00:31<01:09,  7.52it/s]
 25%|██▍       | 171/693 [00:31<01:11,  7.34it/s]
 25%|██▍       | 172/693 [00:31<01:10,  7.42it/s]
 25%|██▍       | 173/693 [00:31<01:08,  7.62it/s]
 25%|██▌       | 174/693 [00:31<01:08,  7.61it/s]
 25%|██▌       | 175/693 [00:31<01:06,  7.78it/s]
 25%|██▌       | 176/693 [00:31<01:07,  7.61it/s]
 26%|██▌       | 177/693 [00:32<01:06,  7.80it/s]
 26%|██▌       | 178/693 [00:32<01:06,  7.74it/s]
 26%|██▌       | 179/693 [00:32<01:05,  7.82it/s]
 26%|██▌       | 180/693 [00:32<01:06,  7.73it/s]
 26%|██▌       | 181/693 [00:32<01:05,  7.82it/s]
 26%|██▋       | 182/693 [00:32<01:08,  7.51it/s]
 26%|██▋       | 183/693 [00:32<01:07,  7.61it/s]
 27%|██▋       | 184/693 [00:33<01:08,  7.44it/s]
 27%|██▋       | 185/693 [00:33<01:06,  7.69it/s]
 27%|██▋       | 186/693 [00:33<01:06,  7.61it/s]
 27%|██▋       | 187/693 [00:33<01:04,  7.79it/s]
 27%|██▋       | 188/693 [00:33<01:06,  7.58it/s]
 27%|██▋       | 189/693 [00:33<01:04,  7.80it/s]
 27%|██▋       | 190/693 [00:33<01:04,  7.78it/s]
 28%|██▊       | 191/693 [00:33<01:05,  7.68it/s]
 28%|██▊       | 192/693 [00:34<01:05,  7.61it/s]
 28%|██▊       | 193/693 [00:34<01:04,  7.71it/s]
 28%|██▊       | 194/693 [00:34<01:05,  7.64it/s]
 28%|██▊       | 195/693 [00:34<01:03,  7.87it/s]
 28%|██▊       | 196/693 [00:34<01:04,  7.71it/s]
 28%|██▊       | 197/693 [00:34<01:03,  7.79it/s]
 29%|██▊       | 198/693 [00:34<01:04,  7.73it/s]
 29%|██▊       | 199/693 [00:34<01:07,  7.36it/s]
 29%|██▉       | 200/693 [00:35<01:07,  7.34it/s]
 29%|██▉       | 201/693 [00:35<01:05,  7.57it/s]
 29%|██▉       | 202/693 [00:35<01:07,  7.22it/s]
 29%|██▉       | 203/693 [00:35<01:05,  7.53it/s]
 29%|██▉       | 204/693 [00:35<01:05,  7.47it/s]
 30%|██▉       | 205/693 [00:35<01:03,  7.73it/s]
 30%|██▉       | 206/693 [00:35<01:03,  7.71it/s]
 30%|██▉       | 207/693 [00:36<01:07,  7.19it/s]
 30%|███       | 208/693 [00:36<01:06,  7.28it/s]
 30%|███       | 209/693 [00:37<02:49,  2.85it/s]
 30%|███       | 210/693 [00:37<02:18,  3.49it/s]
 30%|███       | 211/693 [00:38<04:45,  1.69it/s]
 31%|███       | 212/693 [00:38<03:38,  2.21it/s]
 31%|███       | 213/693 [00:38<02:49,  2.82it/s]
 31%|███       | 214/693 [00:38<02:17,  3.49it/s]
 31%|███       | 215/693 [00:38<01:53,  4.21it/s]
 31%|███       | 216/693 [00:39<01:38,  4.85it/s]
 31%|███▏      | 217/693 [00:39<01:26,  5.49it/s]
 31%|███▏      | 218/693 [00:39<01:19,  5.96it/s]
 32%|███▏      | 219/693 [00:39<01:13,  6.49it/s]
 32%|███▏      | 220/693 [00:39<01:10,  6.71it/s]
 32%|███▏      | 221/693 [00:39<01:06,  7.05it/s]
 32%|███▏      | 222/693 [00:39<01:06,  7.13it/s]
 32%|███▏      | 223/693 [00:40<01:03,  7.38it/s]
 32%|███▏      | 224/693 [00:40<01:03,  7.39it/s]
 32%|███▏      | 225/693 [00:40<01:01,  7.56it/s]
 33%|███▎      | 226/693 [00:40<01:02,  7.50it/s]
 33%|███▎      | 227/693 [00:41<03:55,  1.98it/s]
 33%|███▎      | 228/693 [00:41<03:04,  2.52it/s]
 33%|███▎      | 229/693 [00:42<02:27,  3.14it/s]
 33%|███▎      | 230/693 [00:42<02:01,  3.81it/s]
 33%|███▎      | 231/693 [00:42<01:41,  4.54it/s]
 33%|███▎      | 232/693 [00:42<01:29,  5.17it/s]
 34%|███▎      | 233/693 [00:42<01:18,  5.85it/s]
 34%|███▍      | 234/693 [00:42<01:12,  6.31it/s]
 34%|███▍      | 235/693 [00:42<01:09,  6.59it/s]
 34%|███▍      | 236/693 [00:42<01:06,  6.87it/s]
 34%|███▍      | 237/693 [00:43<01:02,  7.24it/s]
 34%|███▍      | 238/693 [00:43<01:01,  7.35it/s]
 34%|███▍      | 239/693 [00:43<00:59,  7.63it/s]
 35%|███▍      | 240/693 [00:43<00:59,  7.68it/s]
 35%|███▍      | 241/693 [00:43<00:57,  7.88it/s]
 35%|███▍      | 242/693 [00:43<00:57,  7.81it/s]
 35%|███▌      | 243/693 [00:44<01:30,  4.99it/s]
 35%|███▌      | 244/693 [00:44<01:22,  5.43it/s]
 35%|███▌      | 245/693 [00:44<01:13,  6.08it/s]
 35%|███▌      | 246/693 [00:44<01:08,  6.49it/s]
 36%|███▌      | 247/693 [00:46<04:34,  1.62it/s]
 36%|███▌      | 248/693 [00:46<03:28,  2.13it/s]
 36%|███▌      | 249/693 [00:46<02:42,  2.74it/s]
 36%|███▌      | 250/693 [00:46<02:10,  3.40it/s]
 36%|███▌      | 251/693 [00:46<01:47,  4.13it/s]
 36%|███▋      | 252/693 [00:46<01:31,  4.80it/s]
 37%|███▋      | 253/693 [00:46<01:20,  5.48it/s]
 37%|███▋      | 254/693 [00:47<01:13,  6.00it/s]
 37%|███▋      | 255/693 [00:47<01:07,  6.45it/s]
 37%|███▋      | 256/693 [00:47<01:04,  6.76it/s]
 37%|███▋      | 257/693 [00:47<01:01,  7.13it/s]
 37%|███▋      | 258/693 [00:47<00:59,  7.26it/s]
 37%|███▋      | 259/693 [00:47<00:57,  7.56it/s]
 38%|███▊      | 260/693 [00:47<00:56,  7.60it/s]
 38%|███▊      | 261/693 [00:47<00:55,  7.72it/s]
 38%|███▊      | 262/693 [00:48<00:56,  7.62it/s]
 38%|███▊      | 263/693 [00:49<02:59,  2.39it/s]
 38%|███▊      | 264/693 [00:49<02:22,  3.01it/s]
 38%|███▊      | 265/693 [00:49<01:54,  3.73it/s]
 38%|███▊      | 266/693 [00:49<01:36,  4.41it/s]
 39%|███▊      | 267/693 [00:49<01:23,  5.09it/s]
 39%|███▊      | 268/693 [00:49<01:15,  5.66it/s]
 39%|███▉      | 269/693 [00:49<01:07,  6.33it/s]
 39%|███▉      | 270/693 [00:50<01:04,  6.59it/s]
 39%|███▉      | 271/693 [00:50<01:01,  6.91it/s]
 39%|███▉      | 272/693 [00:50<00:59,  7.08it/s]
 39%|███▉      | 273/693 [00:50<00:56,  7.43it/s]
 40%|███▉      | 274/693 [00:50<00:55,  7.58it/s]
 40%|███▉      | 275/693 [00:50<00:54,  7.72it/s]
 40%|███▉      | 276/693 [00:50<00:55,  7.46it/s]
 40%|███▉      | 277/693 [00:50<00:53,  7.71it/s]
 40%|████      | 278/693 [00:51<00:53,  7.69it/s]
 40%|████      | 279/693 [00:51<00:58,  7.05it/s]
 40%|████      | 280/693 [00:51<00:57,  7.14it/s]
 41%|████      | 281/693 [00:51<00:55,  7.47it/s]
 41%|████      | 282/693 [00:51<00:55,  7.40it/s]
 41%|████      | 283/693 [00:51<00:54,  7.53it/s]
 41%|████      | 284/693 [00:51<00:56,  7.19it/s]
 41%|████      | 285/693 [00:52<00:56,  7.22it/s]
 41%|████▏     | 286/693 [00:52<00:56,  7.26it/s]
 41%|████▏     | 287/693 [00:52<00:57,  7.09it/s]
 42%|████▏     | 288/693 [00:52<00:56,  7.11it/s]
 42%|████▏     | 289/693 [00:52<00:55,  7.32it/s]
 42%|████▏     | 290/693 [00:52<00:55,  7.26it/s]
 42%|████▏     | 291/693 [00:52<00:56,  7.06it/s]
 42%|████▏     | 292/693 [00:53<01:08,  5.84it/s]
 42%|████▏     | 293/693 [00:53<01:03,  6.26it/s]
 42%|████▏     | 294/693 [00:53<01:02,  6.42it/s]
 43%|████▎     | 295/693 [00:53<00:59,  6.69it/s]
 43%|████▎     | 296/693 [00:53<00:58,  6.84it/s]
 43%|████▎     | 297/693 [00:53<00:59,  6.70it/s]
 43%|████▎     | 298/693 [00:54<00:58,  6.81it/s]
 43%|████▎     | 299/693 [00:54<00:56,  6.95it/s]
 43%|████▎     | 300/693 [00:54<00:55,  7.02it/s]
 43%|████▎     | 301/693 [00:54<00:54,  7.22it/s]
 44%|████▎     | 302/693 [00:54<00:55,  7.02it/s]
 44%|████▎     | 303/693 [00:54<00:53,  7.23it/s]
 44%|████▍     | 304/693 [00:54<00:55,  7.05it/s]
 44%|████▍     | 305/693 [00:55<01:01,  6.29it/s]
 44%|████▍     | 306/693 [00:55<00:59,  6.53it/s]
 44%|████▍     | 307/693 [00:56<03:12,  2.01it/s]
 44%|████▍     | 308/693 [00:56<02:30,  2.56it/s]
 45%|████▍     | 309/693 [00:56<01:59,  3.21it/s]
 45%|████▍     | 310/693 [00:56<01:37,  3.92it/s]
 45%|████▍     | 311/693 [00:56<01:22,  4.63it/s]
 45%|████▌     | 312/693 [00:57<01:12,  5.26it/s]
 45%|████▌     | 313/693 [00:57<01:04,  5.91it/s]
 45%|████▌     | 314/693 [00:57<01:00,  6.31it/s]
 45%|████▌     | 315/693 [00:57<01:19,  4.75it/s]
 46%|████▌     | 316/693 [00:57<01:11,  5.30it/s]
 46%|████▌     | 317/693 [00:57<01:03,  5.97it/s]
 46%|████▌     | 318/693 [00:58<00:58,  6.40it/s]
 46%|████▌     | 319/693 [00:58<00:54,  6.80it/s]
 46%|████▌     | 320/693 [00:58<00:53,  7.04it/s]
 46%|████▋     | 321/693 [00:58<00:50,  7.42it/s]
 46%|████▋     | 322/693 [00:58<00:49,  7.49it/s]
 47%|████▋     | 323/693 [00:58<01:15,  4.91it/s]
 47%|████▋     | 324/693 [00:59<01:07,  5.45it/s]
 47%|████▋     | 325/693 [00:59<01:00,  6.05it/s]
 47%|████▋     | 326/693 [00:59<00:56,  6.44it/s]
 47%|████▋     | 327/693 [00:59<00:53,  6.86it/s]
 47%|████▋     | 328/693 [00:59<00:51,  7.04it/s]
 47%|████▋     | 329/693 [00:59<00:51,  7.02it/s]
 48%|████▊     | 330/693 [00:59<00:52,  6.96it/s]
 48%|████▊     | 331/693 [01:00<01:05,  5.51it/s]
 48%|████▊     | 332/693 [01:00<01:01,  5.84it/s]
 48%|████▊     | 333/693 [01:00<00:59,  6.06it/s]
 48%|████▊     | 334/693 [01:00<00:59,  6.05it/s]
 48%|████▊     | 335/693 [01:00<00:56,  6.35it/s]
 48%|████▊     | 336/693 [01:00<00:55,  6.48it/s]
 49%|████▊     | 337/693 [01:01<00:51,  6.92it/s]
 49%|████▉     | 338/693 [01:01<00:49,  7.15it/s]
 49%|████▉     | 339/693 [01:01<00:48,  7.29it/s]
 49%|████▉     | 340/693 [01:01<00:48,  7.29it/s]
 49%|████▉     | 341/693 [01:01<00:46,  7.60it/s]
 49%|████▉     | 342/693 [01:01<00:47,  7.46it/s]
 49%|████▉     | 343/693 [01:01<00:46,  7.54it/s]
 50%|████▉     | 344/693 [01:01<00:47,  7.41it/s]
 50%|████▉     | 345/693 [01:02<00:45,  7.68it/s]
 50%|████▉     | 346/693 [01:02<00:46,  7.53it/s]
 50%|█████     | 347/693 [01:02<00:45,  7.59it/s]
 50%|█████     | 348/693 [01:02<00:58,  5.87it/s]
 50%|█████     | 349/693 [01:02<00:53,  6.38it/s]
 51%|█████     | 350/693 [01:02<00:51,  6.69it/s]
 51%|█████     | 351/693 [01:02<00:47,  7.17it/s]
 51%|█████     | 352/693 [01:03<00:46,  7.28it/s]
 51%|█████     | 353/693 [01:03<00:44,  7.66it/s]
 51%|█████     | 354/693 [01:03<00:44,  7.61it/s]
 51%|█████     | 355/693 [01:03<00:43,  7.80it/s]
 51%|█████▏    | 356/693 [01:03<00:46,  7.21it/s]
 52%|█████▏    | 357/693 [01:03<00:45,  7.44it/s]
 52%|█████▏    | 358/693 [01:03<00:44,  7.56it/s]
 52%|█████▏    | 359/693 [01:04<00:42,  7.80it/s]
 52%|█████▏    | 360/693 [01:04<00:43,  7.67it/s]
 52%|█████▏    | 361/693 [01:04<01:07,  4.90it/s]
 52%|█████▏    | 362/693 [01:04<01:00,  5.51it/s]
 52%|█████▏    | 363/693 [01:04<00:53,  6.13it/s]
 53%|█████▎    | 364/693 [01:04<00:50,  6.55it/s]
 53%|█████▎    | 365/693 [01:05<00:46,  7.00it/s]
 53%|█████▎    | 366/693 [01:05<00:45,  7.20it/s]
 53%|█████▎    | 367/693 [01:05<00:43,  7.55it/s]
 53%|█████▎    | 368/693 [01:05<00:42,  7.63it/s]
 53%|█████▎    | 369/693 [01:05<01:05,  4.95it/s]
 53%|█████▎    | 370/693 [01:05<00:57,  5.59it/s]
 54%|█████▎    | 371/693 [01:06<00:51,  6.25it/s]
 54%|█████▎    | 372/693 [01:06<00:47,  6.72it/s]
 54%|█████▍    | 373/693 [01:06<00:44,  7.23it/s]
 54%|█████▍    | 374/693 [01:06<00:42,  7.49it/s]
 54%|█████▍    | 375/693 [01:06<00:40,  7.84it/s]
 54%|█████▍    | 376/693 [01:06<00:39,  7.96it/s]
 54%|█████▍    | 377/693 [01:06<00:39,  8.08it/s]
 55%|█████▍    | 378/693 [01:06<00:38,  8.15it/s]
 55%|█████▍    | 379/693 [01:06<00:37,  8.28it/s]
 55%|█████▍    | 380/693 [01:07<00:37,  8.30it/s]
 55%|█████▍    | 381/693 [01:07<00:37,  8.35it/s]
 55%|█████▌    | 382/693 [01:07<01:07,  4.59it/s]
 55%|█████▌    | 383/693 [01:07<00:58,  5.30it/s]
 55%|█████▌    | 384/693 [01:07<00:53,  5.80it/s]
 56%|█████▌    | 385/693 [01:08<00:48,  6.37it/s]
 56%|█████▌    | 386/693 [01:08<00:45,  6.74it/s]
 56%|█████▌    | 387/693 [01:08<00:43,  7.04it/s]
 56%|█████▌    | 388/693 [01:08<00:41,  7.28it/s]
 56%|█████▌    | 389/693 [01:08<00:40,  7.54it/s]
 56%|█████▋    | 390/693 [01:08<00:47,  6.37it/s]
 56%|█████▋    | 391/693 [01:08<00:44,  6.84it/s]
 57%|█████▋    | 392/693 [01:09<00:42,  7.07it/s]
 57%|█████▋    | 393/693 [01:09<00:42,  7.03it/s]
 57%|█████▋    | 394/693 [01:09<00:44,  6.72it/s]
 57%|█████▋    | 395/693 [01:09<00:42,  6.94it/s]
 57%|█████▋    | 396/693 [01:09<00:44,  6.74it/s]
 57%|█████▋    | 397/693 [01:09<00:42,  6.95it/s]
 57%|█████▋    | 398/693 [01:09<00:41,  7.10it/s]
 58%|█████▊    | 399/693 [01:09<00:39,  7.46it/s]
 58%|█████▊    | 400/693 [01:10<00:38,  7.57it/s]
 58%|█████▊    | 401/693 [01:10<00:37,  7.81it/s]
 58%|█████▊    | 402/693 [01:10<00:37,  7.75it/s]
 58%|█████▊    | 403/693 [01:10<00:37,  7.82it/s]
 58%|█████▊    | 404/693 [01:10<00:39,  7.34it/s]
 58%|█████▊    | 405/693 [01:10<00:37,  7.60it/s]
 59%|█████▊    | 406/693 [01:10<00:37,  7.58it/s]
 59%|█████▊    | 407/693 [01:11<00:36,  7.85it/s]
 59%|█████▉    | 408/693 [01:11<00:36,  7.80it/s]
 59%|█████▉    | 409/693 [01:11<00:35,  7.94it/s]
 59%|█████▉    | 410/693 [01:11<00:36,  7.76it/s]
 59%|█████▉    | 411/693 [01:11<00:35,  7.87it/s]
 59%|█████▉    | 412/693 [01:12<01:51,  2.52it/s]
 60%|█████▉    | 413/693 [01:12<01:27,  3.19it/s]
 60%|█████▉    | 414/693 [01:12<01:12,  3.87it/s]
 60%|█████▉    | 415/693 [01:12<01:00,  4.60it/s]
 60%|██████    | 416/693 [01:13<00:53,  5.20it/s]
 60%|██████    | 417/693 [01:13<00:46,  5.88it/s]
 60%|██████    | 418/693 [01:13<00:43,  6.29it/s]
 60%|██████    | 419/693 [01:13<00:40,  6.75it/s]
 61%|██████    | 420/693 [01:13<00:40,  6.74it/s]
 61%|██████    | 421/693 [01:13<00:37,  7.23it/s]
 61%|██████    | 422/693 [01:13<00:36,  7.53it/s]
 61%|██████    | 423/693 [01:13<00:34,  7.82it/s]
 61%|██████    | 424/693 [01:14<00:34,  7.69it/s]
 61%|██████▏   | 425/693 [01:14<00:34,  7.83it/s]
 61%|██████▏   | 426/693 [01:14<00:34,  7.81it/s]
 62%|██████▏   | 427/693 [01:14<00:34,  7.82it/s]
 62%|██████▏   | 428/693 [01:14<00:37,  7.16it/s]
 62%|██████▏   | 429/693 [01:14<00:35,  7.44it/s]
 62%|██████▏   | 430/693 [01:14<00:35,  7.36it/s]
 62%|██████▏   | 431/693 [01:15<00:35,  7.48it/s]
 62%|██████▏   | 432/693 [01:15<00:35,  7.36it/s]
 62%|██████▏   | 433/693 [01:15<00:34,  7.48it/s]
 63%|██████▎   | 434/693 [01:15<00:35,  7.36it/s]
 63%|██████▎   | 435/693 [01:15<00:35,  7.31it/s]
 63%|██████▎   | 436/693 [01:15<00:38,  6.72it/s]
 63%|██████▎   | 437/693 [01:15<00:36,  6.98it/s]
 63%|██████▎   | 438/693 [01:16<00:39,  6.44it/s]
 63%|██████▎   | 439/693 [01:16<00:37,  6.81it/s]
 63%|██████▎   | 440/693 [01:16<00:37,  6.83it/s]
 64%|██████▎   | 441/693 [01:16<00:35,  7.12it/s]
 64%|██████▍   | 442/693 [01:16<00:35,  7.04it/s]
 64%|██████▍   | 443/693 [01:16<00:35,  7.12it/s]
 64%|██████▍   | 444/693 [01:16<00:34,  7.16it/s]
 64%|██████▍   | 445/693 [01:16<00:33,  7.36it/s]
 64%|██████▍   | 446/693 [01:17<00:35,  7.01it/s]
 65%|██████▍   | 447/693 [01:17<00:34,  7.21it/s]
 65%|██████▍   | 448/693 [01:17<00:33,  7.25it/s]
 65%|██████▍   | 449/693 [01:17<00:32,  7.40it/s]
 65%|██████▍   | 450/693 [01:17<00:33,  7.35it/s]
 65%|██████▌   | 451/693 [01:17<00:34,  6.95it/s]
 65%|██████▌   | 452/693 [01:17<00:34,  7.01it/s]
 65%|██████▌   | 453/693 [01:18<00:33,  7.14it/s]
 66%|██████▌   | 454/693 [01:18<00:33,  7.20it/s]
 66%|██████▌   | 455/693 [01:18<00:32,  7.35it/s]
 66%|██████▌   | 456/693 [01:18<00:32,  7.37it/s]
 66%|██████▌   | 457/693 [01:18<00:31,  7.38it/s]
 66%|██████▌   | 458/693 [01:18<00:32,  7.22it/s]
 66%|██████▌   | 459/693 [01:18<00:33,  7.00it/s]
 66%|██████▋   | 460/693 [01:19<00:33,  6.91it/s]
 67%|██████▋   | 461/693 [01:19<00:33,  6.84it/s]
 67%|██████▋   | 462/693 [01:19<00:34,  6.73it/s]
 67%|██████▋   | 463/693 [01:19<00:32,  7.10it/s]
 67%|██████▋   | 464/693 [01:19<00:31,  7.28it/s]
 67%|██████▋   | 465/693 [01:19<00:30,  7.52it/s]
 67%|██████▋   | 466/693 [01:19<00:30,  7.52it/s]
 67%|██████▋   | 467/693 [01:20<00:29,  7.74it/s]
 68%|██████▊   | 468/693 [01:20<00:29,  7.60it/s]
 68%|██████▊   | 469/693 [01:20<00:28,  7.83it/s]
 68%|██████▊   | 470/693 [01:21<01:59,  1.87it/s]
 68%|██████▊   | 471/693 [01:21<01:30,  2.45it/s]
 68%|██████▊   | 472/693 [01:22<01:11,  3.08it/s]
 68%|██████▊   | 473/693 [01:22<00:58,  3.78it/s]
 68%|██████▊   | 474/693 [01:22<00:49,  4.42it/s]
 69%|██████▊   | 475/693 [01:22<00:42,  5.15it/s]
 69%|██████▊   | 476/693 [01:22<00:38,  5.68it/s]
 69%|██████▉   | 477/693 [01:22<00:34,  6.24it/s]
 69%|██████▉   | 478/693 [01:22<00:32,  6.66it/s]
 69%|██████▉   | 479/693 [01:22<00:30,  7.06it/s]
 69%|██████▉   | 480/693 [01:23<00:29,  7.21it/s]
 69%|██████▉   | 481/693 [01:23<00:28,  7.55it/s]
 70%|██████▉   | 482/693 [01:23<00:27,  7.57it/s]
 70%|██████▉   | 483/693 [01:23<00:26,  7.78it/s]
 70%|██████▉   | 484/693 [01:23<00:27,  7.71it/s]
 70%|██████▉   | 485/693 [01:23<00:26,  7.86it/s]
 70%|███████   | 486/693 [01:23<00:29,  6.92it/s]
 70%|███████   | 487/693 [01:23<00:28,  7.30it/s]
 70%|███████   | 488/693 [01:24<00:27,  7.43it/s]
 71%|███████   | 489/693 [01:24<00:26,  7.60it/s]
 71%|███████   | 490/693 [01:24<00:27,  7.34it/s]
 71%|███████   | 491/693 [01:24<00:26,  7.60it/s]
 71%|███████   | 492/693 [01:24<00:26,  7.54it/s]
 71%|███████   | 493/693 [01:24<00:25,  7.76it/s]
 71%|███████▏  | 494/693 [01:25<00:38,  5.13it/s]
 71%|███████▏  | 495/693 [01:25<00:34,  5.73it/s]
 72%|███████▏  | 496/693 [01:25<00:31,  6.29it/s]
 72%|███████▏  | 497/693 [01:25<00:28,  6.77it/s]
 72%|███████▏  | 498/693 [01:25<00:27,  6.97it/s]
 72%|███████▏  | 499/693 [01:25<00:26,  7.21it/s]
 72%|███████▏  | 500/693 [01:25<00:26,  7.23it/s]
 72%|███████▏  | 501/693 [01:25<00:26,  7.36it/s]
 72%|███████▏  | 502/693 [01:26<00:28,  6.78it/s]
 73%|███████▎  | 503/693 [01:26<00:27,  6.93it/s]
 73%|███████▎  | 504/693 [01:26<00:26,  7.05it/s]
 73%|███████▎  | 505/693 [01:26<00:25,  7.27it/s]
 73%|███████▎  | 506/693 [01:26<00:25,  7.26it/s]
 73%|███████▎  | 507/693 [01:26<00:25,  7.32it/s]
 73%|███████▎  | 508/693 [01:26<00:25,  7.36it/s]
 73%|███████▎  | 509/693 [01:27<00:24,  7.51it/s]
 74%|███████▎  | 510/693 [01:27<00:25,  7.23it/s]
 74%|███████▎  | 511/693 [01:27<00:32,  5.66it/s]
 74%|███████▍  | 512/693 [01:27<00:29,  6.07it/s]
 74%|███████▍  | 513/693 [01:27<00:27,  6.52it/s]
 74%|███████▍  | 514/693 [01:27<00:26,  6.65it/s]
 74%|███████▍  | 515/693 [01:28<00:25,  6.86it/s]
 74%|███████▍  | 516/693 [01:28<00:25,  6.88it/s]
 75%|███████▍  | 517/693 [01:28<00:24,  7.12it/s]
 75%|███████▍  | 518/693 [01:28<00:46,  3.74it/s]
 75%|███████▍  | 519/693 [01:29<00:39,  4.45it/s]
 75%|███████▌  | 520/693 [01:29<00:34,  5.05it/s]
 75%|███████▌  | 521/693 [01:29<00:30,  5.64it/s]
 75%|███████▌  | 522/693 [01:29<00:28,  6.05it/s]
 75%|███████▌  | 523/693 [01:29<00:27,  6.26it/s]
 76%|███████▌  | 524/693 [01:29<00:25,  6.54it/s]
 76%|███████▌  | 525/693 [01:29<00:24,  6.87it/s]
 76%|███████▌  | 526/693 [01:29<00:24,  6.88it/s]
 76%|███████▌  | 527/693 [01:30<00:23,  7.14it/s]
 76%|███████▌  | 528/693 [01:30<00:22,  7.22it/s]
 76%|███████▋  | 529/693 [01:30<00:22,  7.39it/s]
 76%|███████▋  | 530/693 [01:30<00:22,  7.32it/s]
 77%|███████▋  | 531/693 [01:30<00:30,  5.31it/s]
 77%|███████▋  | 532/693 [01:30<00:27,  5.80it/s]
 77%|███████▋  | 533/693 [01:31<00:25,  6.25it/s]
 77%|███████▋  | 534/693 [01:31<00:58,  2.70it/s]
 77%|███████▋  | 535/693 [01:32<00:46,  3.37it/s]
 77%|███████▋  | 536/693 [01:32<00:39,  4.00it/s]
 77%|███████▋  | 537/693 [01:32<00:33,  4.70it/s]
 78%|███████▊  | 538/693 [01:32<00:29,  5.23it/s]
 78%|███████▊  | 539/693 [01:32<00:26,  5.78it/s]
 78%|███████▊  | 540/693 [01:32<00:24,  6.16it/s]
 78%|███████▊  | 541/693 [01:32<00:23,  6.57it/s]
 78%|███████▊  | 542/693 [01:33<00:23,  6.42it/s]
 78%|███████▊  | 543/693 [01:33<00:22,  6.78it/s]
 78%|███████▊  | 544/693 [01:33<00:21,  6.91it/s]
 79%|███████▊  | 545/693 [01:33<00:20,  7.14it/s]
 79%|███████▉  | 546/693 [01:33<00:20,  7.07it/s]
 79%|███████▉  | 547/693 [01:33<00:20,  7.07it/s]
 79%|███████▉  | 548/693 [01:33<00:20,  7.09it/s]
 79%|███████▉  | 549/693 [01:33<00:19,  7.29it/s]
 79%|███████▉  | 550/693 [01:34<00:21,  6.64it/s]
 80%|███████▉  | 551/693 [01:34<00:20,  6.95it/s]
 80%|███████▉  | 552/693 [01:34<00:20,  7.00it/s]
 80%|███████▉  | 553/693 [01:34<00:19,  7.27it/s]
 80%|███████▉  | 554/693 [01:34<00:19,  7.25it/s]
 80%|████████  | 555/693 [01:34<00:19,  7.23it/s]
 80%|████████  | 556/693 [01:34<00:18,  7.23it/s]
 80%|████████  | 557/693 [01:35<00:18,  7.40it/s]
 81%|████████  | 558/693 [01:35<00:19,  6.95it/s]
 81%|████████  | 559/693 [01:35<00:18,  7.21it/s]
 81%|████████  | 560/693 [01:35<00:18,  7.26it/s]
 81%|████████  | 561/693 [01:35<00:17,  7.38it/s]
 81%|████████  | 562/693 [01:35<00:18,  6.98it/s]
 81%|████████  | 563/693 [01:35<00:17,  7.23it/s]
 81%|████████▏ | 564/693 [01:36<00:18,  7.11it/s]
 82%|████████▏ | 565/693 [01:36<00:18,  7.06it/s]
 82%|████████▏ | 566/693 [01:36<00:18,  6.88it/s]
 82%|████████▏ | 567/693 [01:36<00:17,  7.12it/s]
 82%|████████▏ | 568/693 [01:36<00:17,  7.14it/s]
 82%|████████▏ | 569/693 [01:36<00:17,  7.29it/s]
 82%|████████▏ | 570/693 [01:36<00:18,  6.66it/s]
 82%|████████▏ | 571/693 [01:37<00:17,  6.82it/s]
 83%|████████▎ | 572/693 [01:37<00:17,  6.87it/s]
 83%|████████▎ | 573/693 [01:37<00:17,  7.06it/s]
 83%|████████▎ | 574/693 [01:37<00:16,  7.09it/s]
 83%|████████▎ | 575/693 [01:37<00:16,  7.32it/s]
 83%|████████▎ | 576/693 [01:37<00:15,  7.38it/s]
 83%|████████▎ | 577/693 [01:37<00:15,  7.65it/s]
 83%|████████▎ | 578/693 [01:38<00:43,  2.63it/s]
 84%|████████▎ | 579/693 [01:38<00:34,  3.28it/s]
 84%|████████▎ | 580/693 [01:39<00:28,  3.98it/s]
 84%|████████▍ | 581/693 [01:39<00:23,  4.79it/s]
 84%|████████▍ | 582/693 [01:39<00:20,  5.52it/s]
 84%|████████▍ | 583/693 [01:39<00:17,  6.24it/s]
 84%|████████▍ | 584/693 [01:39<00:16,  6.75it/s]
 84%|████████▍ | 585/693 [01:39<00:15,  7.09it/s]
 85%|████████▍ | 586/693 [01:39<00:15,  7.01it/s]
 85%|████████▍ | 587/693 [01:39<00:14,  7.26it/s]
 85%|████████▍ | 588/693 [01:40<00:14,  7.39it/s]
 85%|████████▍ | 589/693 [01:40<00:13,  7.63it/s]
 85%|████████▌ | 590/693 [01:40<00:13,  7.71it/s]
 85%|████████▌ | 591/693 [01:40<00:13,  7.74it/s]
 85%|████████▌ | 592/693 [01:40<00:13,  7.75it/s]
 86%|████████▌ | 593/693 [01:40<00:12,  7.88it/s]
 86%|████████▌ | 594/693 [01:40<00:13,  7.47it/s]
 86%|████████▌ | 595/693 [01:41<00:12,  7.62it/s]
 86%|████████▌ | 596/693 [01:41<00:12,  7.68it/s]
 86%|████████▌ | 597/693 [01:41<00:12,  7.69it/s]
 86%|████████▋ | 598/693 [01:41<00:12,  7.61it/s]
 86%|████████▋ | 599/693 [01:41<00:12,  7.65it/s]
 87%|████████▋ | 600/693 [01:41<00:12,  7.42it/s]
 87%|████████▋ | 601/693 [01:41<00:12,  7.48it/s]
 87%|████████▋ | 602/693 [01:41<00:12,  7.37it/s]
 87%|████████▋ | 603/693 [01:42<00:12,  7.42it/s]
 87%|████████▋ | 604/693 [01:42<00:11,  7.67it/s]
 87%|████████▋ | 605/693 [01:42<00:11,  7.98it/s]
 87%|████████▋ | 606/693 [01:42<00:10,  8.07it/s]
 88%|████████▊ | 607/693 [01:42<00:10,  8.35it/s]
 88%|████████▊ | 608/693 [01:42<00:10,  8.47it/s]
 88%|████████▊ | 609/693 [01:42<00:09,  8.48it/s]
 88%|████████▊ | 610/693 [01:42<00:09,  8.39it/s]
 88%|████████▊ | 611/693 [01:43<00:09,  8.46it/s]
 88%|████████▊ | 612/693 [01:43<00:09,  8.50it/s]
 88%|████████▊ | 613/693 [01:43<00:09,  8.58it/s]
 89%|████████▊ | 614/693 [01:43<00:09,  8.52it/s]
 89%|████████▊ | 615/693 [01:43<00:09,  8.25it/s]
 89%|████████▉ | 616/693 [01:43<00:09,  8.11it/s]
 89%|████████▉ | 617/693 [01:43<00:09,  8.18it/s]
 89%|████████▉ | 618/693 [01:43<00:09,  7.97it/s]
 89%|████████▉ | 619/693 [01:43<00:09,  8.01it/s]
 89%|████████▉ | 620/693 [01:44<00:13,  5.44it/s]
 90%|████████▉ | 621/693 [01:44<00:11,  6.08it/s]
 90%|████████▉ | 622/693 [01:44<00:10,  6.54it/s]
 90%|████████▉ | 623/693 [01:45<00:31,  2.24it/s]
 90%|█████████ | 624/693 [01:45<00:24,  2.86it/s]
 90%|█████████ | 625/693 [01:45<00:19,  3.55it/s]
 90%|█████████ | 626/693 [01:46<00:15,  4.21it/s]
 90%|█████████ | 627/693 [01:46<00:13,  4.95it/s]
 91%|█████████ | 628/693 [01:46<00:11,  5.55it/s]
 91%|█████████ | 629/693 [01:46<00:10,  6.15it/s]
 91%|█████████ | 630/693 [01:46<00:09,  6.57it/s]
 91%|█████████ | 631/693 [01:46<00:13,  4.53it/s]
 91%|█████████ | 632/693 [01:47<00:11,  5.17it/s]
 91%|█████████▏| 633/693 [01:47<00:10,  5.86it/s]
 91%|█████████▏| 634/693 [01:47<00:09,  6.32it/s]
 92%|█████████▏| 635/693 [01:47<00:08,  6.78it/s]
 92%|█████████▏| 636/693 [01:47<00:08,  7.01it/s]
 92%|█████████▏| 637/693 [01:47<00:07,  7.29it/s]
 92%|█████████▏| 638/693 [01:47<00:07,  7.15it/s]
 92%|█████████▏| 639/693 [01:48<00:07,  7.00it/s]
 92%|█████████▏| 640/693 [01:48<00:07,  7.12it/s]
 92%|█████████▏| 641/693 [01:48<00:07,  7.32it/s]
 93%|█████████▎| 642/693 [01:48<00:06,  7.34it/s]
 93%|█████████▎| 643/693 [01:48<00:06,  7.45it/s]
 93%|█████████▎| 644/693 [01:48<00:06,  7.43it/s]
 93%|█████████▎| 645/693 [01:48<00:06,  7.55it/s]
 93%|█████████▎| 646/693 [01:48<00:06,  7.30it/s]
 93%|█████████▎| 647/693 [01:49<00:11,  4.07it/s]
 94%|█████████▎| 648/693 [01:49<00:09,  4.52it/s]
 94%|█████████▎| 649/693 [01:49<00:08,  5.16it/s]
 94%|█████████▍| 650/693 [01:49<00:07,  5.59it/s]
 94%|█████████▍| 651/693 [01:50<00:06,  6.06it/s]
 94%|█████████▍| 652/693 [01:50<00:06,  6.32it/s]
 94%|█████████▍| 653/693 [01:50<00:05,  6.88it/s]
 94%|█████████▍| 654/693 [01:50<00:06,  6.35it/s]
 95%|█████████▍| 655/693 [01:53<00:35,  1.06it/s]
 95%|█████████▍| 656/693 [01:53<00:25,  1.43it/s]
 95%|█████████▍| 657/693 [01:53<00:18,  1.91it/s]
 95%|█████████▍| 658/693 [01:53<00:14,  2.49it/s]
 95%|█████████▌| 659/693 [01:53<00:10,  3.19it/s]
 95%|█████████▌| 660/693 [01:53<00:08,  3.83it/s]
 95%|█████████▌| 661/693 [01:53<00:07,  4.55it/s]
 96%|█████████▌| 662/693 [01:54<00:05,  5.18it/s]
 96%|█████████▌| 663/693 [01:54<00:05,  5.71it/s]
 96%|█████████▌| 664/693 [01:54<00:04,  6.26it/s]
 96%|█████████▌| 665/693 [01:54<00:04,  6.75it/s]
 96%|█████████▌| 666/693 [01:54<00:03,  7.08it/s]
 96%|█████████▌| 667/693 [01:54<00:03,  7.37it/s]
 96%|█████████▋| 668/693 [01:54<00:03,  7.54it/s]
 97%|█████████▋| 669/693 [01:54<00:03,  7.68it/s]
 97%|█████████▋| 670/693 [01:55<00:02,  7.79it/s]
 97%|█████████▋| 671/693 [01:55<00:02,  7.81it/s]
 97%|█████████▋| 672/693 [01:55<00:02,  7.26it/s]
 97%|█████████▋| 673/693 [01:55<00:02,  7.46it/s]
 97%|█████████▋| 674/693 [01:55<00:02,  7.54it/s]
 97%|█████████▋| 675/693 [01:55<00:02,  7.76it/s]
 98%|█████████▊| 676/693 [01:55<00:02,  7.88it/s]
 98%|█████████▊| 677/693 [01:56<00:02,  7.90it/s]
 98%|█████████▊| 678/693 [01:56<00:01,  7.66it/s]
 98%|█████████▊| 679/693 [01:56<00:01,  7.81it/s]
 98%|█████████▊| 680/693 [01:56<00:02,  4.64it/s]
 98%|█████████▊| 681/693 [01:56<00:02,  5.31it/s]
 98%|█████████▊| 682/693 [01:56<00:01,  5.91it/s]
 99%|█████████▊| 683/693 [01:57<00:01,  6.49it/s]
 99%|█████████▊| 684/693 [01:57<00:01,  6.89it/s]
 99%|█████████▉| 685/693 [01:57<00:01,  7.28it/s]
 99%|█████████▉| 686/693 [01:57<00:00,  7.29it/s]
 99%|█████████▉| 687/693 [01:57<00:00,  7.64it/s]
 99%|█████████▉| 688/693 [01:58<00:01,  4.10it/s]
 99%|█████████▉| 689/693 [01:58<00:00,  4.87it/s]
100%|█████████▉| 690/693 [01:58<00:00,  5.58it/s]
100%|█████████▉| 691/693 [01:58<00:00,  6.25it/s]
100%|█████████▉| 692/693 [01:58<00:00,  6.76it/s]
100%|██████████| 693/693 [01:58<00:00,  7.31it/s]
100%|██████████| 693/693 [01:58<00:00,  5.84it/s]
Training loss: 1.202469764677821, KL loss: 0.6781221899119291, Sim loss: 4.2335633871880156e-05, Exo CLS loss: 0.6063045743707712, 
Noun sim loss: 0.11833810514916933, Part sim loss: 0.1456417959683385, Proto loss: 1.0191727733027196, Conc loss: 0.10868039211153468
learning rate:5e-05


  0%|          | 0/168 [00:00<?, ?it/s]
  1%|          | 1/168 [00:00<01:33,  1.79it/s]
  3%|▎         | 5/168 [00:00<00:21,  7.48it/s]
  5%|▌         | 9/168 [00:01<00:17,  8.96it/s]
  8%|▊         | 13/168 [00:01<00:11, 13.47it/s]
 10%|█         | 17/168 [00:01<00:16,  9.19it/s]
 12%|█▎        | 21/168 [00:02<00:11, 12.61it/s]
 15%|█▍        | 25/168 [00:02<00:13, 10.26it/s]
 17%|█▋        | 29/168 [00:02<00:10, 13.51it/s]
 20%|█▉        | 33/168 [00:02<00:07, 17.01it/s]
 23%|██▎       | 38/168 [00:02<00:06, 21.58it/s]
 25%|██▌       | 42/168 [00:03<00:05, 24.55it/s]
 27%|██▋       | 46/168 [00:03<00:04, 26.98it/s]
 30%|██▉       | 50/168 [00:03<00:04, 29.08it/s]
 32%|███▏      | 54/168 [00:03<00:03, 30.53it/s]
 35%|███▍      | 58/168 [00:03<00:03, 31.38it/s]
 37%|███▋      | 62/168 [00:03<00:03, 26.96it/s]
 40%|███▉      | 67/168 [00:03<00:03, 27.55it/s]
 42%|████▏     | 71/168 [00:03<00:03, 30.21it/s]
 45%|████▍     | 75/168 [00:04<00:02, 31.77it/s]
 47%|████▋     | 79/168 [00:04<00:03, 28.70it/s]
 49%|████▉     | 83/168 [00:04<00:03, 24.04it/s]
 51%|█████     | 86/168 [00:04<00:03, 23.04it/s]
 54%|█████▍    | 91/168 [00:04<00:02, 27.60it/s]
 57%|█████▋    | 95/168 [00:05<00:05, 14.10it/s]
 60%|█████▉    | 100/168 [00:05<00:03, 18.16it/s]
 62%|██████▏   | 104/168 [00:05<00:02, 21.36it/s]
 65%|██████▍   | 109/168 [00:05<00:02, 25.42it/s]
 67%|██████▋   | 113/168 [00:05<00:02, 27.43it/s]
 70%|██████▉   | 117/168 [00:05<00:01, 29.13it/s]
 72%|███████▏  | 121/168 [00:06<00:01, 29.40it/s]
 74%|███████▍  | 125/168 [00:06<00:01, 30.54it/s]
 77%|███████▋  | 129/168 [00:06<00:01, 31.90it/s]
 79%|███████▉  | 133/168 [00:06<00:01, 32.49it/s]
 82%|████████▏ | 137/168 [00:06<00:00, 31.29it/s]
 84%|████████▍ | 141/168 [00:06<00:00, 32.45it/s]
 86%|████████▋ | 145/168 [00:06<00:00, 32.40it/s]
 89%|████████▊ | 149/168 [00:06<00:00, 31.38it/s]
 91%|█████████ | 153/168 [00:07<00:00, 31.01it/s]
 93%|█████████▎| 157/168 [00:07<00:00, 32.53it/s]
 96%|█████████▌| 161/168 [00:07<00:00, 15.96it/s]
 99%|█████████▉| 166/168 [00:07<00:00, 20.26it/s]
100%|██████████| 168/168 [00:07<00:00, 21.03it/s]
Result on AGD: 
KLD=0.8861948251724243, SIM=0.5062739849090576, NSS=1.5332194566726685
noun sim: 0.11111104306543157, part sim: 0.14275310343752304
============Training Epoch 8============

  0%|          | 0/693 [00:00<?, ?it/s]/home/wyn/.conda/envs/clip-env/lib/python3.10/site-packages/torch/_tensor.py:1002: UserWarning: non-inplace resize is deprecated
  warnings.warn("non-inplace resize is deprecated")
/home/wyn/.conda/envs/clip-env/lib/python3.10/site-packages/torch/_tensor.py:1002: UserWarning: non-inplace resize is deprecated
  warnings.warn("non-inplace resize is deprecated")
/home/wyn/.conda/envs/clip-env/lib/python3.10/site-packages/torch/_tensor.py:1002: UserWarning: non-inplace resize is deprecated
  warnings.warn("non-inplace resize is deprecated")
/home/wyn/.conda/envs/clip-env/lib/python3.10/site-packages/torch/_tensor.py:1002: UserWarning: non-inplace resize is deprecated
  warnings.warn("non-inplace resize is deprecated")
/home/wyn/.conda/envs/clip-env/lib/python3.10/site-packages/torch/_tensor.py:1002: UserWarning: non-inplace resize is deprecated
  warnings.warn("non-inplace resize is deprecated")
/home/wyn/.conda/envs/clip-env/lib/python3.10/site-packages/torch/_tensor.py:1002: UserWarning: non-inplace resize is deprecated
  warnings.warn("non-inplace resize is deprecated")
/home/wyn/.conda/envs/clip-env/lib/python3.10/site-packages/torch/_tensor.py:1002: UserWarning: non-inplace resize is deprecated
  warnings.warn("non-inplace resize is deprecated")
/home/wyn/.conda/envs/clip-env/lib/python3.10/site-packages/torch/_tensor.py:1002: UserWarning: non-inplace resize is deprecated
  warnings.warn("non-inplace resize is deprecated")

  0%|          | 1/693 [00:03<35:51,  3.11s/it]
  0%|          | 2/693 [00:03<15:40,  1.36s/it]
  0%|          | 3/693 [00:03<09:09,  1.25it/s]
  1%|          | 4/693 [00:03<06:08,  1.87it/s]
  1%|          | 5/693 [00:03<04:26,  2.58it/s]
  1%|          | 6/693 [00:03<03:27,  3.31it/s]
  1%|          | 7/693 [00:03<02:48,  4.08it/s]
  1%|          | 8/693 [00:04<02:24,  4.74it/s]
  1%|▏         | 9/693 [00:04<02:09,  5.28it/s]
  1%|▏         | 10/693 [00:04<01:57,  5.81it/s]
  2%|▏         | 11/693 [00:04<01:49,  6.22it/s]
  2%|▏         | 12/693 [00:04<01:45,  6.47it/s]
  2%|▏         | 13/693 [00:04<01:39,  6.80it/s]
  2%|▏         | 14/693 [00:04<01:37,  6.98it/s]
  2%|▏         | 15/693 [00:04<01:33,  7.25it/s]
  2%|▏         | 16/693 [00:05<01:33,  7.27it/s]
  2%|▏         | 17/693 [00:05<01:38,  6.83it/s]
  3%|▎         | 18/693 [00:05<01:37,  6.94it/s]
  3%|▎         | 19/693 [00:05<01:33,  7.19it/s]
  3%|▎         | 20/693 [00:05<01:33,  7.19it/s]
  3%|▎         | 21/693 [00:05<01:30,  7.39it/s]
  3%|▎         | 22/693 [00:05<01:31,  7.37it/s]
  3%|▎         | 23/693 [00:06<01:30,  7.40it/s]
  3%|▎         | 24/693 [00:06<01:30,  7.36it/s]
  4%|▎         | 25/693 [00:06<01:33,  7.17it/s]
  4%|▍         | 26/693 [00:06<01:31,  7.25it/s]
  4%|▍         | 27/693 [00:06<01:27,  7.63it/s]
  4%|▍         | 28/693 [00:06<01:27,  7.64it/s]
  4%|▍         | 29/693 [00:06<01:25,  7.81it/s]
  4%|▍         | 30/693 [00:07<02:40,  4.12it/s]
  4%|▍         | 31/693 [00:07<02:17,  4.81it/s]
  5%|▍         | 32/693 [00:07<02:05,  5.28it/s]
  5%|▍         | 33/693 [00:07<01:57,  5.63it/s]
  5%|▍         | 34/693 [00:07<01:48,  6.06it/s]
  5%|▌         | 35/693 [00:08<01:38,  6.67it/s]
  5%|▌         | 36/693 [00:08<01:34,  6.95it/s]
  5%|▌         | 37/693 [00:08<01:30,  7.28it/s]
  5%|▌         | 38/693 [00:08<02:48,  3.88it/s]
  6%|▌         | 39/693 [00:08<02:21,  4.62it/s]
  6%|▌         | 40/693 [00:09<02:04,  5.24it/s]
  6%|▌         | 41/693 [00:09<01:50,  5.89it/s]
  6%|▌         | 42/693 [00:09<01:42,  6.35it/s]
  6%|▌         | 43/693 [00:09<01:35,  6.82it/s]
  6%|▋         | 44/693 [00:09<01:31,  7.07it/s]
  6%|▋         | 45/693 [00:09<01:27,  7.44it/s]
  7%|▋         | 46/693 [00:11<06:16,  1.72it/s]
  7%|▋         | 47/693 [00:11<04:46,  2.25it/s]
  7%|▋         | 48/693 [00:11<03:45,  2.86it/s]
  7%|▋         | 49/693 [00:11<03:01,  3.56it/s]
  7%|▋         | 50/693 [00:11<02:33,  4.20it/s]
  7%|▋         | 51/693 [00:11<02:10,  4.92it/s]
  8%|▊         | 52/693 [00:12<01:55,  5.53it/s]
  8%|▊         | 53/693 [00:12<01:44,  6.14it/s]
  8%|▊         | 54/693 [00:12<01:37,  6.55it/s]
  8%|▊         | 55/693 [00:12<01:31,  7.00it/s]
  8%|▊         | 56/693 [00:12<01:28,  7.16it/s]
  8%|▊         | 57/693 [00:12<01:24,  7.53it/s]
  8%|▊         | 58/693 [00:12<01:23,  7.59it/s]
  9%|▊         | 59/693 [00:12<01:22,  7.72it/s]
  9%|▊         | 60/693 [00:13<01:21,  7.77it/s]
  9%|▉         | 61/693 [00:13<01:19,  7.96it/s]
  9%|▉         | 62/693 [00:13<01:26,  7.28it/s]
  9%|▉         | 63/693 [00:13<01:22,  7.67it/s]
  9%|▉         | 64/693 [00:13<01:21,  7.72it/s]
  9%|▉         | 65/693 [00:13<01:19,  7.90it/s]
 10%|▉         | 66/693 [00:13<01:20,  7.84it/s]
 10%|▉         | 67/693 [00:13<01:18,  7.96it/s]
 10%|▉         | 68/693 [00:14<01:19,  7.91it/s]
 10%|▉         | 69/693 [00:14<01:17,  8.04it/s]
 10%|█         | 70/693 [00:14<01:40,  6.22it/s]
 10%|█         | 71/693 [00:14<01:33,  6.69it/s]
 10%|█         | 72/693 [00:14<01:29,  6.93it/s]
 11%|█         | 73/693 [00:14<01:25,  7.27it/s]
 11%|█         | 74/693 [00:14<01:22,  7.46it/s]
 11%|█         | 75/693 [00:15<01:19,  7.73it/s]
 11%|█         | 76/693 [00:15<01:46,  5.77it/s]
 11%|█         | 77/693 [00:15<01:37,  6.35it/s]
 11%|█▏        | 78/693 [00:15<01:31,  6.72it/s]
 11%|█▏        | 79/693 [00:15<01:25,  7.16it/s]
 12%|█▏        | 80/693 [00:15<01:23,  7.34it/s]
 12%|█▏        | 81/693 [00:16<01:20,  7.62it/s]
 12%|█▏        | 82/693 [00:16<01:19,  7.67it/s]
 12%|█▏        | 83/693 [00:16<01:17,  7.90it/s]
 12%|█▏        | 84/693 [00:16<01:18,  7.73it/s]
 12%|█▏        | 85/693 [00:16<01:16,  7.94it/s]
 12%|█▏        | 86/693 [00:16<01:53,  5.35it/s]
 13%|█▎        | 87/693 [00:16<01:41,  5.98it/s]
 13%|█▎        | 88/693 [00:17<01:34,  6.40it/s]
 13%|█▎        | 89/693 [00:17<01:28,  6.85it/s]
 13%|█▎        | 90/693 [00:17<01:24,  7.15it/s]
 13%|█▎        | 91/693 [00:17<01:20,  7.48it/s]
 13%|█▎        | 92/693 [00:17<01:21,  7.42it/s]
 13%|█▎        | 93/693 [00:17<01:18,  7.65it/s]
 14%|█▎        | 94/693 [00:17<01:20,  7.45it/s]
 14%|█▎        | 95/693 [00:18<01:44,  5.72it/s]
 14%|█▍        | 96/693 [00:18<01:36,  6.20it/s]
 14%|█▍        | 97/693 [00:18<01:28,  6.71it/s]
 14%|█▍        | 98/693 [00:18<01:24,  7.03it/s]
 14%|█▍        | 99/693 [00:18<01:20,  7.35it/s]
 14%|█▍        | 100/693 [00:19<03:28,  2.84it/s]
 15%|█▍        | 101/693 [00:19<02:47,  3.53it/s]
 15%|█▍        | 102/693 [00:19<02:19,  4.23it/s]
 15%|█▍        | 103/693 [00:19<01:58,  4.98it/s]
 15%|█▌        | 104/693 [00:19<01:45,  5.57it/s]
 15%|█▌        | 105/693 [00:20<01:34,  6.22it/s]
 15%|█▌        | 106/693 [00:20<01:28,  6.63it/s]
 15%|█▌        | 107/693 [00:20<01:23,  7.05it/s]
 16%|█▌        | 108/693 [00:21<03:29,  2.79it/s]
 16%|█▌        | 109/693 [00:21<02:47,  3.48it/s]
 16%|█▌        | 110/693 [00:21<02:19,  4.17it/s]
 16%|█▌        | 111/693 [00:21<01:58,  4.92it/s]
 16%|█▌        | 112/693 [00:21<01:44,  5.53it/s]
 16%|█▋        | 113/693 [00:21<01:34,  6.12it/s]
 16%|█▋        | 114/693 [00:21<01:28,  6.55it/s]
 17%|█▋        | 115/693 [00:22<01:22,  7.02it/s]
 17%|█▋        | 116/693 [00:22<02:13,  4.32it/s]
 17%|█▋        | 117/693 [00:22<01:54,  5.04it/s]
 17%|█▋        | 118/693 [00:22<01:42,  5.61it/s]
 17%|█▋        | 119/693 [00:22<01:31,  6.26it/s]
 17%|█▋        | 120/693 [00:23<01:26,  6.64it/s]
 17%|█▋        | 121/693 [00:23<01:20,  7.07it/s]
 18%|█▊        | 122/693 [00:23<01:18,  7.23it/s]
 18%|█▊        | 123/693 [00:23<01:14,  7.62it/s]
 18%|█▊        | 124/693 [00:23<01:15,  7.52it/s]
 18%|█▊        | 125/693 [00:23<01:13,  7.68it/s]
 18%|█▊        | 126/693 [00:23<01:13,  7.68it/s]
 18%|█▊        | 127/693 [00:23<01:11,  7.89it/s]
 18%|█▊        | 128/693 [00:24<01:12,  7.80it/s]
 19%|█▊        | 129/693 [00:25<05:35,  1.68it/s]
 19%|█▉        | 130/693 [00:25<04:16,  2.19it/s]
 19%|█▉        | 131/693 [00:25<03:18,  2.83it/s]
 19%|█▉        | 132/693 [00:26<02:40,  3.50it/s]
 19%|█▉        | 133/693 [00:26<02:12,  4.24it/s]
 19%|█▉        | 134/693 [00:26<01:54,  4.90it/s]
 19%|█▉        | 135/693 [00:26<01:39,  5.59it/s]
 20%|█▉        | 136/693 [00:26<01:31,  6.08it/s]
 20%|█▉        | 137/693 [00:26<01:23,  6.64it/s]
 20%|█▉        | 138/693 [00:26<01:20,  6.92it/s]
 20%|██        | 139/693 [00:26<01:15,  7.30it/s]
 20%|██        | 140/693 [00:27<01:14,  7.42it/s]
 20%|██        | 141/693 [00:27<01:11,  7.73it/s]
 20%|██        | 142/693 [00:27<01:10,  7.76it/s]
 21%|██        | 143/693 [00:27<01:09,  7.93it/s]
 21%|██        | 144/693 [00:27<01:09,  7.87it/s]
 21%|██        | 145/693 [00:27<01:08,  7.97it/s]
 21%|██        | 146/693 [00:27<01:09,  7.89it/s]
 21%|██        | 147/693 [00:28<01:22,  6.59it/s]
 21%|██▏       | 148/693 [00:28<01:19,  6.85it/s]
 22%|██▏       | 149/693 [00:28<01:14,  7.26it/s]
 22%|██▏       | 150/693 [00:28<01:13,  7.36it/s]
 22%|██▏       | 151/693 [00:28<01:10,  7.64it/s]
 22%|██▏       | 152/693 [00:28<01:10,  7.63it/s]
 22%|██▏       | 153/693 [00:28<01:09,  7.81it/s]
 22%|██▏       | 154/693 [00:28<01:10,  7.67it/s]
 22%|██▏       | 155/693 [00:29<01:08,  7.84it/s]
 23%|██▎       | 156/693 [00:29<01:07,  7.90it/s]
 23%|██▎       | 157/693 [00:29<01:08,  7.88it/s]
 23%|██▎       | 158/693 [00:29<01:08,  7.83it/s]
 23%|██▎       | 159/693 [00:29<01:08,  7.84it/s]
 23%|██▎       | 160/693 [00:29<01:08,  7.76it/s]
 23%|██▎       | 161/693 [00:29<01:06,  7.94it/s]
 23%|██▎       | 162/693 [00:29<01:07,  7.91it/s]
 23%|██▎       | 162/693 [00:30<01:38,  5.40it/s]
Traceback (most recent call last):
  File "/mnt/sdb/wyn/codes/WSAG-PLSP/codes/train.py", line 441, in <module>
    main(config, args.seed)
  File "/mnt/sdb/wyn/codes/WSAG-PLSP/codes/train.py", line 268, in main
    for batch_data in tqdm(train_data_loader):
  File "/home/wyn/.conda/envs/clip-env/lib/python3.10/site-packages/tqdm/std.py", line 1181, in __iter__
    for obj in iterable:
  File "/home/wyn/.conda/envs/clip-env/lib/python3.10/site-packages/torch/utils/data/dataloader.py", line 732, in __next__
    data = self._next_data()
  File "/home/wyn/.conda/envs/clip-env/lib/python3.10/site-packages/torch/utils/data/dataloader.py", line 1482, in _next_data
    idx, data = self._get_data()
  File "/home/wyn/.conda/envs/clip-env/lib/python3.10/site-packages/torch/utils/data/dataloader.py", line 1444, in _get_data
    success, data = self._try_get_data()
  File "/home/wyn/.conda/envs/clip-env/lib/python3.10/site-packages/torch/utils/data/dataloader.py", line 1275, in _try_get_data
    data = self._data_queue.get(timeout=timeout)
  File "/home/wyn/.conda/envs/clip-env/lib/python3.10/multiprocessing/queues.py", line 113, in get
    if not self._poll(timeout):
  File "/home/wyn/.conda/envs/clip-env/lib/python3.10/multiprocessing/connection.py", line 257, in poll
    return self._poll(timeout)
  File "/home/wyn/.conda/envs/clip-env/lib/python3.10/multiprocessing/connection.py", line 424, in _poll
    r = wait([self], timeout)
  File "/home/wyn/.conda/envs/clip-env/lib/python3.10/multiprocessing/connection.py", line 931, in wait
    ready = selector.select(timeout)
  File "/home/wyn/.conda/envs/clip-env/lib/python3.10/selectors.py", line 416, in select
    fd_event_list = self._selector.poll(timeout)
KeyboardInterrupt
