loss:
  conc_loss_coeff: 0.05
  exo_cls_coeff: 0.6
  kl_loss_coeff: 0.3
  noun_sim_coeff: 0.1
  part_sim_coeff: 0.01
  proto_loss_coeff: 0.2
  sim_loss_coeff: 1.0
{'work_dir': 'logs/seen', 'deterministic': False, 'data_dir': '/mnt/sdb/wyn/data/AGD20K', 'load': {'encoder_ckpt': '/mnt/sdb/wyn/model/ViT-B-16.pt', 'all_ckpt': None}, 'batch_size': 10, 'img_size': 224, 'split_type': 'Seen', 'num_exo': 1, 'PL_mode': 'refined', 'aug4imgRatio': 0.5, 'optimizer': {'lr': 5e-05, 'lr_encoder_coeff': 0.1, 'betas': [0.9, 0.95], 'wd': 0.01, 'max_iter': 14000, 'lr_step': 14000, 'lr_gamma': 0.1, 'num_epochs': 40, 'accum_iter': 2, 'sche_type': 'cos'}, 'early_stop': {'enabled': True, 'metric': 'kld', 'patience': 8, 'min_delta': 0.001}, 'model': {'encoder_type': 'CLIP', 'encoder_params': {'width': 768, 'layers': 12, 'heads': 12, 'output_dim': 512}, 'decoder_embed_dim': 512, 'pred_model_type': 'SAM', 'pred_decoder_args': {'mlp_dim': 2048, 'depth': 2, 'use_up': 2, 'use_additional_token': True, 'conv_first': True}, 'margin': 0.1}, 'loss': {'kl_loss_coeff': 0.3, 'sim_loss_coeff': 1.0, 'exo_cls_coeff': 0.6, 'noun_sim_coeff': 0.1, 'part_sim_coeff': 0.01, 'proto_loss_coeff': 0.2, 'conc_loss_coeff': 0.05}}
Set random seed to 3407, deterministic: False
/mnt/sdb/wyn/envs/clip-env/lib/python3.10/site-packages/torch/functional.py:505: UserWarning: torch.meshgrid: in an upcoming release, it will be required to pass the indexing argument. (Triggered internally at /pytorch/aten/src/ATen/native/TensorShape.cpp:4317.)
  return _VF.meshgrid(tensors, **kwargs)  # type: ignore[attr-defined]
#Params: 112520740
#Encoder Params: 86192640
#Final Decoder Params: 12152576
============Training Epoch 0============

  0%|          | 0/693 [00:00<?, ?it/s]/mnt/sdb/wyn/envs/clip-env/lib/python3.10/site-packages/torch/_tensor.py:1002: UserWarning: non-inplace resize is deprecated
  warnings.warn("non-inplace resize is deprecated")
/mnt/sdb/wyn/envs/clip-env/lib/python3.10/site-packages/torch/_tensor.py:1002: UserWarning: non-inplace resize is deprecated
  warnings.warn("non-inplace resize is deprecated")
/mnt/sdb/wyn/envs/clip-env/lib/python3.10/site-packages/torch/_tensor.py:1002: UserWarning: non-inplace resize is deprecated
  warnings.warn("non-inplace resize is deprecated")
/mnt/sdb/wyn/envs/clip-env/lib/python3.10/site-packages/torch/_tensor.py:1002: UserWarning: non-inplace resize is deprecated
  warnings.warn("non-inplace resize is deprecated")
/mnt/sdb/wyn/envs/clip-env/lib/python3.10/site-packages/torch/_tensor.py:1002: UserWarning: non-inplace resize is deprecated
  warnings.warn("non-inplace resize is deprecated")
/mnt/sdb/wyn/envs/clip-env/lib/python3.10/site-packages/torch/_tensor.py:1002: UserWarning: non-inplace resize is deprecated
  warnings.warn("non-inplace resize is deprecated")
/mnt/sdb/wyn/envs/clip-env/lib/python3.10/site-packages/torch/_tensor.py:1002: UserWarning: non-inplace resize is deprecated
  warnings.warn("non-inplace resize is deprecated")
/mnt/sdb/wyn/envs/clip-env/lib/python3.10/site-packages/torch/_tensor.py:1002: UserWarning: non-inplace resize is deprecated
  warnings.warn("non-inplace resize is deprecated")

  0%|          | 1/693 [00:04<46:33,  4.04s/it]
  0%|          | 2/693 [00:04<21:05,  1.83s/it]
  0%|          | 3/693 [00:04<12:25,  1.08s/it]
  1%|          | 4/693 [00:04<08:35,  1.34it/s]
  1%|          | 5/693 [00:04<06:27,  1.78it/s]
  1%|          | 6/693 [00:05<05:10,  2.21it/s]
  1%|          | 7/693 [00:05<04:21,  2.62it/s]
  1%|          | 8/693 [00:05<03:44,  3.05it/s]
  1%|▏         | 9/693 [00:05<03:25,  3.32it/s]
  1%|▏         | 10/693 [00:06<03:13,  3.54it/s]
  2%|▏         | 11/693 [00:06<03:03,  3.72it/s]
  2%|▏         | 12/693 [00:06<02:50,  3.98it/s]
  2%|▏         | 13/693 [00:06<02:26,  4.63it/s]
  2%|▏         | 14/693 [00:06<02:24,  4.68it/s]
  2%|▏         | 15/693 [00:07<02:29,  4.54it/s]
  2%|▏         | 16/693 [00:07<02:33,  4.40it/s]
  2%|▏         | 17/693 [00:07<02:34,  4.37it/s]
  3%|▎         | 18/693 [00:07<02:36,  4.32it/s]
  3%|▎         | 19/693 [00:08<02:39,  4.22it/s]
  3%|▎         | 20/693 [00:08<02:38,  4.25it/s]
  3%|▎         | 21/693 [00:08<02:38,  4.24it/s]
  3%|▎         | 22/693 [00:08<02:38,  4.23it/s]
  3%|▎         | 23/693 [00:09<02:39,  4.21it/s]
  3%|▎         | 24/693 [00:09<02:34,  4.34it/s]
  4%|▎         | 25/693 [00:09<02:13,  5.02it/s]
  4%|▍         | 26/693 [00:09<02:01,  5.49it/s]
  4%|▍         | 27/693 [00:09<02:12,  5.04it/s]
  4%|▍         | 28/693 [00:10<02:19,  4.76it/s]
  4%|▍         | 29/693 [00:10<02:24,  4.60it/s]
  4%|▍         | 30/693 [00:10<02:28,  4.47it/s]
  4%|▍         | 31/693 [00:10<02:31,  4.38it/s]
  5%|▍         | 32/693 [00:10<02:32,  4.33it/s]
  5%|▍         | 33/693 [00:11<02:31,  4.36it/s]
  5%|▍         | 34/693 [00:11<02:33,  4.30it/s]
  5%|▌         | 35/693 [00:11<02:33,  4.27it/s]
  5%|▌         | 36/693 [00:11<02:35,  4.22it/s]
  5%|▌         | 37/693 [00:12<02:26,  4.48it/s]
  5%|▌         | 38/693 [00:12<02:11,  4.98it/s]
  6%|▌         | 39/693 [00:12<02:13,  4.91it/s]
  6%|▌         | 40/693 [00:12<02:20,  4.66it/s]
  6%|▌         | 41/693 [00:12<02:23,  4.56it/s]
  6%|▌         | 42/693 [00:13<02:26,  4.44it/s]
  6%|▌         | 43/693 [00:13<02:28,  4.38it/s]
  6%|▋         | 44/693 [00:13<02:29,  4.34it/s]
  6%|▋         | 45/693 [00:13<02:26,  4.43it/s]
  7%|▋         | 46/693 [00:14<02:28,  4.37it/s]
  7%|▋         | 47/693 [00:14<02:29,  4.32it/s]
  7%|▋         | 48/693 [00:14<02:30,  4.28it/s]
  7%|▋         | 49/693 [00:14<02:22,  4.52it/s]
  7%|▋         | 50/693 [00:14<02:07,  5.03it/s]
  7%|▋         | 51/693 [00:15<01:59,  5.35it/s]
  8%|▊         | 52/693 [00:15<02:09,  4.96it/s]
  8%|▊         | 53/693 [00:15<02:16,  4.70it/s]
  8%|▊         | 54/693 [00:15<02:20,  4.54it/s]
  8%|▊         | 55/693 [00:16<02:24,  4.42it/s]
  8%|▊         | 56/693 [00:16<02:25,  4.37it/s]
  8%|▊         | 57/693 [00:16<02:27,  4.32it/s]
  8%|▊         | 58/693 [00:16<02:25,  4.36it/s]
  9%|▊         | 59/693 [00:16<02:26,  4.33it/s]
  9%|▊         | 60/693 [00:17<02:27,  4.30it/s]
  9%|▉         | 61/693 [00:17<02:27,  4.29it/s]
  9%|▉         | 62/693 [00:17<02:17,  4.57it/s]
  9%|▉         | 63/693 [00:17<02:00,  5.22it/s]
  9%|▉         | 64/693 [00:17<02:01,  5.19it/s]
  9%|▉         | 65/693 [00:18<02:08,  4.87it/s]
 10%|▉         | 66/693 [00:18<02:13,  4.68it/s]
 10%|▉         | 67/693 [00:18<02:17,  4.56it/s]
 10%|▉         | 68/693 [00:18<02:20,  4.44it/s]
 10%|▉         | 69/693 [00:19<02:21,  4.40it/s]
 10%|█         | 70/693 [00:19<02:23,  4.35it/s]
 10%|█         | 71/693 [00:19<02:15,  4.58it/s]
 10%|█         | 72/693 [00:19<02:18,  4.48it/s]
 11%|█         | 73/693 [00:20<02:19,  4.43it/s]
 11%|█         | 74/693 [00:20<02:20,  4.39it/s]
 11%|█         | 75/693 [00:20<02:09,  4.77it/s]
 11%|█         | 76/693 [00:20<01:58,  5.22it/s]
 11%|█         | 77/693 [00:20<02:00,  5.13it/s]
 11%|█▏        | 78/693 [00:21<02:08,  4.78it/s]
 11%|█▏        | 79/693 [00:21<02:12,  4.63it/s]
 12%|█▏        | 80/693 [00:21<02:17,  4.47it/s]
 12%|█▏        | 81/693 [00:21<02:18,  4.41it/s]
 12%|█▏        | 82/693 [00:21<02:20,  4.34it/s]
 12%|█▏        | 83/693 [00:22<02:21,  4.33it/s]
 12%|█▏        | 84/693 [00:22<02:22,  4.28it/s]
 12%|█▏        | 85/693 [00:22<02:21,  4.29it/s]
 12%|█▏        | 86/693 [00:22<02:22,  4.27it/s]
 13%|█▎        | 87/693 [00:23<02:16,  4.43it/s]
 13%|█▎        | 88/693 [00:23<02:01,  4.99it/s]
 13%|█▎        | 89/693 [00:23<01:49,  5.53it/s]
 13%|█▎        | 90/693 [00:23<01:59,  5.07it/s]
 13%|█▎        | 91/693 [00:23<02:06,  4.78it/s]
 13%|█▎        | 92/693 [00:24<02:11,  4.58it/s]
 13%|█▎        | 93/693 [00:24<02:13,  4.48it/s]
 14%|█▎        | 94/693 [00:24<02:16,  4.40it/s]
 14%|█▎        | 95/693 [00:24<02:17,  4.35it/s]
 14%|█▍        | 96/693 [00:25<02:14,  4.43it/s]
 14%|█▍        | 97/693 [00:25<02:15,  4.39it/s]
 14%|█▍        | 98/693 [00:25<02:16,  4.34it/s]
 14%|█▍        | 99/693 [00:25<02:17,  4.33it/s]
 14%|█▍        | 100/693 [00:25<02:11,  4.50it/s]
 15%|█▍        | 101/693 [00:26<01:54,  5.17it/s]
 15%|█▍        | 102/693 [00:26<01:47,  5.47it/s]
 15%|█▍        | 103/693 [00:26<01:56,  5.07it/s]
 15%|█▌        | 104/693 [00:26<02:02,  4.81it/s]
 15%|█▌        | 105/693 [00:26<02:08,  4.59it/s]
 15%|█▌        | 106/693 [00:27<02:11,  4.47it/s]
 15%|█▌        | 107/693 [00:27<02:13,  4.40it/s]
 16%|█▌        | 108/693 [00:27<02:14,  4.35it/s]
 16%|█▌        | 109/693 [00:27<02:10,  4.47it/s]
 16%|█▌        | 110/693 [00:28<02:12,  4.40it/s]
 16%|█▌        | 111/693 [00:28<02:13,  4.37it/s]
 16%|█▌        | 112/693 [00:28<02:14,  4.32it/s]
 16%|█▋        | 113/693 [00:28<02:08,  4.50it/s]
 16%|█▋        | 114/693 [00:28<01:54,  5.08it/s]
 17%|█▋        | 115/693 [00:29<01:50,  5.22it/s]
 17%|█▋        | 116/693 [00:29<01:58,  4.89it/s]
 17%|█▋        | 117/693 [00:29<02:03,  4.67it/s]
 17%|█▋        | 118/693 [00:29<02:07,  4.51it/s]
 17%|█▋        | 119/693 [00:30<02:11,  4.37it/s]
 17%|█▋        | 120/693 [00:30<02:12,  4.33it/s]
 17%|█▋        | 121/693 [00:30<02:12,  4.31it/s]
 18%|█▊        | 122/693 [00:30<02:06,  4.52it/s]
 18%|█▊        | 123/693 [00:30<02:08,  4.44it/s]
 18%|█▊        | 124/693 [00:31<02:09,  4.40it/s]
 18%|█▊        | 125/693 [00:31<02:10,  4.34it/s]
 18%|█▊        | 126/693 [00:31<02:05,  4.51it/s]
 18%|█▊        | 127/693 [00:31<01:49,  5.18it/s]
 18%|█▊        | 128/693 [00:31<01:42,  5.54it/s]
 19%|█▊        | 129/693 [00:32<01:52,  5.03it/s]
 19%|█▉        | 130/693 [00:33<03:49,  2.45it/s]
 19%|█▉        | 131/693 [00:33<03:19,  2.82it/s]
 19%|█▉        | 132/693 [00:33<03:00,  3.11it/s]
 19%|█▉        | 133/693 [00:33<02:46,  3.37it/s]
 19%|█▉        | 134/693 [00:33<02:23,  3.90it/s]
 19%|█▉        | 135/693 [00:34<02:02,  4.54it/s]
 20%|█▉        | 136/693 [00:34<02:04,  4.46it/s]
 20%|█▉        | 137/693 [00:34<02:07,  4.34it/s]
 20%|█▉        | 138/693 [00:34<02:10,  4.27it/s]
 20%|██        | 139/693 [00:34<02:10,  4.24it/s]
 20%|██        | 140/693 [00:35<02:11,  4.20it/s]
 20%|██        | 141/693 [00:35<02:10,  4.21it/s]
 20%|██        | 142/693 [00:35<02:15,  4.07it/s]
 21%|██        | 143/693 [00:35<02:13,  4.11it/s]
 21%|██        | 144/693 [00:36<02:14,  4.09it/s]
 21%|██        | 145/693 [00:36<02:11,  4.17it/s]
 21%|██        | 146/693 [00:36<02:00,  4.54it/s]
 21%|██        | 147/693 [00:36<01:55,  4.74it/s]
 21%|██▏       | 148/693 [00:37<01:58,  4.59it/s]
 22%|██▏       | 149/693 [00:37<02:01,  4.47it/s]
 22%|██▏       | 150/693 [00:37<02:03,  4.41it/s]
 22%|██▏       | 151/693 [00:37<02:04,  4.35it/s]
 22%|██▏       | 152/693 [00:37<02:05,  4.30it/s]
 22%|██▏       | 153/693 [00:38<02:08,  4.21it/s]
 22%|██▏       | 154/693 [00:38<02:08,  4.20it/s]
 22%|██▏       | 155/693 [00:38<02:06,  4.25it/s]
 23%|██▎       | 156/693 [00:38<02:06,  4.25it/s]
 23%|██▎       | 157/693 [00:39<02:00,  4.43it/s]
 23%|██▎       | 158/693 [00:39<01:46,  5.00it/s]
 23%|██▎       | 159/693 [00:39<01:36,  5.53it/s]
 23%|██▎       | 160/693 [00:39<01:45,  5.07it/s]
 23%|██▎       | 161/693 [00:39<01:51,  4.76it/s]
 23%|██▎       | 162/693 [00:40<01:55,  4.58it/s]
 24%|██▎       | 163/693 [00:40<01:58,  4.46it/s]
 24%|██▎       | 164/693 [00:40<02:00,  4.38it/s]
 24%|██▍       | 165/693 [00:40<02:02,  4.31it/s]
 24%|██▍       | 166/693 [00:41<01:59,  4.41it/s]
 24%|██▍       | 167/693 [00:41<02:00,  4.36it/s]
 24%|██▍       | 168/693 [00:41<02:02,  4.29it/s]
 24%|██▍       | 169/693 [00:41<02:02,  4.27it/s]
 25%|██▍       | 170/693 [00:41<01:58,  4.42it/s]
 25%|██▍       | 171/693 [00:42<01:44,  5.02it/s]
 25%|██▍       | 172/693 [00:42<01:43,  5.03it/s]
 25%|██▍       | 173/693 [00:42<01:49,  4.74it/s]
 25%|██▌       | 174/693 [00:42<01:54,  4.54it/s]
 25%|██▌       | 175/693 [00:43<01:56,  4.44it/s]
 25%|██▌       | 176/693 [00:43<01:59,  4.33it/s]
 26%|██▌       | 177/693 [00:43<02:00,  4.28it/s]
 26%|██▌       | 178/693 [00:43<02:00,  4.29it/s]
 26%|██▌       | 179/693 [00:43<02:00,  4.28it/s]
 26%|██▌       | 180/693 [00:44<02:00,  4.25it/s]
 26%|██▌       | 181/693 [00:44<02:00,  4.26it/s]
 26%|██▋       | 182/693 [00:44<01:56,  4.37it/s]
 26%|██▋       | 183/693 [00:44<01:43,  4.94it/s]
 27%|██▋       | 184/693 [00:45<01:44,  4.87it/s]
 27%|██▋       | 185/693 [00:45<01:48,  4.67it/s]
 27%|██▋       | 186/693 [00:45<01:52,  4.53it/s]
 27%|██▋       | 187/693 [00:45<01:54,  4.42it/s]
 27%|██▋       | 188/693 [00:45<01:56,  4.34it/s]
 27%|██▋       | 189/693 [00:46<01:56,  4.33it/s]
 27%|██▋       | 190/693 [00:46<01:53,  4.43it/s]
 28%|██▊       | 191/693 [00:46<01:51,  4.49it/s]
 28%|██▊       | 192/693 [00:46<01:55,  4.35it/s]
 28%|██▊       | 193/693 [00:47<01:55,  4.33it/s]
 28%|██▊       | 194/693 [00:47<01:56,  4.27it/s]
 28%|██▊       | 195/693 [00:47<01:43,  4.81it/s]
 28%|██▊       | 196/693 [00:47<01:35,  5.23it/s]
 28%|██▊       | 197/693 [00:47<01:41,  4.88it/s]
 29%|██▊       | 198/693 [00:48<01:48,  4.56it/s]
 29%|██▊       | 199/693 [00:48<01:51,  4.45it/s]
 29%|██▉       | 200/693 [00:48<01:53,  4.35it/s]
 29%|██▉       | 201/693 [00:48<01:54,  4.30it/s]
 29%|██▉       | 202/693 [00:49<01:55,  4.24it/s]
 29%|██▉       | 203/693 [00:49<01:54,  4.30it/s]
 29%|██▉       | 204/693 [00:49<01:54,  4.26it/s]
 30%|██▉       | 205/693 [00:49<01:55,  4.23it/s]
 30%|██▉       | 206/693 [00:50<01:56,  4.19it/s]
 30%|██▉       | 207/693 [00:50<01:45,  4.62it/s]
 30%|███       | 208/693 [00:50<01:39,  4.90it/s]
 30%|███       | 209/693 [00:50<01:42,  4.71it/s]
 30%|███       | 210/693 [00:50<01:46,  4.52it/s]
 30%|███       | 211/693 [00:51<01:49,  4.41it/s]
 31%|███       | 212/693 [00:51<01:51,  4.32it/s]
 31%|███       | 213/693 [00:51<01:52,  4.28it/s]
 31%|███       | 214/693 [00:51<01:53,  4.24it/s]
 31%|███       | 215/693 [00:52<01:49,  4.35it/s]
 31%|███       | 216/693 [00:52<01:50,  4.30it/s]
 31%|███▏      | 217/693 [00:52<01:51,  4.28it/s]
 31%|███▏      | 218/693 [00:52<01:52,  4.23it/s]
 32%|███▏      | 219/693 [00:52<01:41,  4.68it/s]
 32%|███▏      | 220/693 [00:53<01:36,  4.91it/s]
 32%|███▏      | 221/693 [00:53<01:40,  4.68it/s]
 32%|███▏      | 222/693 [00:53<01:44,  4.50it/s]
 32%|███▏      | 223/693 [00:53<01:46,  4.40it/s]
 32%|███▏      | 224/693 [00:54<01:47,  4.35it/s]
 32%|███▏      | 225/693 [00:54<01:49,  4.29it/s]
 33%|███▎      | 226/693 [00:54<01:49,  4.27it/s]
 33%|███▎      | 227/693 [00:54<01:47,  4.35it/s]
 33%|███▎      | 228/693 [00:55<01:49,  4.26it/s]
 33%|███▎      | 229/693 [00:55<01:48,  4.27it/s]
 33%|███▎      | 230/693 [00:55<01:49,  4.23it/s]
 33%|███▎      | 231/693 [00:55<01:39,  4.65it/s]
 33%|███▎      | 232/693 [00:55<01:32,  4.97it/s]
 34%|███▎      | 233/693 [00:56<01:37,  4.71it/s]
 34%|███▍      | 234/693 [00:56<01:41,  4.52it/s]
 34%|███▍      | 235/693 [00:56<01:43,  4.42it/s]
 34%|███▍      | 236/693 [00:56<01:45,  4.32it/s]
 34%|███▍      | 237/693 [00:57<01:46,  4.30it/s]
 34%|███▍      | 238/693 [00:57<01:47,  4.24it/s]
 34%|███▍      | 239/693 [00:57<01:43,  4.38it/s]
 35%|███▍      | 240/693 [00:57<01:45,  4.31it/s]
 35%|███▍      | 241/693 [00:57<01:44,  4.31it/s]
 35%|███▍      | 242/693 [00:58<01:45,  4.28it/s]
 35%|███▌      | 243/693 [00:58<01:36,  4.68it/s]
 35%|███▌      | 244/693 [00:58<01:23,  5.38it/s]
 35%|███▌      | 245/693 [00:58<01:26,  5.17it/s]
 35%|███▌      | 246/693 [00:58<01:31,  4.89it/s]
 36%|███▌      | 247/693 [00:59<01:35,  4.65it/s]
 36%|███▌      | 248/693 [00:59<01:37,  4.54it/s]
 36%|███▌      | 249/693 [00:59<01:39,  4.44it/s]
 36%|███▌      | 250/693 [00:59<01:41,  4.38it/s]
 36%|███▌      | 251/693 [01:00<01:38,  4.50it/s]
 36%|███▋      | 252/693 [01:00<01:37,  4.53it/s]
 37%|███▋      | 253/693 [01:00<01:38,  4.47it/s]
 37%|███▋      | 254/693 [01:00<01:40,  4.38it/s]
 37%|███▋      | 255/693 [01:00<01:39,  4.39it/s]
 37%|███▋      | 256/693 [01:01<01:31,  4.79it/s]
 37%|███▋      | 257/693 [01:01<01:20,  5.42it/s]
 37%|███▋      | 258/693 [01:01<01:25,  5.08it/s]
 37%|███▋      | 259/693 [01:01<01:30,  4.78it/s]
 38%|███▊      | 260/693 [01:01<01:34,  4.58it/s]
 38%|███▊      | 261/693 [01:02<01:36,  4.46it/s]
 38%|███▊      | 262/693 [01:02<01:38,  4.39it/s]
 38%|███▊      | 263/693 [01:02<01:39,  4.33it/s]
 38%|███▊      | 264/693 [01:02<01:37,  4.38it/s]
 38%|███▊      | 265/693 [01:03<01:38,  4.35it/s]
 38%|███▊      | 266/693 [01:03<01:38,  4.32it/s]
 39%|███▊      | 267/693 [01:03<01:39,  4.29it/s]
 39%|███▊      | 268/693 [01:03<01:35,  4.47it/s]
 39%|███▉      | 269/693 [01:03<01:23,  5.09it/s]
 39%|███▉      | 270/693 [01:04<01:17,  5.45it/s]
 39%|███▉      | 271/693 [01:04<01:24,  5.01it/s]
 39%|███▉      | 272/693 [01:04<01:28,  4.73it/s]
 39%|███▉      | 273/693 [01:04<01:32,  4.56it/s]
 40%|███▉      | 274/693 [01:05<01:34,  4.43it/s]
 40%|███▉      | 275/693 [01:05<01:35,  4.36it/s]
 40%|███▉      | 276/693 [01:05<01:37,  4.29it/s]
 40%|███▉      | 277/693 [01:05<01:36,  4.30it/s]
 40%|████      | 278/693 [01:05<01:37,  4.25it/s]
 40%|████      | 279/693 [01:06<01:37,  4.23it/s]
 40%|████      | 280/693 [01:06<01:38,  4.20it/s]
 41%|████      | 281/693 [01:06<01:31,  4.53it/s]
 41%|████      | 282/693 [01:06<01:21,  5.05it/s]
 41%|████      | 283/693 [01:07<01:25,  4.80it/s]
 41%|████      | 284/693 [01:07<01:29,  4.58it/s]
 41%|████      | 285/693 [01:07<01:31,  4.45it/s]
 41%|████▏     | 286/693 [01:07<01:33,  4.36it/s]
 41%|████▏     | 287/693 [01:07<01:34,  4.31it/s]
 42%|████▏     | 288/693 [01:08<01:35,  4.26it/s]
 42%|████▏     | 289/693 [01:08<01:33,  4.30it/s]
 42%|████▏     | 290/693 [01:08<01:34,  4.28it/s]
 42%|████▏     | 291/693 [01:08<01:33,  4.28it/s]
 42%|████▏     | 292/693 [01:09<01:33,  4.30it/s]
 42%|████▏     | 293/693 [01:09<01:29,  4.47it/s]
 42%|████▏     | 294/693 [01:09<01:18,  5.09it/s]
 43%|████▎     | 295/693 [01:09<01:19,  4.99it/s]
 43%|████▎     | 296/693 [01:09<01:23,  4.73it/s]
 43%|████▎     | 297/693 [01:10<01:27,  4.54it/s]
 43%|████▎     | 298/693 [01:10<01:29,  4.44it/s]
 43%|████▎     | 299/693 [01:10<01:30,  4.36it/s]
 43%|████▎     | 300/693 [01:10<01:30,  4.32it/s]
 43%|████▎     | 301/693 [01:11<01:32,  4.26it/s]
 44%|████▎     | 302/693 [01:11<01:31,  4.26it/s]
 44%|████▎     | 303/693 [01:11<01:32,  4.23it/s]
 44%|████▍     | 304/693 [01:11<01:32,  4.22it/s]
 44%|████▍     | 305/693 [01:12<01:28,  4.40it/s]
 44%|████▍     | 306/693 [01:12<01:17,  5.00it/s]
 44%|████▍     | 307/693 [01:12<01:09,  5.52it/s]
 44%|████▍     | 308/693 [01:12<01:16,  5.02it/s]
 45%|████▍     | 309/693 [01:12<01:20,  4.76it/s]
 45%|████▍     | 310/693 [01:13<01:23,  4.58it/s]
 45%|████▍     | 311/693 [01:13<01:25,  4.46it/s]
 45%|████▌     | 312/693 [01:13<01:27,  4.37it/s]
 45%|████▌     | 313/693 [01:13<01:27,  4.35it/s]
 45%|████▌     | 314/693 [01:13<01:26,  4.40it/s]
 45%|████▌     | 315/693 [01:14<01:26,  4.35it/s]
 46%|████▌     | 316/693 [01:14<01:28,  4.28it/s]
 46%|████▌     | 317/693 [01:15<02:43,  2.30it/s]
 46%|████▌     | 318/693 [01:15<02:22,  2.63it/s]
 46%|████▌     | 319/693 [01:15<02:06,  2.96it/s]
 46%|████▌     | 320/693 [01:16<01:56,  3.21it/s]
 46%|████▋     | 321/693 [01:16<01:48,  3.44it/s]
 46%|████▋     | 322/693 [01:16<01:42,  3.63it/s]
 47%|████▋     | 323/693 [01:16<01:37,  3.79it/s]
 47%|████▋     | 324/693 [01:17<01:31,  4.05it/s]
 47%|████▋     | 325/693 [01:17<01:18,  4.69it/s]
 47%|████▋     | 326/693 [01:17<01:12,  5.09it/s]
 47%|████▋     | 327/693 [01:17<01:16,  4.77it/s]
 47%|████▋     | 328/693 [01:17<01:20,  4.53it/s]
 47%|████▋     | 329/693 [01:18<01:22,  4.42it/s]
 48%|████▊     | 330/693 [01:18<01:23,  4.33it/s]
 48%|████▊     | 331/693 [01:18<01:24,  4.28it/s]
 48%|████▊     | 332/693 [01:18<01:25,  4.23it/s]
 48%|████▊     | 333/693 [01:19<01:24,  4.26it/s]
 48%|████▊     | 334/693 [01:19<01:25,  4.19it/s]
 48%|████▊     | 335/693 [01:19<01:26,  4.15it/s]
 48%|████▊     | 336/693 [01:19<01:26,  4.14it/s]
 49%|████▊     | 337/693 [01:19<01:17,  4.57it/s]
 49%|████▉     | 338/693 [01:20<01:13,  4.82it/s]
 49%|████▉     | 339/693 [01:20<01:16,  4.64it/s]
 49%|████▉     | 340/693 [01:20<01:19,  4.47it/s]
 49%|████▉     | 341/693 [01:20<01:22,  4.25it/s]
 49%|████▉     | 342/693 [01:21<01:23,  4.22it/s]
 49%|████▉     | 343/693 [01:21<01:22,  4.25it/s]
 50%|████▉     | 344/693 [01:21<01:23,  4.18it/s]
 50%|████▉     | 345/693 [01:21<01:20,  4.33it/s]
 50%|████▉     | 346/693 [01:21<01:21,  4.27it/s]
 50%|█████     | 347/693 [01:22<01:21,  4.27it/s]
 50%|█████     | 348/693 [01:22<01:22,  4.19it/s]
 50%|█████     | 349/693 [01:22<01:15,  4.54it/s]
 51%|█████     | 350/693 [01:22<01:08,  4.99it/s]
 51%|█████     | 351/693 [01:23<01:12,  4.72it/s]
 51%|█████     | 352/693 [01:23<01:15,  4.51it/s]
 51%|█████     | 353/693 [01:23<01:21,  4.17it/s]
 51%|█████     | 354/693 [01:23<01:26,  3.93it/s]
 51%|█████     | 355/693 [01:24<01:24,  3.99it/s]
 51%|█████▏    | 356/693 [01:24<01:23,  4.04it/s]
 52%|█████▏    | 357/693 [01:24<01:21,  4.13it/s]
 52%|█████▏    | 358/693 [01:24<01:20,  4.14it/s]
 52%|█████▏    | 359/693 [01:25<01:20,  4.15it/s]
 52%|█████▏    | 360/693 [01:25<01:20,  4.16it/s]
 52%|█████▏    | 361/693 [01:25<01:13,  4.51it/s]
 52%|█████▏    | 362/693 [01:25<01:05,  5.05it/s]
 52%|█████▏    | 363/693 [01:25<01:06,  4.99it/s]
 53%|█████▎    | 364/693 [01:26<01:09,  4.71it/s]
 53%|█████▎    | 365/693 [01:26<01:12,  4.54it/s]
 53%|█████▎    | 366/693 [01:26<01:14,  4.40it/s]
 53%|█████▎    | 367/693 [01:26<01:15,  4.33it/s]
 53%|█████▎    | 368/693 [01:27<01:16,  4.27it/s]
 53%|█████▎    | 369/693 [01:27<01:14,  4.37it/s]
 53%|█████▎    | 370/693 [01:27<01:14,  4.34it/s]
 54%|█████▎    | 371/693 [01:27<01:15,  4.28it/s]
 54%|█████▎    | 372/693 [01:27<01:14,  4.29it/s]
 54%|█████▍    | 373/693 [01:28<01:12,  4.43it/s]
 54%|█████▍    | 374/693 [01:28<01:04,  4.91it/s]
 54%|█████▍    | 375/693 [01:28<00:58,  5.44it/s]
 54%|█████▍    | 376/693 [01:28<01:01,  5.11it/s]
 54%|█████▍    | 377/693 [01:28<01:05,  4.81it/s]
 55%|█████▍    | 378/693 [01:29<01:08,  4.58it/s]
 55%|█████▍    | 379/693 [01:29<01:10,  4.46it/s]
 55%|█████▍    | 380/693 [01:29<01:11,  4.36it/s]
 55%|█████▍    | 381/693 [01:29<01:12,  4.31it/s]
 55%|█████▌    | 382/693 [01:30<01:10,  4.41it/s]
 55%|█████▌    | 383/693 [01:30<01:11,  4.35it/s]
 55%|█████▌    | 384/693 [01:30<01:12,  4.28it/s]
 56%|█████▌    | 385/693 [01:30<01:12,  4.27it/s]
 56%|█████▌    | 386/693 [01:31<01:08,  4.45it/s]
 56%|█████▌    | 387/693 [01:31<01:00,  5.07it/s]
 56%|█████▌    | 388/693 [01:31<00:59,  5.10it/s]
 56%|█████▌    | 389/693 [01:31<01:03,  4.80it/s]
 56%|█████▋    | 390/693 [01:31<01:06,  4.59it/s]
 56%|█████▋    | 391/693 [01:32<01:08,  4.43it/s]
 57%|█████▋    | 392/693 [01:32<01:09,  4.34it/s]
 57%|█████▋    | 393/693 [01:32<01:10,  4.28it/s]
 57%|█████▋    | 394/693 [01:32<01:10,  4.27it/s]
 57%|█████▋    | 395/693 [01:33<01:10,  4.24it/s]
 57%|█████▋    | 396/693 [01:33<01:10,  4.22it/s]
 57%|█████▋    | 397/693 [01:33<01:10,  4.23it/s]
 57%|█████▋    | 398/693 [01:33<01:08,  4.30it/s]
 58%|█████▊    | 399/693 [01:33<00:58,  5.05it/s]
 58%|█████▊    | 400/693 [01:33<00:54,  5.41it/s]
 58%|█████▊    | 401/693 [01:34<00:58,  5.00it/s]
 58%|█████▊    | 402/693 [01:34<01:00,  4.79it/s]
 58%|█████▊    | 403/693 [01:34<01:02,  4.62it/s]
 58%|█████▊    | 404/693 [01:34<01:03,  4.54it/s]
 58%|█████▊    | 405/693 [01:35<01:05,  4.42it/s]
 59%|█████▊    | 406/693 [01:35<01:05,  4.40it/s]
 59%|█████▊    | 407/693 [01:35<01:04,  4.43it/s]
 59%|█████▉    | 408/693 [01:35<01:04,  4.41it/s]
 59%|█████▉    | 409/693 [01:36<01:05,  4.36it/s]
 59%|█████▉    | 410/693 [01:36<01:04,  4.36it/s]
 59%|█████▉    | 411/693 [01:36<01:02,  4.48it/s]
 59%|█████▉    | 412/693 [01:36<00:54,  5.13it/s]
 60%|█████▉    | 413/693 [01:36<00:48,  5.75it/s]
 60%|█████▉    | 414/693 [01:36<00:50,  5.53it/s]
 60%|█████▉    | 415/693 [01:37<00:55,  5.03it/s]
 60%|██████    | 416/693 [01:37<00:57,  4.80it/s]
 60%|██████    | 417/693 [01:37<00:59,  4.61it/s]
 60%|██████    | 418/693 [01:37<01:00,  4.52it/s]
 60%|██████    | 419/693 [01:38<01:01,  4.45it/s]
 61%|██████    | 420/693 [01:38<01:01,  4.42it/s]
 61%|██████    | 421/693 [01:38<00:58,  4.63it/s]
 61%|██████    | 422/693 [01:38<00:59,  4.55it/s]
 61%|██████    | 423/693 [01:39<01:00,  4.45it/s]
 61%|██████    | 424/693 [01:39<01:00,  4.43it/s]
 61%|██████▏   | 425/693 [01:39<00:55,  4.79it/s]
 61%|██████▏   | 426/693 [01:39<00:48,  5.47it/s]
 62%|██████▏   | 427/693 [01:39<00:44,  5.97it/s]
 62%|██████▏   | 428/693 [01:39<00:49,  5.35it/s]
 62%|██████▏   | 429/693 [01:40<00:53,  4.97it/s]
 62%|██████▏   | 430/693 [01:40<00:55,  4.76it/s]
 62%|██████▏   | 431/693 [01:40<00:57,  4.55it/s]
 62%|██████▏   | 432/693 [01:40<00:58,  4.46it/s]
 62%|██████▏   | 433/693 [01:41<01:00,  4.33it/s]
 63%|██████▎   | 434/693 [01:41<00:58,  4.40it/s]
 63%|██████▎   | 435/693 [01:41<00:59,  4.33it/s]
 63%|██████▎   | 436/693 [01:41<00:59,  4.32it/s]
 63%|██████▎   | 437/693 [01:42<00:59,  4.30it/s]
 63%|██████▎   | 438/693 [01:42<00:57,  4.45it/s]
 63%|██████▎   | 439/693 [01:42<00:49,  5.11it/s]
 63%|██████▎   | 440/693 [01:42<00:44,  5.63it/s]
 64%|██████▎   | 441/693 [01:42<00:48,  5.16it/s]
 64%|██████▍   | 442/693 [01:42<00:51,  4.85it/s]
 64%|██████▍   | 443/693 [01:43<00:54,  4.63it/s]
 64%|██████▍   | 444/693 [01:43<00:55,  4.51it/s]
 64%|██████▍   | 445/693 [01:43<00:56,  4.42it/s]
 64%|██████▍   | 446/693 [01:43<00:56,  4.36it/s]
 65%|██████▍   | 447/693 [01:44<00:54,  4.49it/s]
 65%|██████▍   | 448/693 [01:44<00:55,  4.42it/s]
 65%|██████▍   | 449/693 [01:44<00:55,  4.37it/s]
 65%|██████▍   | 450/693 [01:44<00:56,  4.33it/s]
 65%|██████▌   | 451/693 [01:45<00:54,  4.42it/s]
 65%|██████▌   | 452/693 [01:45<00:47,  5.08it/s]
 65%|██████▌   | 453/693 [01:45<00:42,  5.66it/s]
 66%|██████▌   | 454/693 [01:45<00:46,  5.17it/s]
 66%|██████▌   | 455/693 [01:45<00:48,  4.87it/s]
 66%|██████▌   | 456/693 [01:45<00:50,  4.69it/s]
 66%|██████▌   | 457/693 [01:46<00:52,  4.53it/s]
 66%|██████▌   | 458/693 [01:46<00:52,  4.47it/s]
 66%|██████▌   | 459/693 [01:46<00:53,  4.40it/s]
 66%|██████▋   | 460/693 [01:46<00:52,  4.41it/s]
 67%|██████▋   | 461/693 [01:47<00:53,  4.33it/s]
 67%|██████▋   | 462/693 [01:47<00:54,  4.25it/s]
 67%|██████▋   | 463/693 [01:47<00:54,  4.25it/s]
 67%|██████▋   | 464/693 [01:47<00:52,  4.37it/s]
 67%|██████▋   | 465/693 [01:47<00:45,  4.97it/s]
 67%|██████▋   | 466/693 [01:48<00:42,  5.36it/s]
 67%|██████▋   | 467/693 [01:48<00:45,  4.95it/s]
 68%|██████▊   | 468/693 [01:48<00:48,  4.66it/s]
 68%|██████▊   | 469/693 [01:48<00:49,  4.50it/s]
 68%|██████▊   | 470/693 [01:49<00:50,  4.38it/s]
 68%|██████▊   | 471/693 [01:49<00:51,  4.32it/s]
 68%|██████▊   | 472/693 [01:49<00:51,  4.26it/s]
 68%|██████▊   | 473/693 [01:49<00:50,  4.38it/s]
 68%|██████▊   | 474/693 [01:50<00:50,  4.31it/s]
 69%|██████▊   | 475/693 [01:50<00:50,  4.30it/s]
 69%|██████▊   | 476/693 [01:50<00:51,  4.25it/s]
 69%|██████▉   | 477/693 [01:50<00:46,  4.67it/s]
 69%|██████▉   | 478/693 [01:50<00:41,  5.18it/s]
 69%|██████▉   | 479/693 [01:51<00:42,  4.98it/s]
 69%|██████▉   | 480/693 [01:51<00:45,  4.67it/s]
 69%|██████▉   | 481/693 [01:51<00:46,  4.55it/s]
 70%|██████▉   | 482/693 [01:51<00:47,  4.45it/s]
 70%|██████▉   | 483/693 [01:51<00:47,  4.38it/s]
 70%|██████▉   | 484/693 [01:52<00:48,  4.32it/s]
 70%|██████▉   | 485/693 [01:52<00:47,  4.41it/s]
 70%|███████   | 486/693 [01:52<00:47,  4.33it/s]
 70%|███████   | 487/693 [01:52<00:47,  4.30it/s]
 70%|███████   | 488/693 [01:53<00:47,  4.30it/s]
 71%|███████   | 489/693 [01:53<00:44,  4.54it/s]
 71%|███████   | 490/693 [01:53<00:39,  5.08it/s]
 71%|███████   | 491/693 [01:53<00:35,  5.64it/s]
 71%|███████   | 492/693 [01:53<00:38,  5.17it/s]
 71%|███████   | 493/693 [01:54<00:41,  4.85it/s]
 71%|███████▏  | 494/693 [01:54<00:42,  4.63it/s]
 71%|███████▏  | 495/693 [01:54<00:44,  4.50it/s]
 72%|███████▏  | 496/693 [01:54<00:44,  4.42it/s]
 72%|███████▏  | 497/693 [01:55<00:45,  4.34it/s]
 72%|███████▏  | 498/693 [01:55<00:44,  4.36it/s]
 72%|███████▏  | 499/693 [01:55<00:44,  4.33it/s]
 72%|███████▏  | 500/693 [01:55<00:44,  4.32it/s]
 72%|███████▏  | 501/693 [01:55<00:44,  4.30it/s]
 72%|███████▏  | 502/693 [01:56<00:43,  4.43it/s]
 73%|███████▎  | 503/693 [01:56<00:39,  4.84it/s]
 73%|███████▎  | 504/693 [01:56<00:40,  4.65it/s]
 73%|███████▎  | 505/693 [01:56<00:41,  4.51it/s]
 73%|███████▎  | 506/693 [01:57<00:42,  4.42it/s]
 73%|███████▎  | 507/693 [01:57<00:42,  4.38it/s]
 73%|███████▎  | 508/693 [01:57<00:42,  4.32it/s]
 73%|███████▎  | 509/693 [01:57<00:42,  4.30it/s]
 74%|███████▎  | 510/693 [01:57<00:41,  4.40it/s]
 74%|███████▎  | 511/693 [01:58<00:41,  4.36it/s]
 74%|███████▍  | 512/693 [01:58<00:41,  4.33it/s]
 74%|███████▍  | 513/693 [01:58<00:41,  4.31it/s]
 74%|███████▍  | 514/693 [01:58<00:39,  4.50it/s]
 74%|███████▍  | 515/693 [01:58<00:34,  5.16it/s]
 74%|███████▍  | 516/693 [01:59<00:32,  5.37it/s]
 75%|███████▍  | 517/693 [01:59<00:35,  4.92it/s]
 75%|███████▍  | 518/693 [01:59<00:37,  4.71it/s]
 75%|███████▍  | 519/693 [01:59<00:38,  4.54it/s]
 75%|███████▌  | 520/693 [02:00<00:39,  4.41it/s]
 75%|███████▌  | 521/693 [02:00<00:39,  4.34it/s]
 75%|███████▌  | 522/693 [02:00<00:39,  4.29it/s]
 75%|███████▌  | 523/693 [02:00<00:38,  4.41it/s]
 76%|███████▌  | 524/693 [02:01<00:38,  4.36it/s]
 76%|███████▌  | 525/693 [02:01<00:38,  4.33it/s]
 76%|███████▌  | 526/693 [02:01<00:38,  4.31it/s]
 76%|███████▌  | 527/693 [02:01<00:35,  4.73it/s]
 76%|███████▌  | 528/693 [02:01<00:31,  5.24it/s]
 76%|███████▋  | 529/693 [02:02<00:33,  4.89it/s]
 76%|███████▋  | 530/693 [02:02<00:34,  4.68it/s]
 77%|███████▋  | 531/693 [02:02<00:35,  4.52it/s]
 77%|███████▋  | 532/693 [02:02<00:36,  4.41it/s]
 77%|███████▋  | 533/693 [02:03<00:36,  4.37it/s]
 77%|███████▋  | 534/693 [02:03<00:36,  4.33it/s]
 77%|███████▋  | 535/693 [02:03<00:35,  4.45it/s]
 77%|███████▋  | 536/693 [02:03<00:35,  4.40it/s]
 77%|███████▋  | 537/693 [02:03<00:35,  4.36it/s]
 78%|███████▊  | 538/693 [02:04<00:35,  4.32it/s]
 78%|███████▊  | 539/693 [02:04<00:34,  4.51it/s]
 78%|███████▊  | 540/693 [02:04<00:30,  5.05it/s]
 78%|███████▊  | 541/693 [02:04<00:28,  5.37it/s]
 78%|███████▊  | 542/693 [02:04<00:30,  4.96it/s]
 78%|███████▊  | 543/693 [02:05<00:31,  4.73it/s]
 78%|███████▊  | 544/693 [02:05<00:32,  4.54it/s]
 79%|███████▊  | 545/693 [02:05<00:33,  4.43it/s]
 79%|███████▉  | 546/693 [02:05<00:33,  4.37it/s]
 79%|███████▉  | 547/693 [02:06<00:33,  4.33it/s]
 79%|███████▉  | 548/693 [02:06<00:33,  4.36it/s]
 79%|███████▉  | 549/693 [02:06<00:33,  4.31it/s]
 79%|███████▉  | 550/693 [02:06<00:33,  4.29it/s]
 80%|███████▉  | 551/693 [02:07<00:33,  4.29it/s]
 80%|███████▉  | 552/693 [02:07<00:30,  4.64it/s]
 80%|███████▉  | 553/693 [02:07<00:26,  5.25it/s]
 80%|███████▉  | 554/693 [02:07<00:28,  4.94it/s]
 80%|████████  | 555/693 [02:07<00:29,  4.69it/s]
 80%|████████  | 556/693 [02:08<00:30,  4.55it/s]
 80%|████████  | 557/693 [02:08<00:30,  4.44it/s]
 81%|████████  | 558/693 [02:08<00:30,  4.38it/s]
 81%|████████  | 559/693 [02:08<00:30,  4.34it/s]
 81%|████████  | 560/693 [02:08<00:30,  4.34it/s]
 81%|████████  | 561/693 [02:09<00:30,  4.35it/s]
 81%|████████  | 562/693 [02:09<00:29,  4.37it/s]
 81%|████████  | 563/693 [02:09<00:30,  4.32it/s]
 81%|████████▏ | 564/693 [02:09<00:29,  4.44it/s]
 82%|████████▏ | 565/693 [02:09<00:24,  5.16it/s]
 82%|████████▏ | 566/693 [02:10<00:22,  5.68it/s]
 82%|████████▏ | 567/693 [02:10<00:24,  5.16it/s]
 82%|████████▏ | 568/693 [02:10<00:25,  4.89it/s]
 82%|████████▏ | 569/693 [02:10<00:26,  4.68it/s]
 82%|████████▏ | 570/693 [02:11<00:26,  4.58it/s]
 82%|████████▏ | 571/693 [02:11<00:27,  4.48it/s]
 83%|████████▎ | 572/693 [02:11<00:27,  4.44it/s]
 83%|████████▎ | 573/693 [02:11<00:27,  4.38it/s]
 83%|████████▎ | 574/693 [02:11<00:27,  4.37it/s]
 83%|████████▎ | 575/693 [02:12<00:27,  4.35it/s]
 83%|████████▎ | 576/693 [02:12<00:26,  4.34it/s]
 83%|████████▎ | 577/693 [02:12<00:26,  4.45it/s]
 83%|████████▎ | 578/693 [02:12<00:22,  5.07it/s]
 84%|████████▎ | 579/693 [02:12<00:20,  5.66it/s]
 84%|████████▎ | 580/693 [02:13<00:21,  5.31it/s]
 84%|████████▍ | 581/693 [02:13<00:22,  4.92it/s]
 84%|████████▍ | 582/693 [02:13<00:23,  4.68it/s]
 84%|████████▍ | 583/693 [02:13<00:24,  4.54it/s]
 84%|████████▍ | 584/693 [02:14<00:24,  4.43it/s]
 84%|████████▍ | 585/693 [02:14<00:24,  4.36it/s]
 85%|████████▍ | 586/693 [02:14<00:23,  4.46it/s]
 85%|████████▍ | 587/693 [02:14<00:24,  4.40it/s]
 85%|████████▍ | 588/693 [02:15<00:24,  4.33it/s]
 85%|████████▍ | 589/693 [02:15<00:24,  4.33it/s]
 85%|████████▌ | 590/693 [02:15<00:23,  4.39it/s]
 85%|████████▌ | 591/693 [02:15<00:19,  5.11it/s]
 85%|████████▌ | 592/693 [02:15<00:17,  5.68it/s]
 86%|████████▌ | 593/693 [02:15<00:18,  5.39it/s]
 86%|████████▌ | 594/693 [02:16<00:19,  5.02it/s]
 86%|████████▌ | 595/693 [02:16<00:20,  4.73it/s]
 86%|████████▌ | 596/693 [02:16<00:21,  4.56it/s]
 86%|████████▌ | 597/693 [02:16<00:21,  4.46it/s]
 86%|████████▋ | 598/693 [02:17<00:21,  4.38it/s]
 86%|████████▋ | 599/693 [02:17<00:20,  4.54it/s]
 87%|████████▋ | 600/693 [02:17<00:20,  4.50it/s]
 87%|████████▋ | 601/693 [02:17<00:20,  4.44it/s]
 87%|████████▋ | 602/693 [02:17<00:20,  4.37it/s]
 87%|████████▋ | 603/693 [02:18<00:20,  4.34it/s]
 87%|████████▋ | 604/693 [02:18<00:18,  4.87it/s]
 87%|████████▋ | 605/693 [02:18<00:16,  5.36it/s]
 87%|████████▋ | 606/693 [02:18<00:17,  4.97it/s]
 88%|████████▊ | 607/693 [02:18<00:18,  4.72it/s]
 88%|████████▊ | 608/693 [02:19<00:18,  4.54it/s]
 88%|████████▊ | 609/693 [02:19<00:18,  4.48it/s]
 88%|████████▊ | 610/693 [02:19<00:18,  4.40it/s]
 88%|████████▊ | 611/693 [02:19<00:18,  4.35it/s]
 88%|████████▊ | 612/693 [02:20<00:18,  4.41it/s]
 88%|████████▊ | 613/693 [02:20<00:18,  4.37it/s]
 89%|████████▊ | 614/693 [02:20<00:18,  4.32it/s]
 89%|████████▊ | 615/693 [02:20<00:18,  4.31it/s]
 89%|████████▉ | 616/693 [02:21<00:17,  4.47it/s]
 89%|████████▉ | 617/693 [02:21<00:14,  5.17it/s]
 89%|████████▉ | 618/693 [02:21<00:13,  5.56it/s]
 89%|████████▉ | 619/693 [02:21<00:14,  5.08it/s]
 89%|████████▉ | 620/693 [02:21<00:15,  4.80it/s]
 90%|████████▉ | 621/693 [02:22<00:15,  4.60it/s]
 90%|████████▉ | 622/693 [02:22<00:15,  4.49it/s]
 90%|████████▉ | 623/693 [02:22<00:15,  4.40it/s]
 90%|█████████ | 624/693 [02:22<00:15,  4.39it/s]
 90%|█████████ | 625/693 [02:22<00:15,  4.52it/s]
 90%|█████████ | 626/693 [02:23<00:14,  4.47it/s]
 90%|█████████ | 627/693 [02:23<00:15,  4.40it/s]
 91%|█████████ | 628/693 [02:23<00:14,  4.41it/s]
 91%|█████████ | 629/693 [02:23<00:14,  4.51it/s]
 91%|█████████ | 630/693 [02:23<00:12,  5.16it/s]
 91%|█████████ | 631/693 [02:24<00:10,  5.77it/s]
 91%|█████████ | 632/693 [02:24<00:11,  5.53it/s]
 91%|█████████▏| 633/693 [02:24<00:11,  5.04it/s]
 91%|█████████▏| 634/693 [02:24<00:12,  4.76it/s]
 92%|█████████▏| 635/693 [02:25<00:12,  4.58it/s]
 92%|█████████▏| 636/693 [02:25<00:12,  4.47it/s]
 92%|█████████▏| 637/693 [02:25<00:12,  4.39it/s]
 92%|█████████▏| 638/693 [02:25<00:12,  4.45it/s]
 92%|█████████▏| 639/693 [02:25<00:11,  4.52it/s]
 92%|█████████▏| 640/693 [02:26<00:12,  4.40it/s]
 92%|█████████▏| 641/693 [02:26<00:11,  4.35it/s]
 93%|█████████▎| 642/693 [02:26<00:11,  4.30it/s]
 93%|█████████▎| 643/693 [02:26<00:10,  4.87it/s]
 93%|█████████▎| 644/693 [02:26<00:09,  5.42it/s]
 93%|█████████▎| 645/693 [02:27<00:09,  5.27it/s]
 93%|█████████▎| 646/693 [02:27<00:09,  4.90it/s]
 93%|█████████▎| 647/693 [02:27<00:09,  4.65it/s]
 94%|█████████▎| 648/693 [02:27<00:09,  4.52it/s]
 94%|█████████▎| 649/693 [02:28<00:10,  4.39it/s]
 94%|█████████▍| 650/693 [02:28<00:09,  4.33it/s]
 94%|█████████▍| 651/693 [02:28<00:09,  4.37it/s]
 94%|█████████▍| 652/693 [02:28<00:09,  4.33it/s]
 94%|█████████▍| 653/693 [02:29<00:09,  4.31it/s]
 94%|█████████▍| 654/693 [02:29<00:09,  4.27it/s]
 95%|█████████▍| 655/693 [02:29<00:08,  4.38it/s]
 95%|█████████▍| 656/693 [02:29<00:07,  4.97it/s]
 95%|█████████▍| 657/693 [02:29<00:06,  5.51it/s]
 95%|█████████▍| 658/693 [02:29<00:06,  5.11it/s]
 95%|█████████▌| 659/693 [02:30<00:07,  4.80it/s]
 95%|█████████▌| 660/693 [02:30<00:07,  4.61it/s]
 95%|█████████▌| 661/693 [02:30<00:07,  4.49it/s]
 96%|█████████▌| 662/693 [02:30<00:07,  4.42it/s]
 96%|█████████▌| 663/693 [02:31<00:06,  4.35it/s]
 96%|█████████▌| 664/693 [02:31<00:06,  4.46it/s]
 96%|█████████▌| 665/693 [02:31<00:06,  4.37it/s]
 96%|█████████▌| 666/693 [02:31<00:06,  4.33it/s]
 96%|█████████▌| 667/693 [02:32<00:06,  4.29it/s]
 96%|█████████▋| 668/693 [02:32<00:05,  4.42it/s]
 97%|█████████▋| 669/693 [02:32<00:04,  5.05it/s]
 97%|█████████▋| 670/693 [02:32<00:04,  5.32it/s]
 97%|█████████▋| 671/693 [02:32<00:04,  4.92it/s]
 97%|█████████▋| 672/693 [02:33<00:04,  4.66it/s]
 97%|█████████▋| 673/693 [02:33<00:04,  4.47it/s]
 97%|█████████▋| 674/693 [02:33<00:04,  4.38it/s]
 97%|█████████▋| 675/693 [02:33<00:04,  4.31it/s]
 98%|█████████▊| 676/693 [02:34<00:04,  4.25it/s]
 98%|█████████▊| 677/693 [02:34<00:03,  4.41it/s]
 98%|█████████▊| 678/693 [02:34<00:03,  4.34it/s]
 98%|█████████▊| 679/693 [02:34<00:03,  4.29it/s]
 98%|█████████▊| 680/693 [02:34<00:03,  4.27it/s]
 98%|█████████▊| 681/693 [02:35<00:02,  4.66it/s]
 98%|█████████▊| 682/693 [02:35<00:02,  5.20it/s]
 99%|█████████▊| 683/693 [02:35<00:01,  5.05it/s]
 99%|█████████▊| 684/693 [02:35<00:01,  4.77it/s]
 99%|█████████▉| 685/693 [02:35<00:01,  4.59it/s]
 99%|█████████▉| 686/693 [02:36<00:01,  4.46it/s]
 99%|█████████▉| 687/693 [02:36<00:01,  4.38it/s]
 99%|█████████▉| 688/693 [02:36<00:01,  4.32it/s]
 99%|█████████▉| 689/693 [02:36<00:00,  4.38it/s]
100%|█████████▉| 690/693 [02:37<00:00,  4.31it/s]
100%|█████████▉| 691/693 [02:37<00:00,  4.29it/s]
100%|█████████▉| 692/693 [02:37<00:00,  4.24it/s]
100%|██████████| 693/693 [02:37<00:00,  4.36it/s]
100%|██████████| 693/693 [02:38<00:00,  4.39it/s]
Training loss: 2.0987644334032076, KL loss: 1.3745236929188902, Sim loss: 0.0781655221181093, Exo CLS loss: 1.9421514143245389, 
Noun sim loss: 0.3334873659485174, Part sim loss: 0.9271080349430894, Proto loss: 1.9640059374799632, Conc loss: 0.15059748231762587
learning rate:4.992619024268208e-05


  0%|          | 0/168 [00:00<?, ?it/s]
  1%|          | 1/168 [00:00<02:24,  1.15it/s]
  2%|▏         | 4/168 [00:00<00:32,  5.03it/s]
  4%|▎         | 6/168 [00:01<00:23,  6.76it/s]
  5%|▌         | 9/168 [00:01<00:18,  8.39it/s]
  7%|▋         | 11/168 [00:01<00:15,  9.83it/s]
  8%|▊         | 14/168 [00:01<00:12, 12.70it/s]
 10%|█         | 17/168 [00:02<00:16,  8.94it/s]
 12%|█▏        | 20/168 [00:02<00:13, 11.16it/s]
 14%|█▎        | 23/168 [00:02<00:10, 13.33it/s]
 15%|█▍        | 25/168 [00:02<00:12, 11.28it/s]
 16%|█▌        | 27/168 [00:03<00:14,  9.50it/s]
 18%|█▊        | 30/168 [00:03<00:11, 11.95it/s]
 20%|█▉        | 33/168 [00:03<00:09, 14.77it/s]
 22%|██▏       | 37/168 [00:03<00:06, 19.15it/s]
 24%|██▍       | 41/168 [00:03<00:05, 22.27it/s]
 26%|██▌       | 44/168 [00:03<00:05, 21.33it/s]
 28%|██▊       | 47/168 [00:03<00:05, 21.58it/s]
 30%|██▉       | 50/168 [00:03<00:05, 21.15it/s]
 32%|███▏      | 53/168 [00:04<00:05, 21.56it/s]
 33%|███▎      | 56/168 [00:04<00:05, 21.59it/s]
 35%|███▌      | 59/168 [00:04<00:05, 20.76it/s]
 37%|███▋      | 62/168 [00:04<00:04, 21.45it/s]
 39%|███▊      | 65/168 [00:04<00:04, 21.93it/s]
 40%|████      | 68/168 [00:04<00:04, 20.91it/s]
 42%|████▏     | 71/168 [00:04<00:04, 21.59it/s]
 44%|████▍     | 74/168 [00:05<00:04, 22.04it/s]
 46%|████▌     | 77/168 [00:05<00:04, 21.41it/s]
 48%|████▊     | 80/168 [00:05<00:04, 21.50it/s]
 49%|████▉     | 83/168 [00:05<00:04, 20.53it/s]
 51%|█████     | 86/168 [00:05<00:03, 21.68it/s]
 54%|█████▎    | 90/168 [00:05<00:03, 25.10it/s]
 55%|█████▌    | 93/168 [00:05<00:03, 23.65it/s]
 57%|█████▋    | 96/168 [00:06<00:05, 14.31it/s]
 59%|█████▉    | 99/168 [00:06<00:04, 16.00it/s]
 61%|██████    | 102/168 [00:06<00:03, 17.50it/s]
 62%|██████▎   | 105/168 [00:06<00:03, 18.68it/s]
 64%|██████▍   | 108/168 [00:06<00:03, 19.80it/s]
 66%|██████▌   | 111/168 [00:06<00:02, 20.29it/s]
 68%|██████▊   | 114/168 [00:07<00:02, 21.62it/s]
 70%|██████▉   | 117/168 [00:07<00:02, 21.71it/s]
 71%|███████▏  | 120/168 [00:07<00:02, 21.59it/s]
 73%|███████▎  | 123/168 [00:07<00:02, 21.41it/s]
 75%|███████▌  | 126/168 [00:07<00:02, 20.71it/s]
 77%|███████▋  | 129/168 [00:07<00:01, 21.04it/s]
 79%|███████▉  | 133/168 [00:07<00:01, 23.24it/s]
 81%|████████  | 136/168 [00:08<00:01, 22.42it/s]
 83%|████████▎ | 139/168 [00:08<00:01, 21.68it/s]
 85%|████████▍ | 142/168 [00:08<00:01, 21.72it/s]
 86%|████████▋ | 145/168 [00:08<00:01, 20.99it/s]
 88%|████████▊ | 148/168 [00:08<00:00, 20.45it/s]
 90%|████████▉ | 151/168 [00:08<00:00, 20.06it/s]
 92%|█████████▏| 154/168 [00:08<00:00, 20.67it/s]
 93%|█████████▎| 157/168 [00:09<00:00, 21.04it/s]
 95%|█████████▌| 160/168 [00:09<00:00, 17.10it/s]
 97%|█████████▋| 163/168 [00:09<00:00, 18.19it/s]
 99%|█████████▉| 166/168 [00:09<00:00, 19.41it/s]
100%|██████████| 168/168 [00:09<00:00, 17.08it/s]
Result on AGD: 
KLD=1.097216010093689, SIM=0.4162771701812744, NSS=1.3466392755508423
noun sim: 0.12898659661767028, part sim: 0.7497638432042939
New best KLD: 1.097216010093689, 0.4162771701812744, 1.3466392755508423
============Training Epoch 1============

  0%|          | 0/693 [00:00<?, ?it/s]/mnt/sdb/wyn/envs/clip-env/lib/python3.10/site-packages/torch/_tensor.py:1002: UserWarning: non-inplace resize is deprecated
  warnings.warn("non-inplace resize is deprecated")
/mnt/sdb/wyn/envs/clip-env/lib/python3.10/site-packages/torch/_tensor.py:1002: UserWarning: non-inplace resize is deprecated
  warnings.warn("non-inplace resize is deprecated")
/mnt/sdb/wyn/envs/clip-env/lib/python3.10/site-packages/torch/_tensor.py:1002: UserWarning: non-inplace resize is deprecated
  warnings.warn("non-inplace resize is deprecated")
/mnt/sdb/wyn/envs/clip-env/lib/python3.10/site-packages/torch/_tensor.py:1002: UserWarning: non-inplace resize is deprecated
  warnings.warn("non-inplace resize is deprecated")
/mnt/sdb/wyn/envs/clip-env/lib/python3.10/site-packages/torch/_tensor.py:1002: UserWarning: non-inplace resize is deprecated
  warnings.warn("non-inplace resize is deprecated")
/mnt/sdb/wyn/envs/clip-env/lib/python3.10/site-packages/torch/_tensor.py:1002: UserWarning: non-inplace resize is deprecated
  warnings.warn("non-inplace resize is deprecated")
/mnt/sdb/wyn/envs/clip-env/lib/python3.10/site-packages/torch/_tensor.py:1002: UserWarning: non-inplace resize is deprecated
  warnings.warn("non-inplace resize is deprecated")
/mnt/sdb/wyn/envs/clip-env/lib/python3.10/site-packages/torch/_tensor.py:1002: UserWarning: non-inplace resize is deprecated
  warnings.warn("non-inplace resize is deprecated")

  0%|          | 1/693 [00:02<27:51,  2.41s/it]
  0%|          | 2/693 [00:02<12:54,  1.12s/it]
  0%|          | 3/693 [00:02<08:12,  1.40it/s]
  1%|          | 4/693 [00:03<06:01,  1.91it/s]
  1%|          | 5/693 [00:03<04:51,  2.36it/s]
  1%|          | 6/693 [00:03<03:57,  2.90it/s]
  1%|          | 7/693 [00:03<03:08,  3.64it/s]
  1%|          | 8/693 [00:03<02:42,  4.23it/s]
  1%|▏         | 9/693 [00:04<02:41,  4.23it/s]
  1%|▏         | 10/693 [00:04<02:42,  4.21it/s]
  2%|▏         | 11/693 [00:04<03:42,  3.06it/s]
  2%|▏         | 12/693 [00:05<03:23,  3.34it/s]
  2%|▏         | 13/693 [00:05<04:35,  2.47it/s]
  2%|▏         | 14/693 [00:05<03:41,  3.06it/s]
  2%|▏         | 15/693 [00:06<03:20,  3.39it/s]
  2%|▏         | 16/693 [00:06<03:09,  3.58it/s]
  2%|▏         | 17/693 [00:06<03:00,  3.75it/s]
  3%|▎         | 18/693 [00:06<02:53,  3.88it/s]
  3%|▎         | 19/693 [00:07<02:49,  3.98it/s]
  3%|▎         | 20/693 [00:07<02:44,  4.08it/s]
  3%|▎         | 21/693 [00:07<02:38,  4.23it/s]
  3%|▎         | 22/693 [00:07<02:37,  4.26it/s]
  3%|▎         | 23/693 [00:07<02:37,  4.26it/s]
  3%|▎         | 24/693 [00:08<02:37,  4.26it/s]
  4%|▎         | 25/693 [00:08<02:32,  4.38it/s]
  4%|▍         | 26/693 [00:08<02:13,  4.99it/s]
  4%|▍         | 27/693 [00:08<02:02,  5.43it/s]
  4%|▍         | 28/693 [00:08<02:13,  4.98it/s]
  4%|▍         | 29/693 [00:09<02:22,  4.66it/s]
  4%|▍         | 30/693 [00:09<02:26,  4.53it/s]
  4%|▍         | 31/693 [00:09<02:29,  4.42it/s]
  5%|▍         | 32/693 [00:09<02:32,  4.35it/s]
  5%|▍         | 33/693 [00:10<02:31,  4.35it/s]
  5%|▍         | 34/693 [00:10<02:33,  4.29it/s]
  5%|▌         | 35/693 [00:10<02:33,  4.29it/s]
  5%|▌         | 36/693 [00:10<02:35,  4.23it/s]
  5%|▌         | 37/693 [00:11<02:34,  4.25it/s]
  5%|▌         | 38/693 [00:11<02:23,  4.57it/s]
  6%|▌         | 39/693 [00:11<02:06,  5.19it/s]
  6%|▌         | 40/693 [00:11<02:10,  4.99it/s]
  6%|▌         | 41/693 [00:12<05:54,  1.84it/s]
  6%|▌         | 42/693 [00:13<04:33,  2.38it/s]
  6%|▌         | 43/693 [00:13<03:46,  2.87it/s]
  6%|▋         | 44/693 [00:13<03:24,  3.17it/s]
  6%|▋         | 45/693 [00:13<03:08,  3.43it/s]
  7%|▋         | 46/693 [00:13<02:57,  3.64it/s]
  7%|▋         | 47/693 [00:14<02:50,  3.79it/s]
  7%|▋         | 48/693 [00:14<02:45,  3.91it/s]
  7%|▋         | 49/693 [00:14<02:38,  4.06it/s]
  7%|▋         | 50/693 [00:14<02:32,  4.21it/s]
  7%|▋         | 51/693 [00:15<02:31,  4.23it/s]
  8%|▊         | 52/693 [00:15<02:31,  4.24it/s]
  8%|▊         | 53/693 [00:15<02:29,  4.27it/s]
  8%|▊         | 54/693 [00:15<02:12,  4.83it/s]
  8%|▊         | 55/693 [00:15<02:00,  5.31it/s]
  8%|▊         | 56/693 [00:16<02:09,  4.93it/s]
  8%|▊         | 57/693 [00:16<02:16,  4.67it/s]
  8%|▊         | 58/693 [00:16<02:19,  4.54it/s]
  9%|▊         | 59/693 [00:16<02:23,  4.43it/s]
  9%|▊         | 60/693 [00:17<02:24,  4.38it/s]
  9%|▉         | 61/693 [00:17<02:26,  4.31it/s]
  9%|▉         | 62/693 [00:17<02:22,  4.44it/s]
  9%|▉         | 63/693 [00:17<02:23,  4.38it/s]
  9%|▉         | 64/693 [00:17<02:25,  4.33it/s]
  9%|▉         | 65/693 [00:18<02:25,  4.32it/s]
 10%|▉         | 66/693 [00:18<02:19,  4.50it/s]
 10%|▉         | 67/693 [00:18<02:01,  5.13it/s]
 10%|▉         | 68/693 [00:18<01:54,  5.46it/s]
 10%|▉         | 69/693 [00:18<02:03,  5.03it/s]
 10%|█         | 70/693 [00:19<02:10,  4.76it/s]
 10%|█         | 71/693 [00:19<02:15,  4.58it/s]
 10%|█         | 72/693 [00:19<02:18,  4.47it/s]
 11%|█         | 73/693 [00:19<02:21,  4.39it/s]
 11%|█         | 74/693 [00:20<02:22,  4.35it/s]
 11%|█         | 75/693 [00:20<02:21,  4.36it/s]
 11%|█         | 76/693 [00:20<02:23,  4.30it/s]
 11%|█         | 77/693 [00:20<02:23,  4.31it/s]
 11%|█▏        | 78/693 [00:21<02:23,  4.30it/s]
 11%|█▏        | 79/693 [00:21<02:11,  4.67it/s]
 12%|█▏        | 80/693 [00:21<01:55,  5.31it/s]
 12%|█▏        | 81/693 [00:21<01:45,  5.80it/s]
 12%|█▏        | 82/693 [00:21<01:55,  5.27it/s]
 12%|█▏        | 83/693 [00:21<02:04,  4.90it/s]
 12%|█▏        | 84/693 [00:22<02:09,  4.72it/s]
 12%|█▏        | 85/693 [00:22<02:13,  4.54it/s]
 12%|█▏        | 86/693 [00:22<02:15,  4.49it/s]
 13%|█▎        | 87/693 [00:22<02:17,  4.41it/s]
 13%|█▎        | 88/693 [00:23<02:16,  4.43it/s]
 13%|█▎        | 89/693 [00:23<02:18,  4.37it/s]
 13%|█▎        | 90/693 [00:23<02:17,  4.37it/s]
 13%|█▎        | 91/693 [00:23<02:18,  4.34it/s]
 13%|█▎        | 92/693 [00:23<02:15,  4.44it/s]
 13%|█▎        | 93/693 [00:24<01:56,  5.17it/s]
 14%|█▎        | 94/693 [00:24<01:44,  5.73it/s]
 14%|█▎        | 95/693 [00:24<01:50,  5.40it/s]
 14%|█▍        | 96/693 [00:24<01:59,  5.01it/s]
 14%|█▍        | 97/693 [00:24<02:05,  4.75it/s]
 14%|█▍        | 98/693 [00:25<02:09,  4.61it/s]
 14%|█▍        | 99/693 [00:25<02:12,  4.48it/s]
 14%|█▍        | 100/693 [00:25<02:13,  4.44it/s]
 15%|█▍        | 101/693 [00:25<02:10,  4.54it/s]
 15%|█▍        | 102/693 [00:26<02:09,  4.57it/s]
 15%|█▍        | 103/693 [00:26<02:12,  4.44it/s]
 15%|█▌        | 104/693 [00:26<02:14,  4.39it/s]
 15%|█▌        | 105/693 [00:26<02:15,  4.34it/s]
 15%|█▌        | 106/693 [00:26<02:01,  4.84it/s]
 15%|█▌        | 107/693 [00:27<01:51,  5.28it/s]
 16%|█▌        | 108/693 [00:27<01:58,  4.92it/s]
 16%|█▌        | 109/693 [00:27<02:05,  4.67it/s]
 16%|█▌        | 110/693 [00:27<02:08,  4.54it/s]
 16%|█▌        | 111/693 [00:28<02:11,  4.44it/s]
 16%|█▌        | 112/693 [00:28<02:12,  4.38it/s]
 16%|█▋        | 113/693 [00:28<02:14,  4.33it/s]
 16%|█▋        | 114/693 [00:28<02:10,  4.43it/s]
 17%|█▋        | 115/693 [00:28<02:11,  4.38it/s]
 17%|█▋        | 116/693 [00:29<02:12,  4.34it/s]
 17%|█▋        | 117/693 [00:29<02:13,  4.33it/s]
 17%|█▋        | 118/693 [00:29<02:08,  4.48it/s]
 17%|█▋        | 119/693 [00:29<01:51,  5.16it/s]
 17%|█▋        | 120/693 [00:29<01:43,  5.53it/s]
 17%|█▋        | 121/693 [00:30<01:52,  5.07it/s]
 18%|█▊        | 122/693 [00:30<01:59,  4.77it/s]
 18%|█▊        | 123/693 [00:30<02:04,  4.59it/s]
 18%|█▊        | 124/693 [00:30<02:06,  4.48it/s]
 18%|█▊        | 125/693 [00:31<02:09,  4.39it/s]
 18%|█▊        | 126/693 [00:31<02:10,  4.35it/s]
 18%|█▊        | 127/693 [00:31<02:06,  4.47it/s]
 18%|█▊        | 128/693 [00:31<02:08,  4.40it/s]
 19%|█▊        | 129/693 [00:31<02:09,  4.35it/s]
 19%|█▉        | 130/693 [00:32<02:10,  4.32it/s]
 19%|█▉        | 131/693 [00:32<02:04,  4.53it/s]
 19%|█▉        | 132/693 [00:32<01:49,  5.11it/s]
 19%|█▉        | 133/693 [00:32<01:40,  5.58it/s]
 19%|█▉        | 134/693 [00:32<01:49,  5.11it/s]
 19%|█▉        | 135/693 [00:33<01:55,  4.81it/s]
 20%|█▉        | 136/693 [00:33<02:00,  4.63it/s]
 20%|█▉        | 137/693 [00:33<02:03,  4.50it/s]
 20%|█▉        | 138/693 [00:33<02:05,  4.42it/s]
 20%|██        | 139/693 [00:34<02:07,  4.35it/s]
 20%|██        | 140/693 [00:34<02:03,  4.46it/s]
 20%|██        | 141/693 [00:34<02:05,  4.39it/s]
 20%|██        | 142/693 [00:34<02:07,  4.34it/s]
 21%|██        | 143/693 [00:35<02:07,  4.33it/s]
 21%|██        | 144/693 [00:35<02:01,  4.50it/s]
 21%|██        | 145/693 [00:35<01:45,  5.18it/s]
 21%|██        | 146/693 [00:35<01:38,  5.56it/s]
 21%|██        | 147/693 [00:35<01:47,  5.10it/s]
 21%|██▏       | 148/693 [00:35<01:53,  4.82it/s]
 22%|██▏       | 149/693 [00:36<01:57,  4.61it/s]
 22%|██▏       | 150/693 [00:36<02:00,  4.50it/s]
 22%|██▏       | 151/693 [00:36<02:02,  4.42it/s]
 22%|██▏       | 152/693 [00:36<02:03,  4.39it/s]
 22%|██▏       | 153/693 [00:37<02:01,  4.44it/s]
 22%|██▏       | 154/693 [00:37<02:02,  4.41it/s]
 22%|██▏       | 155/693 [00:37<02:04,  4.34it/s]
 23%|██▎       | 156/693 [00:37<02:04,  4.32it/s]
 23%|██▎       | 157/693 [00:38<01:59,  4.48it/s]
 23%|██▎       | 158/693 [00:38<01:45,  5.08it/s]
 23%|██▎       | 159/693 [00:38<01:36,  5.52it/s]
 23%|██▎       | 160/693 [00:38<01:45,  5.03it/s]
 23%|██▎       | 161/693 [00:38<01:51,  4.75it/s]
 23%|██▎       | 162/693 [00:39<01:56,  4.57it/s]
 24%|██▎       | 163/693 [00:39<01:59,  4.45it/s]
 24%|██▎       | 164/693 [00:39<02:01,  4.37it/s]
 24%|██▍       | 165/693 [00:39<02:02,  4.32it/s]
 24%|██▍       | 166/693 [00:39<01:57,  4.49it/s]
 24%|██▍       | 167/693 [00:40<01:59,  4.41it/s]
 24%|██▍       | 168/693 [00:40<02:00,  4.36it/s]
 24%|██▍       | 169/693 [00:40<02:01,  4.33it/s]
 25%|██▍       | 170/693 [00:40<01:55,  4.52it/s]
 25%|██▍       | 171/693 [00:40<01:41,  5.16it/s]
 25%|██▍       | 172/693 [00:41<01:34,  5.49it/s]
 25%|██▍       | 173/693 [00:41<01:43,  5.03it/s]
 25%|██▌       | 174/693 [00:41<01:49,  4.74it/s]
 25%|██▌       | 175/693 [00:41<01:54,  4.54it/s]
 25%|██▌       | 176/693 [00:42<01:56,  4.43it/s]
 26%|██▌       | 177/693 [00:42<01:57,  4.39it/s]
 26%|██▌       | 178/693 [00:42<01:57,  4.38it/s]
 26%|██▌       | 179/693 [00:42<01:58,  4.36it/s]
 26%|██▌       | 180/693 [00:43<01:59,  4.28it/s]
 26%|██▌       | 181/693 [00:43<01:59,  4.29it/s]
 26%|██▋       | 182/693 [00:43<01:59,  4.27it/s]
 26%|██▋       | 183/693 [00:43<01:49,  4.65it/s]
 27%|██▋       | 184/693 [00:43<01:36,  5.26it/s]
 27%|██▋       | 185/693 [00:43<01:28,  5.76it/s]
 27%|██▋       | 186/693 [00:44<01:36,  5.24it/s]
 27%|██▋       | 187/693 [00:44<01:43,  4.87it/s]
 27%|██▋       | 188/693 [00:44<01:49,  4.63it/s]
 27%|██▋       | 189/693 [00:44<01:52,  4.48it/s]
 27%|██▋       | 190/693 [00:45<01:53,  4.44it/s]
 28%|██▊       | 191/693 [00:45<01:55,  4.36it/s]
 28%|██▊       | 192/693 [00:45<01:52,  4.45it/s]
 28%|██▊       | 193/693 [00:45<01:53,  4.39it/s]
 28%|██▊       | 194/693 [00:46<01:53,  4.39it/s]
 28%|██▊       | 195/693 [00:46<01:54,  4.34it/s]
 28%|██▊       | 196/693 [00:46<01:50,  4.49it/s]
 28%|██▊       | 197/693 [00:46<01:36,  5.16it/s]
 29%|██▊       | 198/693 [00:46<01:26,  5.72it/s]
 29%|██▊       | 199/693 [00:46<01:33,  5.26it/s]
 29%|██▉       | 200/693 [00:47<01:39,  4.94it/s]
 29%|██▉       | 201/693 [00:47<01:44,  4.71it/s]
 29%|██▉       | 202/693 [00:47<01:47,  4.59it/s]
 29%|██▉       | 203/693 [00:47<01:49,  4.49it/s]
 29%|██▉       | 204/693 [00:48<01:50,  4.44it/s]
 30%|██▉       | 205/693 [00:48<01:51,  4.39it/s]
 30%|██▉       | 206/693 [00:48<01:51,  4.38it/s]
 30%|██▉       | 207/693 [00:48<01:51,  4.35it/s]
 30%|███       | 208/693 [00:49<01:51,  4.35it/s]
 30%|███       | 209/693 [00:49<01:45,  4.59it/s]
 30%|███       | 210/693 [00:49<01:32,  5.20it/s]
 30%|███       | 211/693 [00:49<01:33,  5.14it/s]
 31%|███       | 212/693 [00:49<01:38,  4.87it/s]
 31%|███       | 213/693 [00:50<01:42,  4.67it/s]
 31%|███       | 214/693 [00:50<01:40,  4.77it/s]
 31%|███       | 215/693 [00:50<01:27,  5.49it/s]
 31%|███       | 216/693 [00:50<01:16,  6.20it/s]
 31%|███▏      | 217/693 [00:50<01:13,  6.46it/s]
 31%|███▏      | 218/693 [00:50<01:09,  6.81it/s]
 32%|███▏      | 219/693 [00:50<01:06,  7.17it/s]
 32%|███▏      | 220/693 [00:50<01:04,  7.30it/s]
 32%|███▏      | 221/693 [00:51<01:02,  7.54it/s]
 32%|███▏      | 222/693 [00:51<01:02,  7.48it/s]
 32%|███▏      | 223/693 [00:51<01:00,  7.82it/s]
 32%|███▏      | 224/693 [00:51<00:59,  7.95it/s]
 32%|███▏      | 225/693 [00:51<00:58,  7.97it/s]
 33%|███▎      | 226/693 [00:51<00:58,  8.04it/s]
 33%|███▎      | 227/693 [00:51<00:56,  8.27it/s]
 33%|███▎      | 228/693 [00:51<00:56,  8.27it/s]
 33%|███▎      | 229/693 [00:52<00:54,  8.47it/s]
 33%|███▎      | 230/693 [00:52<00:55,  8.37it/s]
 33%|███▎      | 231/693 [00:52<00:54,  8.50it/s]
 33%|███▎      | 232/693 [00:52<00:53,  8.57it/s]
 34%|███▎      | 233/693 [00:52<00:54,  8.48it/s]
 34%|███▍      | 234/693 [00:52<00:54,  8.45it/s]
 34%|███▍      | 235/693 [00:52<00:53,  8.52it/s]
 34%|███▍      | 236/693 [00:54<03:55,  1.94it/s]
 34%|███▍      | 237/693 [00:54<02:59,  2.53it/s]
 34%|███▍      | 238/693 [00:54<02:21,  3.21it/s]
 34%|███▍      | 239/693 [00:54<01:54,  3.97it/s]
 35%|███▍      | 240/693 [00:54<01:35,  4.75it/s]
 35%|███▍      | 241/693 [00:54<01:21,  5.53it/s]
 35%|███▍      | 242/693 [00:54<01:13,  6.16it/s]
 35%|███▌      | 243/693 [00:55<01:06,  6.76it/s]
 35%|███▌      | 244/693 [00:55<01:46,  4.20it/s]
 35%|███▌      | 245/693 [00:55<01:30,  4.93it/s]
 35%|███▌      | 246/693 [00:55<01:21,  5.50it/s]
 36%|███▌      | 247/693 [00:55<01:12,  6.18it/s]
 36%|███▌      | 248/693 [00:55<01:05,  6.77it/s]
 36%|███▌      | 249/693 [00:56<01:02,  7.15it/s]
 36%|███▌      | 250/693 [00:56<00:58,  7.62it/s]
 36%|███▌      | 251/693 [00:56<00:55,  7.91it/s]
 36%|███▋      | 252/693 [00:57<03:58,  1.85it/s]
 37%|███▋      | 253/693 [00:58<03:17,  2.23it/s]
 37%|███▋      | 254/693 [00:58<02:49,  2.59it/s]
 37%|███▋      | 255/693 [00:58<02:28,  2.95it/s]
 37%|███▋      | 256/693 [00:58<02:14,  3.24it/s]
 37%|███▋      | 257/693 [00:58<02:05,  3.48it/s]
 37%|███▋      | 258/693 [00:59<01:55,  3.77it/s]
 37%|███▋      | 259/693 [00:59<01:51,  3.91it/s]
 38%|███▊      | 260/693 [00:59<01:48,  4.01it/s]
 38%|███▊      | 261/693 [00:59<01:45,  4.08it/s]
 38%|███▊      | 262/693 [01:00<01:40,  4.31it/s]
 38%|███▊      | 263/693 [01:00<01:26,  4.98it/s]
 38%|███▊      | 264/693 [01:00<01:18,  5.44it/s]
 38%|███▊      | 265/693 [01:00<01:24,  5.05it/s]
 38%|███▊      | 266/693 [01:00<01:29,  4.77it/s]
 39%|███▊      | 267/693 [01:01<01:32,  4.60it/s]
 39%|███▊      | 268/693 [01:01<01:34,  4.48it/s]
 39%|███▉      | 269/693 [01:01<01:36,  4.40it/s]
 39%|███▉      | 270/693 [01:01<01:37,  4.35it/s]
 39%|███▉      | 271/693 [01:02<01:35,  4.41it/s]
 39%|███▉      | 272/693 [01:02<01:36,  4.36it/s]
 39%|███▉      | 273/693 [01:02<01:37,  4.32it/s]
 40%|███▉      | 274/693 [01:02<01:37,  4.28it/s]
 40%|███▉      | 275/693 [01:02<01:32,  4.50it/s]
 40%|███▉      | 276/693 [01:03<01:21,  5.10it/s]
 40%|███▉      | 277/693 [01:03<01:16,  5.43it/s]
 40%|████      | 278/693 [01:03<01:22,  5.01it/s]
 40%|████      | 279/693 [01:03<01:27,  4.73it/s]
 40%|████      | 280/693 [01:03<01:30,  4.55it/s]
 41%|████      | 281/693 [01:04<01:32,  4.47it/s]
 41%|████      | 282/693 [01:04<01:33,  4.39it/s]
 41%|████      | 283/693 [01:04<01:34,  4.35it/s]
 41%|████      | 284/693 [01:04<01:33,  4.38it/s]
 41%|████      | 285/693 [01:05<01:34,  4.34it/s]
 41%|████▏     | 286/693 [01:05<01:34,  4.32it/s]
 41%|████▏     | 287/693 [01:05<01:34,  4.31it/s]
 42%|████▏     | 288/693 [01:05<01:27,  4.64it/s]
 42%|████▏     | 289/693 [01:05<01:16,  5.27it/s]
 42%|████▏     | 290/693 [01:06<01:20,  5.00it/s]
 42%|████▏     | 291/693 [01:06<01:24,  4.73it/s]
 42%|████▏     | 292/693 [01:06<02:09,  3.11it/s]
 42%|████▏     | 293/693 [01:07<01:56,  3.44it/s]
 42%|████▏     | 294/693 [01:07<01:45,  3.79it/s]
 43%|████▎     | 295/693 [01:07<01:41,  3.91it/s]
 43%|████▎     | 296/693 [01:07<01:38,  4.03it/s]
 43%|████▎     | 297/693 [01:08<01:36,  4.09it/s]
 43%|████▎     | 298/693 [01:08<01:26,  4.58it/s]
 43%|████▎     | 299/693 [01:08<01:14,  5.31it/s]
 43%|████▎     | 300/693 [01:08<01:13,  5.38it/s]
 43%|████▎     | 301/693 [01:08<01:18,  4.97it/s]
 44%|████▎     | 302/693 [01:08<01:22,  4.73it/s]
 44%|████▎     | 303/693 [01:09<01:25,  4.56it/s]
 44%|████▍     | 304/693 [01:09<01:27,  4.45it/s]
 44%|████▍     | 305/693 [01:09<01:28,  4.38it/s]
 44%|████▍     | 306/693 [01:09<01:28,  4.37it/s]
 44%|████▍     | 307/693 [01:10<01:26,  4.45it/s]
 44%|████▍     | 308/693 [01:10<01:26,  4.43it/s]
 45%|████▍     | 309/693 [01:10<01:28,  4.35it/s]
 45%|████▍     | 310/693 [01:10<01:27,  4.36it/s]
 45%|████▍     | 311/693 [01:10<01:20,  4.74it/s]
 45%|████▌     | 312/693 [01:11<01:10,  5.42it/s]
 45%|████▌     | 313/693 [01:11<01:06,  5.72it/s]
 45%|████▌     | 314/693 [01:11<01:12,  5.20it/s]
 45%|████▌     | 315/693 [01:11<01:17,  4.86it/s]
 46%|████▌     | 316/693 [01:11<01:20,  4.68it/s]
 46%|████▌     | 317/693 [01:12<01:23,  4.53it/s]
 46%|████▌     | 318/693 [01:12<01:23,  4.48it/s]
 46%|████▌     | 319/693 [01:12<01:25,  4.39it/s]
 46%|████▌     | 320/693 [01:12<01:22,  4.50it/s]
 46%|████▋     | 321/693 [01:13<01:24,  4.42it/s]
 46%|████▋     | 322/693 [01:13<01:25,  4.35it/s]
 47%|████▋     | 323/693 [01:13<01:25,  4.33it/s]
 47%|████▋     | 324/693 [01:13<01:21,  4.55it/s]
 47%|████▋     | 325/693 [01:13<01:10,  5.21it/s]
 47%|████▋     | 326/693 [01:14<01:10,  5.23it/s]
 47%|████▋     | 327/693 [01:14<01:15,  4.87it/s]
 47%|████▋     | 328/693 [01:14<01:18,  4.66it/s]
 47%|████▋     | 329/693 [01:14<01:20,  4.52it/s]
 48%|████▊     | 330/693 [01:15<01:22,  4.40it/s]
 48%|████▊     | 331/693 [01:15<01:22,  4.37it/s]
 48%|████▊     | 332/693 [01:15<01:23,  4.33it/s]
 48%|████▊     | 333/693 [01:15<01:21,  4.44it/s]
 48%|████▊     | 334/693 [01:16<01:52,  3.21it/s]
 48%|████▊     | 335/693 [01:16<01:35,  3.77it/s]
 48%|████▊     | 336/693 [01:16<01:20,  4.44it/s]
 49%|████▊     | 337/693 [01:16<01:20,  4.45it/s]
 49%|████▉     | 338/693 [01:16<01:20,  4.38it/s]
 49%|████▉     | 339/693 [01:17<01:21,  4.33it/s]
 49%|████▉     | 340/693 [01:17<01:22,  4.28it/s]
 49%|████▉     | 341/693 [01:17<01:22,  4.28it/s]
 49%|████▉     | 342/693 [01:17<01:22,  4.26it/s]
 49%|████▉     | 343/693 [01:18<01:21,  4.28it/s]
 50%|████▉     | 344/693 [01:18<01:21,  4.26it/s]
 50%|████▉     | 345/693 [01:18<01:22,  4.24it/s]
 50%|████▉     | 346/693 [01:19<02:43,  2.13it/s]
 50%|█████     | 347/693 [01:19<02:18,  2.50it/s]
 50%|█████     | 348/693 [01:20<02:00,  2.86it/s]
 50%|█████     | 349/693 [01:20<01:45,  3.26it/s]
 51%|█████     | 350/693 [01:20<01:37,  3.53it/s]
 51%|█████     | 351/693 [01:20<01:31,  3.72it/s]
 51%|█████     | 352/693 [01:21<01:27,  3.88it/s]
 51%|█████     | 353/693 [01:21<01:20,  4.22it/s]
 51%|█████     | 354/693 [01:21<01:10,  4.82it/s]
 51%|█████     | 355/693 [01:21<01:09,  4.87it/s]
 51%|█████▏    | 356/693 [01:21<01:12,  4.65it/s]
 52%|█████▏    | 357/693 [01:22<01:14,  4.52it/s]
 52%|█████▏    | 358/693 [01:22<01:16,  4.39it/s]
 52%|█████▏    | 359/693 [01:22<01:16,  4.34it/s]
 52%|█████▏    | 360/693 [01:22<01:17,  4.27it/s]
 52%|█████▏    | 361/693 [01:22<01:18,  4.25it/s]
 52%|█████▏    | 362/693 [01:23<01:18,  4.22it/s]
 52%|█████▏    | 363/693 [01:23<01:18,  4.21it/s]
 53%|█████▎    | 364/693 [01:23<01:18,  4.19it/s]
 53%|█████▎    | 365/693 [01:23<01:15,  4.35it/s]
 53%|█████▎    | 366/693 [01:24<01:11,  4.57it/s]
 53%|█████▎    | 367/693 [01:24<01:13,  4.45it/s]
 53%|█████▎    | 368/693 [01:24<01:15,  4.32it/s]
 53%|█████▎    | 369/693 [01:24<01:15,  4.31it/s]
 53%|█████▎    | 370/693 [01:25<01:15,  4.26it/s]
 54%|█████▎    | 371/693 [01:25<01:16,  4.23it/s]
 54%|█████▎    | 372/693 [01:25<01:16,  4.20it/s]
 54%|█████▍    | 373/693 [01:25<01:13,  4.38it/s]
 54%|█████▍    | 374/693 [01:25<01:14,  4.31it/s]
 54%|█████▍    | 375/693 [01:26<01:14,  4.28it/s]
 54%|█████▍    | 376/693 [01:26<01:15,  4.22it/s]
 54%|█████▍    | 377/693 [01:26<01:07,  4.66it/s]
 55%|█████▍    | 378/693 [01:26<01:00,  5.19it/s]
 55%|█████▍    | 379/693 [01:27<01:03,  4.96it/s]
 55%|█████▍    | 380/693 [01:27<01:06,  4.68it/s]
 55%|█████▍    | 381/693 [01:27<01:09,  4.50it/s]
 55%|█████▌    | 382/693 [01:27<01:10,  4.40it/s]
 55%|█████▌    | 383/693 [01:27<01:11,  4.33it/s]
 55%|█████▌    | 384/693 [01:28<01:12,  4.27it/s]
 56%|█████▌    | 385/693 [01:28<01:11,  4.31it/s]
 56%|█████▌    | 386/693 [01:28<01:11,  4.28it/s]
 56%|█████▌    | 387/693 [01:28<01:11,  4.29it/s]
 56%|█████▌    | 388/693 [01:29<01:11,  4.27it/s]
 56%|█████▌    | 389/693 [01:29<01:05,  4.65it/s]
 56%|█████▋    | 390/693 [01:29<00:58,  5.21it/s]
 56%|█████▋    | 391/693 [01:29<00:58,  5.13it/s]
 57%|█████▋    | 392/693 [01:29<01:03,  4.76it/s]
 57%|█████▋    | 393/693 [01:30<01:05,  4.58it/s]
 57%|█████▋    | 394/693 [01:30<01:07,  4.43it/s]
 57%|█████▋    | 395/693 [01:30<01:08,  4.34it/s]
 57%|█████▋    | 396/693 [01:30<01:09,  4.29it/s]
 57%|█████▋    | 397/693 [01:31<01:08,  4.34it/s]
 57%|█████▋    | 398/693 [01:31<01:09,  4.26it/s]
 58%|█████▊    | 399/693 [01:31<01:09,  4.25it/s]
 58%|█████▊    | 400/693 [01:31<01:09,  4.22it/s]
 58%|█████▊    | 401/693 [01:32<01:07,  4.34it/s]
 58%|█████▊    | 402/693 [01:32<01:00,  4.80it/s]
 58%|█████▊    | 403/693 [01:32<00:59,  4.90it/s]
 58%|█████▊    | 404/693 [01:32<01:02,  4.65it/s]
 58%|█████▊    | 405/693 [01:32<01:04,  4.49it/s]
 59%|█████▊    | 406/693 [01:33<01:05,  4.36it/s]
 59%|█████▊    | 407/693 [01:33<01:06,  4.31it/s]
 59%|█████▉    | 408/693 [01:33<01:07,  4.25it/s]
 59%|█████▉    | 409/693 [01:33<01:05,  4.30it/s]
 59%|█████▉    | 410/693 [01:34<01:06,  4.26it/s]
 59%|█████▉    | 411/693 [01:34<01:06,  4.24it/s]
 59%|█████▉    | 412/693 [01:34<01:06,  4.21it/s]
 60%|█████▉    | 413/693 [01:34<01:04,  4.36it/s]
 60%|█████▉    | 414/693 [01:34<00:56,  4.93it/s]
 60%|█████▉    | 415/693 [01:35<00:52,  5.34it/s]
 60%|██████    | 416/693 [01:35<00:56,  4.92it/s]
 60%|██████    | 417/693 [01:35<00:59,  4.67it/s]
 60%|██████    | 418/693 [01:35<01:01,  4.50it/s]
 60%|██████    | 419/693 [01:35<01:02,  4.39it/s]
 61%|██████    | 420/693 [01:36<01:03,  4.31it/s]
 61%|██████    | 421/693 [01:36<01:03,  4.26it/s]
 61%|██████    | 422/693 [01:36<01:02,  4.34it/s]
 61%|██████    | 423/693 [01:36<01:02,  4.30it/s]
 61%|██████    | 424/693 [01:37<01:03,  4.26it/s]
 61%|██████▏   | 425/693 [01:37<01:02,  4.26it/s]
 61%|██████▏   | 426/693 [01:37<00:57,  4.64it/s]
 62%|██████▏   | 427/693 [01:37<00:51,  5.14it/s]
 62%|██████▏   | 428/693 [01:37<00:55,  4.78it/s]
 62%|██████▏   | 429/693 [01:38<00:57,  4.62it/s]
 62%|██████▏   | 430/693 [01:38<00:58,  4.50it/s]
 62%|██████▏   | 431/693 [01:38<00:59,  4.41it/s]
 62%|██████▏   | 432/693 [01:38<00:59,  4.35it/s]
 62%|██████▏   | 433/693 [01:39<01:00,  4.31it/s]
 63%|██████▎   | 434/693 [01:39<00:59,  4.35it/s]
 63%|██████▎   | 435/693 [01:39<00:59,  4.30it/s]
 63%|██████▎   | 436/693 [01:39<00:59,  4.30it/s]
 63%|██████▎   | 437/693 [01:40<01:00,  4.26it/s]
 63%|██████▎   | 438/693 [01:40<00:54,  4.64it/s]
 63%|██████▎   | 439/693 [01:40<00:48,  5.25it/s]
 63%|██████▎   | 440/693 [01:40<00:49,  5.15it/s]
 64%|██████▎   | 441/693 [01:40<00:52,  4.81it/s]
 64%|██████▍   | 442/693 [01:41<00:54,  4.63it/s]
 64%|██████▍   | 443/693 [01:41<00:55,  4.48it/s]
 64%|██████▍   | 444/693 [01:41<00:56,  4.41it/s]
 64%|██████▍   | 445/693 [01:41<00:56,  4.36it/s]
 64%|██████▍   | 446/693 [01:41<00:55,  4.47it/s]
 65%|██████▍   | 447/693 [01:42<00:54,  4.53it/s]
 65%|██████▍   | 448/693 [01:42<00:55,  4.42it/s]
 65%|██████▍   | 449/693 [01:42<00:55,  4.40it/s]
 65%|██████▍   | 450/693 [01:42<00:56,  4.33it/s]
 65%|██████▌   | 451/693 [01:43<00:49,  4.89it/s]
 65%|██████▌   | 452/693 [01:43<00:44,  5.38it/s]
 65%|██████▌   | 453/693 [01:43<00:46,  5.17it/s]
 66%|██████▌   | 454/693 [01:43<00:49,  4.86it/s]
 66%|██████▌   | 455/693 [01:43<00:51,  4.65it/s]
 66%|██████▌   | 456/693 [01:44<00:52,  4.51it/s]
 66%|██████▌   | 457/693 [01:44<00:53,  4.44it/s]
 66%|██████▌   | 458/693 [01:44<00:53,  4.38it/s]
 66%|██████▌   | 459/693 [01:44<00:53,  4.36it/s]
 66%|██████▋   | 460/693 [01:45<00:53,  4.32it/s]
 67%|██████▋   | 461/693 [01:45<00:54,  4.28it/s]
 67%|██████▋   | 462/693 [01:45<00:53,  4.28it/s]
 67%|██████▋   | 463/693 [01:45<00:52,  4.41it/s]
 67%|██████▋   | 464/693 [01:45<00:45,  5.01it/s]
 67%|██████▋   | 465/693 [01:46<00:43,  5.29it/s]
 67%|██████▋   | 466/693 [01:46<00:46,  4.90it/s]
 67%|██████▋   | 467/693 [01:46<00:48,  4.66it/s]
 68%|██████▊   | 468/693 [01:46<00:50,  4.44it/s]
 68%|██████▊   | 469/693 [01:46<00:51,  4.38it/s]
 68%|██████▊   | 470/693 [01:47<00:51,  4.30it/s]
 68%|██████▊   | 471/693 [01:47<00:51,  4.28it/s]
 68%|██████▊   | 472/693 [01:47<00:50,  4.40it/s]
 68%|██████▊   | 473/693 [01:47<00:50,  4.33it/s]
 68%|██████▊   | 474/693 [01:48<00:51,  4.28it/s]
 69%|██████▊   | 475/693 [01:48<00:50,  4.31it/s]
 69%|██████▊   | 476/693 [01:48<00:45,  4.77it/s]
 69%|██████▉   | 477/693 [01:48<00:42,  5.14it/s]
 69%|██████▉   | 478/693 [01:48<00:45,  4.74it/s]
 69%|██████▉   | 479/693 [01:49<01:10,  3.02it/s]
 69%|██████▉   | 480/693 [01:49<01:04,  3.29it/s]
 69%|██████▉   | 481/693 [01:50<00:59,  3.54it/s]
 70%|██████▉   | 482/693 [01:50<00:56,  3.71it/s]
 70%|██████▉   | 483/693 [01:50<00:54,  3.85it/s]
 70%|██████▉   | 484/693 [01:50<00:52,  3.95it/s]
 70%|██████▉   | 485/693 [01:50<00:47,  4.37it/s]
 70%|███████   | 486/693 [01:51<00:42,  4.83it/s]
 70%|███████   | 487/693 [01:51<00:44,  4.62it/s]
 70%|███████   | 488/693 [01:51<00:45,  4.46it/s]
 71%|███████   | 489/693 [01:51<00:46,  4.39it/s]
 71%|███████   | 490/693 [01:52<00:47,  4.30it/s]
 71%|███████   | 491/693 [01:52<00:47,  4.26it/s]
 71%|███████   | 492/693 [01:52<00:47,  4.21it/s]
 71%|███████   | 493/693 [01:52<00:46,  4.33it/s]
 71%|███████▏  | 494/693 [01:52<00:46,  4.28it/s]
 71%|███████▏  | 495/693 [01:53<00:46,  4.26it/s]
 72%|███████▏  | 496/693 [01:53<00:46,  4.24it/s]
 72%|███████▏  | 497/693 [01:53<00:42,  4.66it/s]
 72%|███████▏  | 498/693 [01:53<00:38,  5.10it/s]
 72%|███████▏  | 499/693 [01:54<00:40,  4.83it/s]
 72%|███████▏  | 500/693 [01:54<00:42,  4.57it/s]
 72%|███████▏  | 501/693 [01:54<00:43,  4.44it/s]
 72%|███████▏  | 502/693 [01:54<00:44,  4.32it/s]
 73%|███████▎  | 503/693 [01:54<00:44,  4.28it/s]
 73%|███████▎  | 504/693 [01:55<00:44,  4.21it/s]
 73%|███████▎  | 505/693 [01:55<00:43,  4.36it/s]
 73%|███████▎  | 506/693 [01:55<00:43,  4.27it/s]
 73%|███████▎  | 507/693 [01:55<00:43,  4.27it/s]
 73%|███████▎  | 508/693 [01:56<00:43,  4.23it/s]
 73%|███████▎  | 509/693 [01:56<00:39,  4.62it/s]
 74%|███████▎  | 510/693 [01:56<00:35,  5.09it/s]
 74%|███████▎  | 511/693 [01:56<00:38,  4.77it/s]
 74%|███████▍  | 512/693 [01:56<00:39,  4.54it/s]
 74%|███████▍  | 513/693 [01:57<00:40,  4.44it/s]
 74%|███████▍  | 514/693 [01:57<00:41,  4.34it/s]
 74%|███████▍  | 515/693 [01:57<00:41,  4.28it/s]
 74%|███████▍  | 516/693 [01:57<00:41,  4.23it/s]
 75%|███████▍  | 517/693 [01:58<00:40,  4.33it/s]
 75%|███████▍  | 518/693 [01:58<00:40,  4.28it/s]
 75%|███████▍  | 519/693 [01:58<00:40,  4.26it/s]
 75%|███████▌  | 520/693 [01:58<00:40,  4.22it/s]
 75%|███████▌  | 521/693 [01:59<00:37,  4.65it/s]
 75%|███████▌  | 522/693 [01:59<00:32,  5.21it/s]
 75%|███████▌  | 523/693 [01:59<00:35,  4.84it/s]
 76%|███████▌  | 524/693 [01:59<00:36,  4.65it/s]
 76%|███████▌  | 525/693 [01:59<00:37,  4.49it/s]
 76%|███████▌  | 526/693 [02:00<00:37,  4.41it/s]
 76%|███████▌  | 527/693 [02:00<00:38,  4.34it/s]
 76%|███████▌  | 528/693 [02:00<00:38,  4.29it/s]
 76%|███████▋  | 529/693 [02:00<00:37,  4.38it/s]
 76%|███████▋  | 530/693 [02:01<00:37,  4.32it/s]
 77%|███████▋  | 531/693 [02:01<00:37,  4.31it/s]
 77%|███████▋  | 532/693 [02:01<00:37,  4.28it/s]
 77%|███████▋  | 533/693 [02:01<00:35,  4.53it/s]
 77%|███████▋  | 534/693 [02:01<00:30,  5.14it/s]
 77%|███████▋  | 535/693 [02:01<00:28,  5.53it/s]
 77%|███████▋  | 536/693 [02:02<00:31,  5.05it/s]
 77%|███████▋  | 537/693 [02:02<00:32,  4.76it/s]
 78%|███████▊  | 538/693 [02:02<00:33,  4.59it/s]
 78%|███████▊  | 539/693 [02:02<00:34,  4.47it/s]
 78%|███████▊  | 540/693 [02:03<00:34,  4.40it/s]
 78%|███████▊  | 541/693 [02:03<00:35,  4.34it/s]
 78%|███████▊  | 542/693 [02:03<00:34,  4.35it/s]
 78%|███████▊  | 543/693 [02:03<00:34,  4.32it/s]
 78%|███████▊  | 544/693 [02:04<00:34,  4.29it/s]
 79%|███████▊  | 545/693 [02:04<00:34,  4.27it/s]
 79%|███████▉  | 546/693 [02:04<00:31,  4.67it/s]
 79%|███████▉  | 547/693 [02:04<00:28,  5.17it/s]
 79%|███████▉  | 548/693 [02:04<00:29,  4.88it/s]
 79%|███████▉  | 549/693 [02:05<00:30,  4.65it/s]
 79%|███████▉  | 550/693 [02:05<00:31,  4.52it/s]
 80%|███████▉  | 551/693 [02:05<00:32,  4.41it/s]
 80%|███████▉  | 552/693 [02:05<00:32,  4.35it/s]
 80%|███████▉  | 553/693 [02:06<00:32,  4.32it/s]
 80%|███████▉  | 554/693 [02:06<00:31,  4.43it/s]
 80%|████████  | 555/693 [02:06<00:31,  4.37it/s]
 80%|████████  | 556/693 [02:06<00:31,  4.32it/s]
 80%|████████  | 557/693 [02:07<00:31,  4.29it/s]
 81%|████████  | 558/693 [02:07<00:30,  4.45it/s]
 81%|████████  | 559/693 [02:07<00:26,  5.11it/s]
 81%|████████  | 560/693 [02:07<00:24,  5.32it/s]
 81%|████████  | 561/693 [02:07<00:26,  4.93it/s]
 81%|████████  | 562/693 [02:07<00:27,  4.70it/s]
 81%|████████  | 563/693 [02:08<00:29,  4.46it/s]
 81%|████████▏ | 564/693 [02:08<00:29,  4.38it/s]
 82%|████████▏ | 565/693 [02:08<00:29,  4.31it/s]
 82%|████████▏ | 566/693 [02:08<00:29,  4.25it/s]
 82%|████████▏ | 567/693 [02:09<00:29,  4.33it/s]
 82%|████████▏ | 568/693 [02:09<00:29,  4.28it/s]
 82%|████████▏ | 569/693 [02:09<00:29,  4.27it/s]
 82%|████████▏ | 570/693 [02:09<00:29,  4.23it/s]
 82%|████████▏ | 571/693 [02:10<00:26,  4.62it/s]
 83%|████████▎ | 572/693 [02:10<00:25,  4.78it/s]
 83%|████████▎ | 573/693 [02:10<00:26,  4.60it/s]
 83%|████████▎ | 574/693 [02:10<00:26,  4.43it/s]
 83%|████████▎ | 575/693 [02:10<00:27,  4.37it/s]
 83%|████████▎ | 576/693 [02:11<00:27,  4.29it/s]
 83%|████████▎ | 577/693 [02:11<00:27,  4.25it/s]
 83%|████████▎ | 578/693 [02:11<00:27,  4.21it/s]
 84%|████████▎ | 579/693 [02:11<00:25,  4.41it/s]
 84%|████████▎ | 580/693 [02:12<00:26,  4.33it/s]
 84%|████████▍ | 581/693 [02:12<00:26,  4.28it/s]
 84%|████████▍ | 582/693 [02:12<00:26,  4.24it/s]
 84%|████████▍ | 583/693 [02:12<00:23,  4.63it/s]
 84%|████████▍ | 584/693 [02:12<00:22,  4.91it/s]
 84%|████████▍ | 585/693 [02:13<00:23,  4.68it/s]
 85%|████████▍ | 586/693 [02:13<00:23,  4.50it/s]
 85%|████████▍ | 587/693 [02:13<00:24,  4.40it/s]
 85%|████████▍ | 588/693 [02:13<00:24,  4.31it/s]
 85%|████████▍ | 589/693 [02:14<00:24,  4.27it/s]
 85%|████████▌ | 590/693 [02:14<00:24,  4.22it/s]
 85%|████████▌ | 591/693 [02:14<00:23,  4.40it/s]
 85%|████████▌ | 592/693 [02:14<00:23,  4.29it/s]
 86%|████████▌ | 593/693 [02:15<00:23,  4.23it/s]
 86%|████████▌ | 594/693 [02:15<00:23,  4.20it/s]
 86%|████████▌ | 595/693 [02:15<00:20,  4.72it/s]
 86%|████████▌ | 596/693 [02:15<00:20,  4.80it/s]
 86%|████████▌ | 597/693 [02:15<00:20,  4.58it/s]
 86%|████████▋ | 598/693 [02:16<00:21,  4.44it/s]
 86%|████████▋ | 599/693 [02:16<00:21,  4.37it/s]
 87%|████████▋ | 600/693 [02:16<00:21,  4.29it/s]
 87%|████████▋ | 601/693 [02:16<00:21,  4.25it/s]
 87%|████████▋ | 602/693 [02:17<00:21,  4.21it/s]
 87%|████████▋ | 603/693 [02:17<00:20,  4.41it/s]
 87%|████████▋ | 604/693 [02:17<00:20,  4.34it/s]
 87%|████████▋ | 605/693 [02:17<00:20,  4.29it/s]
 87%|████████▋ | 606/693 [02:18<00:20,  4.24it/s]
 88%|████████▊ | 607/693 [02:18<00:18,  4.67it/s]
 88%|████████▊ | 608/693 [02:18<00:16,  5.25it/s]
 88%|████████▊ | 609/693 [02:18<00:16,  5.02it/s]
 88%|████████▊ | 610/693 [02:18<00:17,  4.76it/s]
 88%|████████▊ | 611/693 [02:19<00:17,  4.57it/s]
 88%|████████▊ | 612/693 [02:19<00:18,  4.47it/s]
 88%|████████▊ | 613/693 [02:19<00:18,  4.39it/s]
 89%|████████▊ | 614/693 [02:19<00:18,  4.34it/s]
 89%|████████▊ | 615/693 [02:19<00:17,  4.41it/s]
 89%|████████▉ | 616/693 [02:20<00:17,  4.36it/s]
 89%|████████▉ | 617/693 [02:20<00:17,  4.30it/s]
 89%|████████▉ | 618/693 [02:20<00:17,  4.27it/s]
 89%|████████▉ | 619/693 [02:20<00:16,  4.43it/s]
 89%|████████▉ | 620/693 [02:21<00:17,  4.07it/s]
 90%|████████▉ | 621/693 [02:21<00:17,  4.09it/s]
 90%|████████▉ | 622/693 [02:21<00:17,  4.10it/s]
 90%|████████▉ | 623/693 [02:21<00:16,  4.13it/s]
 90%|█████████ | 624/693 [02:22<00:16,  4.17it/s]
 90%|█████████ | 625/693 [02:22<00:16,  4.17it/s]
 90%|█████████ | 626/693 [02:22<00:15,  4.27it/s]
 90%|█████████ | 627/693 [02:22<00:15,  4.31it/s]
 91%|█████████ | 628/693 [02:23<00:15,  4.25it/s]
 91%|█████████ | 629/693 [02:23<00:15,  4.24it/s]
 91%|█████████ | 630/693 [02:23<00:14,  4.33it/s]
 91%|█████████ | 631/693 [02:23<00:13,  4.60it/s]
 91%|█████████ | 632/693 [02:23<00:13,  4.53it/s]
 91%|█████████▏| 633/693 [02:24<00:13,  4.41it/s]
 91%|█████████▏| 634/693 [02:24<00:13,  4.32it/s]
 92%|█████████▏| 635/693 [02:24<00:13,  4.28it/s]
 92%|█████████▏| 636/693 [02:24<00:13,  4.23it/s]
 92%|█████████▏| 637/693 [02:25<00:13,  4.24it/s]
 92%|█████████▏| 638/693 [02:25<00:12,  4.37it/s]
 92%|█████████▏| 639/693 [02:25<00:12,  4.33it/s]
 92%|█████████▏| 640/693 [02:25<00:12,  4.31it/s]
 92%|█████████▏| 641/693 [02:26<00:12,  4.28it/s]
 93%|█████████▎| 642/693 [02:26<00:11,  4.43it/s]
 93%|█████████▎| 643/693 [02:26<00:09,  5.08it/s]
 93%|█████████▎| 644/693 [02:26<00:08,  5.65it/s]
 93%|█████████▎| 645/693 [02:26<00:09,  5.25it/s]
 93%|█████████▎| 646/693 [02:27<00:09,  4.91it/s]
 93%|█████████▎| 647/693 [02:27<00:09,  4.67it/s]
 94%|█████████▎| 648/693 [02:27<00:09,  4.52it/s]
 94%|█████████▎| 649/693 [02:27<00:09,  4.44it/s]
 94%|█████████▍| 650/693 [02:27<00:09,  4.37it/s]
 94%|█████████▍| 651/693 [02:28<00:09,  4.40it/s]
 94%|█████████▍| 652/693 [02:28<00:09,  4.36it/s]
 94%|█████████▍| 653/693 [02:28<00:09,  4.33it/s]
 94%|█████████▍| 654/693 [02:28<00:09,  4.31it/s]
 95%|█████████▍| 655/693 [02:29<00:08,  4.39it/s]
 95%|█████████▍| 656/693 [02:29<00:07,  4.99it/s]
 95%|█████████▍| 657/693 [02:29<00:06,  5.48it/s]
 95%|█████████▍| 658/693 [02:29<00:07,  4.98it/s]
 95%|█████████▌| 659/693 [02:29<00:07,  4.71it/s]
 95%|█████████▌| 660/693 [02:30<00:07,  4.56it/s]
 95%|█████████▌| 661/693 [02:30<00:07,  4.44it/s]
 96%|█████████▌| 662/693 [02:30<00:07,  4.38it/s]
 96%|█████████▌| 663/693 [02:30<00:06,  4.33it/s]
 96%|█████████▌| 664/693 [02:31<00:06,  4.54it/s]
 96%|█████████▌| 665/693 [02:31<00:06,  4.45it/s]
 96%|█████████▌| 666/693 [02:31<00:06,  4.38it/s]
 96%|█████████▌| 667/693 [02:31<00:05,  4.34it/s]
 96%|█████████▋| 668/693 [02:31<00:05,  4.41it/s]
 97%|█████████▋| 669/693 [02:32<00:04,  4.97it/s]
 97%|█████████▋| 670/693 [02:32<00:04,  4.82it/s]
 97%|█████████▋| 671/693 [02:32<00:04,  4.62it/s]
 97%|█████████▋| 672/693 [02:32<00:04,  4.47it/s]
 97%|█████████▋| 673/693 [02:33<00:04,  4.41it/s]
 97%|█████████▋| 674/693 [02:33<00:04,  4.31it/s]
 97%|█████████▋| 675/693 [02:33<00:04,  4.27it/s]
 98%|█████████▊| 676/693 [02:33<00:03,  4.30it/s]
 98%|█████████▊| 677/693 [02:33<00:03,  4.28it/s]
 98%|█████████▊| 678/693 [02:34<00:03,  4.24it/s]
 98%|█████████▊| 679/693 [02:34<00:03,  4.23it/s]
 98%|█████████▊| 680/693 [02:34<00:02,  4.37it/s]
 98%|█████████▊| 681/693 [02:34<00:02,  4.99it/s]
 98%|█████████▊| 682/693 [02:34<00:02,  5.09it/s]
 99%|█████████▊| 683/693 [02:35<00:02,  4.81it/s]
 99%|█████████▊| 684/693 [02:35<00:01,  4.58it/s]
 99%|█████████▉| 685/693 [02:35<00:01,  4.48it/s]
 99%|█████████▉| 686/693 [02:35<00:01,  4.37it/s]
 99%|█████████▉| 687/693 [02:36<00:01,  4.33it/s]
 99%|█████████▉| 688/693 [02:36<00:01,  4.38it/s]
 99%|█████████▉| 689/693 [02:36<00:00,  4.47it/s]
100%|█████████▉| 690/693 [02:36<00:00,  4.38it/s]
100%|█████████▉| 691/693 [02:37<00:00,  4.33it/s]
100%|█████████▉| 692/693 [02:37<00:00,  4.30it/s]
100%|██████████| 693/693 [02:37<00:00,  4.86it/s]
100%|██████████| 693/693 [02:37<00:00,  4.40it/s]
Training loss: 1.2326628537405104, KL loss: 0.8923821426487244, Sim loss: 0.0011284348856940214, Exo CLS loss: 1.0559066452494517, 
Noun sim loss: 0.12378892811044814, Part sim loss: 0.5865699611872993, Proto loss: 1.524537707476045, Conc loss: 0.14247214965102992
learning rate:4.970520569564895e-05


  0%|          | 0/168 [00:00<?, ?it/s]
  1%|          | 1/168 [00:00<02:12,  1.26it/s]
  2%|▏         | 4/168 [00:00<00:30,  5.34it/s]
  4%|▎         | 6/168 [00:01<00:25,  6.47it/s]
  5%|▌         | 9/168 [00:01<00:18,  8.54it/s]
  7%|▋         | 12/168 [00:01<00:13, 11.84it/s]
 10%|▉         | 16/168 [00:01<00:09, 16.85it/s]
 11%|█▏        | 19/168 [00:02<00:15,  9.52it/s]
 13%|█▎        | 22/168 [00:02<00:12, 11.59it/s]
 15%|█▍        | 25/168 [00:02<00:13, 10.54it/s]
 16%|█▌        | 27/168 [00:02<00:14, 10.07it/s]
 18%|█▊        | 30/168 [00:03<00:11, 12.27it/s]
 20%|█▉        | 33/168 [00:03<00:09, 14.33it/s]
 21%|██▏       | 36/168 [00:03<00:08, 16.03it/s]
 23%|██▎       | 39/168 [00:03<00:07, 17.55it/s]
 25%|██▌       | 42/168 [00:03<00:06, 19.82it/s]
 27%|██▋       | 46/168 [00:03<00:05, 23.43it/s]
 30%|██▉       | 50/168 [00:03<00:04, 24.71it/s]
 32%|███▏      | 53/168 [00:03<00:04, 23.43it/s]
 33%|███▎      | 56/168 [00:04<00:05, 22.28it/s]
 35%|███▌      | 59/168 [00:04<00:05, 20.70it/s]
 37%|███▋      | 62/168 [00:04<00:05, 21.11it/s]
 39%|███▊      | 65/168 [00:04<00:04, 21.43it/s]
 40%|████      | 68/168 [00:04<00:04, 20.37it/s]
 42%|████▏     | 71/168 [00:04<00:04, 20.78it/s]
 44%|████▍     | 74/168 [00:05<00:04, 21.20it/s]
 46%|████▌     | 77/168 [00:05<00:04, 21.73it/s]
 48%|████▊     | 80/168 [00:05<00:04, 21.38it/s]
 49%|████▉     | 83/168 [00:05<00:04, 20.14it/s]
 51%|█████     | 86/168 [00:05<00:03, 20.76it/s]
 53%|█████▎    | 89/168 [00:05<00:03, 21.21it/s]
 55%|█████▍    | 92/168 [00:05<00:03, 20.63it/s]
 57%|█████▋    | 95/168 [00:05<00:03, 22.69it/s]
 59%|█████▉    | 99/168 [00:06<00:02, 26.63it/s]
 61%|██████    | 102/168 [00:06<00:02, 25.41it/s]
 62%|██████▎   | 105/168 [00:06<00:02, 23.28it/s]
 64%|██████▍   | 108/168 [00:06<00:02, 23.09it/s]
 66%|██████▌   | 111/168 [00:06<00:02, 22.82it/s]
 68%|██████▊   | 114/168 [00:06<00:02, 21.82it/s]
 70%|██████▉   | 117/168 [00:06<00:02, 21.81it/s]
 71%|███████▏  | 120/168 [00:07<00:02, 21.44it/s]
 73%|███████▎  | 123/168 [00:07<00:02, 21.08it/s]
 75%|███████▌  | 126/168 [00:07<00:01, 21.02it/s]
 77%|███████▋  | 129/168 [00:07<00:01, 21.24it/s]
 79%|███████▊  | 132/168 [00:07<00:01, 21.34it/s]
 80%|████████  | 135/168 [00:07<00:01, 21.03it/s]
 82%|████████▏ | 138/168 [00:07<00:01, 20.31it/s]
 84%|████████▍ | 141/168 [00:08<00:01, 20.86it/s]
 86%|████████▌ | 144/168 [00:08<00:01, 20.89it/s]
 88%|████████▊ | 147/168 [00:08<00:00, 22.65it/s]
 90%|████████▉ | 151/168 [00:08<00:00, 26.74it/s]
 92%|█████████▏| 155/168 [00:08<00:00, 28.41it/s]
 94%|█████████▍| 158/168 [00:08<00:00, 26.32it/s]
 96%|█████████▌| 161/168 [00:09<00:00, 13.43it/s]
 98%|█████████▊| 164/168 [00:09<00:00, 15.37it/s]
 99%|█████████▉| 167/168 [00:09<00:00, 17.09it/s]
100%|██████████| 168/168 [00:09<00:00, 17.42it/s]
Result on AGD: 
KLD=0.9860033392906189, SIM=0.46003657579421997, NSS=1.4238779544830322
noun sim: 0.11895085232598442, part sim: 0.44788499105544316
New best KLD: 0.9860033392906189, 0.46003657579421997, 1.4238779544830322
============Training Epoch 2============

  0%|          | 0/693 [00:00<?, ?it/s]/mnt/sdb/wyn/envs/clip-env/lib/python3.10/site-packages/torch/_tensor.py:1002: UserWarning: non-inplace resize is deprecated
  warnings.warn("non-inplace resize is deprecated")
/mnt/sdb/wyn/envs/clip-env/lib/python3.10/site-packages/torch/_tensor.py:1002: UserWarning: non-inplace resize is deprecated
  warnings.warn("non-inplace resize is deprecated")
/mnt/sdb/wyn/envs/clip-env/lib/python3.10/site-packages/torch/_tensor.py:1002: UserWarning: non-inplace resize is deprecated
  warnings.warn("non-inplace resize is deprecated")
/mnt/sdb/wyn/envs/clip-env/lib/python3.10/site-packages/torch/_tensor.py:1002: UserWarning: non-inplace resize is deprecated
  warnings.warn("non-inplace resize is deprecated")
/mnt/sdb/wyn/envs/clip-env/lib/python3.10/site-packages/torch/_tensor.py:1002: UserWarning: non-inplace resize is deprecated
  warnings.warn("non-inplace resize is deprecated")
/mnt/sdb/wyn/envs/clip-env/lib/python3.10/site-packages/torch/_tensor.py:1002: UserWarning: non-inplace resize is deprecated
  warnings.warn("non-inplace resize is deprecated")
/mnt/sdb/wyn/envs/clip-env/lib/python3.10/site-packages/torch/_tensor.py:1002: UserWarning: non-inplace resize is deprecated
  warnings.warn("non-inplace resize is deprecated")
/mnt/sdb/wyn/envs/clip-env/lib/python3.10/site-packages/torch/_tensor.py:1002: UserWarning: non-inplace resize is deprecated
  warnings.warn("non-inplace resize is deprecated")

  0%|          | 1/693 [00:02<24:01,  2.08s/it]
  0%|          | 2/693 [00:02<11:29,  1.00it/s]
  0%|          | 3/693 [00:02<07:23,  1.56it/s]
  1%|          | 4/693 [00:03<06:42,  1.71it/s]
  1%|          | 5/693 [00:03<05:16,  2.17it/s]
  1%|          | 6/693 [00:03<04:24,  2.59it/s]
  1%|          | 7/693 [00:03<03:51,  2.97it/s]
  1%|          | 8/693 [00:03<03:30,  3.26it/s]
  1%|▏         | 9/693 [00:04<03:09,  3.61it/s]
  1%|▏         | 10/693 [00:04<03:01,  3.75it/s]
  2%|▏         | 11/693 [00:04<02:55,  3.89it/s]
  2%|▏         | 12/693 [00:04<02:51,  3.96it/s]
  2%|▏         | 13/693 [00:05<02:42,  4.18it/s]
  2%|▏         | 14/693 [00:05<02:22,  4.76it/s]
  2%|▏         | 15/693 [00:05<02:19,  4.86it/s]
  2%|▏         | 16/693 [00:05<02:27,  4.60it/s]
  2%|▏         | 17/693 [00:05<02:30,  4.49it/s]
  3%|▎         | 18/693 [00:06<02:34,  4.37it/s]
  3%|▎         | 19/693 [00:06<02:36,  4.31it/s]
  3%|▎         | 20/693 [00:06<02:38,  4.25it/s]
  3%|▎         | 21/693 [00:06<02:37,  4.27it/s]
  3%|▎         | 22/693 [00:07<02:38,  4.23it/s]
  3%|▎         | 23/693 [00:07<02:38,  4.23it/s]
  3%|▎         | 24/693 [00:07<02:38,  4.22it/s]
  4%|▎         | 25/693 [00:07<02:33,  4.34it/s]
  4%|▍         | 26/693 [00:07<02:16,  4.89it/s]
  4%|▍         | 27/693 [00:08<02:15,  4.93it/s]
  4%|▍         | 28/693 [00:08<02:23,  4.65it/s]
  4%|▍         | 29/693 [00:08<02:27,  4.51it/s]
  4%|▍         | 30/693 [00:08<02:30,  4.40it/s]
  4%|▍         | 31/693 [00:09<02:33,  4.33it/s]
  5%|▍         | 32/693 [00:09<02:35,  4.25it/s]
  5%|▍         | 33/693 [00:09<02:33,  4.31it/s]
  5%|▍         | 34/693 [00:09<02:31,  4.34it/s]
  5%|▌         | 35/693 [00:10<02:32,  4.31it/s]
  5%|▌         | 36/693 [00:10<02:34,  4.25it/s]
  5%|▌         | 37/693 [00:10<02:31,  4.33it/s]
  5%|▌         | 38/693 [00:10<02:16,  4.81it/s]
  6%|▌         | 39/693 [00:10<02:02,  5.34it/s]
  6%|▌         | 40/693 [00:11<02:12,  4.92it/s]
  6%|▌         | 41/693 [00:11<02:19,  4.68it/s]
  6%|▌         | 42/693 [00:11<02:24,  4.50it/s]
  6%|▌         | 43/693 [00:11<02:27,  4.41it/s]
  6%|▋         | 44/693 [00:12<02:30,  4.33it/s]
  6%|▋         | 45/693 [00:12<02:31,  4.28it/s]
  7%|▋         | 46/693 [00:12<02:30,  4.29it/s]
  7%|▋         | 47/693 [00:12<02:30,  4.29it/s]
  7%|▋         | 48/693 [00:12<02:31,  4.27it/s]
  7%|▋         | 49/693 [00:13<02:30,  4.27it/s]
  7%|▋         | 50/693 [00:13<02:18,  4.64it/s]
  7%|▋         | 51/693 [00:13<02:04,  5.16it/s]
  8%|▊         | 52/693 [00:13<02:11,  4.88it/s]
  8%|▊         | 53/693 [00:13<02:17,  4.67it/s]
  8%|▊         | 54/693 [00:14<02:19,  4.57it/s]
  8%|▊         | 55/693 [00:14<02:23,  4.45it/s]
  8%|▊         | 56/693 [00:14<02:24,  4.41it/s]
  8%|▊         | 57/693 [00:14<02:25,  4.37it/s]
  8%|▊         | 58/693 [00:15<02:20,  4.51it/s]
  9%|▊         | 59/693 [00:15<02:22,  4.44it/s]
  9%|▊         | 60/693 [00:15<02:24,  4.39it/s]
  9%|▉         | 61/693 [00:15<02:24,  4.38it/s]
  9%|▉         | 62/693 [00:16<02:24,  4.38it/s]
  9%|▉         | 63/693 [00:16<02:04,  5.04it/s]
  9%|▉         | 64/693 [00:16<01:50,  5.70it/s]
  9%|▉         | 65/693 [00:16<01:43,  6.08it/s]
 10%|▉         | 66/693 [00:16<01:55,  5.42it/s]
 10%|▉         | 67/693 [00:16<02:05,  4.98it/s]
 10%|▉         | 68/693 [00:17<02:13,  4.69it/s]
 10%|▉         | 69/693 [00:17<02:17,  4.55it/s]
 10%|█         | 70/693 [00:17<02:20,  4.44it/s]
 10%|█         | 71/693 [00:17<02:22,  4.38it/s]
 10%|█         | 72/693 [00:18<02:44,  3.79it/s]
 11%|█         | 73/693 [00:18<02:38,  3.91it/s]
 11%|█         | 74/693 [00:18<02:34,  4.01it/s]
 11%|█         | 75/693 [00:18<02:23,  4.31it/s]
 11%|█         | 76/693 [00:19<02:09,  4.75it/s]
 11%|█         | 77/693 [00:19<01:55,  5.33it/s]
 11%|█▏        | 78/693 [00:19<02:05,  4.91it/s]
 11%|█▏        | 79/693 [00:19<02:11,  4.66it/s]
 12%|█▏        | 80/693 [00:19<02:16,  4.49it/s]
 12%|█▏        | 81/693 [00:20<02:19,  4.39it/s]
 12%|█▏        | 82/693 [00:20<02:21,  4.31it/s]
 12%|█▏        | 83/693 [00:20<02:22,  4.29it/s]
 12%|█▏        | 84/693 [00:20<02:22,  4.28it/s]
 12%|█▏        | 85/693 [00:21<02:22,  4.26it/s]
 12%|█▏        | 86/693 [00:21<02:23,  4.22it/s]
 13%|█▎        | 87/693 [00:21<02:23,  4.23it/s]
 13%|█▎        | 88/693 [00:21<02:14,  4.50it/s]
 13%|█▎        | 89/693 [00:21<01:58,  5.10it/s]
 13%|█▎        | 90/693 [00:22<02:02,  4.91it/s]
 13%|█▎        | 91/693 [00:22<02:08,  4.68it/s]
 13%|█▎        | 92/693 [00:22<02:13,  4.49it/s]
 13%|█▎        | 93/693 [00:22<02:16,  4.40it/s]
 14%|█▎        | 94/693 [00:23<02:19,  4.31it/s]
 14%|█▎        | 95/693 [00:23<02:19,  4.28it/s]
 14%|█▍        | 96/693 [00:23<02:16,  4.37it/s]
 14%|█▍        | 97/693 [00:23<02:18,  4.32it/s]
 14%|█▍        | 98/693 [00:24<02:19,  4.27it/s]
 14%|█▍        | 99/693 [00:24<02:19,  4.25it/s]
 14%|█▍        | 100/693 [00:24<02:13,  4.44it/s]
 15%|█▍        | 101/693 [00:24<01:54,  5.15it/s]
 15%|█▍        | 102/693 [00:24<01:45,  5.58it/s]
 15%|█▍        | 103/693 [00:24<01:55,  5.13it/s]
 15%|█▌        | 104/693 [00:25<02:02,  4.80it/s]
 15%|█▌        | 105/693 [00:25<02:07,  4.63it/s]
 15%|█▌        | 106/693 [00:25<02:11,  4.47it/s]
 15%|█▌        | 107/693 [00:25<02:12,  4.41it/s]
 16%|█▌        | 108/693 [00:26<02:14,  4.35it/s]
 16%|█▌        | 109/693 [00:26<02:09,  4.51it/s]
 16%|█▌        | 110/693 [00:26<02:11,  4.43it/s]
 16%|█▌        | 111/693 [00:26<02:12,  4.38it/s]
 16%|█▌        | 112/693 [00:27<02:13,  4.35it/s]
 16%|█▋        | 113/693 [00:27<02:08,  4.51it/s]
 16%|█▋        | 114/693 [00:27<01:54,  5.05it/s]
 17%|█▋        | 115/693 [00:27<01:44,  5.56it/s]
 17%|█▋        | 116/693 [00:27<01:53,  5.07it/s]
 17%|█▋        | 117/693 [00:27<02:00,  4.78it/s]
 17%|█▋        | 118/693 [00:28<02:05,  4.60it/s]
 17%|█▋        | 119/693 [00:28<02:08,  4.47it/s]
 17%|█▋        | 120/693 [00:28<02:10,  4.40it/s]
 17%|█▋        | 121/693 [00:28<02:11,  4.34it/s]
 18%|█▊        | 122/693 [00:29<02:08,  4.43it/s]
 18%|█▊        | 123/693 [00:29<02:10,  4.36it/s]
 18%|█▊        | 124/693 [00:29<02:11,  4.34it/s]
 18%|█▊        | 125/693 [00:29<02:11,  4.32it/s]
 18%|█▊        | 126/693 [00:30<02:06,  4.50it/s]
 18%|█▊        | 127/693 [00:30<01:50,  5.12it/s]
 18%|█▊        | 128/693 [00:30<01:42,  5.50it/s]
 19%|█▊        | 129/693 [00:30<01:51,  5.07it/s]
 19%|█▉        | 130/693 [00:30<01:56,  4.82it/s]
 19%|█▉        | 131/693 [00:31<02:01,  4.62it/s]
 19%|█▉        | 132/693 [00:31<02:03,  4.52it/s]
 19%|█▉        | 133/693 [00:31<02:06,  4.43it/s]
 19%|█▉        | 134/693 [00:31<02:07,  4.38it/s]
 19%|█▉        | 135/693 [00:31<02:04,  4.48it/s]
 20%|█▉        | 136/693 [00:32<02:05,  4.43it/s]
 20%|█▉        | 137/693 [00:32<02:07,  4.37it/s]
 20%|█▉        | 138/693 [00:32<02:07,  4.37it/s]
 20%|██        | 139/693 [00:32<02:05,  4.42it/s]
 20%|██        | 140/693 [00:33<01:49,  5.05it/s]
 20%|██        | 141/693 [00:33<01:37,  5.65it/s]
 20%|██        | 142/693 [00:33<01:40,  5.48it/s]
 21%|██        | 143/693 [00:33<01:49,  5.01it/s]
 21%|██        | 144/693 [00:33<01:56,  4.72it/s]
 21%|██        | 145/693 [00:34<02:02,  4.48it/s]
 21%|██        | 146/693 [00:34<02:05,  4.37it/s]
 21%|██        | 147/693 [00:34<02:05,  4.35it/s]
 21%|██▏       | 148/693 [00:34<02:01,  4.49it/s]
 22%|██▏       | 149/693 [00:34<02:02,  4.45it/s]
 22%|██▏       | 150/693 [00:35<02:03,  4.40it/s]
 22%|██▏       | 151/693 [00:35<02:04,  4.35it/s]
 22%|██▏       | 152/693 [00:35<02:04,  4.34it/s]
 22%|██▏       | 153/693 [00:35<01:49,  4.93it/s]
 22%|██▏       | 154/693 [00:35<01:38,  5.47it/s]
 22%|██▏       | 155/693 [00:36<01:44,  5.15it/s]
 23%|██▎       | 156/693 [00:36<01:51,  4.81it/s]
 23%|██▎       | 157/693 [00:36<01:56,  4.61it/s]
 23%|██▎       | 158/693 [00:36<01:59,  4.49it/s]
 23%|██▎       | 159/693 [00:37<02:01,  4.40it/s]
 23%|██▎       | 160/693 [00:37<02:02,  4.36it/s]
 23%|██▎       | 161/693 [00:37<02:01,  4.38it/s]
 23%|██▎       | 162/693 [00:37<02:02,  4.33it/s]
 24%|██▎       | 163/693 [00:38<02:02,  4.34it/s]
 24%|██▎       | 164/693 [00:38<02:03,  4.29it/s]
 24%|██▍       | 165/693 [00:38<01:58,  4.45it/s]
 24%|██▍       | 166/693 [00:38<01:45,  5.00it/s]
 24%|██▍       | 167/693 [00:38<01:34,  5.56it/s]
 24%|██▍       | 168/693 [00:39<01:43,  5.08it/s]
 24%|██▍       | 169/693 [00:39<01:48,  4.82it/s]
 25%|██▍       | 170/693 [00:39<01:53,  4.61it/s]
 25%|██▍       | 171/693 [00:39<01:56,  4.50it/s]
 25%|██▍       | 172/693 [00:39<01:58,  4.39it/s]
 25%|██▍       | 173/693 [00:40<01:59,  4.35it/s]
 25%|██▌       | 174/693 [00:40<01:57,  4.43it/s]
 25%|██▌       | 175/693 [00:40<01:58,  4.37it/s]
 25%|██▌       | 176/693 [00:40<01:59,  4.34it/s]
 26%|██▌       | 177/693 [00:41<01:59,  4.32it/s]
 26%|██▌       | 178/693 [00:41<01:54,  4.50it/s]
 26%|██▌       | 179/693 [00:41<01:40,  5.14it/s]
 26%|██▌       | 180/693 [00:41<01:32,  5.55it/s]
 26%|██▌       | 181/693 [00:41<01:40,  5.08it/s]
 26%|██▋       | 182/693 [00:42<01:46,  4.80it/s]
 26%|██▋       | 183/693 [00:42<01:51,  4.58it/s]
 27%|██▋       | 184/693 [00:42<01:53,  4.48it/s]
 27%|██▋       | 185/693 [00:42<01:55,  4.40it/s]
 27%|██▋       | 186/693 [00:43<01:57,  4.33it/s]
 27%|██▋       | 187/693 [00:43<01:52,  4.51it/s]
 27%|██▋       | 188/693 [00:43<01:54,  4.42it/s]
 27%|██▋       | 189/693 [00:43<01:55,  4.37it/s]
 27%|██▋       | 190/693 [00:43<01:55,  4.34it/s]
 28%|██▊       | 191/693 [00:44<01:51,  4.51it/s]
 28%|██▊       | 192/693 [00:44<01:39,  5.05it/s]
 28%|██▊       | 193/693 [00:44<01:29,  5.61it/s]
 28%|██▊       | 194/693 [00:44<01:37,  5.12it/s]
 28%|██▊       | 195/693 [00:44<01:42,  4.84it/s]
 28%|██▊       | 196/693 [00:45<01:47,  4.60it/s]
 28%|██▊       | 197/693 [00:45<01:50,  4.51it/s]
 29%|██▊       | 198/693 [00:45<01:51,  4.44it/s]
 29%|██▊       | 199/693 [00:45<01:52,  4.39it/s]
 29%|██▉       | 200/693 [00:46<01:51,  4.41it/s]
 29%|██▉       | 201/693 [00:46<01:52,  4.37it/s]
 29%|██▉       | 202/693 [00:46<01:53,  4.34it/s]
 29%|██▉       | 203/693 [00:46<01:53,  4.32it/s]
 29%|██▉       | 204/693 [00:46<01:49,  4.46it/s]
 30%|██▉       | 205/693 [00:47<01:36,  5.03it/s]
 30%|██▉       | 206/693 [00:47<01:32,  5.26it/s]
 30%|██▉       | 207/693 [00:47<01:39,  4.88it/s]
 30%|███       | 208/693 [00:47<01:43,  4.68it/s]
 30%|███       | 209/693 [00:47<01:47,  4.51it/s]
 30%|███       | 210/693 [00:48<01:49,  4.42it/s]
 30%|███       | 211/693 [00:48<01:50,  4.35it/s]
 31%|███       | 212/693 [00:48<01:51,  4.30it/s]
 31%|███       | 213/693 [00:48<01:46,  4.50it/s]
 31%|███       | 214/693 [00:49<01:47,  4.45it/s]
 31%|███       | 215/693 [00:49<01:49,  4.37it/s]
 31%|███       | 216/693 [00:49<01:50,  4.30it/s]
 31%|███▏      | 217/693 [00:49<01:43,  4.58it/s]
 31%|███▏      | 218/693 [00:49<01:32,  5.13it/s]
 32%|███▏      | 219/693 [00:50<01:28,  5.36it/s]
 32%|███▏      | 220/693 [00:50<01:35,  4.95it/s]
 32%|███▏      | 221/693 [00:50<01:39,  4.73it/s]
 32%|███▏      | 222/693 [00:50<01:42,  4.59it/s]
 32%|███▏      | 223/693 [00:51<01:45,  4.48it/s]
 32%|███▏      | 224/693 [00:51<01:46,  4.39it/s]
 32%|███▏      | 225/693 [00:51<01:47,  4.36it/s]
 33%|███▎      | 226/693 [00:51<01:45,  4.44it/s]
 33%|███▎      | 227/693 [00:51<01:45,  4.43it/s]
 33%|███▎      | 228/693 [00:52<01:46,  4.37it/s]
 33%|███▎      | 229/693 [00:52<01:46,  4.35it/s]
 33%|███▎      | 230/693 [00:52<01:43,  4.47it/s]
 33%|███▎      | 231/693 [00:52<01:28,  5.19it/s]
 33%|███▎      | 232/693 [00:52<01:23,  5.51it/s]
 34%|███▎      | 233/693 [00:53<01:27,  5.26it/s]
 34%|███▍      | 234/693 [00:53<01:33,  4.92it/s]
 34%|███▍      | 235/693 [00:53<01:37,  4.69it/s]
 34%|███▍      | 236/693 [00:53<01:40,  4.54it/s]
 34%|███▍      | 237/693 [00:54<01:42,  4.44it/s]
 34%|███▍      | 238/693 [00:54<01:44,  4.36it/s]
 34%|███▍      | 239/693 [00:54<01:41,  4.47it/s]
 35%|███▍      | 240/693 [00:54<01:41,  4.46it/s]
 35%|███▍      | 241/693 [00:54<01:42,  4.40it/s]
 35%|███▍      | 242/693 [00:55<01:43,  4.36it/s]
 35%|███▌      | 243/693 [00:55<01:43,  4.35it/s]
 35%|███▌      | 244/693 [00:55<01:31,  4.90it/s]
 35%|███▌      | 245/693 [00:55<01:21,  5.49it/s]
 35%|███▌      | 246/693 [00:55<01:22,  5.41it/s]
 36%|███▌      | 247/693 [00:56<01:29,  4.99it/s]
 36%|███▌      | 248/693 [00:56<01:33,  4.74it/s]
 36%|███▌      | 249/693 [00:56<01:36,  4.58it/s]
 36%|███▌      | 250/693 [00:56<01:38,  4.49it/s]
 36%|███▌      | 251/693 [00:57<01:40,  4.41it/s]
 36%|███▋      | 252/693 [00:57<01:41,  4.34it/s]
 37%|███▋      | 253/693 [00:57<01:35,  4.59it/s]
 37%|███▋      | 254/693 [00:57<01:38,  4.46it/s]
 37%|███▋      | 255/693 [00:57<01:38,  4.43it/s]
 37%|███▋      | 256/693 [00:58<01:40,  4.37it/s]
 37%|███▋      | 257/693 [00:58<01:30,  4.79it/s]
 37%|███▋      | 258/693 [00:58<01:21,  5.31it/s]
 37%|███▋      | 259/693 [00:58<01:23,  5.21it/s]
 38%|███▊      | 260/693 [00:58<01:28,  4.89it/s]
 38%|███▊      | 261/693 [00:59<01:32,  4.68it/s]
 38%|███▊      | 262/693 [00:59<01:35,  4.52it/s]
 38%|███▊      | 263/693 [00:59<01:36,  4.45it/s]
 38%|███▊      | 264/693 [00:59<01:38,  4.36it/s]
 38%|███▊      | 265/693 [01:00<01:35,  4.49it/s]
 38%|███▊      | 266/693 [01:00<01:34,  4.52it/s]
 39%|███▊      | 267/693 [01:00<01:35,  4.44it/s]
 39%|███▊      | 268/693 [01:00<01:36,  4.39it/s]
 39%|███▉      | 269/693 [01:00<01:37,  4.36it/s]
 39%|███▉      | 270/693 [01:01<01:29,  4.74it/s]
 39%|███▉      | 271/693 [01:01<01:18,  5.39it/s]
 39%|███▉      | 272/693 [01:01<01:20,  5.20it/s]
 39%|███▉      | 273/693 [01:01<01:26,  4.88it/s]
 40%|███▉      | 274/693 [01:01<01:29,  4.67it/s]
 40%|███▉      | 275/693 [01:02<01:32,  4.53it/s]
 40%|███▉      | 276/693 [01:02<01:34,  4.41it/s]
 40%|███▉      | 277/693 [01:02<01:34,  4.39it/s]
 40%|████      | 278/693 [01:02<01:33,  4.43it/s]
 40%|████      | 279/693 [01:03<01:30,  4.58it/s]
 40%|████      | 280/693 [01:03<01:31,  4.49it/s]
 41%|████      | 281/693 [01:03<01:32,  4.43it/s]
 41%|████      | 282/693 [01:03<01:34,  4.37it/s]
 41%|████      | 283/693 [01:03<01:24,  4.85it/s]
 41%|████      | 284/693 [01:04<01:16,  5.38it/s]
 41%|████      | 285/693 [01:04<01:17,  5.28it/s]
 41%|████▏     | 286/693 [01:04<01:22,  4.91it/s]
 41%|████▏     | 287/693 [01:04<01:27,  4.62it/s]
 42%|████▏     | 288/693 [01:05<01:30,  4.45it/s]
 42%|████▏     | 289/693 [01:05<01:32,  4.38it/s]
 42%|████▏     | 290/693 [01:05<01:32,  4.34it/s]
 42%|████▏     | 291/693 [01:05<01:30,  4.46it/s]
 42%|████▏     | 292/693 [01:05<01:30,  4.44it/s]
 42%|████▏     | 293/693 [01:06<01:30,  4.42it/s]
 42%|████▏     | 294/693 [01:06<01:31,  4.36it/s]
 43%|████▎     | 295/693 [01:06<01:31,  4.35it/s]
 43%|████▎     | 296/693 [01:06<01:21,  4.87it/s]
 43%|████▎     | 297/693 [01:06<01:14,  5.35it/s]
 43%|████▎     | 298/693 [01:07<01:19,  5.00it/s]
 43%|████▎     | 299/693 [01:07<01:23,  4.74it/s]
 43%|████▎     | 300/693 [01:07<01:25,  4.57it/s]
 43%|████▎     | 301/693 [01:07<01:27,  4.46it/s]
 44%|████▎     | 302/693 [01:08<01:29,  4.37it/s]
 44%|████▎     | 303/693 [01:08<01:29,  4.34it/s]
 44%|████▍     | 304/693 [01:08<01:29,  4.35it/s]
 44%|████▍     | 305/693 [01:08<01:29,  4.33it/s]
 44%|████▍     | 306/693 [01:09<01:30,  4.29it/s]
 44%|████▍     | 307/693 [01:09<01:29,  4.29it/s]
 44%|████▍     | 308/693 [01:09<01:27,  4.41it/s]
 45%|████▍     | 309/693 [01:09<01:15,  5.06it/s]
 45%|████▍     | 310/693 [01:09<01:10,  5.45it/s]
 45%|████▍     | 311/693 [01:09<01:15,  5.04it/s]
 45%|████▌     | 312/693 [01:10<01:20,  4.74it/s]
 45%|████▌     | 313/693 [01:10<01:22,  4.58it/s]
 45%|████▌     | 314/693 [01:10<01:25,  4.43it/s]
 45%|████▌     | 315/693 [01:10<01:26,  4.37it/s]
 46%|████▌     | 316/693 [01:11<01:26,  4.34it/s]
 46%|████▌     | 317/693 [01:11<01:24,  4.44it/s]
 46%|████▌     | 318/693 [01:11<01:25,  4.38it/s]
 46%|████▌     | 319/693 [01:11<01:26,  4.32it/s]
 46%|████▌     | 320/693 [01:12<01:27,  4.27it/s]
 46%|████▋     | 321/693 [01:12<01:23,  4.47it/s]
 46%|████▋     | 322/693 [01:12<01:12,  5.09it/s]
 47%|████▋     | 323/693 [01:12<01:03,  5.81it/s]
 47%|████▋     | 324/693 [01:12<01:07,  5.49it/s]
 47%|████▋     | 325/693 [01:12<01:13,  5.03it/s]
 47%|████▋     | 326/693 [01:13<01:16,  4.81it/s]
 47%|████▋     | 327/693 [01:13<01:19,  4.59it/s]
 47%|████▋     | 328/693 [01:13<01:21,  4.48it/s]
 47%|████▋     | 329/693 [01:13<01:22,  4.41it/s]
 48%|████▊     | 330/693 [01:14<01:21,  4.44it/s]
 48%|████▊     | 331/693 [01:14<01:18,  4.62it/s]
 48%|████▊     | 332/693 [01:14<01:20,  4.50it/s]
 48%|████▊     | 333/693 [01:14<01:21,  4.42it/s]
 48%|████▊     | 334/693 [01:15<01:22,  4.37it/s]
 48%|████▊     | 335/693 [01:15<01:14,  4.83it/s]
 48%|████▊     | 336/693 [01:15<01:06,  5.36it/s]
 49%|████▊     | 337/693 [01:15<01:07,  5.31it/s]
 49%|████▉     | 338/693 [01:15<01:11,  4.94it/s]
 49%|████▉     | 339/693 [01:16<01:15,  4.70it/s]
 49%|████▉     | 340/693 [01:16<01:17,  4.55it/s]
 49%|████▉     | 341/693 [01:16<01:19,  4.42it/s]
 49%|████▉     | 342/693 [01:16<01:20,  4.36it/s]
 49%|████▉     | 343/693 [01:16<01:18,  4.45it/s]
 50%|████▉     | 344/693 [01:17<01:17,  4.51it/s]
 50%|████▉     | 345/693 [01:17<01:18,  4.44it/s]
 50%|████▉     | 346/693 [01:17<01:19,  4.38it/s]
 50%|█████     | 347/693 [01:17<01:19,  4.34it/s]
 50%|█████     | 348/693 [01:18<01:12,  4.75it/s]
 50%|█████     | 349/693 [01:18<01:04,  5.35it/s]
 51%|█████     | 350/693 [01:18<01:08,  4.99it/s]
 51%|█████     | 351/693 [01:18<01:12,  4.73it/s]
 51%|█████     | 352/693 [01:18<01:15,  4.53it/s]
 51%|█████     | 353/693 [01:19<01:17,  4.40it/s]
 51%|█████     | 354/693 [01:19<01:18,  4.31it/s]
 51%|█████     | 355/693 [01:19<01:19,  4.27it/s]
 51%|█████▏    | 356/693 [01:19<01:17,  4.36it/s]
 52%|█████▏    | 357/693 [01:20<01:17,  4.32it/s]
 52%|█████▏    | 358/693 [01:20<01:18,  4.27it/s]
 52%|█████▏    | 359/693 [01:20<01:18,  4.28it/s]
 52%|█████▏    | 360/693 [01:20<01:15,  4.39it/s]
 52%|█████▏    | 361/693 [01:20<01:06,  5.01it/s]
 52%|█████▏    | 362/693 [01:21<00:59,  5.54it/s]
 52%|█████▏    | 363/693 [01:21<01:01,  5.36it/s]
 53%|█████▎    | 364/693 [01:21<01:06,  4.95it/s]
 53%|█████▎    | 365/693 [01:21<01:09,  4.70it/s]
 53%|█████▎    | 366/693 [01:21<01:12,  4.51it/s]
 53%|█████▎    | 367/693 [01:22<01:14,  4.40it/s]
 53%|█████▎    | 368/693 [01:22<01:15,  4.32it/s]
 53%|█████▎    | 369/693 [01:22<01:14,  4.36it/s]
 53%|█████▎    | 370/693 [01:22<01:15,  4.30it/s]
 54%|█████▎    | 371/693 [01:23<01:14,  4.30it/s]
 54%|█████▎    | 372/693 [01:23<01:14,  4.30it/s]
 54%|█████▍    | 373/693 [01:23<01:12,  4.40it/s]
 54%|█████▍    | 374/693 [01:23<01:03,  5.02it/s]
 54%|█████▍    | 375/693 [01:23<00:56,  5.60it/s]
 54%|█████▍    | 376/693 [01:24<01:01,  5.12it/s]
 54%|█████▍    | 377/693 [01:24<01:05,  4.81it/s]
 55%|█████▍    | 378/693 [01:24<01:08,  4.61it/s]
 55%|█████▍    | 379/693 [01:24<01:09,  4.49it/s]
 55%|█████▍    | 380/693 [01:24<01:11,  4.38it/s]
 55%|█████▍    | 381/693 [01:25<01:12,  4.33it/s]
 55%|█████▌    | 382/693 [01:25<01:10,  4.38it/s]
 55%|█████▌    | 383/693 [01:25<01:11,  4.36it/s]
 55%|█████▌    | 384/693 [01:25<01:11,  4.31it/s]
 56%|█████▌    | 385/693 [01:26<01:11,  4.31it/s]
 56%|█████▌    | 386/693 [01:26<01:09,  4.45it/s]
 56%|█████▌    | 387/693 [01:26<01:00,  5.09it/s]
 56%|█████▌    | 388/693 [01:26<00:57,  5.32it/s]
 56%|█████▌    | 389/693 [01:26<01:01,  4.93it/s]
 56%|█████▋    | 390/693 [01:27<01:04,  4.71it/s]
 56%|█████▋    | 391/693 [01:27<01:06,  4.55it/s]
 57%|█████▋    | 392/693 [01:27<01:08,  4.42it/s]
 57%|█████▋    | 393/693 [01:27<01:08,  4.38it/s]
 57%|█████▋    | 394/693 [01:28<01:08,  4.35it/s]
 57%|█████▋    | 395/693 [01:28<01:05,  4.54it/s]
 57%|█████▋    | 396/693 [01:28<01:06,  4.44it/s]
 57%|█████▋    | 397/693 [01:28<01:07,  4.39it/s]
 57%|█████▋    | 398/693 [01:28<01:07,  4.35it/s]
 58%|█████▊    | 399/693 [01:29<01:04,  4.54it/s]
 58%|█████▊    | 400/693 [01:29<00:58,  5.05it/s]
 58%|█████▊    | 401/693 [01:29<00:52,  5.57it/s]
 58%|█████▊    | 402/693 [01:29<00:57,  5.08it/s]
 58%|█████▊    | 403/693 [01:29<01:00,  4.78it/s]
 58%|█████▊    | 404/693 [01:30<01:02,  4.60it/s]
 58%|█████▊    | 405/693 [01:30<01:04,  4.48it/s]
 59%|█████▊    | 406/693 [01:30<01:05,  4.40it/s]
 59%|█████▊    | 407/693 [01:30<01:05,  4.37it/s]
 59%|█████▉    | 408/693 [01:31<01:03,  4.46it/s]
 59%|█████▉    | 409/693 [01:31<01:04,  4.41it/s]
 59%|█████▉    | 410/693 [01:31<01:04,  4.35it/s]
 59%|█████▉    | 411/693 [01:31<01:05,  4.33it/s]
 59%|█████▉    | 412/693 [01:32<01:02,  4.47it/s]
 60%|█████▉    | 413/693 [01:32<00:54,  5.12it/s]
 60%|█████▉    | 414/693 [01:32<00:50,  5.48it/s]
 60%|█████▉    | 415/693 [01:32<00:55,  5.05it/s]
 60%|██████    | 416/693 [01:32<00:58,  4.77it/s]
 60%|██████    | 417/693 [01:32<01:00,  4.59it/s]
 60%|██████    | 418/693 [01:33<01:01,  4.48it/s]
 60%|██████    | 419/693 [01:33<01:02,  4.40it/s]
 61%|██████    | 420/693 [01:33<01:02,  4.34it/s]
 61%|██████    | 421/693 [01:33<01:00,  4.51it/s]
 61%|██████    | 422/693 [01:34<01:01,  4.42it/s]
 61%|██████    | 423/693 [01:34<01:01,  4.39it/s]
 61%|██████    | 424/693 [01:34<01:02,  4.31it/s]
 61%|██████▏   | 425/693 [01:34<00:59,  4.50it/s]
 61%|██████▏   | 426/693 [01:34<00:52,  5.08it/s]
 62%|██████▏   | 427/693 [01:35<00:47,  5.66it/s]
 62%|██████▏   | 428/693 [01:35<00:51,  5.20it/s]
 62%|██████▏   | 429/693 [01:35<00:54,  4.86it/s]
 62%|██████▏   | 430/693 [01:35<00:56,  4.67it/s]
 62%|██████▏   | 431/693 [01:36<00:57,  4.52it/s]
 62%|██████▏   | 432/693 [01:36<00:58,  4.43it/s]
 62%|██████▏   | 433/693 [01:36<00:59,  4.35it/s]
 63%|██████▎   | 434/693 [01:36<00:59,  4.36it/s]
 63%|██████▎   | 435/693 [01:36<00:59,  4.31it/s]
 63%|██████▎   | 436/693 [01:37<00:59,  4.30it/s]
 63%|██████▎   | 437/693 [01:37<00:59,  4.28it/s]
 63%|██████▎   | 438/693 [01:37<00:57,  4.43it/s]
 63%|██████▎   | 439/693 [01:37<00:49,  5.08it/s]
 63%|██████▎   | 440/693 [01:37<00:46,  5.46it/s]
 64%|██████▎   | 441/693 [01:38<00:50,  5.03it/s]
 64%|██████▍   | 442/693 [01:38<00:52,  4.74it/s]
 64%|██████▍   | 443/693 [01:38<00:54,  4.55it/s]
 64%|██████▍   | 444/693 [01:38<00:55,  4.45it/s]
 64%|██████▍   | 445/693 [01:39<00:56,  4.38it/s]
 64%|██████▍   | 446/693 [01:39<00:56,  4.35it/s]
 65%|██████▍   | 447/693 [01:39<00:54,  4.51it/s]
 65%|██████▍   | 448/693 [01:39<00:55,  4.43it/s]
 65%|██████▍   | 449/693 [01:40<00:55,  4.38it/s]
 65%|██████▍   | 450/693 [01:40<00:55,  4.34it/s]
 65%|██████▌   | 451/693 [01:40<00:53,  4.50it/s]
 65%|██████▌   | 452/693 [01:40<00:47,  5.06it/s]
 65%|██████▌   | 453/693 [01:40<00:43,  5.56it/s]
 66%|██████▌   | 454/693 [01:40<00:46,  5.10it/s]
 66%|██████▌   | 455/693 [01:41<00:49,  4.83it/s]
 66%|██████▌   | 456/693 [01:41<00:51,  4.63it/s]
 66%|██████▌   | 457/693 [01:41<00:52,  4.50it/s]
 66%|██████▌   | 458/693 [01:41<00:53,  4.42it/s]
 66%|██████▌   | 459/693 [01:42<00:53,  4.35it/s]
 66%|██████▋   | 460/693 [01:42<00:52,  4.41it/s]
 67%|██████▋   | 461/693 [01:42<00:53,  4.37it/s]
 67%|██████▋   | 462/693 [01:42<00:53,  4.33it/s]
 67%|██████▋   | 463/693 [01:43<00:53,  4.32it/s]
 67%|██████▋   | 464/693 [01:43<00:51,  4.47it/s]
 67%|██████▋   | 465/693 [01:43<00:44,  5.11it/s]
 67%|██████▋   | 466/693 [01:43<00:39,  5.68it/s]
 67%|██████▋   | 467/693 [01:43<00:41,  5.39it/s]
 68%|██████▊   | 468/693 [01:43<00:45,  4.98it/s]
 68%|██████▊   | 469/693 [01:44<00:47,  4.71it/s]
 68%|██████▊   | 470/693 [01:44<00:48,  4.56it/s]
 68%|██████▊   | 471/693 [01:44<00:50,  4.44it/s]
 68%|██████▊   | 472/693 [01:44<00:50,  4.37it/s]
 68%|██████▊   | 473/693 [01:45<00:49,  4.44it/s]
 68%|██████▊   | 474/693 [01:45<00:49,  4.38it/s]
 69%|██████▊   | 475/693 [01:45<00:50,  4.35it/s]
 69%|██████▊   | 476/693 [01:45<00:50,  4.31it/s]
 69%|██████▉   | 477/693 [01:46<00:48,  4.41it/s]
 69%|██████▉   | 478/693 [01:46<00:43,  4.99it/s]
 69%|██████▉   | 479/693 [01:46<00:38,  5.55it/s]
 69%|██████▉   | 480/693 [01:46<00:41,  5.10it/s]
 69%|██████▉   | 481/693 [01:46<00:44,  4.78it/s]
 70%|██████▉   | 482/693 [01:47<00:45,  4.60it/s]
 70%|██████▉   | 483/693 [01:47<00:46,  4.48it/s]
 70%|██████▉   | 484/693 [01:47<00:47,  4.41it/s]
 70%|██████▉   | 485/693 [01:47<00:47,  4.36it/s]
 70%|███████   | 486/693 [01:47<00:46,  4.43it/s]
 70%|███████   | 487/693 [01:48<00:46,  4.39it/s]
 70%|███████   | 488/693 [01:48<00:46,  4.38it/s]
 71%|███████   | 489/693 [01:48<00:47,  4.33it/s]
 71%|███████   | 490/693 [01:48<00:45,  4.47it/s]
 71%|███████   | 491/693 [01:49<00:38,  5.18it/s]
 71%|███████   | 492/693 [01:49<00:35,  5.72it/s]
 71%|███████   | 493/693 [01:49<00:37,  5.37it/s]
 71%|███████▏  | 494/693 [01:49<00:39,  5.00it/s]
 71%|███████▏  | 495/693 [01:49<00:41,  4.73it/s]
 72%|███████▏  | 496/693 [01:50<00:42,  4.59it/s]
 72%|███████▏  | 497/693 [01:50<00:43,  4.48it/s]
 72%|███████▏  | 498/693 [01:50<00:44,  4.42it/s]
 72%|███████▏  | 499/693 [01:50<00:42,  4.54it/s]
 72%|███████▏  | 500/693 [01:50<00:42,  4.57it/s]
 72%|███████▏  | 501/693 [01:51<00:43,  4.44it/s]
 72%|███████▏  | 502/693 [01:51<00:43,  4.40it/s]
 73%|███████▎  | 503/693 [01:51<00:43,  4.33it/s]
 73%|███████▎  | 504/693 [01:51<00:38,  4.90it/s]
 73%|███████▎  | 505/693 [01:51<00:34,  5.53it/s]
 73%|███████▎  | 506/693 [01:52<00:35,  5.32it/s]
 73%|███████▎  | 507/693 [01:52<00:37,  4.93it/s]
 73%|███████▎  | 508/693 [01:52<00:39,  4.72it/s]
 73%|███████▎  | 509/693 [01:52<00:40,  4.55it/s]
 74%|███████▎  | 510/693 [01:53<00:40,  4.48it/s]
 74%|███████▎  | 511/693 [01:53<00:41,  4.41it/s]
 74%|███████▍  | 512/693 [01:53<00:40,  4.45it/s]
 74%|███████▍  | 513/693 [01:53<00:39,  4.58it/s]
 74%|███████▍  | 514/693 [01:53<00:39,  4.48it/s]
 74%|███████▍  | 515/693 [01:54<00:40,  4.42it/s]
 74%|███████▍  | 516/693 [01:54<00:40,  4.40it/s]
 75%|███████▍  | 517/693 [01:54<00:36,  4.88it/s]
 75%|███████▍  | 518/693 [01:54<00:32,  5.45it/s]
 75%|███████▍  | 519/693 [01:54<00:32,  5.28it/s]
 75%|███████▌  | 520/693 [01:55<00:35,  4.93it/s]
 75%|███████▌  | 521/693 [01:55<00:36,  4.71it/s]
 75%|███████▌  | 522/693 [01:55<00:37,  4.58it/s]
 75%|███████▌  | 523/693 [01:55<00:38,  4.46it/s]
 76%|███████▌  | 524/693 [01:56<00:38,  4.41it/s]
 76%|███████▌  | 525/693 [01:56<00:37,  4.46it/s]
 76%|███████▌  | 526/693 [01:56<00:36,  4.58it/s]
 76%|███████▌  | 527/693 [01:56<00:37,  4.46it/s]
 76%|███████▌  | 528/693 [01:56<00:37,  4.42it/s]
 76%|███████▋  | 529/693 [01:57<00:37,  4.38it/s]
 76%|███████▋  | 530/693 [01:57<00:33,  4.83it/s]
 77%|███████▋  | 531/693 [01:57<00:29,  5.44it/s]
 77%|███████▋  | 532/693 [01:57<00:30,  5.28it/s]
 77%|███████▋  | 533/693 [01:57<00:32,  4.91it/s]
 77%|███████▋  | 534/693 [01:58<00:33,  4.71it/s]
 77%|███████▋  | 535/693 [01:58<00:34,  4.54it/s]
 77%|███████▋  | 536/693 [01:58<00:35,  4.47it/s]
 77%|███████▋  | 537/693 [01:58<00:35,  4.38it/s]
 78%|███████▊  | 538/693 [01:59<00:35,  4.42it/s]
 78%|███████▊  | 539/693 [01:59<00:33,  4.58it/s]
 78%|███████▊  | 540/693 [01:59<00:34,  4.46it/s]
 78%|███████▊  | 541/693 [01:59<00:34,  4.41it/s]
 78%|███████▊  | 542/693 [02:00<00:34,  4.34it/s]
 78%|███████▊  | 543/693 [02:00<00:30,  4.86it/s]
 78%|███████▊  | 544/693 [02:00<00:27,  5.33it/s]
 79%|███████▊  | 545/693 [02:00<00:28,  5.11it/s]
 79%|███████▉  | 546/693 [02:00<00:30,  4.83it/s]
 79%|███████▉  | 547/693 [02:00<00:31,  4.63it/s]
 79%|███████▉  | 548/693 [02:01<00:32,  4.50it/s]
 79%|███████▉  | 549/693 [02:01<00:32,  4.42it/s]
 79%|███████▉  | 550/693 [02:01<00:32,  4.34it/s]
 80%|███████▉  | 551/693 [02:01<00:32,  4.35it/s]
 80%|███████▉  | 552/693 [02:02<00:32,  4.32it/s]
 80%|███████▉  | 553/693 [02:02<00:32,  4.31it/s]
 80%|███████▉  | 554/693 [02:02<00:32,  4.28it/s]
 80%|████████  | 555/693 [02:02<00:31,  4.43it/s]
 80%|████████  | 556/693 [02:02<00:27,  5.00it/s]
 80%|████████  | 557/693 [02:03<00:25,  5.39it/s]
 81%|████████  | 558/693 [02:03<00:27,  4.97it/s]
 81%|████████  | 559/693 [02:03<00:28,  4.73it/s]
 81%|████████  | 560/693 [02:03<00:29,  4.55it/s]
 81%|████████  | 561/693 [02:04<00:29,  4.43it/s]
 81%|████████  | 562/693 [02:04<00:30,  4.37it/s]
 81%|████████  | 563/693 [02:04<00:29,  4.34it/s]
 81%|████████▏ | 564/693 [02:04<00:28,  4.49it/s]
 82%|████████▏ | 565/693 [02:04<00:28,  4.43it/s]
 82%|████████▏ | 566/693 [02:05<00:29,  4.38it/s]
 82%|████████▏ | 567/693 [02:05<00:28,  4.35it/s]
 82%|████████▏ | 568/693 [02:05<00:27,  4.50it/s]
 82%|████████▏ | 569/693 [02:05<00:23,  5.17it/s]
 82%|████████▏ | 570/693 [02:05<00:23,  5.24it/s]
 82%|████████▏ | 571/693 [02:06<00:24,  4.90it/s]
 83%|████████▎ | 572/693 [02:06<00:25,  4.70it/s]
 83%|████████▎ | 573/693 [02:06<00:26,  4.54it/s]
 83%|████████▎ | 574/693 [02:06<00:26,  4.46it/s]
 83%|████████▎ | 575/693 [02:07<00:26,  4.38it/s]
 83%|████████▎ | 576/693 [02:07<00:27,  4.32it/s]
 83%|████████▎ | 577/693 [02:07<00:26,  4.41it/s]
 83%|████████▎ | 578/693 [02:07<00:26,  4.31it/s]
 84%|████████▎ | 579/693 [02:08<00:26,  4.31it/s]
 84%|████████▎ | 580/693 [02:08<00:26,  4.28it/s]
 84%|████████▍ | 581/693 [02:08<00:24,  4.62it/s]
 84%|████████▍ | 582/693 [02:08<00:21,  5.19it/s]
 84%|████████▍ | 583/693 [02:08<00:19,  5.67it/s]
 84%|████████▍ | 584/693 [02:09<00:21,  5.14it/s]
 84%|████████▍ | 585/693 [02:09<00:22,  4.83it/s]
 85%|████████▍ | 586/693 [02:09<00:23,  4.63it/s]
 85%|████████▍ | 587/693 [02:09<00:23,  4.50it/s]
 85%|████████▍ | 588/693 [02:09<00:23,  4.40it/s]
 85%|████████▍ | 589/693 [02:10<00:24,  4.33it/s]
 85%|████████▌ | 590/693 [02:10<00:22,  4.49it/s]
 85%|████████▌ | 591/693 [02:10<00:23,  4.39it/s]
 85%|████████▌ | 592/693 [02:10<00:23,  4.33it/s]
 86%|████████▌ | 593/693 [02:11<00:23,  4.33it/s]
 86%|████████▌ | 594/693 [02:11<00:22,  4.44it/s]
 86%|████████▌ | 595/693 [02:11<00:19,  5.00it/s]
 86%|████████▌ | 596/693 [02:11<00:19,  5.03it/s]
 86%|████████▌ | 597/693 [02:11<00:20,  4.76it/s]
 86%|████████▋ | 598/693 [02:12<00:20,  4.56it/s]
 86%|████████▋ | 599/693 [02:12<00:21,  4.45it/s]
 87%|████████▋ | 600/693 [02:12<00:21,  4.36it/s]
 87%|████████▋ | 601/693 [02:12<00:21,  4.30it/s]
 87%|████████▋ | 602/693 [02:13<00:21,  4.25it/s]
 87%|████████▋ | 603/693 [02:13<00:20,  4.39it/s]
 87%|████████▋ | 604/693 [02:13<00:20,  4.32it/s]
 87%|████████▋ | 605/693 [02:13<00:20,  4.33it/s]
 87%|████████▋ | 606/693 [02:14<00:20,  4.31it/s]
 88%|████████▊ | 607/693 [02:14<00:17,  4.79it/s]
 88%|████████▊ | 608/693 [02:14<00:16,  5.28it/s]
 88%|████████▊ | 609/693 [02:14<00:16,  5.08it/s]
 88%|████████▊ | 610/693 [02:14<00:17,  4.78it/s]
 88%|████████▊ | 611/693 [02:14<00:17,  4.60it/s]
 88%|████████▊ | 612/693 [02:15<00:18,  4.49it/s]
 88%|████████▊ | 613/693 [02:15<00:18,  4.41it/s]
 89%|████████▊ | 614/693 [02:15<00:18,  4.35it/s]
 89%|████████▊ | 615/693 [02:15<00:17,  4.34it/s]
 89%|████████▉ | 616/693 [02:16<00:17,  4.31it/s]
 89%|████████▉ | 617/693 [02:16<00:17,  4.30it/s]
 89%|████████▉ | 618/693 [02:16<00:17,  4.29it/s]
 89%|████████▉ | 619/693 [02:16<00:16,  4.42it/s]
 89%|████████▉ | 620/693 [02:16<00:14,  4.98it/s]
 90%|████████▉ | 621/693 [02:17<00:13,  5.25it/s]
 90%|████████▉ | 622/693 [02:17<00:14,  4.89it/s]
 90%|████████▉ | 623/693 [02:17<00:14,  4.68it/s]
 90%|█████████ | 624/693 [02:17<00:15,  4.55it/s]
 90%|█████████ | 625/693 [02:18<00:15,  4.46it/s]
 90%|█████████ | 626/693 [02:18<00:15,  4.39it/s]
 90%|█████████ | 627/693 [02:18<00:15,  4.34it/s]
 91%|█████████ | 628/693 [02:18<00:14,  4.48it/s]
 91%|█████████ | 629/693 [02:19<00:14,  4.42it/s]
 91%|█████████ | 630/693 [02:19<00:14,  4.37it/s]
 91%|█████████ | 631/693 [02:19<00:14,  4.33it/s]
 91%|█████████ | 632/693 [02:19<00:13,  4.50it/s]
 91%|█████████▏| 633/693 [02:19<00:11,  5.16it/s]
 91%|█████████▏| 634/693 [02:19<00:10,  5.52it/s]
 92%|█████████▏| 635/693 [02:20<00:11,  5.06it/s]
 92%|█████████▏| 636/693 [02:20<00:11,  4.78it/s]
 92%|█████████▏| 637/693 [02:20<00:12,  4.59it/s]
 92%|█████████▏| 638/693 [02:20<00:12,  4.46it/s]
 92%|█████████▏| 639/693 [02:21<00:12,  4.39it/s]
 92%|█████████▏| 640/693 [02:21<00:12,  4.35it/s]
 92%|█████████▏| 641/693 [02:21<00:11,  4.41it/s]
 93%|█████████▎| 642/693 [02:21<00:11,  4.36it/s]
 93%|█████████▎| 643/693 [02:22<00:11,  4.34it/s]
 93%|█████████▎| 644/693 [02:22<00:11,  4.32it/s]
 93%|█████████▎| 645/693 [02:22<00:10,  4.56it/s]
 93%|█████████▎| 646/693 [02:22<00:09,  5.07it/s]
 93%|█████████▎| 647/693 [02:22<00:08,  5.42it/s]
 94%|█████████▎| 648/693 [02:23<00:09,  4.95it/s]
 94%|█████████▎| 649/693 [02:23<00:09,  4.74it/s]
 94%|█████████▍| 650/693 [02:23<00:09,  4.55it/s]
 94%|█████████▍| 651/693 [02:23<00:09,  4.45it/s]
 94%|█████████▍| 652/693 [02:23<00:09,  4.37it/s]
 94%|█████████▍| 653/693 [02:24<00:09,  4.31it/s]
 94%|█████████▍| 654/693 [02:24<00:09,  4.33it/s]
 95%|█████████▍| 655/693 [02:24<00:08,  4.32it/s]
 95%|█████████▍| 656/693 [02:24<00:08,  4.29it/s]
 95%|█████████▍| 657/693 [02:25<00:08,  4.29it/s]
 95%|█████████▍| 658/693 [02:25<00:07,  4.61it/s]
 95%|█████████▌| 659/693 [02:25<00:06,  5.24it/s]
 95%|█████████▌| 660/693 [02:25<00:06,  5.13it/s]
 95%|█████████▌| 661/693 [02:25<00:06,  4.83it/s]
 96%|█████████▌| 662/693 [02:26<00:06,  4.64it/s]
 96%|█████████▌| 663/693 [02:26<00:06,  4.50it/s]
 96%|█████████▌| 664/693 [02:26<00:06,  4.41it/s]
 96%|█████████▌| 665/693 [02:26<00:06,  4.35it/s]
 96%|█████████▌| 666/693 [02:27<00:06,  4.39it/s]
 96%|█████████▌| 667/693 [02:27<00:05,  4.57it/s]
 96%|█████████▋| 668/693 [02:27<00:05,  4.47it/s]
 97%|█████████▋| 669/693 [02:27<00:05,  4.41it/s]
 97%|█████████▋| 670/693 [02:27<00:05,  4.36it/s]
 97%|█████████▋| 671/693 [02:28<00:04,  4.84it/s]
 97%|█████████▋| 672/693 [02:28<00:03,  5.33it/s]
 97%|█████████▋| 673/693 [02:28<00:03,  5.21it/s]
 97%|█████████▋| 674/693 [02:28<00:03,  4.83it/s]
 97%|█████████▋| 675/693 [02:28<00:03,  4.64it/s]
 98%|█████████▊| 676/693 [02:29<00:03,  4.50it/s]
 98%|█████████▊| 677/693 [02:29<00:03,  4.41it/s]
 98%|█████████▊| 678/693 [02:29<00:03,  4.34it/s]
 98%|█████████▊| 679/693 [02:29<00:03,  4.30it/s]
 98%|█████████▊| 680/693 [02:30<00:03,  4.30it/s]
 98%|█████████▊| 681/693 [02:30<00:02,  4.29it/s]
 98%|█████████▊| 682/693 [02:30<00:02,  4.28it/s]
 99%|█████████▊| 683/693 [02:30<00:02,  4.42it/s]
 99%|█████████▊| 684/693 [02:30<00:01,  5.01it/s]
 99%|█████████▉| 685/693 [02:31<00:01,  5.50it/s]
 99%|█████████▉| 686/693 [02:31<00:01,  5.05it/s]
 99%|█████████▉| 687/693 [02:31<00:01,  4.75it/s]
 99%|█████████▉| 688/693 [02:31<00:01,  4.60it/s]
 99%|█████████▉| 689/693 [02:32<00:00,  4.46it/s]
100%|█████████▉| 690/693 [02:32<00:00,  4.40it/s]
100%|█████████▉| 691/693 [02:32<00:00,  4.35it/s]
100%|█████████▉| 692/693 [02:32<00:00,  4.49it/s]
100%|██████████| 693/693 [02:32<00:00,  4.47it/s]
100%|██████████| 693/693 [02:33<00:00,  4.53it/s]
Training loss: 1.0646470081582557, KL loss: 0.7707054391180798, Sim loss: 0.00076332701711216, Exo CLS loss: 0.8798255904068334, 
Noun sim loss: 0.12119638021030123, Part sim loss: 0.35809391134917135, Proto loss: 1.41137820490855, Conc loss: 0.13600883838246222
learning rate:4.933837785406672e-05


  0%|          | 0/168 [00:00<?, ?it/s]
  1%|          | 1/168 [00:00<02:05,  1.33it/s]
  2%|▏         | 4/168 [00:00<00:29,  5.50it/s]
  4%|▎         | 6/168 [00:01<00:24,  6.48it/s]
  5%|▌         | 9/168 [00:01<00:16,  9.75it/s]
  7%|▋         | 11/168 [00:01<00:16,  9.76it/s]
  8%|▊         | 14/168 [00:01<00:12, 12.62it/s]
 10%|█         | 17/168 [00:01<00:10, 14.61it/s]
 11%|█▏        | 19/168 [00:02<00:14, 10.49it/s]
 14%|█▎        | 23/168 [00:02<00:09, 15.21it/s]
 15%|█▌        | 26/168 [00:02<00:17,  8.29it/s]
 17%|█▋        | 29/168 [00:03<00:13, 10.26it/s]
 19%|█▉        | 32/168 [00:03<00:11, 12.28it/s]
 21%|██        | 35/168 [00:03<00:09, 14.48it/s]
 23%|██▎       | 38/168 [00:03<00:08, 16.19it/s]
 24%|██▍       | 41/168 [00:03<00:07, 17.66it/s]
 26%|██▌       | 44/168 [00:03<00:06, 18.48it/s]
 28%|██▊       | 47/168 [00:03<00:06, 19.18it/s]
 30%|██▉       | 50/168 [00:04<00:06, 19.52it/s]
 32%|███▏      | 54/168 [00:04<00:04, 23.16it/s]
 34%|███▍      | 57/168 [00:04<00:04, 24.18it/s]
 36%|███▌      | 60/168 [00:04<00:04, 25.05it/s]
 38%|███▊      | 63/168 [00:04<00:04, 24.15it/s]
 39%|███▉      | 66/168 [00:04<00:04, 23.22it/s]
 41%|████      | 69/168 [00:04<00:04, 21.39it/s]
 43%|████▎     | 72/168 [00:04<00:04, 21.60it/s]
 45%|████▍     | 75/168 [00:05<00:04, 21.78it/s]
 46%|████▋     | 78/168 [00:05<00:04, 20.84it/s]
 48%|████▊     | 81/168 [00:05<00:04, 21.24it/s]
 50%|█████     | 84/168 [00:05<00:04, 20.78it/s]
 52%|█████▏    | 87/168 [00:05<00:03, 21.01it/s]
 54%|█████▎    | 90/168 [00:05<00:03, 21.25it/s]
 55%|█████▌    | 93/168 [00:06<00:05, 14.83it/s]
 57%|█████▋    | 95/168 [00:06<00:05, 14.22it/s]
 59%|█████▉    | 99/168 [00:06<00:03, 18.90it/s]
 61%|██████    | 102/168 [00:06<00:03, 20.49it/s]
 62%|██████▎   | 105/168 [00:06<00:03, 20.97it/s]
 64%|██████▍   | 108/168 [00:06<00:02, 21.43it/s]
 66%|██████▌   | 111/168 [00:06<00:02, 21.27it/s]
 68%|██████▊   | 114/168 [00:07<00:02, 21.17it/s]
 70%|██████▉   | 117/168 [00:07<00:02, 21.20it/s]
 71%|███████▏  | 120/168 [00:07<00:02, 21.02it/s]
 73%|███████▎  | 123/168 [00:07<00:02, 20.83it/s]
 75%|███████▌  | 126/168 [00:07<00:02, 20.76it/s]
 77%|███████▋  | 129/168 [00:07<00:01, 21.50it/s]
 79%|███████▊  | 132/168 [00:07<00:01, 21.25it/s]
 80%|████████  | 135/168 [00:08<00:01, 21.10it/s]
 82%|████████▏ | 138/168 [00:08<00:01, 20.99it/s]
 84%|████████▍ | 141/168 [00:08<00:01, 21.09it/s]
 86%|████████▌ | 144/168 [00:08<00:01, 20.88it/s]
 88%|████████▊ | 147/168 [00:08<00:01, 20.11it/s]
 89%|████████▉ | 150/168 [00:08<00:00, 21.50it/s]
 91%|█████████ | 153/168 [00:08<00:00, 21.03it/s]
 93%|█████████▎| 156/168 [00:09<00:00, 21.39it/s]
 95%|█████████▍| 159/168 [00:09<00:00, 20.51it/s]
 96%|█████████▋| 162/168 [00:09<00:00, 15.38it/s]
 98%|█████████▊| 165/168 [00:09<00:00, 17.00it/s]
100%|██████████| 168/168 [00:09<00:00, 18.84it/s]
100%|██████████| 168/168 [00:09<00:00, 16.94it/s]
Result on AGD: 
KLD=0.9285703301429749, SIM=0.48729217052459717, NSS=1.4614789485931396
noun sim: 0.11730019406725962, part sim: 0.2857730617480619
New best KLD: 0.9285703301429749, 0.48729217052459717, 1.4614789485931396
============Training Epoch 3============

  0%|          | 0/693 [00:00<?, ?it/s]/mnt/sdb/wyn/envs/clip-env/lib/python3.10/site-packages/torch/_tensor.py:1002: UserWarning: non-inplace resize is deprecated
  warnings.warn("non-inplace resize is deprecated")
/mnt/sdb/wyn/envs/clip-env/lib/python3.10/site-packages/torch/_tensor.py:1002: UserWarning: non-inplace resize is deprecated
  warnings.warn("non-inplace resize is deprecated")
/mnt/sdb/wyn/envs/clip-env/lib/python3.10/site-packages/torch/_tensor.py:1002: UserWarning: non-inplace resize is deprecated
  warnings.warn("non-inplace resize is deprecated")
/mnt/sdb/wyn/envs/clip-env/lib/python3.10/site-packages/torch/_tensor.py:1002: UserWarning: non-inplace resize is deprecated
  warnings.warn("non-inplace resize is deprecated")
/mnt/sdb/wyn/envs/clip-env/lib/python3.10/site-packages/torch/_tensor.py:1002: UserWarning: non-inplace resize is deprecated
  warnings.warn("non-inplace resize is deprecated")
/mnt/sdb/wyn/envs/clip-env/lib/python3.10/site-packages/torch/_tensor.py:1002: UserWarning: non-inplace resize is deprecated
  warnings.warn("non-inplace resize is deprecated")
/mnt/sdb/wyn/envs/clip-env/lib/python3.10/site-packages/torch/_tensor.py:1002: UserWarning: non-inplace resize is deprecated
  warnings.warn("non-inplace resize is deprecated")
/mnt/sdb/wyn/envs/clip-env/lib/python3.10/site-packages/torch/_tensor.py:1002: UserWarning: non-inplace resize is deprecated
  warnings.warn("non-inplace resize is deprecated")

  0%|          | 1/693 [00:02<24:21,  2.11s/it]
  0%|          | 2/693 [00:02<11:25,  1.01it/s]
  0%|          | 3/693 [00:02<07:26,  1.55it/s]
  1%|          | 4/693 [00:03<08:38,  1.33it/s]
  1%|          | 5/693 [00:03<06:29,  1.77it/s]
  1%|          | 6/693 [00:03<05:13,  2.19it/s]
  1%|          | 7/693 [00:04<04:11,  2.72it/s]
  1%|          | 8/693 [00:04<03:23,  3.37it/s]
  1%|▏         | 9/693 [00:04<03:09,  3.62it/s]
  1%|▏         | 10/693 [00:04<03:01,  3.75it/s]
  2%|▏         | 11/693 [00:04<02:55,  3.88it/s]
  2%|▏         | 12/693 [00:05<02:52,  3.95it/s]
  2%|▏         | 13/693 [00:05<02:49,  4.01it/s]
  2%|▏         | 14/693 [00:05<02:47,  4.04it/s]
  2%|▏         | 15/693 [00:05<02:43,  4.16it/s]
  2%|▏         | 16/693 [00:06<02:43,  4.15it/s]
  2%|▏         | 17/693 [00:06<02:41,  4.18it/s]
  3%|▎         | 18/693 [00:06<02:41,  4.17it/s]
  3%|▎         | 19/693 [00:06<02:30,  4.49it/s]
  3%|▎         | 20/693 [00:07<02:16,  4.93it/s]
  3%|▎         | 21/693 [00:07<02:22,  4.73it/s]
  3%|▎         | 22/693 [00:07<02:28,  4.52it/s]
  3%|▎         | 23/693 [00:07<02:32,  4.40it/s]
  3%|▎         | 24/693 [00:07<02:33,  4.35it/s]
  4%|▎         | 25/693 [00:08<02:34,  4.33it/s]
  4%|▍         | 26/693 [00:08<02:36,  4.27it/s]
  4%|▍         | 27/693 [00:08<02:34,  4.31it/s]
  4%|▍         | 28/693 [00:08<02:35,  4.26it/s]
  4%|▍         | 29/693 [00:09<02:36,  4.25it/s]
  4%|▍         | 30/693 [00:09<02:36,  4.25it/s]
  4%|▍         | 31/693 [00:09<02:23,  4.63it/s]
  5%|▍         | 32/693 [00:09<02:09,  5.12it/s]
  5%|▍         | 33/693 [00:09<02:15,  4.88it/s]
  5%|▍         | 34/693 [00:10<02:21,  4.65it/s]
  5%|▌         | 35/693 [00:10<02:25,  4.52it/s]
  5%|▌         | 36/693 [00:10<02:26,  4.48it/s]
  5%|▌         | 37/693 [00:10<02:30,  4.37it/s]
  5%|▌         | 38/693 [00:11<02:30,  4.35it/s]
  6%|▌         | 39/693 [00:11<02:28,  4.40it/s]
  6%|▌         | 40/693 [00:11<02:29,  4.37it/s]
  6%|▌         | 41/693 [00:11<02:30,  4.32it/s]
  6%|▌         | 42/693 [00:12<02:32,  4.28it/s]
  6%|▌         | 43/693 [00:12<02:26,  4.43it/s]
  6%|▋         | 44/693 [00:12<02:11,  4.95it/s]
  6%|▋         | 45/693 [00:12<02:07,  5.08it/s]
  7%|▋         | 46/693 [00:12<02:14,  4.80it/s]
  7%|▋         | 47/693 [00:13<02:19,  4.62it/s]
  7%|▋         | 48/693 [00:13<02:23,  4.50it/s]
  7%|▋         | 49/693 [00:13<02:25,  4.42it/s]
  7%|▋         | 50/693 [00:13<02:26,  4.40it/s]
  7%|▋         | 51/693 [00:13<02:28,  4.33it/s]
  8%|▊         | 52/693 [00:14<02:21,  4.54it/s]
  8%|▊         | 53/693 [00:14<02:23,  4.45it/s]
  8%|▊         | 54/693 [00:14<02:26,  4.36it/s]
  8%|▊         | 55/693 [00:14<02:26,  4.34it/s]
  8%|▊         | 56/693 [00:15<02:15,  4.70it/s]
  8%|▊         | 57/693 [00:15<01:58,  5.38it/s]
  8%|▊         | 58/693 [00:15<02:03,  5.15it/s]
  9%|▊         | 59/693 [00:15<02:10,  4.84it/s]
  9%|▊         | 60/693 [00:15<02:16,  4.62it/s]
  9%|▉         | 61/693 [00:16<02:20,  4.50it/s]
  9%|▉         | 62/693 [00:16<02:22,  4.42it/s]
  9%|▉         | 63/693 [00:16<02:24,  4.36it/s]
  9%|▉         | 64/693 [00:16<02:19,  4.50it/s]
  9%|▉         | 65/693 [00:16<02:19,  4.50it/s]
 10%|▉         | 66/693 [00:17<02:24,  4.35it/s]
 10%|▉         | 67/693 [00:17<02:24,  4.33it/s]
 10%|▉         | 68/693 [00:17<02:24,  4.33it/s]
 10%|▉         | 69/693 [00:17<02:05,  4.98it/s]
 10%|█         | 70/693 [00:17<01:55,  5.39it/s]
 10%|█         | 71/693 [00:18<01:59,  5.22it/s]
 10%|█         | 72/693 [00:18<02:06,  4.89it/s]
 11%|█         | 73/693 [00:18<02:12,  4.67it/s]
 11%|█         | 74/693 [00:18<02:16,  4.55it/s]
 11%|█         | 75/693 [00:19<02:19,  4.44it/s]
 11%|█         | 76/693 [00:19<02:19,  4.41it/s]
 11%|█         | 77/693 [00:19<02:16,  4.51it/s]
 11%|█▏        | 78/693 [00:19<02:14,  4.59it/s]
 11%|█▏        | 79/693 [00:20<02:19,  4.41it/s]
 12%|█▏        | 80/693 [00:20<02:20,  4.35it/s]
 12%|█▏        | 81/693 [00:20<02:22,  4.30it/s]
 12%|█▏        | 82/693 [00:20<02:10,  4.68it/s]
 12%|█▏        | 83/693 [00:20<01:56,  5.23it/s]
 12%|█▏        | 84/693 [00:21<02:04,  4.91it/s]
 12%|█▏        | 85/693 [00:21<02:10,  4.65it/s]
 12%|█▏        | 86/693 [00:21<02:15,  4.47it/s]
 13%|█▎        | 87/693 [00:21<02:18,  4.39it/s]
 13%|█▎        | 88/693 [00:22<02:21,  4.28it/s]
 13%|█▎        | 89/693 [00:22<02:19,  4.32it/s]
 13%|█▎        | 90/693 [00:22<02:14,  4.47it/s]
 13%|█▎        | 91/693 [00:22<02:17,  4.39it/s]
 13%|█▎        | 92/693 [00:22<02:16,  4.40it/s]
 13%|█▎        | 93/693 [00:23<02:18,  4.32it/s]
 14%|█▎        | 94/693 [00:23<02:13,  4.48it/s]
 14%|█▎        | 95/693 [00:23<01:56,  5.14it/s]
 14%|█▍        | 96/693 [00:23<01:48,  5.50it/s]
 14%|█▍        | 97/693 [00:23<01:57,  5.06it/s]
 14%|█▍        | 98/693 [00:24<02:04,  4.76it/s]
 14%|█▍        | 99/693 [00:24<02:09,  4.60it/s]
 14%|█▍        | 100/693 [00:24<02:12,  4.49it/s]
 15%|█▍        | 101/693 [00:24<02:14,  4.41it/s]
 15%|█▍        | 102/693 [00:25<02:15,  4.35it/s]
 15%|█▍        | 103/693 [00:25<02:12,  4.44it/s]
 15%|█▌        | 104/693 [00:25<02:14,  4.39it/s]
 15%|█▌        | 105/693 [00:25<02:15,  4.34it/s]
 15%|█▌        | 106/693 [00:25<02:16,  4.30it/s]
 15%|█▌        | 107/693 [00:26<02:11,  4.47it/s]
 16%|█▌        | 108/693 [00:26<01:55,  5.07it/s]
 16%|█▌        | 109/693 [00:26<02:52,  3.38it/s]
 16%|█▌        | 110/693 [00:27<02:46,  3.51it/s]
 16%|█▌        | 111/693 [00:27<02:36,  3.72it/s]
 16%|█▌        | 112/693 [00:27<02:30,  3.85it/s]
 16%|█▋        | 113/693 [00:27<02:21,  4.09it/s]
 16%|█▋        | 114/693 [00:28<02:18,  4.17it/s]
 17%|█▋        | 115/693 [00:28<02:18,  4.19it/s]
 17%|█▋        | 116/693 [00:28<02:19,  4.15it/s]
 17%|█▋        | 117/693 [00:28<02:16,  4.23it/s]
 17%|█▋        | 118/693 [00:28<02:02,  4.71it/s]
 17%|█▋        | 119/693 [00:29<01:50,  5.19it/s]
 17%|█▋        | 120/693 [00:29<01:58,  4.83it/s]
 17%|█▋        | 121/693 [00:29<02:03,  4.61it/s]
 18%|█▊        | 122/693 [00:29<02:08,  4.46it/s]
 18%|█▊        | 123/693 [00:29<02:10,  4.36it/s]
 18%|█▊        | 124/693 [00:30<02:12,  4.30it/s]
 18%|█▊        | 125/693 [00:30<02:13,  4.26it/s]
 18%|█▊        | 126/693 [00:30<02:12,  4.29it/s]
 18%|█▊        | 127/693 [00:30<02:12,  4.27it/s]
 18%|█▊        | 128/693 [00:31<02:14,  4.20it/s]
 19%|█▊        | 129/693 [00:31<02:14,  4.21it/s]
 19%|█▉        | 130/693 [00:31<01:59,  4.70it/s]
 19%|█▉        | 131/693 [00:31<01:46,  5.30it/s]
 19%|█▉        | 132/693 [00:31<01:52,  4.98it/s]
 19%|█▉        | 133/693 [00:32<01:58,  4.72it/s]
 19%|█▉        | 134/693 [00:32<02:02,  4.55it/s]
 19%|█▉        | 135/693 [00:32<02:05,  4.44it/s]
 20%|█▉        | 136/693 [00:32<02:08,  4.34it/s]
 20%|█▉        | 137/693 [00:33<02:09,  4.29it/s]
 20%|█▉        | 138/693 [00:33<02:06,  4.38it/s]
 20%|██        | 139/693 [00:33<02:07,  4.35it/s]
 20%|██        | 140/693 [00:33<02:07,  4.33it/s]
 20%|██        | 141/693 [00:34<02:08,  4.29it/s]
 20%|██        | 142/693 [00:34<02:02,  4.49it/s]
 21%|██        | 143/693 [00:34<01:47,  5.11it/s]
 21%|██        | 144/693 [00:34<01:43,  5.30it/s]
 21%|██        | 145/693 [00:34<01:50,  4.94it/s]
 21%|██        | 146/693 [00:35<01:56,  4.71it/s]
 21%|██        | 147/693 [00:35<02:00,  4.53it/s]
 21%|██▏       | 148/693 [00:35<02:02,  4.46it/s]
 22%|██▏       | 149/693 [00:35<02:04,  4.37it/s]
 22%|██▏       | 150/693 [00:35<02:05,  4.33it/s]
 22%|██▏       | 151/693 [00:36<02:04,  4.36it/s]
 22%|██▏       | 152/693 [00:36<02:05,  4.30it/s]
 22%|██▏       | 153/693 [00:36<02:04,  4.32it/s]
 22%|██▏       | 154/693 [00:36<02:05,  4.28it/s]
 22%|██▏       | 155/693 [00:37<01:57,  4.56it/s]
 23%|██▎       | 156/693 [00:37<01:45,  5.11it/s]
 23%|██▎       | 157/693 [00:37<02:28,  3.60it/s]
 23%|██▎       | 158/693 [00:37<02:21,  3.78it/s]
 23%|██▎       | 159/693 [00:38<02:16,  3.91it/s]
 23%|██▎       | 160/693 [00:38<02:13,  4.00it/s]
 23%|██▎       | 161/693 [00:38<02:10,  4.07it/s]
 23%|██▎       | 162/693 [00:38<02:08,  4.13it/s]
 24%|██▎       | 163/693 [00:39<02:07,  4.17it/s]
 24%|██▎       | 164/693 [00:39<02:05,  4.20it/s]
 24%|██▍       | 165/693 [00:39<02:00,  4.37it/s]
 24%|██▍       | 166/693 [00:39<01:46,  4.95it/s]
 24%|██▍       | 167/693 [00:39<01:36,  5.46it/s]
 24%|██▍       | 168/693 [00:40<01:44,  5.02it/s]
 24%|██▍       | 169/693 [00:40<01:50,  4.72it/s]
 25%|██▍       | 170/693 [00:40<01:54,  4.57it/s]
 25%|██▍       | 171/693 [00:40<01:57,  4.45it/s]
 25%|██▍       | 172/693 [00:41<01:59,  4.37it/s]
 25%|██▍       | 173/693 [00:41<01:59,  4.34it/s]
 25%|██▌       | 174/693 [00:41<01:56,  4.44it/s]
 25%|██▌       | 175/693 [00:41<01:57,  4.39it/s]
 25%|██▌       | 176/693 [00:41<01:59,  4.32it/s]
 26%|██▌       | 177/693 [00:42<02:00,  4.29it/s]
 26%|██▌       | 178/693 [00:42<01:54,  4.49it/s]
 26%|██▌       | 179/693 [00:42<01:39,  5.15it/s]
 26%|██▌       | 180/693 [00:42<01:37,  5.29it/s]
 26%|██▌       | 181/693 [00:42<01:43,  4.96it/s]
 26%|██▋       | 182/693 [00:43<01:48,  4.70it/s]
 26%|██▋       | 183/693 [00:43<01:52,  4.54it/s]
 27%|██▋       | 184/693 [00:43<01:55,  4.40it/s]
 27%|██▋       | 185/693 [00:43<01:57,  4.33it/s]
 27%|██▋       | 186/693 [00:44<01:58,  4.27it/s]
 27%|██▋       | 187/693 [00:44<01:57,  4.31it/s]
 27%|██▋       | 188/693 [00:44<01:58,  4.27it/s]
 27%|██▋       | 189/693 [00:44<01:58,  4.26it/s]
 27%|██▋       | 190/693 [00:45<01:59,  4.22it/s]
 28%|██▊       | 191/693 [00:45<01:47,  4.66it/s]
 28%|██▊       | 192/693 [00:45<01:36,  5.17it/s]
 28%|██▊       | 193/693 [00:45<01:40,  4.99it/s]
 28%|██▊       | 194/693 [00:45<01:46,  4.71it/s]
 28%|██▊       | 195/693 [00:46<01:50,  4.51it/s]
 28%|██▊       | 196/693 [00:46<01:52,  4.40it/s]
 28%|██▊       | 197/693 [00:46<01:54,  4.34it/s]
 29%|██▊       | 198/693 [00:46<01:56,  4.27it/s]
 29%|██▊       | 199/693 [00:46<01:51,  4.42it/s]
 29%|██▉       | 200/693 [00:47<01:53,  4.34it/s]
 29%|██▉       | 201/693 [00:47<01:54,  4.29it/s]
 29%|██▉       | 202/693 [00:47<01:55,  4.25it/s]
 29%|██▉       | 203/693 [00:47<01:50,  4.43it/s]
 29%|██▉       | 204/693 [00:48<01:37,  5.00it/s]
 30%|██▉       | 205/693 [00:48<01:40,  4.87it/s]
 30%|██▉       | 206/693 [00:48<01:44,  4.64it/s]
 30%|██▉       | 207/693 [00:48<01:47,  4.51it/s]
 30%|███       | 208/693 [00:48<01:50,  4.41it/s]
 30%|███       | 209/693 [00:49<01:51,  4.33it/s]
 30%|███       | 210/693 [00:49<01:52,  4.30it/s]
 30%|███       | 211/693 [00:49<01:50,  4.36it/s]
 31%|███       | 212/693 [00:49<01:51,  4.32it/s]
 31%|███       | 213/693 [00:50<01:51,  4.30it/s]
 31%|███       | 214/693 [00:50<01:51,  4.29it/s]
 31%|███       | 215/693 [00:50<01:48,  4.39it/s]
 31%|███       | 216/693 [00:50<01:34,  5.03it/s]
 31%|███▏      | 217/693 [00:50<01:25,  5.55it/s]
 31%|███▏      | 218/693 [00:51<01:32,  5.15it/s]
 32%|███▏      | 219/693 [00:51<01:38,  4.82it/s]
 32%|███▏      | 220/693 [00:51<01:43,  4.57it/s]
 32%|███▏      | 221/693 [00:51<01:45,  4.46it/s]
 32%|███▏      | 222/693 [00:52<01:49,  4.30it/s]
 32%|███▏      | 223/693 [00:52<01:50,  4.26it/s]
 32%|███▏      | 224/693 [00:52<01:48,  4.31it/s]
 32%|███▏      | 225/693 [00:52<01:49,  4.29it/s]
 33%|███▎      | 226/693 [00:53<01:48,  4.29it/s]
 33%|███▎      | 227/693 [00:53<01:49,  4.25it/s]
 33%|███▎      | 228/693 [00:53<01:43,  4.48it/s]
 33%|███▎      | 229/693 [00:53<01:32,  4.99it/s]
 33%|███▎      | 230/693 [00:53<01:34,  4.90it/s]
 33%|███▎      | 231/693 [00:54<01:38,  4.68it/s]
 33%|███▎      | 232/693 [00:54<01:41,  4.53it/s]
 34%|███▎      | 233/693 [00:54<01:44,  4.40it/s]
 34%|███▍      | 234/693 [00:54<01:48,  4.23it/s]
 34%|███▍      | 235/693 [00:55<01:47,  4.25it/s]
 34%|███▍      | 236/693 [00:55<01:47,  4.26it/s]
 34%|███▍      | 237/693 [00:55<01:47,  4.25it/s]
 34%|███▍      | 238/693 [00:55<01:48,  4.21it/s]
 34%|███▍      | 239/693 [00:55<01:47,  4.21it/s]
 35%|███▍      | 240/693 [00:56<01:42,  4.41it/s]
 35%|███▍      | 241/693 [00:56<01:34,  4.77it/s]
 35%|███▍      | 242/693 [00:56<01:34,  4.78it/s]
 35%|███▌      | 243/693 [00:56<01:39,  4.51it/s]
 35%|███▌      | 244/693 [00:57<01:42,  4.39it/s]
 35%|███▌      | 245/693 [00:57<01:43,  4.34it/s]
 35%|███▌      | 246/693 [00:57<01:44,  4.27it/s]
 36%|███▌      | 247/693 [00:57<01:44,  4.25it/s]
 36%|███▌      | 248/693 [00:57<01:42,  4.34it/s]
 36%|███▌      | 249/693 [00:58<01:43,  4.28it/s]
 36%|███▌      | 250/693 [00:58<01:42,  4.31it/s]
 36%|███▌      | 251/693 [00:58<01:43,  4.29it/s]
 36%|███▋      | 252/693 [00:58<01:38,  4.50it/s]
 37%|███▋      | 253/693 [00:58<01:25,  5.17it/s]
 37%|███▋      | 254/693 [00:59<01:18,  5.62it/s]
 37%|███▋      | 255/693 [00:59<01:15,  5.80it/s]
 37%|███▋      | 256/693 [00:59<01:23,  5.20it/s]
 37%|███▋      | 257/693 [00:59<01:30,  4.84it/s]
 37%|███▋      | 258/693 [01:00<01:33,  4.64it/s]
 37%|███▋      | 259/693 [01:00<01:36,  4.52it/s]
 38%|███▊      | 260/693 [01:00<01:37,  4.44it/s]
 38%|███▊      | 261/693 [01:00<01:39,  4.35it/s]
 38%|███▊      | 262/693 [01:00<01:38,  4.38it/s]
 38%|███▊      | 263/693 [01:01<01:38,  4.35it/s]
 38%|███▊      | 264/693 [01:01<01:39,  4.33it/s]
 38%|███▊      | 265/693 [01:01<01:41,  4.23it/s]
 38%|███▊      | 266/693 [01:01<01:31,  4.66it/s]
 39%|███▊      | 267/693 [01:01<01:22,  5.16it/s]
 39%|███▊      | 268/693 [01:02<01:21,  5.19it/s]
 39%|███▉      | 269/693 [01:02<01:28,  4.79it/s]
 39%|███▉      | 270/693 [01:02<01:30,  4.65it/s]
 39%|███▉      | 271/693 [01:02<01:33,  4.52it/s]
 39%|███▉      | 272/693 [01:03<01:34,  4.43it/s]
 39%|███▉      | 273/693 [01:03<01:36,  4.37it/s]
 40%|███▉      | 274/693 [01:03<01:36,  4.34it/s]
 40%|███▉      | 275/693 [01:03<01:35,  4.36it/s]
 40%|███▉      | 276/693 [01:04<01:37,  4.28it/s]
 40%|███▉      | 277/693 [01:04<01:36,  4.32it/s]
 40%|████      | 278/693 [01:04<01:36,  4.31it/s]
 40%|████      | 279/693 [01:04<01:26,  4.77it/s]
 40%|████      | 280/693 [01:04<01:29,  4.59it/s]
 41%|████      | 281/693 [01:05<01:31,  4.48it/s]
 41%|████      | 282/693 [01:05<01:33,  4.40it/s]
 41%|████      | 283/693 [01:05<01:34,  4.34it/s]
 41%|████      | 284/693 [01:05<01:35,  4.30it/s]
 41%|████      | 285/693 [01:06<01:35,  4.27it/s]
 41%|████▏     | 286/693 [01:06<01:33,  4.35it/s]
 41%|████▏     | 287/693 [01:06<01:34,  4.31it/s]
 42%|████▏     | 288/693 [01:06<01:34,  4.27it/s]
 42%|████▏     | 289/693 [01:07<01:34,  4.27it/s]
 42%|████▏     | 290/693 [01:07<01:30,  4.43it/s]
 42%|████▏     | 291/693 [01:07<01:19,  5.07it/s]
 42%|████▏     | 292/693 [01:07<01:20,  4.99it/s]
 42%|████▏     | 293/693 [01:07<01:24,  4.72it/s]
 42%|████▏     | 294/693 [01:08<01:28,  4.53it/s]
 43%|████▎     | 295/693 [01:08<01:30,  4.41it/s]
 43%|████▎     | 296/693 [01:08<01:31,  4.33it/s]
 43%|████▎     | 297/693 [01:08<01:32,  4.28it/s]
 43%|████▎     | 298/693 [01:09<01:33,  4.25it/s]
 43%|████▎     | 299/693 [01:09<01:33,  4.22it/s]
 43%|████▎     | 300/693 [01:09<01:33,  4.20it/s]
 43%|████▎     | 301/693 [01:09<01:33,  4.20it/s]
 44%|████▎     | 302/693 [01:09<01:30,  4.33it/s]
 44%|████▎     | 303/693 [01:10<01:21,  4.76it/s]
 44%|████▍     | 304/693 [01:10<01:21,  4.80it/s]
 44%|████▍     | 305/693 [01:10<01:24,  4.62it/s]
 44%|████▍     | 306/693 [01:10<01:26,  4.47it/s]
 44%|████▍     | 307/693 [01:11<01:28,  4.37it/s]
 44%|████▍     | 308/693 [01:11<01:29,  4.30it/s]
 45%|████▍     | 309/693 [01:11<01:29,  4.28it/s]
 45%|████▍     | 310/693 [01:11<01:28,  4.34it/s]
 45%|████▍     | 311/693 [01:11<01:25,  4.45it/s]
 45%|████▌     | 312/693 [01:12<01:27,  4.35it/s]
 45%|████▌     | 313/693 [01:12<01:27,  4.32it/s]
 45%|████▌     | 314/693 [01:12<01:28,  4.28it/s]
 45%|████▌     | 315/693 [01:12<01:21,  4.62it/s]
 46%|████▌     | 316/693 [01:13<01:17,  4.85it/s]
 46%|████▌     | 317/693 [01:13<01:20,  4.65it/s]
 46%|████▌     | 318/693 [01:13<01:23,  4.48it/s]
 46%|████▌     | 319/693 [01:13<01:25,  4.40it/s]
 46%|████▌     | 320/693 [01:13<01:26,  4.32it/s]
 46%|████▋     | 321/693 [01:14<01:26,  4.28it/s]
 46%|████▋     | 322/693 [01:14<01:25,  4.35it/s]
 47%|████▋     | 323/693 [01:14<01:22,  4.48it/s]
 47%|████▋     | 324/693 [01:14<01:24,  4.37it/s]
 47%|████▋     | 325/693 [01:15<01:24,  4.34it/s]
 47%|████▋     | 326/693 [01:15<01:25,  4.28it/s]
 47%|████▋     | 327/693 [01:15<01:15,  4.82it/s]
 47%|████▋     | 328/693 [01:15<01:08,  5.34it/s]
 47%|████▋     | 329/693 [01:15<01:12,  5.00it/s]
 48%|████▊     | 330/693 [01:16<01:17,  4.69it/s]
 48%|████▊     | 331/693 [01:16<01:19,  4.54it/s]
 48%|████▊     | 332/693 [01:16<01:21,  4.40it/s]
 48%|████▊     | 333/693 [01:16<01:22,  4.34it/s]
 48%|████▊     | 334/693 [01:17<01:22,  4.37it/s]
 48%|████▊     | 335/693 [01:17<01:18,  4.59it/s]
 48%|████▊     | 336/693 [01:17<01:19,  4.51it/s]
 49%|████▊     | 337/693 [01:17<01:21,  4.36it/s]
 49%|████▉     | 338/693 [01:17<01:22,  4.31it/s]
 49%|████▉     | 339/693 [01:18<01:20,  4.38it/s]
 49%|████▉     | 340/693 [01:18<01:09,  5.07it/s]
 49%|████▉     | 341/693 [01:18<01:06,  5.26it/s]
 49%|████▉     | 342/693 [01:18<01:11,  4.90it/s]
 49%|████▉     | 343/693 [01:18<01:14,  4.68it/s]
 50%|████▉     | 344/693 [01:19<01:17,  4.53it/s]
 50%|████▉     | 345/693 [01:19<01:19,  4.36it/s]
 50%|████▉     | 346/693 [01:19<01:20,  4.28it/s]
 50%|█████     | 347/693 [01:19<01:20,  4.32it/s]
 50%|█████     | 348/693 [01:20<01:19,  4.36it/s]
 50%|█████     | 349/693 [01:20<01:19,  4.33it/s]
 51%|█████     | 350/693 [01:20<01:19,  4.31it/s]
 51%|█████     | 351/693 [01:20<01:19,  4.30it/s]
 51%|█████     | 352/693 [01:21<01:13,  4.62it/s]
 51%|█████     | 353/693 [01:21<01:07,  5.07it/s]
 51%|█████     | 354/693 [01:21<01:09,  4.88it/s]
 51%|█████     | 355/693 [01:21<01:12,  4.67it/s]
 51%|█████▏    | 356/693 [01:21<01:14,  4.55it/s]
 52%|█████▏    | 357/693 [01:22<01:16,  4.42it/s]
 52%|█████▏    | 358/693 [01:22<01:17,  4.35it/s]
 52%|█████▏    | 359/693 [01:22<01:17,  4.33it/s]
 52%|█████▏    | 360/693 [01:22<01:15,  4.40it/s]
 52%|█████▏    | 361/693 [01:23<01:16,  4.34it/s]
 52%|█████▏    | 362/693 [01:23<01:16,  4.31it/s]
 52%|█████▏    | 363/693 [01:23<01:16,  4.29it/s]
 53%|█████▎    | 364/693 [01:23<01:15,  4.39it/s]
 53%|█████▎    | 365/693 [01:23<01:05,  5.03it/s]
 53%|█████▎    | 366/693 [01:23<00:58,  5.54it/s]
 53%|█████▎    | 367/693 [01:24<01:03,  5.14it/s]
 53%|█████▎    | 368/693 [01:24<01:07,  4.84it/s]
 53%|█████▎    | 369/693 [01:24<01:10,  4.60it/s]
 53%|█████▎    | 370/693 [01:24<01:12,  4.46it/s]
 54%|█████▎    | 371/693 [01:25<01:13,  4.37it/s]
 54%|█████▎    | 372/693 [01:25<01:14,  4.34it/s]
 54%|█████▍    | 373/693 [01:25<01:11,  4.50it/s]
 54%|█████▍    | 374/693 [01:25<01:12,  4.42it/s]
 54%|█████▍    | 375/693 [01:26<01:13,  4.34it/s]
 54%|█████▍    | 376/693 [01:26<01:13,  4.33it/s]
 54%|█████▍    | 377/693 [01:26<01:11,  4.42it/s]
 55%|█████▍    | 378/693 [01:26<01:04,  4.91it/s]
 55%|█████▍    | 379/693 [01:26<01:06,  4.71it/s]
 55%|█████▍    | 380/693 [01:27<01:08,  4.55it/s]
 55%|█████▍    | 381/693 [01:27<01:10,  4.44it/s]
 55%|█████▌    | 382/693 [01:27<01:11,  4.37it/s]
 55%|█████▌    | 383/693 [01:27<01:11,  4.34it/s]
 55%|█████▌    | 384/693 [01:28<01:11,  4.33it/s]
 56%|█████▌    | 385/693 [01:28<01:09,  4.44it/s]
 56%|█████▌    | 386/693 [01:28<01:09,  4.42it/s]
 56%|█████▌    | 387/693 [01:28<01:10,  4.37it/s]
 56%|█████▌    | 388/693 [01:28<01:10,  4.36it/s]
 56%|█████▌    | 389/693 [01:29<01:07,  4.49it/s]
 56%|█████▋    | 390/693 [01:29<00:58,  5.15it/s]
 56%|█████▋    | 391/693 [01:29<00:52,  5.75it/s]
 57%|█████▋    | 392/693 [01:29<00:57,  5.23it/s]
 57%|█████▋    | 393/693 [01:29<01:01,  4.91it/s]
 57%|█████▋    | 394/693 [01:30<01:03,  4.71it/s]
 57%|█████▋    | 395/693 [01:30<01:05,  4.56it/s]
 57%|█████▋    | 396/693 [01:30<01:06,  4.50it/s]
 57%|█████▋    | 397/693 [01:30<01:06,  4.42it/s]
 57%|█████▋    | 398/693 [01:31<01:04,  4.57it/s]
 58%|█████▊    | 399/693 [01:31<01:05,  4.49it/s]
 58%|█████▊    | 400/693 [01:31<01:05,  4.45it/s]
 58%|█████▊    | 401/693 [01:31<01:06,  4.40it/s]
 58%|█████▊    | 402/693 [01:31<01:06,  4.39it/s]
 58%|█████▊    | 403/693 [01:32<00:57,  5.03it/s]
 58%|█████▊    | 404/693 [01:32<00:52,  5.48it/s]
 58%|█████▊    | 405/693 [01:32<00:56,  5.08it/s]
 59%|█████▊    | 406/693 [01:32<01:00,  4.76it/s]
 59%|█████▊    | 407/693 [01:32<01:01,  4.62it/s]
 59%|█████▉    | 408/693 [01:33<01:03,  4.52it/s]
 59%|█████▉    | 409/693 [01:33<01:04,  4.42it/s]
 59%|█████▉    | 410/693 [01:33<01:04,  4.38it/s]
 59%|█████▉    | 411/693 [01:33<01:04,  4.40it/s]
 59%|█████▉    | 412/693 [01:34<01:04,  4.36it/s]
 60%|█████▉    | 413/693 [01:34<01:04,  4.32it/s]
 60%|█████▉    | 414/693 [01:34<01:04,  4.30it/s]
 60%|█████▉    | 415/693 [01:34<01:02,  4.47it/s]
 60%|██████    | 416/693 [01:34<00:56,  4.94it/s]
 60%|██████    | 417/693 [01:35<00:57,  4.79it/s]
 60%|██████    | 418/693 [01:35<00:59,  4.63it/s]
 60%|██████    | 419/693 [01:35<01:00,  4.49it/s]
 61%|██████    | 420/693 [01:35<01:01,  4.44it/s]
 61%|██████    | 421/693 [01:36<01:02,  4.37it/s]
 61%|██████    | 422/693 [01:36<01:02,  4.36it/s]
 61%|██████    | 423/693 [01:36<01:00,  4.49it/s]
 61%|██████    | 424/693 [01:36<00:59,  4.49it/s]
 61%|██████▏   | 425/693 [01:37<01:00,  4.41it/s]
 61%|██████▏   | 426/693 [01:37<01:01,  4.37it/s]
 62%|██████▏   | 427/693 [01:37<01:01,  4.34it/s]
 62%|██████▏   | 428/693 [01:37<00:54,  4.87it/s]
 62%|██████▏   | 429/693 [01:37<00:50,  5.23it/s]
 62%|██████▏   | 430/693 [01:37<00:50,  5.19it/s]
 62%|██████▏   | 431/693 [01:38<00:54,  4.85it/s]
 62%|██████▏   | 432/693 [01:38<00:56,  4.65it/s]
 62%|██████▏   | 433/693 [01:38<00:57,  4.50it/s]
 63%|██████▎   | 434/693 [01:38<00:58,  4.42it/s]
 63%|██████▎   | 435/693 [01:39<00:59,  4.35it/s]
 63%|██████▎   | 436/693 [01:39<00:59,  4.35it/s]
 63%|██████▎   | 437/693 [01:39<00:59,  4.33it/s]
 63%|██████▎   | 438/693 [01:39<00:59,  4.29it/s]
 63%|██████▎   | 439/693 [01:40<00:59,  4.28it/s]
 63%|██████▎   | 440/693 [01:40<00:57,  4.42it/s]
 64%|██████▎   | 441/693 [01:40<00:49,  5.06it/s]
 64%|██████▍   | 442/693 [01:40<00:51,  4.86it/s]
 64%|██████▍   | 443/693 [01:40<00:53,  4.66it/s]
 64%|██████▍   | 444/693 [01:41<00:55,  4.48it/s]
 64%|██████▍   | 445/693 [01:41<00:56,  4.40it/s]
 64%|██████▍   | 446/693 [01:41<00:56,  4.35it/s]
 65%|██████▍   | 447/693 [01:41<00:57,  4.30it/s]
 65%|██████▍   | 448/693 [01:42<00:56,  4.32it/s]
 65%|██████▍   | 449/693 [01:42<00:54,  4.49it/s]
 65%|██████▍   | 450/693 [01:42<00:55,  4.37it/s]
 65%|██████▌   | 451/693 [01:42<00:55,  4.33it/s]
 65%|██████▌   | 452/693 [01:43<00:56,  4.27it/s]
 65%|██████▌   | 453/693 [01:43<00:50,  4.77it/s]
 66%|██████▌   | 454/693 [01:43<00:47,  5.08it/s]
 66%|██████▌   | 455/693 [01:43<00:49,  4.79it/s]
 66%|██████▌   | 456/693 [01:43<00:51,  4.61it/s]
 66%|██████▌   | 457/693 [01:44<00:52,  4.50it/s]
 66%|██████▌   | 458/693 [01:44<00:52,  4.44it/s]
 66%|██████▌   | 459/693 [01:44<00:53,  4.37it/s]
 66%|██████▋   | 460/693 [01:44<00:53,  4.36it/s]
 67%|██████▋   | 461/693 [01:44<00:52,  4.40it/s]
 67%|██████▋   | 462/693 [01:45<00:52,  4.37it/s]
 67%|██████▋   | 463/693 [01:45<00:52,  4.35it/s]
 67%|██████▋   | 464/693 [01:45<00:52,  4.35it/s]
 67%|██████▋   | 465/693 [01:45<00:48,  4.67it/s]
 67%|██████▋   | 466/693 [01:45<00:42,  5.30it/s]
 67%|██████▋   | 467/693 [01:46<00:40,  5.61it/s]
 68%|██████▊   | 468/693 [01:46<00:43,  5.18it/s]
 68%|██████▊   | 469/693 [01:46<00:46,  4.82it/s]
 68%|██████▊   | 470/693 [01:46<00:47,  4.66it/s]
 68%|██████▊   | 471/693 [01:47<00:48,  4.54it/s]
 68%|██████▊   | 472/693 [01:47<00:49,  4.45it/s]
 68%|██████▊   | 473/693 [01:47<00:50,  4.38it/s]
 68%|██████▊   | 474/693 [01:47<00:47,  4.58it/s]
 69%|██████▊   | 475/693 [01:47<00:48,  4.47it/s]
 69%|██████▊   | 476/693 [01:48<00:48,  4.43it/s]
 69%|██████▉   | 477/693 [01:48<00:49,  4.38it/s]
 69%|██████▉   | 478/693 [01:48<00:47,  4.53it/s]
 69%|██████▉   | 479/693 [01:48<00:40,  5.22it/s]
 69%|██████▉   | 480/693 [01:48<00:37,  5.74it/s]
 69%|██████▉   | 481/693 [01:49<00:40,  5.21it/s]
 70%|██████▉   | 482/693 [01:49<00:42,  4.91it/s]
 70%|██████▉   | 483/693 [01:49<00:44,  4.68it/s]
 70%|██████▉   | 484/693 [01:49<00:45,  4.58it/s]
 70%|██████▉   | 485/693 [01:50<00:46,  4.46it/s]
 70%|███████   | 486/693 [01:50<00:47,  4.38it/s]
 70%|███████   | 487/693 [01:50<00:46,  4.42it/s]
 70%|███████   | 488/693 [01:50<00:46,  4.40it/s]
 71%|███████   | 489/693 [01:50<00:46,  4.34it/s]
 71%|███████   | 490/693 [01:51<00:46,  4.34it/s]
 71%|███████   | 491/693 [01:51<00:45,  4.45it/s]
 71%|███████   | 492/693 [01:51<00:39,  5.12it/s]
 71%|███████   | 493/693 [01:51<00:34,  5.73it/s]
 71%|███████▏  | 494/693 [01:51<00:37,  5.24it/s]
 71%|███████▏  | 495/693 [01:52<00:40,  4.89it/s]
 72%|███████▏  | 496/693 [01:52<00:41,  4.71it/s]
 72%|███████▏  | 497/693 [01:52<00:43,  4.55it/s]
 72%|███████▏  | 498/693 [01:52<00:43,  4.48it/s]
 72%|███████▏  | 499/693 [01:53<00:44,  4.34it/s]
 72%|███████▏  | 500/693 [01:53<00:44,  4.32it/s]
 72%|███████▏  | 501/693 [01:53<00:44,  4.29it/s]
 72%|███████▏  | 502/693 [01:53<00:44,  4.29it/s]
 73%|███████▎  | 503/693 [01:54<00:44,  4.29it/s]
 73%|███████▎  | 504/693 [01:54<00:43,  4.38it/s]
 73%|███████▎  | 505/693 [01:54<00:37,  5.02it/s]
 73%|███████▎  | 506/693 [01:54<00:35,  5.26it/s]
 73%|███████▎  | 507/693 [01:54<00:38,  4.89it/s]
 73%|███████▎  | 508/693 [01:55<00:39,  4.66it/s]
 73%|███████▎  | 509/693 [01:55<00:40,  4.54it/s]
 74%|███████▎  | 510/693 [01:55<00:41,  4.43it/s]
 74%|███████▎  | 511/693 [01:55<00:41,  4.36it/s]
 74%|███████▍  | 512/693 [01:55<00:41,  4.33it/s]
 74%|███████▍  | 513/693 [01:56<00:40,  4.40it/s]
 74%|███████▍  | 514/693 [01:56<00:41,  4.35it/s]
 74%|███████▍  | 515/693 [01:56<00:41,  4.32it/s]
 74%|███████▍  | 516/693 [01:56<00:41,  4.31it/s]
 75%|███████▍  | 517/693 [01:57<00:37,  4.64it/s]
 75%|███████▍  | 518/693 [01:57<00:33,  5.27it/s]
 75%|███████▍  | 519/693 [01:57<00:34,  4.99it/s]
 75%|███████▌  | 520/693 [01:57<00:36,  4.75it/s]
 75%|███████▌  | 521/693 [01:57<00:37,  4.54it/s]
 75%|███████▌  | 522/693 [01:58<00:38,  4.50it/s]
 75%|███████▌  | 523/693 [01:58<00:38,  4.41it/s]
 76%|███████▌  | 524/693 [01:58<00:38,  4.39it/s]
 76%|███████▌  | 525/693 [01:58<00:37,  4.43it/s]
 76%|███████▌  | 526/693 [01:59<00:37,  4.42it/s]
 76%|███████▌  | 527/693 [01:59<00:38,  4.36it/s]
 76%|███████▌  | 528/693 [01:59<00:37,  4.35it/s]
 76%|███████▋  | 529/693 [01:59<00:37,  4.43it/s]
 76%|███████▋  | 530/693 [01:59<00:32,  5.09it/s]
 77%|███████▋  | 531/693 [01:59<00:28,  5.71it/s]
 77%|███████▋  | 532/693 [02:00<00:29,  5.44it/s]
 77%|███████▋  | 533/693 [02:00<00:32,  4.96it/s]
 77%|███████▋  | 534/693 [02:00<00:33,  4.71it/s]
 77%|███████▋  | 535/693 [02:00<00:34,  4.55it/s]
 77%|███████▋  | 536/693 [02:01<00:35,  4.45it/s]
 77%|███████▋  | 537/693 [02:01<00:35,  4.38it/s]
 78%|███████▊  | 538/693 [02:01<00:34,  4.50it/s]
 78%|███████▊  | 539/693 [02:01<00:34,  4.49it/s]
 78%|███████▊  | 540/693 [02:02<00:34,  4.42it/s]
 78%|███████▊  | 541/693 [02:02<00:34,  4.38it/s]
 78%|███████▊  | 542/693 [02:02<00:34,  4.37it/s]
 78%|███████▊  | 543/693 [02:02<00:30,  4.96it/s]
 78%|███████▊  | 544/693 [02:02<00:26,  5.57it/s]
 79%|███████▊  | 545/693 [02:02<00:27,  5.41it/s]
 79%|███████▉  | 546/693 [02:03<00:29,  5.04it/s]
 79%|███████▉  | 547/693 [02:03<00:30,  4.75it/s]
 79%|███████▉  | 548/693 [02:03<00:31,  4.61it/s]
 79%|███████▉  | 549/693 [02:03<00:32,  4.49it/s]
 79%|███████▉  | 550/693 [02:04<00:32,  4.39it/s]
 80%|███████▉  | 551/693 [02:04<00:32,  4.35it/s]
 80%|███████▉  | 552/693 [02:04<00:31,  4.47it/s]
 80%|███████▉  | 553/693 [02:04<00:31,  4.42it/s]
 80%|███████▉  | 554/693 [02:05<00:31,  4.37it/s]
 80%|████████  | 555/693 [02:05<00:31,  4.33it/s]
 80%|████████  | 556/693 [02:05<00:28,  4.82it/s]
 80%|████████  | 557/693 [02:05<00:24,  5.44it/s]
 81%|████████  | 558/693 [02:05<00:23,  5.74it/s]
 81%|████████  | 559/693 [02:05<00:25,  5.22it/s]
 81%|████████  | 560/693 [02:06<00:27,  4.92it/s]
 81%|████████  | 561/693 [02:06<00:28,  4.67it/s]
 81%|████████  | 562/693 [02:06<00:28,  4.58it/s]
 81%|████████  | 563/693 [02:06<00:29,  4.46it/s]
 81%|████████▏ | 564/693 [02:07<00:29,  4.42it/s]
 82%|████████▏ | 565/693 [02:07<00:28,  4.50it/s]
 82%|████████▏ | 566/693 [02:07<00:28,  4.45it/s]
 82%|████████▏ | 567/693 [02:07<00:28,  4.38it/s]
 82%|████████▏ | 568/693 [02:08<00:28,  4.38it/s]
 82%|████████▏ | 569/693 [02:08<00:27,  4.49it/s]
 82%|████████▏ | 570/693 [02:08<00:23,  5.14it/s]
 82%|████████▏ | 571/693 [02:08<00:21,  5.77it/s]
 83%|████████▎ | 572/693 [02:08<00:22,  5.47it/s]
 83%|████████▎ | 573/693 [02:08<00:23,  5.02it/s]
 83%|████████▎ | 574/693 [02:09<00:24,  4.78it/s]
 83%|████████▎ | 575/693 [02:09<00:25,  4.61it/s]
 83%|████████▎ | 576/693 [02:09<00:25,  4.52it/s]
 83%|████████▎ | 577/693 [02:09<00:26,  4.42it/s]
 83%|████████▎ | 578/693 [02:10<00:25,  4.46it/s]
 84%|████████▎ | 579/693 [02:10<00:24,  4.57it/s]
 84%|████████▎ | 580/693 [02:10<00:25,  4.50it/s]
 84%|████████▍ | 581/693 [02:10<00:25,  4.44it/s]
 84%|████████▍ | 582/693 [02:10<00:25,  4.41it/s]
 84%|████████▍ | 583/693 [02:11<00:22,  4.86it/s]
 84%|████████▍ | 584/693 [02:11<00:20,  5.45it/s]
 84%|████████▍ | 585/693 [02:11<00:20,  5.32it/s]
 85%|████████▍ | 586/693 [02:11<00:21,  4.98it/s]
 85%|████████▍ | 587/693 [02:11<00:22,  4.73it/s]
 85%|████████▍ | 588/693 [02:12<00:22,  4.60it/s]
 85%|████████▍ | 589/693 [02:12<00:23,  4.47it/s]
 85%|████████▌ | 590/693 [02:12<00:23,  4.42it/s]
 85%|████████▌ | 591/693 [02:12<00:23,  4.39it/s]
 85%|████████▌ | 592/693 [02:13<00:22,  4.59it/s]
 86%|████████▌ | 593/693 [02:13<00:22,  4.48it/s]
 86%|████████▌ | 594/693 [02:13<00:22,  4.44it/s]
 86%|████████▌ | 595/693 [02:13<00:22,  4.38it/s]
 86%|████████▌ | 596/693 [02:13<00:20,  4.83it/s]
 86%|████████▌ | 597/693 [02:14<00:17,  5.51it/s]
 86%|████████▋ | 598/693 [02:14<00:16,  5.87it/s]
 86%|████████▋ | 599/693 [02:14<00:17,  5.26it/s]
 87%|████████▋ | 600/693 [02:14<00:18,  4.95it/s]
 87%|████████▋ | 601/693 [02:14<00:19,  4.69it/s]
 87%|████████▋ | 602/693 [02:15<00:19,  4.57it/s]
 87%|████████▋ | 603/693 [02:15<00:20,  4.46it/s]
 87%|████████▋ | 604/693 [02:15<00:20,  4.42it/s]
 87%|████████▋ | 605/693 [02:15<00:19,  4.48it/s]
 87%|████████▋ | 606/693 [02:16<00:19,  4.43it/s]
 88%|████████▊ | 607/693 [02:16<00:19,  4.39it/s]
 88%|████████▊ | 608/693 [02:16<00:19,  4.37it/s]
 88%|████████▊ | 609/693 [02:16<00:18,  4.50it/s]
 88%|████████▊ | 610/693 [02:16<00:16,  5.17it/s]
 88%|████████▊ | 611/693 [02:16<00:14,  5.73it/s]
 88%|████████▊ | 612/693 [02:17<00:14,  5.40it/s]
 88%|████████▊ | 613/693 [02:17<00:16,  4.97it/s]
 89%|████████▊ | 614/693 [02:17<00:16,  4.75it/s]
 89%|████████▊ | 615/693 [02:17<00:17,  4.57it/s]
 89%|████████▉ | 616/693 [02:18<00:17,  4.50it/s]
 89%|████████▉ | 617/693 [02:18<00:17,  4.41it/s]
 89%|████████▉ | 618/693 [02:18<00:16,  4.47it/s]
 89%|████████▉ | 619/693 [02:18<00:16,  4.55it/s]
 89%|████████▉ | 620/693 [02:19<00:16,  4.40it/s]
 90%|████████▉ | 621/693 [02:19<00:16,  4.35it/s]
 90%|████████▉ | 622/693 [02:19<00:16,  4.31it/s]
 90%|████████▉ | 623/693 [02:19<00:14,  4.83it/s]
 90%|█████████ | 624/693 [02:19<00:12,  5.42it/s]
 90%|█████████ | 625/693 [02:19<00:12,  5.30it/s]
 90%|█████████ | 626/693 [02:20<00:13,  4.93it/s]
 90%|█████████ | 627/693 [02:20<00:14,  4.68it/s]
 91%|█████████ | 628/693 [02:20<00:14,  4.55it/s]
 91%|█████████ | 629/693 [02:20<00:14,  4.43it/s]
 91%|█████████ | 630/693 [02:21<00:14,  4.36it/s]
 91%|█████████ | 631/693 [02:21<00:14,  4.41it/s]
 91%|█████████ | 632/693 [02:21<00:13,  4.56it/s]
 91%|█████████▏| 633/693 [02:21<00:13,  4.43it/s]
 91%|█████████▏| 634/693 [02:22<00:13,  4.40it/s]
 92%|█████████▏| 635/693 [02:22<00:13,  4.35it/s]
 92%|█████████▏| 636/693 [02:22<00:11,  4.80it/s]
 92%|█████████▏| 637/693 [02:22<00:10,  5.42it/s]
 92%|█████████▏| 638/693 [02:22<00:10,  5.29it/s]
 92%|█████████▏| 639/693 [02:23<00:11,  4.89it/s]
 92%|█████████▏| 640/693 [02:23<00:11,  4.68it/s]
 92%|█████████▏| 641/693 [02:23<00:11,  4.51it/s]
 93%|█████████▎| 642/693 [02:23<00:11,  4.43it/s]
 93%|█████████▎| 643/693 [02:23<00:11,  4.35it/s]
 93%|█████████▎| 644/693 [02:24<00:11,  4.35it/s]
 93%|█████████▎| 645/693 [02:24<00:10,  4.56it/s]
 93%|█████████▎| 646/693 [02:24<00:10,  4.47it/s]
 93%|█████████▎| 647/693 [02:24<00:10,  4.41it/s]
 94%|█████████▎| 648/693 [02:25<00:10,  4.35it/s]
 94%|█████████▎| 649/693 [02:25<00:09,  4.74it/s]
 94%|█████████▍| 650/693 [02:25<00:08,  5.10it/s]
 94%|█████████▍| 651/693 [02:25<00:08,  5.01it/s]
 94%|█████████▍| 652/693 [02:25<00:08,  4.74it/s]
 94%|█████████▍| 653/693 [02:26<00:08,  4.56it/s]
 94%|█████████▍| 654/693 [02:26<00:08,  4.47it/s]
 95%|█████████▍| 655/693 [02:26<00:08,  4.38it/s]
 95%|█████████▍| 656/693 [02:26<00:08,  4.34it/s]
 95%|█████████▍| 657/693 [02:27<00:08,  4.35it/s]
 95%|█████████▍| 658/693 [02:27<00:08,  4.30it/s]
 95%|█████████▌| 659/693 [02:27<00:07,  4.32it/s]
 95%|█████████▌| 660/693 [02:27<00:07,  4.31it/s]
 95%|█████████▌| 661/693 [02:27<00:07,  4.45it/s]
 96%|█████████▌| 662/693 [02:28<00:06,  5.00it/s]
 96%|█████████▌| 663/693 [02:28<00:05,  5.36it/s]
 96%|█████████▌| 664/693 [02:28<00:05,  5.00it/s]
 96%|█████████▌| 665/693 [02:28<00:05,  4.75it/s]
 96%|█████████▌| 666/693 [02:28<00:05,  4.61it/s]
 96%|█████████▌| 667/693 [02:29<00:05,  4.48it/s]
 96%|█████████▋| 668/693 [02:29<00:05,  4.45it/s]
 97%|█████████▋| 669/693 [02:29<00:05,  4.37it/s]
 97%|█████████▋| 670/693 [02:29<00:05,  4.54it/s]
 97%|█████████▋| 671/693 [02:30<00:04,  4.46it/s]
 97%|█████████▋| 672/693 [02:30<00:04,  4.42it/s]
 97%|█████████▋| 673/693 [02:30<00:04,  4.37it/s]
 97%|█████████▋| 674/693 [02:30<00:04,  4.53it/s]
 97%|█████████▋| 675/693 [02:30<00:03,  5.21it/s]
 98%|█████████▊| 676/693 [02:31<00:02,  5.77it/s]
 98%|█████████▊| 677/693 [02:31<00:02,  5.42it/s]
 98%|█████████▊| 678/693 [02:31<00:03,  4.93it/s]
 98%|█████████▊| 679/693 [02:31<00:02,  4.70it/s]
 98%|█████████▊| 680/693 [02:31<00:02,  4.53it/s]
 98%|█████████▊| 681/693 [02:32<00:02,  4.45it/s]
 98%|█████████▊| 682/693 [02:32<00:02,  4.39it/s]
 99%|█████████▊| 683/693 [02:32<00:02,  4.51it/s]
 99%|█████████▊| 684/693 [02:32<00:02,  4.47it/s]
 99%|█████████▉| 685/693 [02:33<00:01,  4.39it/s]
 99%|█████████▉| 686/693 [02:33<00:01,  4.38it/s]
 99%|█████████▉| 687/693 [02:33<00:01,  4.38it/s]
 99%|█████████▉| 688/693 [02:33<00:00,  5.00it/s]
 99%|█████████▉| 689/693 [02:33<00:00,  5.67it/s]
100%|█████████▉| 690/693 [02:33<00:00,  5.61it/s]
100%|█████████▉| 691/693 [02:34<00:00,  5.10it/s]
100%|█████████▉| 692/693 [02:34<00:00,  4.85it/s]
100%|██████████| 693/693 [02:34<00:00,  4.69it/s]
100%|██████████| 693/693 [02:34<00:00,  4.48it/s]
Training loss: 0.9470514576844494, KL loss: 0.6892514695422818, Sim loss: 0.0004407639132110978, Exo CLS loss: 0.7655211523347258, 
Noun sim loss: 0.1203553540602563, Part sim loss: 0.239652780506862, Proto loss: 1.2978441775447191, Conc loss: 0.1304326044210108
learning rate:4.882791696070814e-05


  0%|          | 0/168 [00:00<?, ?it/s]
  1%|          | 1/168 [00:00<01:57,  1.42it/s]
  2%|▏         | 4/168 [00:00<00:27,  5.92it/s]
  4%|▎         | 6/168 [00:01<00:23,  6.82it/s]
  5%|▌         | 9/168 [00:01<00:17,  9.08it/s]
  7%|▋         | 12/168 [00:01<00:13, 11.98it/s]
  9%|▉         | 15/168 [00:01<00:10, 14.69it/s]
 10%|█         | 17/168 [00:02<00:17,  8.88it/s]
 12%|█▏        | 20/168 [00:02<00:12, 11.82it/s]
 14%|█▎        | 23/168 [00:02<00:10, 14.19it/s]
 15%|█▌        | 26/168 [00:02<00:11, 12.06it/s]
 17%|█▋        | 29/168 [00:02<00:09, 14.32it/s]
 19%|█▉        | 32/168 [00:02<00:08, 16.77it/s]
 21%|██▏       | 36/168 [00:02<00:06, 21.15it/s]
 24%|██▍       | 41/168 [00:03<00:04, 26.72it/s]
 27%|██▋       | 45/168 [00:03<00:04, 26.62it/s]
 29%|██▉       | 49/168 [00:03<00:04, 24.43it/s]
 31%|███       | 52/168 [00:03<00:04, 23.77it/s]
 33%|███▎      | 55/168 [00:03<00:04, 23.46it/s]
 35%|███▍      | 58/168 [00:03<00:04, 22.24it/s]
 36%|███▋      | 61/168 [00:03<00:04, 22.66it/s]
 38%|███▊      | 64/168 [00:04<00:04, 22.87it/s]
 40%|███▉      | 67/168 [00:04<00:04, 21.77it/s]
 42%|████▏     | 70/168 [00:04<00:04, 21.90it/s]
 43%|████▎     | 73/168 [00:04<00:04, 23.26it/s]
 45%|████▌     | 76/168 [00:04<00:04, 22.10it/s]
 47%|████▋     | 79/168 [00:04<00:04, 21.38it/s]
 49%|████▉     | 82/168 [00:04<00:03, 21.76it/s]
 51%|█████     | 85/168 [00:05<00:03, 21.82it/s]
 52%|█████▏    | 88/168 [00:05<00:03, 20.76it/s]
 55%|█████▍    | 92/168 [00:05<00:03, 24.10it/s]
 57%|█████▋    | 95/168 [00:05<00:05, 12.45it/s]
 58%|█████▊    | 98/168 [00:05<00:04, 14.38it/s]
 60%|██████    | 101/168 [00:06<00:04, 16.18it/s]
 62%|██████▏   | 104/168 [00:06<00:03, 17.67it/s]
 64%|██████▎   | 107/168 [00:06<00:03, 19.04it/s]
 65%|██████▌   | 110/168 [00:06<00:02, 19.73it/s]
 67%|██████▋   | 113/168 [00:06<00:02, 20.86it/s]
 69%|██████▉   | 116/168 [00:06<00:02, 20.56it/s]
 71%|███████   | 119/168 [00:06<00:02, 20.81it/s]
 73%|███████▎  | 122/168 [00:07<00:02, 20.67it/s]
 74%|███████▍  | 125/168 [00:07<00:02, 20.60it/s]
 76%|███████▌  | 128/168 [00:07<00:01, 20.45it/s]
 79%|███████▊  | 132/168 [00:07<00:01, 24.07it/s]
 81%|████████  | 136/168 [00:07<00:01, 27.14it/s]
 83%|████████▎ | 139/168 [00:07<00:01, 25.23it/s]
 85%|████████▍ | 142/168 [00:07<00:01, 24.23it/s]
 86%|████████▋ | 145/168 [00:08<00:00, 23.29it/s]
 88%|████████▊ | 148/168 [00:08<00:00, 21.87it/s]
 90%|████████▉ | 151/168 [00:08<00:00, 21.47it/s]
 92%|█████████▏| 154/168 [00:08<00:00, 22.00it/s]
 93%|█████████▎| 157/168 [00:08<00:00, 22.38it/s]
 95%|█████████▌| 160/168 [00:08<00:00, 21.25it/s]
 97%|█████████▋| 163/168 [00:08<00:00, 19.43it/s]
 99%|█████████▉| 166/168 [00:09<00:00, 20.49it/s]
100%|██████████| 168/168 [00:09<00:00, 18.18it/s]
Result on AGD: 
KLD=0.9077702760696411, SIM=0.500219464302063, NSS=1.4933441877365112
noun sim: 0.11584604762139775, part sim: 0.20294248073228768
New best KLD: 0.9077702760696411, 0.500219464302063, 1.4933441877365112
============Training Epoch 4============

  0%|          | 0/693 [00:00<?, ?it/s]/mnt/sdb/wyn/envs/clip-env/lib/python3.10/site-packages/torch/_tensor.py:1002: UserWarning: non-inplace resize is deprecated
  warnings.warn("non-inplace resize is deprecated")
/mnt/sdb/wyn/envs/clip-env/lib/python3.10/site-packages/torch/_tensor.py:1002: UserWarning: non-inplace resize is deprecated
  warnings.warn("non-inplace resize is deprecated")
/mnt/sdb/wyn/envs/clip-env/lib/python3.10/site-packages/torch/_tensor.py:1002: UserWarning: non-inplace resize is deprecated
  warnings.warn("non-inplace resize is deprecated")
/mnt/sdb/wyn/envs/clip-env/lib/python3.10/site-packages/torch/_tensor.py:1002: UserWarning: non-inplace resize is deprecated
  warnings.warn("non-inplace resize is deprecated")
/mnt/sdb/wyn/envs/clip-env/lib/python3.10/site-packages/torch/_tensor.py:1002: UserWarning: non-inplace resize is deprecated
  warnings.warn("non-inplace resize is deprecated")
/mnt/sdb/wyn/envs/clip-env/lib/python3.10/site-packages/torch/_tensor.py:1002: UserWarning: non-inplace resize is deprecated
  warnings.warn("non-inplace resize is deprecated")
/mnt/sdb/wyn/envs/clip-env/lib/python3.10/site-packages/torch/_tensor.py:1002: UserWarning: non-inplace resize is deprecated
  warnings.warn("non-inplace resize is deprecated")
/mnt/sdb/wyn/envs/clip-env/lib/python3.10/site-packages/torch/_tensor.py:1002: UserWarning: non-inplace resize is deprecated
  warnings.warn("non-inplace resize is deprecated")

  0%|          | 1/693 [00:01<18:23,  1.59s/it]
  0%|          | 2/693 [00:03<23:06,  2.01s/it]
  0%|          | 3/693 [00:04<13:46,  1.20s/it]
  1%|          | 4/693 [00:04<09:15,  1.24it/s]
  1%|          | 5/693 [00:04<06:53,  1.66it/s]
  1%|          | 6/693 [00:04<05:28,  2.09it/s]
  1%|          | 7/693 [00:05<04:33,  2.51it/s]
  1%|          | 8/693 [00:05<03:50,  2.97it/s]
  1%|▏         | 9/693 [00:05<03:05,  3.68it/s]
  1%|▏         | 10/693 [00:05<02:42,  4.20it/s]
  2%|▏         | 11/693 [00:05<02:42,  4.20it/s]
  2%|▏         | 12/693 [00:06<02:42,  4.19it/s]
  2%|▏         | 13/693 [00:06<02:42,  4.19it/s]
  2%|▏         | 14/693 [00:06<02:42,  4.19it/s]
  2%|▏         | 15/693 [00:06<02:41,  4.20it/s]
  2%|▏         | 16/693 [00:06<02:41,  4.19it/s]
  2%|▏         | 17/693 [00:07<02:38,  4.27it/s]
  3%|▎         | 18/693 [00:07<02:39,  4.23it/s]
  3%|▎         | 19/693 [00:07<02:38,  4.24it/s]
  3%|▎         | 20/693 [00:07<02:39,  4.23it/s]
  3%|▎         | 21/693 [00:08<02:25,  4.63it/s]
  3%|▎         | 22/693 [00:08<02:09,  5.19it/s]
  3%|▎         | 23/693 [00:08<02:16,  4.92it/s]
  3%|▎         | 24/693 [00:08<02:23,  4.66it/s]
  4%|▎         | 25/693 [00:08<02:28,  4.51it/s]
  4%|▍         | 26/693 [00:09<02:31,  4.40it/s]
  4%|▍         | 27/693 [00:09<02:33,  4.33it/s]
  4%|▍         | 28/693 [00:09<02:35,  4.28it/s]
  4%|▍         | 29/693 [00:09<02:28,  4.48it/s]
  4%|▍         | 30/693 [00:10<02:31,  4.38it/s]
  4%|▍         | 31/693 [00:10<02:32,  4.34it/s]
  5%|▍         | 32/693 [00:10<02:33,  4.30it/s]
  5%|▍         | 33/693 [00:10<02:28,  4.45it/s]
  5%|▍         | 34/693 [00:10<02:11,  5.02it/s]
  5%|▌         | 35/693 [00:11<02:01,  5.40it/s]
  5%|▌         | 36/693 [00:11<02:12,  4.94it/s]
  5%|▌         | 37/693 [00:11<02:20,  4.65it/s]
  5%|▌         | 38/693 [00:11<02:25,  4.51it/s]
  6%|▌         | 39/693 [00:12<02:28,  4.40it/s]
  6%|▌         | 40/693 [00:12<02:29,  4.37it/s]
  6%|▌         | 41/693 [00:12<02:30,  4.32it/s]
  6%|▌         | 42/693 [00:12<02:25,  4.46it/s]
  6%|▌         | 43/693 [00:12<02:27,  4.40it/s]
  6%|▋         | 44/693 [00:13<02:29,  4.35it/s]
  6%|▋         | 45/693 [00:13<02:29,  4.33it/s]
  7%|▋         | 46/693 [00:13<02:16,  4.74it/s]
  7%|▋         | 47/693 [00:13<02:00,  5.37it/s]
  7%|▋         | 48/693 [00:13<02:03,  5.23it/s]
  7%|▋         | 49/693 [00:14<02:12,  4.86it/s]
  7%|▋         | 50/693 [00:14<02:17,  4.66it/s]
  7%|▋         | 51/693 [00:14<02:22,  4.51it/s]
  8%|▊         | 52/693 [00:14<02:25,  4.40it/s]
  8%|▊         | 53/693 [00:15<02:27,  4.34it/s]
  8%|▊         | 54/693 [00:15<02:28,  4.31it/s]
  8%|▊         | 55/693 [00:15<02:21,  4.52it/s]
  8%|▊         | 56/693 [00:15<02:23,  4.45it/s]
  8%|▊         | 57/693 [00:15<02:24,  4.39it/s]
  8%|▊         | 58/693 [00:16<02:25,  4.37it/s]
  9%|▊         | 59/693 [00:16<02:12,  4.78it/s]
  9%|▊         | 60/693 [00:16<01:59,  5.32it/s]
  9%|▉         | 61/693 [00:16<02:02,  5.16it/s]
  9%|▉         | 62/693 [00:16<02:10,  4.83it/s]
  9%|▉         | 63/693 [00:17<02:15,  4.64it/s]
  9%|▉         | 64/693 [00:17<02:19,  4.51it/s]
  9%|▉         | 65/693 [00:17<02:22,  4.42it/s]
 10%|▉         | 66/693 [00:17<02:23,  4.37it/s]
 10%|▉         | 67/693 [00:18<02:19,  4.50it/s]
 10%|▉         | 68/693 [00:18<02:19,  4.49it/s]
 10%|▉         | 69/693 [00:18<02:21,  4.41it/s]
 10%|█         | 70/693 [00:18<02:22,  4.37it/s]
 10%|█         | 71/693 [00:19<02:24,  4.31it/s]
 10%|█         | 72/693 [00:19<02:09,  4.80it/s]
 11%|█         | 73/693 [00:19<01:54,  5.43it/s]
 11%|█         | 74/693 [00:19<02:00,  5.14it/s]
 11%|█         | 75/693 [00:19<02:08,  4.82it/s]
 11%|█         | 76/693 [00:20<02:13,  4.63it/s]
 11%|█         | 77/693 [00:20<02:17,  4.50it/s]
 11%|█▏        | 78/693 [00:20<02:18,  4.43it/s]
 11%|█▏        | 79/693 [00:20<02:20,  4.36it/s]
 12%|█▏        | 80/693 [00:20<02:21,  4.34it/s]
 12%|█▏        | 81/693 [00:21<02:21,  4.32it/s]
 12%|█▏        | 82/693 [00:21<02:21,  4.32it/s]
 12%|█▏        | 83/693 [00:21<02:21,  4.31it/s]
 12%|█▏        | 84/693 [00:21<02:16,  4.45it/s]
 12%|█▏        | 85/693 [00:22<02:00,  5.04it/s]
 12%|█▏        | 86/693 [00:22<01:55,  5.28it/s]
 13%|█▎        | 87/693 [00:22<02:03,  4.90it/s]
 13%|█▎        | 88/693 [00:22<02:08,  4.69it/s]
 13%|█▎        | 89/693 [00:22<02:12,  4.54it/s]
 13%|█▎        | 90/693 [00:23<02:16,  4.42it/s]
 13%|█▎        | 91/693 [00:23<02:17,  4.37it/s]
 13%|█▎        | 92/693 [00:23<02:17,  4.36it/s]
 13%|█▎        | 93/693 [00:23<02:14,  4.45it/s]
 14%|█▎        | 94/693 [00:24<02:15,  4.42it/s]
 14%|█▎        | 95/693 [00:24<02:16,  4.37it/s]
 14%|█▍        | 96/693 [00:24<02:16,  4.37it/s]
 14%|█▍        | 97/693 [00:24<02:05,  4.75it/s]
 14%|█▍        | 98/693 [00:24<01:50,  5.40it/s]
 14%|█▍        | 99/693 [00:24<01:40,  5.93it/s]
 14%|█▍        | 100/693 [00:25<01:50,  5.34it/s]
 15%|█▍        | 101/693 [00:25<01:59,  4.95it/s]
 15%|█▍        | 102/693 [00:25<02:04,  4.75it/s]
 15%|█▍        | 103/693 [00:25<02:08,  4.59it/s]
 15%|█▌        | 104/693 [00:26<02:10,  4.51it/s]
 15%|█▌        | 105/693 [00:26<02:12,  4.44it/s]
 15%|█▌        | 106/693 [00:26<02:13,  4.39it/s]
 15%|█▌        | 107/693 [00:26<02:14,  4.36it/s]
 16%|█▌        | 108/693 [00:27<02:13,  4.37it/s]
 16%|█▌        | 109/693 [00:27<02:14,  4.33it/s]
 16%|█▌        | 110/693 [00:27<02:10,  4.47it/s]
 16%|█▌        | 111/693 [00:27<01:52,  5.17it/s]
 16%|█▌        | 112/693 [00:27<01:41,  5.72it/s]
 16%|█▋        | 113/693 [00:27<01:47,  5.42it/s]
 16%|█▋        | 114/693 [00:28<01:54,  5.04it/s]
 17%|█▋        | 115/693 [00:28<02:01,  4.75it/s]
 17%|█▋        | 116/693 [00:28<02:05,  4.61it/s]
 17%|█▋        | 117/693 [00:28<02:08,  4.49it/s]
 17%|█▋        | 118/693 [00:29<02:09,  4.44it/s]
 17%|█▋        | 119/693 [00:29<02:08,  4.48it/s]
 17%|█▋        | 120/693 [00:29<02:05,  4.58it/s]
 17%|█▋        | 121/693 [00:29<02:08,  4.44it/s]
 18%|█▊        | 122/693 [00:29<02:08,  4.43it/s]
 18%|█▊        | 123/693 [00:30<02:10,  4.37it/s]
 18%|█▊        | 124/693 [00:30<01:57,  4.85it/s]
 18%|█▊        | 125/693 [00:30<01:44,  5.44it/s]
 18%|█▊        | 126/693 [00:30<01:54,  4.96it/s]
 18%|█▊        | 127/693 [00:30<02:00,  4.71it/s]
 18%|█▊        | 128/693 [00:31<02:04,  4.54it/s]
 19%|█▊        | 129/693 [00:31<02:07,  4.43it/s]
 19%|█▉        | 130/693 [00:31<02:09,  4.36it/s]
 19%|█▉        | 131/693 [00:31<02:09,  4.33it/s]
 19%|█▉        | 132/693 [00:32<02:07,  4.38it/s]
 19%|█▉        | 133/693 [00:32<02:08,  4.34it/s]
 19%|█▉        | 134/693 [00:32<02:09,  4.31it/s]
 19%|█▉        | 135/693 [00:32<02:09,  4.30it/s]
 20%|█▉        | 136/693 [00:33<02:04,  4.47it/s]
 20%|█▉        | 137/693 [00:33<01:48,  5.14it/s]
 20%|█▉        | 138/693 [00:33<01:40,  5.53it/s]
 20%|██        | 139/693 [00:33<01:48,  5.09it/s]
 20%|██        | 140/693 [00:33<01:54,  4.81it/s]
 20%|██        | 141/693 [00:34<01:59,  4.60it/s]
 20%|██        | 142/693 [00:34<02:02,  4.49it/s]
 21%|██        | 143/693 [00:34<02:05,  4.40it/s]
 21%|██        | 144/693 [00:34<02:05,  4.36it/s]
 21%|██        | 145/693 [00:34<02:03,  4.45it/s]
 21%|██        | 146/693 [00:35<02:04,  4.39it/s]
 21%|██        | 147/693 [00:35<02:05,  4.35it/s]
 21%|██▏       | 148/693 [00:35<02:05,  4.33it/s]
 22%|██▏       | 149/693 [00:35<01:59,  4.56it/s]
 22%|██▏       | 150/693 [00:35<01:45,  5.17it/s]
 22%|██▏       | 151/693 [00:36<01:40,  5.37it/s]
 22%|██▏       | 152/693 [00:37<05:36,  1.61it/s]
 22%|██▏       | 153/693 [00:38<04:33,  1.98it/s]
 22%|██▏       | 154/693 [00:38<03:48,  2.36it/s]
 22%|██▏       | 155/693 [00:38<03:17,  2.72it/s]
 23%|██▎       | 156/693 [00:38<02:54,  3.07it/s]
 23%|██▎       | 157/693 [00:38<02:40,  3.34it/s]
 23%|██▎       | 158/693 [00:39<02:28,  3.61it/s]
 23%|██▎       | 159/693 [00:39<02:15,  3.95it/s]
 23%|██▎       | 160/693 [00:39<02:34,  3.46it/s]
 23%|██▎       | 161/693 [00:39<02:24,  3.68it/s]
 23%|██▎       | 162/693 [00:40<02:04,  4.28it/s]
 24%|██▎       | 163/693 [00:40<01:46,  5.00it/s]
 24%|██▎       | 164/693 [00:40<01:44,  5.07it/s]
 24%|██▍       | 165/693 [00:40<01:50,  4.76it/s]
 24%|██▍       | 166/693 [00:40<01:54,  4.60it/s]
 24%|██▍       | 167/693 [00:41<01:57,  4.48it/s]
 24%|██▍       | 168/693 [00:41<01:59,  4.38it/s]
 24%|██▍       | 169/693 [00:41<02:00,  4.34it/s]
 25%|██▍       | 170/693 [00:41<02:01,  4.29it/s]
 25%|██▍       | 171/693 [00:42<01:56,  4.50it/s]
 25%|██▍       | 172/693 [00:42<01:58,  4.39it/s]
 25%|██▍       | 173/693 [00:42<01:59,  4.34it/s]
 25%|██▌       | 174/693 [00:42<02:00,  4.30it/s]
 25%|██▌       | 175/693 [00:42<01:49,  4.71it/s]
 25%|██▌       | 176/693 [00:43<01:41,  5.11it/s]
 26%|██▌       | 177/693 [00:44<04:56,  1.74it/s]
 26%|██▌       | 178/693 [00:44<03:49,  2.25it/s]
 26%|██▌       | 179/693 [00:44<03:12,  2.67it/s]
 26%|██▌       | 180/693 [00:45<02:51,  2.99it/s]
 26%|██▌       | 181/693 [00:45<02:36,  3.27it/s]
 26%|██▋       | 182/693 [00:45<02:26,  3.50it/s]
 26%|██▋       | 183/693 [00:45<02:18,  3.68it/s]
 27%|██▋       | 184/693 [00:46<02:14,  3.80it/s]
 27%|██▋       | 185/693 [00:46<02:06,  4.03it/s]
 27%|██▋       | 186/693 [00:46<02:05,  4.05it/s]
 27%|██▋       | 187/693 [00:46<02:03,  4.11it/s]
 27%|██▋       | 188/693 [00:47<02:02,  4.12it/s]
 27%|██▋       | 189/693 [00:47<01:56,  4.34it/s]
 27%|██▋       | 190/693 [00:47<01:42,  4.92it/s]
 28%|██▊       | 191/693 [00:47<01:43,  4.85it/s]
 28%|██▊       | 192/693 [00:47<01:48,  4.62it/s]
 28%|██▊       | 193/693 [00:48<01:51,  4.49it/s]
 28%|██▊       | 194/693 [00:48<01:53,  4.38it/s]
 28%|██▊       | 195/693 [00:48<01:54,  4.34it/s]
 28%|██▊       | 196/693 [00:48<01:56,  4.25it/s]
 28%|██▊       | 197/693 [00:49<01:52,  4.40it/s]
 29%|██▊       | 198/693 [00:49<01:54,  4.34it/s]
 29%|██▊       | 199/693 [00:49<01:55,  4.28it/s]
 29%|██▉       | 200/693 [00:49<01:56,  4.24it/s]
 29%|██▉       | 201/693 [00:49<01:51,  4.42it/s]
 29%|██▉       | 202/693 [00:50<01:38,  5.01it/s]
 29%|██▉       | 203/693 [00:50<01:36,  5.09it/s]
 29%|██▉       | 204/693 [00:50<01:41,  4.81it/s]
 30%|██▉       | 205/693 [00:50<01:45,  4.61it/s]
 30%|██▉       | 206/693 [00:50<01:48,  4.49it/s]
 30%|██▉       | 207/693 [00:51<01:50,  4.40it/s]
 30%|███       | 208/693 [00:51<01:51,  4.34it/s]
 30%|███       | 209/693 [00:51<01:48,  4.46it/s]
 30%|███       | 210/693 [00:51<01:47,  4.47it/s]
 30%|███       | 211/693 [00:52<01:49,  4.39it/s]
 31%|███       | 212/693 [00:52<01:50,  4.37it/s]
 31%|███       | 213/693 [00:52<01:50,  4.33it/s]
 31%|███       | 214/693 [00:52<01:39,  4.80it/s]
 31%|███       | 215/693 [00:52<01:32,  5.16it/s]
 31%|███       | 216/693 [00:53<01:38,  4.84it/s]
 31%|███▏      | 217/693 [00:53<01:42,  4.63it/s]
 31%|███▏      | 218/693 [00:53<01:45,  4.51it/s]
 32%|███▏      | 219/693 [00:53<01:47,  4.41it/s]
 32%|███▏      | 220/693 [00:54<01:48,  4.36it/s]
 32%|███▏      | 221/693 [00:54<01:49,  4.33it/s]
 32%|███▏      | 222/693 [00:54<01:48,  4.33it/s]
 32%|███▏      | 223/693 [00:54<01:49,  4.30it/s]
 32%|███▏      | 224/693 [00:55<01:48,  4.33it/s]
 32%|███▏      | 225/693 [00:55<01:48,  4.30it/s]
 33%|███▎      | 226/693 [00:55<01:40,  4.63it/s]
 33%|███▎      | 227/693 [00:55<01:27,  5.34it/s]
 33%|███▎      | 228/693 [00:55<01:21,  5.72it/s]
 33%|███▎      | 229/693 [00:55<01:26,  5.33it/s]
 33%|███▎      | 230/693 [00:56<01:34,  4.92it/s]
 33%|███▎      | 231/693 [00:56<01:39,  4.63it/s]
 33%|███▎      | 232/693 [00:56<01:43,  4.45it/s]
 34%|███▎      | 233/693 [00:56<01:45,  4.36it/s]
 34%|███▍      | 234/693 [00:57<01:45,  4.33it/s]
 34%|███▍      | 235/693 [00:57<01:42,  4.48it/s]
 34%|███▍      | 236/693 [00:57<01:43,  4.40it/s]
 34%|███▍      | 237/693 [00:57<01:44,  4.36it/s]
 34%|███▍      | 238/693 [00:58<01:45,  4.32it/s]
 34%|███▍      | 239/693 [00:58<01:41,  4.45it/s]
 35%|███▍      | 240/693 [00:58<01:29,  5.08it/s]
 35%|███▍      | 241/693 [00:58<01:19,  5.65it/s]
 35%|███▍      | 242/693 [00:58<01:25,  5.26it/s]
 35%|███▌      | 243/693 [00:58<01:32,  4.86it/s]
 35%|███▌      | 244/693 [00:59<01:37,  4.62it/s]
 35%|███▌      | 245/693 [00:59<01:39,  4.49it/s]
 35%|███▌      | 246/693 [00:59<01:42,  4.35it/s]
 36%|███▌      | 247/693 [00:59<01:43,  4.30it/s]
 36%|███▌      | 248/693 [01:00<01:40,  4.44it/s]
 36%|███▌      | 249/693 [01:00<01:41,  4.37it/s]
 36%|███▌      | 250/693 [01:00<01:43,  4.30it/s]
 36%|███▌      | 251/693 [01:00<01:43,  4.28it/s]
 36%|███▋      | 252/693 [01:01<01:39,  4.45it/s]
 37%|███▋      | 253/693 [01:01<01:26,  5.06it/s]
 37%|███▋      | 254/693 [01:01<01:28,  4.95it/s]
 37%|███▋      | 255/693 [01:01<01:33,  4.68it/s]
 37%|███▋      | 256/693 [01:01<01:36,  4.52it/s]
 37%|███▋      | 257/693 [01:02<01:38,  4.44it/s]
 37%|███▋      | 258/693 [01:02<01:39,  4.38it/s]
 37%|███▋      | 259/693 [01:02<01:40,  4.32it/s]
 38%|███▊      | 260/693 [01:02<01:40,  4.30it/s]
 38%|███▊      | 261/693 [01:03<01:41,  4.27it/s]
 38%|███▊      | 262/693 [01:03<01:42,  4.20it/s]
 38%|███▊      | 263/693 [01:03<01:40,  4.27it/s]
 38%|███▊      | 264/693 [01:03<01:36,  4.42it/s]
 38%|███▊      | 265/693 [01:03<01:23,  5.10it/s]
 38%|███▊      | 266/693 [01:04<01:18,  5.42it/s]
 39%|███▊      | 267/693 [01:04<01:25,  4.99it/s]
 39%|███▊      | 268/693 [01:04<01:29,  4.74it/s]
 39%|███▉      | 269/693 [01:04<01:32,  4.56it/s]
 39%|███▉      | 270/693 [01:04<01:34,  4.46it/s]
 39%|███▉      | 271/693 [01:05<01:36,  4.38it/s]
 39%|███▉      | 272/693 [01:05<01:37,  4.34it/s]
 39%|███▉      | 273/693 [01:05<01:36,  4.35it/s]
 40%|███▉      | 274/693 [01:05<01:37,  4.30it/s]
 40%|███▉      | 275/693 [01:06<01:36,  4.32it/s]
 40%|███▉      | 276/693 [01:06<01:36,  4.30it/s]
 40%|███▉      | 277/693 [01:06<01:29,  4.64it/s]
 40%|████      | 278/693 [01:06<01:20,  5.16it/s]
 40%|████      | 279/693 [01:06<01:13,  5.66it/s]
 40%|████      | 280/693 [01:07<01:20,  5.15it/s]
 41%|████      | 281/693 [01:07<01:25,  4.83it/s]
 41%|████      | 282/693 [01:07<01:29,  4.61it/s]
 41%|████      | 283/693 [01:07<01:30,  4.51it/s]
 41%|████      | 284/693 [01:08<01:32,  4.42it/s]
 41%|████      | 285/693 [01:08<01:33,  4.36it/s]
 41%|████▏     | 286/693 [01:08<01:32,  4.39it/s]
 41%|████▏     | 287/693 [01:08<01:33,  4.36it/s]
 42%|████▏     | 288/693 [01:08<01:33,  4.33it/s]
 42%|████▏     | 289/693 [01:09<01:33,  4.32it/s]
 42%|████▏     | 290/693 [01:09<01:29,  4.51it/s]
 42%|████▏     | 291/693 [01:09<01:18,  5.14it/s]
 42%|████▏     | 292/693 [01:09<01:14,  5.37it/s]
 42%|████▏     | 293/693 [01:09<01:20,  4.97it/s]
 42%|████▏     | 294/693 [01:10<01:24,  4.73it/s]
 43%|████▎     | 295/693 [01:10<01:27,  4.56it/s]
 43%|████▎     | 296/693 [01:10<01:28,  4.46it/s]
 43%|████▎     | 297/693 [01:10<01:30,  4.37it/s]
 43%|████▎     | 298/693 [01:11<01:31,  4.33it/s]
 43%|████▎     | 299/693 [01:11<01:31,  4.32it/s]
 43%|████▎     | 300/693 [01:11<01:31,  4.30it/s]
 43%|████▎     | 301/693 [01:11<01:31,  4.30it/s]
 44%|████▎     | 302/693 [01:12<01:31,  4.29it/s]
 44%|████▎     | 303/693 [01:12<01:23,  4.65it/s]
 44%|████▍     | 304/693 [01:12<01:15,  5.14it/s]
 44%|████▍     | 305/693 [01:12<01:09,  5.60it/s]
 44%|████▍     | 306/693 [01:12<01:15,  5.10it/s]
 44%|████▍     | 307/693 [01:12<01:20,  4.79it/s]
 44%|████▍     | 308/693 [01:13<01:23,  4.59it/s]
 45%|████▍     | 309/693 [01:13<01:25,  4.50it/s]
 45%|████▍     | 310/693 [01:13<01:27,  4.40it/s]
 45%|████▍     | 311/693 [01:13<01:27,  4.35it/s]
 45%|████▌     | 312/693 [01:14<01:25,  4.47it/s]
 45%|████▌     | 313/693 [01:14<01:26,  4.41it/s]
 45%|████▌     | 314/693 [01:14<01:26,  4.37it/s]
 45%|████▌     | 315/693 [01:14<01:27,  4.34it/s]
 46%|████▌     | 316/693 [01:15<01:23,  4.51it/s]
 46%|████▌     | 317/693 [01:15<01:12,  5.20it/s]
 46%|████▌     | 318/693 [01:15<01:04,  5.78it/s]
 46%|████▌     | 319/693 [01:15<01:07,  5.54it/s]
 46%|████▌     | 320/693 [01:15<01:13,  5.11it/s]
 46%|████▋     | 321/693 [01:15<01:17,  4.80it/s]
 46%|████▋     | 322/693 [01:16<01:20,  4.62it/s]
 47%|████▋     | 323/693 [01:16<01:22,  4.50it/s]
 47%|████▋     | 324/693 [01:16<01:22,  4.46it/s]
 47%|████▋     | 325/693 [01:16<01:23,  4.43it/s]
 47%|████▋     | 326/693 [01:17<01:19,  4.61it/s]
 47%|████▋     | 327/693 [01:17<01:21,  4.48it/s]
 47%|████▋     | 328/693 [01:17<01:22,  4.44it/s]
 47%|████▋     | 329/693 [01:17<01:23,  4.37it/s]
 48%|████▊     | 330/693 [01:17<01:14,  4.85it/s]
 48%|████▊     | 331/693 [01:18<01:09,  5.24it/s]
 48%|████▊     | 332/693 [01:18<01:13,  4.91it/s]
 48%|████▊     | 333/693 [01:18<01:16,  4.69it/s]
 48%|████▊     | 334/693 [01:18<01:18,  4.56it/s]
 48%|████▊     | 335/693 [01:19<01:20,  4.46it/s]
 48%|████▊     | 336/693 [01:19<01:22,  4.35it/s]
 49%|████▊     | 337/693 [01:19<01:22,  4.31it/s]
 49%|████▉     | 338/693 [01:19<01:20,  4.42it/s]
 49%|████▉     | 339/693 [01:19<01:20,  4.38it/s]
 49%|████▉     | 340/693 [01:20<01:21,  4.33it/s]
 49%|████▉     | 341/693 [01:20<01:21,  4.32it/s]
 49%|████▉     | 342/693 [01:20<01:17,  4.51it/s]
 49%|████▉     | 343/693 [01:20<01:07,  5.17it/s]
 50%|████▉     | 344/693 [01:20<01:04,  5.45it/s]
 50%|████▉     | 345/693 [01:21<01:09,  5.04it/s]
 50%|████▉     | 346/693 [01:21<01:12,  4.77it/s]
 50%|█████     | 347/693 [01:21<01:15,  4.59it/s]
 50%|█████     | 348/693 [01:21<01:16,  4.48it/s]
 50%|█████     | 349/693 [01:22<01:18,  4.39it/s]
 51%|█████     | 350/693 [01:22<01:19,  4.32it/s]
 51%|█████     | 351/693 [01:22<01:18,  4.35it/s]
 51%|█████     | 352/693 [01:22<01:19,  4.30it/s]
 51%|█████     | 353/693 [01:23<01:19,  4.28it/s]
 51%|█████     | 354/693 [01:23<01:18,  4.29it/s]
 51%|█████     | 355/693 [01:23<01:12,  4.65it/s]
 51%|█████▏    | 356/693 [01:23<01:05,  5.14it/s]
 52%|█████▏    | 357/693 [01:23<01:06,  5.06it/s]
 52%|█████▏    | 358/693 [01:24<01:09,  4.81it/s]
 52%|█████▏    | 359/693 [01:24<01:12,  4.62it/s]
 52%|█████▏    | 360/693 [01:24<01:14,  4.49it/s]
 52%|█████▏    | 361/693 [01:24<01:15,  4.42it/s]
 52%|█████▏    | 362/693 [01:24<01:15,  4.39it/s]
 52%|█████▏    | 363/693 [01:25<01:13,  4.47it/s]
 53%|█████▎    | 364/693 [01:25<01:12,  4.54it/s]
 53%|█████▎    | 365/693 [01:25<01:13,  4.45it/s]
 53%|█████▎    | 366/693 [01:25<01:13,  4.42it/s]
 53%|█████▎    | 367/693 [01:26<01:14,  4.36it/s]
 53%|█████▎    | 368/693 [01:26<01:06,  4.90it/s]
 53%|█████▎    | 369/693 [01:26<00:58,  5.56it/s]
 53%|█████▎    | 370/693 [01:26<00:59,  5.41it/s]
 54%|█████▎    | 371/693 [01:26<01:04,  5.00it/s]
 54%|█████▎    | 372/693 [01:27<01:07,  4.78it/s]
 54%|█████▍    | 373/693 [01:27<01:09,  4.59it/s]
 54%|█████▍    | 374/693 [01:27<01:12,  4.41it/s]
 54%|█████▍    | 375/693 [01:27<01:13,  4.35it/s]
 54%|█████▍    | 376/693 [01:27<01:12,  4.36it/s]
 54%|█████▍    | 377/693 [01:28<01:09,  4.54it/s]
 55%|█████▍    | 378/693 [01:28<01:10,  4.44it/s]
 55%|█████▍    | 379/693 [01:28<01:11,  4.40it/s]
 55%|█████▍    | 380/693 [01:28<01:11,  4.39it/s]
 55%|█████▍    | 381/693 [01:29<01:03,  4.89it/s]
 55%|█████▌    | 382/693 [01:29<00:57,  5.43it/s]
 55%|█████▌    | 383/693 [01:29<00:58,  5.32it/s]
 55%|█████▌    | 384/693 [01:29<01:02,  4.96it/s]
 56%|█████▌    | 385/693 [01:29<01:05,  4.69it/s]
 56%|█████▌    | 386/693 [01:30<01:07,  4.57it/s]
 56%|█████▌    | 387/693 [01:30<01:08,  4.46it/s]
 56%|█████▌    | 388/693 [01:30<01:09,  4.39it/s]
 56%|█████▌    | 389/693 [01:30<01:07,  4.49it/s]
 56%|█████▋    | 390/693 [01:30<01:06,  4.55it/s]
 56%|█████▋    | 391/693 [01:31<01:08,  4.43it/s]
 57%|█████▋    | 392/693 [01:31<01:08,  4.39it/s]
 57%|█████▋    | 393/693 [01:31<01:08,  4.37it/s]
 57%|█████▋    | 394/693 [01:31<01:01,  4.90it/s]
 57%|█████▋    | 395/693 [01:31<00:54,  5.51it/s]
 57%|█████▋    | 396/693 [01:32<00:55,  5.37it/s]
 57%|█████▋    | 397/693 [01:32<00:59,  4.94it/s]
 57%|█████▋    | 398/693 [01:32<01:02,  4.74it/s]
 58%|█████▊    | 399/693 [01:32<01:04,  4.59it/s]
 58%|█████▊    | 400/693 [01:33<01:05,  4.51it/s]
 58%|█████▊    | 401/693 [01:33<01:06,  4.41it/s]
 58%|█████▊    | 402/693 [01:33<01:06,  4.40it/s]
 58%|█████▊    | 403/693 [01:33<01:03,  4.59it/s]
 58%|█████▊    | 404/693 [01:33<01:03,  4.53it/s]
 58%|█████▊    | 405/693 [01:34<01:04,  4.44it/s]
 59%|█████▊    | 406/693 [01:34<01:05,  4.41it/s]
 59%|█████▊    | 407/693 [01:34<01:00,  4.74it/s]
 59%|█████▉    | 408/693 [01:34<00:55,  5.14it/s]
 59%|█████▉    | 409/693 [01:34<00:56,  5.03it/s]
 59%|█████▉    | 410/693 [01:35<00:59,  4.77it/s]
 59%|█████▉    | 411/693 [01:35<01:01,  4.57it/s]
 59%|█████▉    | 412/693 [01:35<01:02,  4.47it/s]
 60%|█████▉    | 413/693 [01:35<01:03,  4.38it/s]
 60%|█████▉    | 414/693 [01:36<01:04,  4.33it/s]
 60%|█████▉    | 415/693 [01:36<01:05,  4.25it/s]
 60%|██████    | 416/693 [01:36<01:05,  4.23it/s]
 60%|██████    | 417/693 [01:36<01:05,  4.20it/s]
 60%|██████    | 418/693 [01:37<01:05,  4.21it/s]
 60%|██████    | 419/693 [01:37<01:04,  4.26it/s]
 61%|██████    | 420/693 [01:37<01:01,  4.41it/s]
 61%|██████    | 421/693 [01:37<01:02,  4.35it/s]
 61%|██████    | 422/693 [01:38<01:02,  4.31it/s]
 61%|██████    | 423/693 [01:38<01:03,  4.27it/s]
 61%|██████    | 424/693 [01:38<01:03,  4.26it/s]
 61%|██████▏   | 425/693 [01:38<01:03,  4.25it/s]
 61%|██████▏   | 426/693 [01:38<01:03,  4.24it/s]
 62%|██████▏   | 427/693 [01:39<01:01,  4.33it/s]
 62%|██████▏   | 428/693 [01:39<01:01,  4.31it/s]
 62%|██████▏   | 429/693 [01:39<01:01,  4.30it/s]
 62%|██████▏   | 430/693 [01:39<01:01,  4.26it/s]
 62%|██████▏   | 431/693 [01:40<00:55,  4.69it/s]
 62%|██████▏   | 432/693 [01:40<00:50,  5.21it/s]
 62%|██████▏   | 433/693 [01:40<00:51,  5.06it/s]
 63%|██████▎   | 434/693 [01:40<00:54,  4.78it/s]
 63%|██████▎   | 435/693 [01:40<00:56,  4.60it/s]
 63%|██████▎   | 436/693 [01:41<00:57,  4.46it/s]
 63%|██████▎   | 437/693 [01:41<00:58,  4.39it/s]
 63%|██████▎   | 438/693 [01:41<00:59,  4.27it/s]
 63%|██████▎   | 439/693 [01:41<00:58,  4.32it/s]
 63%|██████▎   | 440/693 [01:42<00:58,  4.30it/s]
 64%|██████▎   | 441/693 [01:42<00:58,  4.28it/s]
 64%|██████▍   | 442/693 [01:42<00:58,  4.28it/s]
 64%|██████▍   | 443/693 [01:42<00:56,  4.41it/s]
 64%|██████▍   | 444/693 [01:42<00:49,  5.02it/s]
 64%|██████▍   | 445/693 [01:43<00:44,  5.59it/s]
 64%|██████▍   | 446/693 [01:43<00:48,  5.09it/s]
 65%|██████▍   | 447/693 [01:43<00:51,  4.82it/s]
 65%|██████▍   | 448/693 [01:43<00:52,  4.63it/s]
 65%|██████▍   | 449/693 [01:43<00:54,  4.51it/s]
 65%|██████▍   | 450/693 [01:44<00:54,  4.46it/s]
 65%|██████▌   | 451/693 [01:44<00:55,  4.37it/s]
 65%|██████▌   | 452/693 [01:44<00:55,  4.38it/s]
 65%|██████▌   | 453/693 [01:44<00:55,  4.31it/s]
 66%|██████▌   | 454/693 [01:45<00:55,  4.30it/s]
 66%|██████▌   | 455/693 [01:45<00:55,  4.32it/s]
 66%|██████▌   | 456/693 [01:45<00:53,  4.46it/s]
 66%|██████▌   | 457/693 [01:45<00:45,  5.16it/s]
 66%|██████▌   | 458/693 [01:45<00:41,  5.71it/s]
 66%|██████▌   | 459/693 [01:46<00:43,  5.41it/s]
 66%|██████▋   | 460/693 [01:46<00:46,  5.01it/s]
 67%|██████▋   | 461/693 [01:46<00:49,  4.72it/s]
 67%|██████▋   | 462/693 [01:46<00:50,  4.55it/s]
 67%|██████▋   | 463/693 [01:46<00:51,  4.45it/s]
 67%|██████▋   | 464/693 [01:47<00:52,  4.38it/s]
 67%|██████▋   | 465/693 [01:47<00:52,  4.36it/s]
 67%|██████▋   | 466/693 [01:47<00:52,  4.35it/s]
 67%|██████▋   | 467/693 [01:47<00:52,  4.27it/s]
 68%|██████▊   | 468/693 [01:48<00:51,  4.34it/s]
 68%|██████▊   | 469/693 [01:48<00:50,  4.44it/s]
 68%|██████▊   | 470/693 [01:48<00:43,  5.08it/s]
 68%|██████▊   | 471/693 [01:48<00:39,  5.69it/s]
 68%|██████▊   | 472/693 [01:48<00:40,  5.40it/s]
 68%|██████▊   | 473/693 [01:49<00:44,  4.98it/s]
 68%|██████▊   | 474/693 [01:49<00:46,  4.76it/s]
 69%|██████▊   | 475/693 [01:49<00:47,  4.56it/s]
 69%|██████▊   | 476/693 [01:49<00:48,  4.52it/s]
 69%|██████▉   | 477/693 [01:49<00:48,  4.43it/s]
 69%|██████▉   | 478/693 [01:50<00:48,  4.43it/s]
 69%|██████▉   | 479/693 [01:50<00:47,  4.52it/s]
 69%|██████▉   | 480/693 [01:50<00:48,  4.42it/s]
 69%|██████▉   | 481/693 [01:50<00:48,  4.37it/s]
 70%|██████▉   | 482/693 [01:51<00:49,  4.28it/s]
 70%|██████▉   | 483/693 [01:51<00:42,  4.92it/s]
 70%|██████▉   | 484/693 [01:51<00:38,  5.39it/s]
 70%|██████▉   | 485/693 [01:51<00:41,  5.01it/s]
 70%|███████   | 486/693 [01:51<00:43,  4.78it/s]
 70%|███████   | 487/693 [01:52<00:44,  4.59it/s]
 70%|███████   | 488/693 [01:52<00:45,  4.52it/s]
 71%|███████   | 489/693 [01:52<00:46,  4.42it/s]
 71%|███████   | 490/693 [01:52<00:46,  4.39it/s]
 71%|███████   | 491/693 [01:53<00:45,  4.43it/s]
 71%|███████   | 492/693 [01:53<00:45,  4.40it/s]
 71%|███████   | 493/693 [01:53<00:45,  4.35it/s]
 71%|███████▏  | 494/693 [01:53<00:46,  4.33it/s]
 71%|███████▏  | 495/693 [01:53<00:44,  4.46it/s]
 72%|███████▏  | 496/693 [01:54<00:39,  5.02it/s]
 72%|███████▏  | 497/693 [01:54<00:35,  5.53it/s]
 72%|███████▏  | 498/693 [01:54<00:36,  5.30it/s]
 72%|███████▏  | 499/693 [01:54<00:40,  4.85it/s]
 72%|███████▏  | 500/693 [01:54<00:40,  4.72it/s]
 72%|███████▏  | 501/693 [01:55<00:42,  4.54it/s]
 72%|███████▏  | 502/693 [01:55<00:42,  4.49it/s]
 73%|███████▎  | 503/693 [01:55<00:43,  4.40it/s]
 73%|███████▎  | 504/693 [01:55<00:42,  4.46it/s]
 73%|███████▎  | 505/693 [01:56<00:41,  4.58it/s]
 73%|███████▎  | 506/693 [01:56<00:41,  4.49it/s]
 73%|███████▎  | 507/693 [01:56<00:41,  4.43it/s]
 73%|███████▎  | 508/693 [01:56<00:42,  4.40it/s]
 73%|███████▎  | 509/693 [01:56<00:37,  4.87it/s]
 74%|███████▎  | 510/693 [01:57<00:33,  5.48it/s]
 74%|███████▎  | 511/693 [01:57<00:33,  5.43it/s]
 74%|███████▍  | 512/693 [01:57<00:36,  5.00it/s]
 74%|███████▍  | 513/693 [01:57<00:37,  4.76it/s]
 74%|███████▍  | 514/693 [01:57<00:38,  4.62it/s]
 74%|███████▍  | 515/693 [01:58<00:39,  4.49it/s]
 74%|███████▍  | 516/693 [01:58<00:39,  4.44it/s]
 75%|███████▍  | 517/693 [01:58<00:40,  4.36it/s]
 75%|███████▍  | 518/693 [01:58<00:38,  4.55it/s]
 75%|███████▍  | 519/693 [01:59<00:39,  4.44it/s]
 75%|███████▌  | 520/693 [01:59<00:39,  4.41it/s]
 75%|███████▌  | 521/693 [01:59<00:39,  4.37it/s]
 75%|███████▌  | 522/693 [01:59<00:35,  4.79it/s]
 75%|███████▌  | 523/693 [01:59<00:32,  5.26it/s]
 76%|███████▌  | 524/693 [02:00<00:33,  5.00it/s]
 76%|███████▌  | 525/693 [02:00<00:35,  4.73it/s]
 76%|███████▌  | 526/693 [02:00<00:36,  4.54it/s]
 76%|███████▌  | 527/693 [02:00<00:37,  4.44it/s]
 76%|███████▌  | 528/693 [02:00<00:37,  4.37it/s]
 76%|███████▋  | 529/693 [02:01<00:37,  4.32it/s]
 76%|███████▋  | 530/693 [02:01<00:37,  4.35it/s]
 77%|███████▋  | 531/693 [02:01<00:37,  4.32it/s]
 77%|███████▋  | 532/693 [02:01<00:37,  4.30it/s]
 77%|███████▋  | 533/693 [02:02<00:37,  4.27it/s]
 77%|███████▋  | 534/693 [02:02<00:35,  4.43it/s]
 77%|███████▋  | 535/693 [02:02<00:31,  5.05it/s]
 77%|███████▋  | 536/693 [02:02<00:28,  5.44it/s]
 77%|███████▋  | 537/693 [02:02<00:31,  4.99it/s]
 78%|███████▊  | 538/693 [02:03<00:32,  4.74it/s]
 78%|███████▊  | 539/693 [02:03<00:33,  4.56it/s]
 78%|███████▊  | 540/693 [02:03<00:34,  4.47it/s]
 78%|███████▊  | 541/693 [02:03<00:34,  4.39it/s]
 78%|███████▊  | 542/693 [02:04<00:34,  4.35it/s]
 78%|███████▊  | 543/693 [02:04<00:33,  4.50it/s]
 78%|███████▊  | 544/693 [02:04<00:33,  4.42it/s]
 79%|███████▊  | 545/693 [02:04<00:33,  4.37it/s]
 79%|███████▉  | 546/693 [02:04<00:34,  4.31it/s]
 79%|███████▉  | 547/693 [02:05<00:32,  4.53it/s]
 79%|███████▉  | 548/693 [02:05<00:28,  5.12it/s]
 79%|███████▉  | 549/693 [02:05<00:25,  5.57it/s]
 79%|███████▉  | 550/693 [02:05<00:28,  5.09it/s]
 80%|███████▉  | 551/693 [02:05<00:29,  4.79it/s]
 80%|███████▉  | 552/693 [02:06<00:30,  4.59it/s]
 80%|███████▉  | 553/693 [02:06<00:31,  4.49it/s]
 80%|███████▉  | 554/693 [02:06<00:31,  4.40it/s]
 80%|████████  | 555/693 [02:06<00:31,  4.35it/s]
 80%|████████  | 556/693 [02:07<00:30,  4.45it/s]
 80%|████████  | 557/693 [02:07<00:30,  4.40it/s]
 81%|████████  | 558/693 [02:07<00:30,  4.38it/s]
 81%|████████  | 559/693 [02:07<00:30,  4.35it/s]
 81%|████████  | 560/693 [02:08<00:29,  4.50it/s]
 81%|████████  | 561/693 [02:08<00:25,  5.20it/s]
 81%|████████  | 562/693 [02:08<00:22,  5.75it/s]
 81%|████████  | 563/693 [02:08<00:24,  5.40it/s]
 81%|████████▏ | 564/693 [02:08<00:25,  4.99it/s]
 82%|████████▏ | 565/693 [02:08<00:26,  4.74it/s]
 82%|████████▏ | 566/693 [02:09<00:27,  4.58it/s]
 82%|████████▏ | 567/693 [02:09<00:28,  4.48it/s]
 82%|████████▏ | 568/693 [02:09<00:28,  4.40it/s]
 82%|████████▏ | 569/693 [02:09<00:27,  4.51it/s]
 82%|████████▏ | 570/693 [02:10<00:27,  4.48it/s]
 82%|████████▏ | 571/693 [02:10<00:27,  4.42it/s]
 83%|████████▎ | 572/693 [02:10<00:27,  4.37it/s]
 83%|████████▎ | 573/693 [02:10<00:27,  4.33it/s]
 83%|████████▎ | 574/693 [02:10<00:24,  4.87it/s]
 83%|████████▎ | 575/693 [02:11<00:21,  5.47it/s]
 83%|████████▎ | 576/693 [02:11<00:22,  5.18it/s]
 83%|████████▎ | 577/693 [02:11<00:23,  4.87it/s]
 83%|████████▎ | 578/693 [02:11<00:24,  4.66it/s]
 84%|████████▎ | 579/693 [02:11<00:25,  4.51it/s]
 84%|████████▎ | 580/693 [02:12<00:25,  4.42it/s]
 84%|████████▍ | 581/693 [02:12<00:25,  4.34it/s]
 84%|████████▍ | 582/693 [02:12<00:24,  4.50it/s]
 84%|████████▍ | 583/693 [02:12<00:24,  4.48it/s]
 84%|████████▍ | 584/693 [02:13<00:24,  4.42it/s]
 84%|████████▍ | 585/693 [02:13<00:24,  4.35it/s]
 85%|████████▍ | 586/693 [02:13<00:24,  4.34it/s]
 85%|████████▍ | 587/693 [02:13<00:21,  4.94it/s]
 85%|████████▍ | 588/693 [02:13<00:19,  5.42it/s]
 85%|████████▍ | 589/693 [02:14<00:20,  5.09it/s]
 85%|████████▌ | 590/693 [02:14<00:21,  4.80it/s]
 85%|████████▌ | 591/693 [02:14<00:22,  4.61it/s]
 85%|████████▌ | 592/693 [02:14<00:22,  4.49it/s]
 86%|████████▌ | 593/693 [02:15<00:22,  4.41it/s]
 86%|████████▌ | 594/693 [02:15<00:22,  4.36it/s]
 86%|████████▌ | 595/693 [02:15<00:22,  4.38it/s]
 86%|████████▌ | 596/693 [02:15<00:22,  4.34it/s]
 86%|████████▌ | 597/693 [02:15<00:22,  4.33it/s]
 86%|████████▋ | 598/693 [02:16<00:21,  4.33it/s]
 86%|████████▋ | 599/693 [02:16<00:21,  4.45it/s]
 87%|████████▋ | 600/693 [02:16<00:18,  5.12it/s]
 87%|████████▋ | 601/693 [02:16<00:16,  5.47it/s]
 87%|████████▋ | 602/693 [02:16<00:18,  4.99it/s]
 87%|████████▋ | 603/693 [02:17<00:18,  4.76it/s]
 87%|████████▋ | 604/693 [02:17<00:19,  4.54it/s]
 87%|████████▋ | 605/693 [02:17<00:19,  4.45it/s]
 87%|████████▋ | 606/693 [02:17<00:19,  4.38it/s]
 88%|████████▊ | 607/693 [02:18<00:19,  4.33it/s]
 88%|████████▊ | 608/693 [02:18<00:19,  4.42it/s]
 88%|████████▊ | 609/693 [02:18<00:19,  4.35it/s]
 88%|████████▊ | 610/693 [02:18<00:19,  4.31it/s]
 88%|████████▊ | 611/693 [02:19<00:18,  4.32it/s]
 88%|████████▊ | 612/693 [02:19<00:17,  4.54it/s]
 88%|████████▊ | 613/693 [02:19<00:15,  5.20it/s]
 89%|████████▊ | 614/693 [02:19<00:14,  5.37it/s]
 89%|████████▊ | 615/693 [02:19<00:15,  4.96it/s]
 89%|████████▉ | 616/693 [02:20<00:16,  4.70it/s]
 89%|████████▉ | 617/693 [02:20<00:16,  4.57it/s]
 89%|████████▉ | 618/693 [02:20<00:16,  4.47it/s]
 89%|████████▉ | 619/693 [02:20<00:16,  4.40it/s]
 89%|████████▉ | 620/693 [02:20<00:16,  4.37it/s]
 90%|████████▉ | 621/693 [02:21<00:16,  4.39it/s]
 90%|████████▉ | 622/693 [02:21<00:16,  4.36it/s]
 90%|████████▉ | 623/693 [02:21<00:16,  4.34it/s]
 90%|█████████ | 624/693 [02:21<00:16,  4.31it/s]
 90%|█████████ | 625/693 [02:22<00:14,  4.66it/s]
 90%|█████████ | 626/693 [02:22<00:12,  5.18it/s]
 90%|█████████ | 627/693 [02:22<00:13,  4.89it/s]
 91%|█████████ | 628/693 [02:22<00:13,  4.69it/s]
 91%|█████████ | 629/693 [02:22<00:14,  4.54it/s]
 91%|█████████ | 630/693 [02:23<00:14,  4.44it/s]
 91%|█████████ | 631/693 [02:23<00:14,  4.38it/s]
 91%|█████████ | 632/693 [02:23<00:14,  4.34it/s]
 91%|█████████▏| 633/693 [02:23<00:13,  4.38it/s]
 91%|█████████▏| 634/693 [02:24<00:13,  4.34it/s]
 92%|█████████▏| 635/693 [02:24<00:13,  4.32it/s]
 92%|█████████▏| 636/693 [02:24<00:13,  4.29it/s]
 92%|█████████▏| 637/693 [02:24<00:12,  4.43it/s]
 92%|█████████▏| 638/693 [02:24<00:10,  5.00it/s]
 92%|█████████▏| 639/693 [02:25<00:10,  5.33it/s]
 92%|█████████▏| 640/693 [02:25<00:10,  4.95it/s]
 92%|█████████▏| 641/693 [02:25<00:11,  4.70it/s]
 93%|█████████▎| 642/693 [02:25<00:11,  4.55it/s]
 93%|█████████▎| 643/693 [02:25<00:11,  4.43it/s]
 93%|█████████▎| 644/693 [02:26<00:11,  4.38it/s]
 93%|█████████▎| 645/693 [02:26<00:11,  4.32it/s]
 93%|█████████▎| 646/693 [02:26<00:10,  4.38it/s]
 93%|█████████▎| 647/693 [02:26<00:10,  4.32it/s]
 94%|█████████▎| 648/693 [02:27<00:10,  4.31it/s]
 94%|█████████▎| 649/693 [02:27<00:10,  4.30it/s]
 94%|█████████▍| 650/693 [02:27<00:09,  4.64it/s]
 94%|█████████▍| 651/693 [02:27<00:08,  5.23it/s]
 94%|█████████▍| 652/693 [02:27<00:08,  5.06it/s]
 94%|█████████▍| 653/693 [02:28<00:08,  4.79it/s]
 94%|█████████▍| 654/693 [02:28<00:08,  4.57it/s]
 95%|█████████▍| 655/693 [02:28<00:08,  4.44it/s]
 95%|█████████▍| 656/693 [02:28<00:08,  4.38it/s]
 95%|█████████▍| 657/693 [02:29<00:08,  4.32it/s]
 95%|█████████▍| 658/693 [02:29<00:08,  4.32it/s]
 95%|█████████▌| 659/693 [02:29<00:07,  4.31it/s]
 95%|█████████▌| 660/693 [02:29<00:07,  4.29it/s]
 95%|█████████▌| 661/693 [02:30<00:07,  4.27it/s]
 96%|█████████▌| 662/693 [02:30<00:07,  4.38it/s]
 96%|█████████▌| 663/693 [02:30<00:06,  4.96it/s]
 96%|█████████▌| 664/693 [02:30<00:05,  5.32it/s]
 96%|█████████▌| 665/693 [02:30<00:05,  4.94it/s]
 96%|█████████▌| 666/693 [02:31<00:05,  4.67it/s]
 96%|█████████▌| 667/693 [02:31<00:05,  4.54it/s]
 96%|█████████▋| 668/693 [02:31<00:05,  4.48it/s]
 97%|█████████▋| 669/693 [02:31<00:05,  4.38it/s]
 97%|█████████▋| 670/693 [02:31<00:05,  4.38it/s]
 97%|█████████▋| 671/693 [02:32<00:04,  4.45it/s]
 97%|█████████▋| 672/693 [02:32<00:04,  4.43it/s]
 97%|█████████▋| 673/693 [02:32<00:04,  4.37it/s]
 97%|█████████▋| 674/693 [02:32<00:04,  4.37it/s]
 97%|█████████▋| 675/693 [02:33<00:03,  4.56it/s]
 98%|█████████▊| 676/693 [02:33<00:03,  5.21it/s]
 98%|█████████▊| 677/693 [02:33<00:02,  5.81it/s]
 98%|█████████▊| 678/693 [02:33<00:02,  5.52it/s]
 98%|█████████▊| 679/693 [02:33<00:02,  5.05it/s]
 98%|█████████▊| 680/693 [02:33<00:02,  4.81it/s]
 98%|█████████▊| 681/693 [02:34<00:02,  4.62it/s]
 98%|█████████▊| 682/693 [02:34<00:02,  4.53it/s]
 99%|█████████▊| 683/693 [02:34<00:02,  4.45it/s]
 99%|█████████▊| 684/693 [02:34<00:02,  4.40it/s]
 99%|█████████▉| 685/693 [02:35<00:01,  4.64it/s]
 99%|█████████▉| 686/693 [02:35<00:01,  4.55it/s]
 99%|█████████▉| 687/693 [02:35<00:01,  4.45it/s]
 99%|█████████▉| 688/693 [02:35<00:01,  4.44it/s]
 99%|█████████▉| 689/693 [02:35<00:00,  4.82it/s]
100%|█████████▉| 690/693 [02:36<00:00,  5.45it/s]
100%|█████████▉| 691/693 [02:36<00:00,  5.65it/s]
100%|█████████▉| 692/693 [02:36<00:00,  5.18it/s]
100%|██████████| 693/693 [02:36<00:00,  4.95it/s]
100%|██████████| 693/693 [02:36<00:00,  4.42it/s]
Training loss: 0.8700979179118102, KL loss: 0.6375865709859055, Sim loss: 0.0002826379050834167, Exo CLS loss: 0.6919983112418548, 
Noun sim loss: 0.11978006960681678, Part sim loss: 0.18737941361092902, Proto loss: 1.2164317291192335, Conc loss: 0.12404291914482997
learning rate:4.817689868860664e-05


  0%|          | 0/168 [00:00<?, ?it/s]
  1%|          | 1/168 [00:00<02:03,  1.36it/s]
  2%|▏         | 4/168 [00:00<00:29,  5.62it/s]
  4%|▎         | 6/168 [00:01<00:20,  7.89it/s]
  5%|▌         | 9/168 [00:01<00:14, 11.01it/s]
  7%|▋         | 12/168 [00:01<00:10, 14.23it/s]
  9%|▉         | 15/168 [00:01<00:09, 16.55it/s]
 11%|█         | 18/168 [00:01<00:12, 11.82it/s]
 12%|█▎        | 21/168 [00:01<00:10, 13.98it/s]
 14%|█▎        | 23/168 [00:02<00:09, 14.98it/s]
 15%|█▍        | 25/168 [00:02<00:10, 13.77it/s]
 16%|█▌        | 27/168 [00:02<00:09, 14.35it/s]
 18%|█▊        | 30/168 [00:02<00:07, 17.40it/s]
 20%|█▉        | 33/168 [00:02<00:07, 19.04it/s]
 21%|██▏       | 36/168 [00:02<00:06, 19.37it/s]
 23%|██▎       | 39/168 [00:02<00:06, 20.43it/s]
 25%|██▌       | 42/168 [00:03<00:06, 20.42it/s]
 27%|██▋       | 45/168 [00:03<00:05, 21.29it/s]
 29%|██▉       | 49/168 [00:03<00:04, 24.43it/s]
 32%|███▏      | 53/168 [00:03<00:04, 27.36it/s]
 33%|███▎      | 56/168 [00:03<00:04, 26.52it/s]
 35%|███▌      | 59/168 [00:03<00:04, 21.94it/s]
 37%|███▋      | 62/168 [00:03<00:04, 22.30it/s]
 39%|███▊      | 65/168 [00:03<00:04, 22.45it/s]
 40%|████      | 68/168 [00:04<00:04, 20.86it/s]
 42%|████▏     | 71/168 [00:04<00:04, 21.24it/s]
 44%|████▍     | 74/168 [00:04<00:04, 21.50it/s]
 46%|████▌     | 77/168 [00:04<00:04, 20.95it/s]
 48%|████▊     | 80/168 [00:04<00:04, 20.78it/s]
 49%|████▉     | 83/168 [00:04<00:03, 21.52it/s]
 51%|█████     | 86/168 [00:04<00:03, 22.06it/s]
 53%|█████▎    | 89/168 [00:05<00:03, 22.36it/s]
 55%|█████▍    | 92/168 [00:05<00:03, 21.56it/s]
 57%|█████▋    | 95/168 [00:05<00:04, 16.09it/s]
 59%|█████▉    | 99/168 [00:05<00:03, 19.28it/s]
 61%|██████    | 102/168 [00:05<00:03, 19.91it/s]
 62%|██████▎   | 105/168 [00:05<00:03, 20.62it/s]
 64%|██████▍   | 108/168 [00:06<00:02, 21.08it/s]
 66%|██████▌   | 111/168 [00:06<00:02, 21.05it/s]
 68%|██████▊   | 114/168 [00:06<00:02, 20.84it/s]
 70%|██████▉   | 117/168 [00:06<00:02, 20.86it/s]
 71%|███████▏  | 120/168 [00:06<00:02, 20.91it/s]
 73%|███████▎  | 123/168 [00:06<00:02, 20.92it/s]
 75%|███████▌  | 126/168 [00:06<00:01, 21.02it/s]
 77%|███████▋  | 129/168 [00:07<00:01, 21.02it/s]
 79%|███████▊  | 132/168 [00:07<00:01, 21.04it/s]
 80%|████████  | 135/168 [00:07<00:01, 21.04it/s]
 82%|████████▏ | 138/168 [00:07<00:01, 20.50it/s]
 84%|████████▍ | 141/168 [00:07<00:01, 21.04it/s]
 86%|████████▌ | 144/168 [00:07<00:01, 22.06it/s]
 88%|████████▊ | 148/168 [00:07<00:00, 24.79it/s]
 90%|████████▉ | 151/168 [00:08<00:00, 23.65it/s]
 92%|█████████▏| 154/168 [00:08<00:00, 23.24it/s]
 93%|█████████▎| 157/168 [00:08<00:00, 22.97it/s]
 95%|█████████▌| 160/168 [00:08<00:00, 21.48it/s]
 97%|█████████▋| 163/168 [00:08<00:00, 21.15it/s]
 99%|█████████▉| 166/168 [00:08<00:00, 21.45it/s]
100%|██████████| 168/168 [00:08<00:00, 18.78it/s]
Result on AGD: 
KLD=0.8819623589515686, SIM=0.5167255997657776, NSS=1.5123310089111328
noun sim: 0.11429934811201833, part sim: 0.17387161749814237
New best KLD: 0.8819623589515686, 0.5167255997657776, 1.5123310089111328
============Training Epoch 5============

  0%|          | 0/693 [00:00<?, ?it/s]/mnt/sdb/wyn/envs/clip-env/lib/python3.10/site-packages/torch/_tensor.py:1002: UserWarning: non-inplace resize is deprecated
  warnings.warn("non-inplace resize is deprecated")
/mnt/sdb/wyn/envs/clip-env/lib/python3.10/site-packages/torch/_tensor.py:1002: UserWarning: non-inplace resize is deprecated
  warnings.warn("non-inplace resize is deprecated")
/mnt/sdb/wyn/envs/clip-env/lib/python3.10/site-packages/torch/_tensor.py:1002: UserWarning: non-inplace resize is deprecated
  warnings.warn("non-inplace resize is deprecated")
/mnt/sdb/wyn/envs/clip-env/lib/python3.10/site-packages/torch/_tensor.py:1002: UserWarning: non-inplace resize is deprecated
  warnings.warn("non-inplace resize is deprecated")
/mnt/sdb/wyn/envs/clip-env/lib/python3.10/site-packages/torch/_tensor.py:1002: UserWarning: non-inplace resize is deprecated
  warnings.warn("non-inplace resize is deprecated")
/mnt/sdb/wyn/envs/clip-env/lib/python3.10/site-packages/torch/_tensor.py:1002: UserWarning: non-inplace resize is deprecated
  warnings.warn("non-inplace resize is deprecated")
/mnt/sdb/wyn/envs/clip-env/lib/python3.10/site-packages/torch/_tensor.py:1002: UserWarning: non-inplace resize is deprecated
  warnings.warn("non-inplace resize is deprecated")
/mnt/sdb/wyn/envs/clip-env/lib/python3.10/site-packages/torch/_tensor.py:1002: UserWarning: non-inplace resize is deprecated
  warnings.warn("non-inplace resize is deprecated")

  0%|          | 1/693 [00:01<21:24,  1.86s/it]
  0%|          | 2/693 [00:02<10:26,  1.10it/s]
  0%|          | 3/693 [00:03<10:34,  1.09it/s]
  1%|          | 4/693 [00:03<07:29,  1.53it/s]
  1%|          | 5/693 [00:03<05:46,  1.99it/s]
  1%|          | 6/693 [00:03<04:45,  2.41it/s]
  1%|          | 7/693 [00:03<04:01,  2.84it/s]
  1%|          | 8/693 [00:04<03:36,  3.16it/s]
  1%|▏         | 9/693 [00:04<03:18,  3.45it/s]
  1%|▏         | 10/693 [00:04<03:06,  3.66it/s]
  2%|▏         | 11/693 [00:04<02:42,  4.20it/s]
  2%|▏         | 12/693 [00:04<02:22,  4.79it/s]
  2%|▏         | 13/693 [00:05<02:23,  4.74it/s]
  2%|▏         | 14/693 [00:05<02:27,  4.59it/s]
  2%|▏         | 15/693 [00:05<02:32,  4.46it/s]
  2%|▏         | 16/693 [00:05<02:34,  4.39it/s]
  2%|▏         | 17/693 [00:06<02:35,  4.33it/s]
  3%|▎         | 18/693 [00:06<02:36,  4.30it/s]
  3%|▎         | 19/693 [00:06<02:36,  4.30it/s]
  3%|▎         | 20/693 [00:06<02:37,  4.28it/s]
  3%|▎         | 21/693 [00:07<02:36,  4.29it/s]
  3%|▎         | 22/693 [00:07<02:37,  4.25it/s]
  3%|▎         | 23/693 [00:07<02:31,  4.42it/s]
  3%|▎         | 24/693 [00:07<02:14,  4.98it/s]
  4%|▎         | 25/693 [00:07<02:00,  5.55it/s]
  4%|▍         | 26/693 [00:08<02:10,  5.13it/s]
  4%|▍         | 27/693 [00:08<02:18,  4.82it/s]
  4%|▍         | 28/693 [00:08<02:24,  4.61it/s]
  4%|▍         | 29/693 [00:08<02:27,  4.50it/s]
  4%|▍         | 30/693 [00:08<02:30,  4.42it/s]
  4%|▍         | 31/693 [00:09<02:32,  4.35it/s]
  5%|▍         | 32/693 [00:09<02:30,  4.39it/s]
  5%|▍         | 33/693 [00:09<02:31,  4.37it/s]
  5%|▍         | 34/693 [00:09<02:32,  4.31it/s]
  5%|▌         | 35/693 [00:10<02:33,  4.28it/s]
  5%|▌         | 36/693 [00:10<02:30,  4.36it/s]
  5%|▌         | 37/693 [00:10<02:13,  4.90it/s]
  5%|▌         | 38/693 [00:10<02:02,  5.33it/s]
  6%|▌         | 39/693 [00:10<02:11,  4.97it/s]
  6%|▌         | 40/693 [00:11<02:17,  4.76it/s]
  6%|▌         | 41/693 [00:11<02:22,  4.56it/s]
  6%|▌         | 42/693 [00:11<02:24,  4.51it/s]
  6%|▌         | 43/693 [00:11<02:28,  4.38it/s]
  6%|▋         | 44/693 [00:12<02:28,  4.37it/s]
  6%|▋         | 45/693 [00:12<02:27,  4.39it/s]
  7%|▋         | 46/693 [00:12<02:27,  4.38it/s]
  7%|▋         | 47/693 [00:12<02:28,  4.35it/s]
  7%|▋         | 48/693 [00:12<02:27,  4.37it/s]
  7%|▋         | 49/693 [00:13<02:16,  4.71it/s]
  7%|▋         | 50/693 [00:13<02:00,  5.35it/s]
  7%|▋         | 51/693 [00:13<01:47,  5.96it/s]
  8%|▊         | 52/693 [00:13<01:53,  5.66it/s]
  8%|▊         | 53/693 [00:13<02:04,  5.12it/s]
  8%|▊         | 54/693 [00:14<02:11,  4.86it/s]
  8%|▊         | 55/693 [00:14<02:17,  4.64it/s]
  8%|▊         | 56/693 [00:14<02:20,  4.54it/s]
  8%|▊         | 57/693 [00:14<02:23,  4.44it/s]
  8%|▊         | 58/693 [00:15<02:22,  4.46it/s]
  9%|▊         | 59/693 [00:15<02:18,  4.59it/s]
  9%|▊         | 60/693 [00:15<02:20,  4.51it/s]
  9%|▉         | 61/693 [00:15<02:23,  4.41it/s]
  9%|▉         | 62/693 [00:15<02:22,  4.41it/s]
  9%|▉         | 63/693 [00:16<02:09,  4.87it/s]
  9%|▉         | 64/693 [00:16<01:55,  5.46it/s]
  9%|▉         | 65/693 [00:16<01:57,  5.36it/s]
 10%|▉         | 66/693 [00:16<02:05,  5.00it/s]
 10%|▉         | 67/693 [00:16<02:12,  4.73it/s]
 10%|▉         | 68/693 [00:17<02:16,  4.59it/s]
 10%|▉         | 69/693 [00:17<02:19,  4.47it/s]
 10%|█         | 70/693 [00:17<02:20,  4.43it/s]
 10%|█         | 71/693 [00:17<02:20,  4.42it/s]
 10%|█         | 72/693 [00:17<02:15,  4.58it/s]
 11%|█         | 73/693 [00:18<02:19,  4.45it/s]
 11%|█         | 74/693 [00:18<02:20,  4.42it/s]
 11%|█         | 75/693 [00:18<02:21,  4.38it/s]
 11%|█         | 76/693 [00:18<02:06,  4.87it/s]
 11%|█         | 77/693 [00:18<01:51,  5.54it/s]
 11%|█▏        | 78/693 [00:19<01:45,  5.81it/s]
 11%|█▏        | 79/693 [00:19<01:57,  5.22it/s]
 12%|█▏        | 80/693 [00:19<02:04,  4.92it/s]
 12%|█▏        | 81/693 [00:19<02:10,  4.68it/s]
 12%|█▏        | 82/693 [00:20<02:13,  4.58it/s]
 12%|█▏        | 83/693 [00:20<02:16,  4.47it/s]
 12%|█▏        | 84/693 [00:20<02:17,  4.43it/s]
 12%|█▏        | 85/693 [00:20<02:12,  4.59it/s]
 12%|█▏        | 86/693 [00:20<02:14,  4.50it/s]
 13%|█▎        | 87/693 [00:21<02:16,  4.44it/s]
 13%|█▎        | 88/693 [00:21<02:16,  4.42it/s]
 13%|█▎        | 89/693 [00:21<02:13,  4.53it/s]
 13%|█▎        | 90/693 [00:21<01:59,  5.04it/s]
 13%|█▎        | 91/693 [00:21<01:49,  5.49it/s]
 13%|█▎        | 92/693 [00:22<01:59,  5.03it/s]
 13%|█▎        | 93/693 [00:22<02:06,  4.74it/s]
 14%|█▎        | 94/693 [00:22<02:10,  4.57it/s]
 14%|█▎        | 95/693 [00:22<02:13,  4.47it/s]
 14%|█▍        | 96/693 [00:23<02:15,  4.39it/s]
 14%|█▍        | 97/693 [00:23<02:17,  4.34it/s]
 14%|█▍        | 98/693 [00:23<02:13,  4.45it/s]
 14%|█▍        | 99/693 [00:23<02:15,  4.39it/s]
 14%|█▍        | 100/693 [00:24<02:15,  4.39it/s]
 15%|█▍        | 101/693 [00:24<02:16,  4.35it/s]
 15%|█▍        | 102/693 [00:24<02:12,  4.47it/s]
 15%|█▍        | 103/693 [00:24<01:54,  5.13it/s]
 15%|█▌        | 104/693 [00:24<01:43,  5.69it/s]
 15%|█▌        | 105/693 [00:24<01:47,  5.48it/s]
 15%|█▌        | 106/693 [00:25<01:55,  5.07it/s]
 15%|█▌        | 107/693 [00:25<02:04,  4.72it/s]
 16%|█▌        | 108/693 [00:25<02:08,  4.56it/s]
 16%|█▌        | 109/693 [00:25<02:11,  4.45it/s]
 16%|█▌        | 110/693 [00:26<02:12,  4.39it/s]
 16%|█▌        | 111/693 [00:26<02:10,  4.47it/s]
 16%|█▌        | 112/693 [00:26<02:07,  4.55it/s]
 16%|█▋        | 113/693 [00:26<02:10,  4.45it/s]
 16%|█▋        | 114/693 [00:26<02:11,  4.39it/s]
 17%|█▋        | 115/693 [00:27<02:12,  4.36it/s]
 17%|█▋        | 116/693 [00:27<01:59,  4.84it/s]
 17%|█▋        | 117/693 [00:27<01:46,  5.42it/s]
 17%|█▋        | 118/693 [00:27<01:47,  5.37it/s]
 17%|█▋        | 119/693 [00:27<01:55,  4.96it/s]
 17%|█▋        | 120/693 [00:28<02:01,  4.71it/s]
 17%|█▋        | 121/693 [00:28<02:05,  4.56it/s]
 18%|█▊        | 122/693 [00:28<02:07,  4.48it/s]
 18%|█▊        | 123/693 [00:28<02:09,  4.40it/s]
 18%|█▊        | 124/693 [00:29<02:10,  4.36it/s]
 18%|█▊        | 125/693 [00:29<02:03,  4.60it/s]
 18%|█▊        | 126/693 [00:29<02:05,  4.50it/s]
 18%|█▊        | 127/693 [00:29<02:07,  4.45it/s]
 18%|█▊        | 128/693 [00:29<02:07,  4.43it/s]
 19%|█▊        | 129/693 [00:30<01:56,  4.85it/s]
 19%|█▉        | 130/693 [00:30<01:43,  5.44it/s]
 19%|█▉        | 131/693 [00:30<01:35,  5.90it/s]
 19%|█▉        | 132/693 [00:30<01:45,  5.32it/s]
 19%|█▉        | 133/693 [00:30<01:54,  4.90it/s]
 19%|█▉        | 134/693 [00:31<01:58,  4.71it/s]
 19%|█▉        | 135/693 [00:31<02:02,  4.55it/s]
 20%|█▉        | 136/693 [00:31<02:04,  4.48it/s]
 20%|█▉        | 137/693 [00:31<02:06,  4.41it/s]
 20%|█▉        | 138/693 [00:32<02:03,  4.48it/s]
 20%|██        | 139/693 [00:32<02:05,  4.41it/s]
 20%|██        | 140/693 [00:32<02:05,  4.40it/s]
 20%|██        | 141/693 [00:32<02:06,  4.36it/s]
 20%|██        | 142/693 [00:32<02:02,  4.50it/s]
 21%|██        | 143/693 [00:33<01:46,  5.17it/s]
 21%|██        | 144/693 [00:33<01:35,  5.74it/s]
 21%|██        | 145/693 [00:33<01:41,  5.39it/s]
 21%|██        | 146/693 [00:33<01:48,  5.03it/s]
 21%|██        | 147/693 [00:33<01:54,  4.75it/s]
 21%|██▏       | 148/693 [00:34<01:58,  4.61it/s]
 22%|██▏       | 149/693 [00:34<02:01,  4.47it/s]
 22%|██▏       | 150/693 [00:34<02:02,  4.43it/s]
 22%|██▏       | 151/693 [00:34<02:00,  4.50it/s]
 22%|██▏       | 152/693 [00:35<01:59,  4.51it/s]
 22%|██▏       | 153/693 [00:35<02:03,  4.37it/s]
 22%|██▏       | 154/693 [00:35<02:04,  4.33it/s]
 22%|██▏       | 155/693 [00:35<02:04,  4.33it/s]
 23%|██▎       | 156/693 [00:35<01:51,  4.82it/s]
 23%|██▎       | 157/693 [00:36<01:38,  5.44it/s]
 23%|██▎       | 158/693 [00:36<01:38,  5.40it/s]
 23%|██▎       | 159/693 [00:36<01:47,  4.96it/s]
 23%|██▎       | 160/693 [00:36<01:53,  4.71it/s]
 23%|██▎       | 161/693 [00:36<01:57,  4.53it/s]
 23%|██▎       | 162/693 [00:37<01:59,  4.43it/s]
 24%|██▎       | 163/693 [00:37<02:01,  4.37it/s]
 24%|██▎       | 164/693 [00:37<01:59,  4.41it/s]
 24%|██▍       | 165/693 [00:37<01:59,  4.41it/s]
 24%|██▍       | 166/693 [00:38<02:01,  4.35it/s]
 24%|██▍       | 167/693 [00:38<02:01,  4.32it/s]
 24%|██▍       | 168/693 [00:38<02:00,  4.37it/s]
 24%|██▍       | 169/693 [00:38<01:45,  4.97it/s]
 25%|██▍       | 170/693 [00:38<01:34,  5.52it/s]
 25%|██▍       | 171/693 [00:39<01:38,  5.32it/s]
 25%|██▍       | 172/693 [00:39<01:45,  4.93it/s]
 25%|██▍       | 173/693 [00:39<01:51,  4.68it/s]
 25%|██▌       | 174/693 [00:39<01:55,  4.48it/s]
 25%|██▌       | 175/693 [00:39<01:58,  4.38it/s]
 25%|██▌       | 176/693 [00:40<02:00,  4.28it/s]
 26%|██▌       | 177/693 [00:40<01:57,  4.38it/s]
 26%|██▌       | 178/693 [00:40<01:59,  4.29it/s]
 26%|██▌       | 179/693 [00:40<02:00,  4.28it/s]
 26%|██▌       | 180/693 [00:41<02:01,  4.22it/s]
 26%|██▌       | 181/693 [00:41<01:56,  4.39it/s]
 26%|██▋       | 182/693 [00:41<01:50,  4.63it/s]
 26%|██▋       | 183/693 [00:41<01:53,  4.51it/s]
 27%|██▋       | 184/693 [00:42<01:55,  4.39it/s]
 27%|██▋       | 185/693 [00:42<01:57,  4.33it/s]
 27%|██▋       | 186/693 [00:42<01:58,  4.27it/s]
 27%|██▋       | 187/693 [00:42<01:59,  4.24it/s]
 27%|██▋       | 188/693 [00:42<02:00,  4.20it/s]
 27%|██▋       | 189/693 [00:43<01:57,  4.29it/s]
 27%|██▋       | 190/693 [00:43<01:57,  4.26it/s]
 28%|██▊       | 191/693 [00:43<01:58,  4.25it/s]
 28%|██▊       | 192/693 [00:43<01:59,  4.21it/s]
 28%|██▊       | 193/693 [00:44<01:47,  4.66it/s]
 28%|██▊       | 194/693 [00:44<01:37,  5.13it/s]
 28%|██▊       | 195/693 [00:44<01:38,  5.06it/s]
 28%|██▊       | 196/693 [00:44<01:44,  4.73it/s]
 28%|██▊       | 197/693 [00:44<01:49,  4.54it/s]
 29%|██▊       | 198/693 [00:45<01:52,  4.41it/s]
 29%|██▊       | 199/693 [00:45<01:53,  4.34it/s]
 29%|██▉       | 200/693 [00:45<01:56,  4.22it/s]
 29%|██▉       | 201/693 [00:45<01:52,  4.39it/s]
 29%|██▉       | 202/693 [00:46<01:54,  4.29it/s]
 29%|██▉       | 203/693 [00:46<01:54,  4.27it/s]
 29%|██▉       | 204/693 [00:46<01:55,  4.24it/s]
 30%|██▉       | 205/693 [00:46<01:50,  4.41it/s]
 30%|██▉       | 206/693 [00:46<01:39,  4.92it/s]
 30%|██▉       | 207/693 [00:47<01:41,  4.77it/s]
 30%|███       | 208/693 [00:47<01:46,  4.54it/s]
 30%|███       | 209/693 [00:47<01:48,  4.45it/s]
 30%|███       | 210/693 [00:47<01:50,  4.36it/s]
 30%|███       | 211/693 [00:48<01:51,  4.31it/s]
 31%|███       | 212/693 [00:48<01:52,  4.27it/s]
 31%|███       | 213/693 [00:48<01:47,  4.47it/s]
 31%|███       | 214/693 [00:48<01:49,  4.36it/s]
 31%|███       | 215/693 [00:49<01:50,  4.34it/s]
 31%|███       | 216/693 [00:49<01:50,  4.30it/s]
 31%|███▏      | 217/693 [00:49<01:47,  4.44it/s]
 31%|███▏      | 218/693 [00:49<01:33,  5.06it/s]
 32%|███▏      | 219/693 [00:49<01:27,  5.42it/s]
 32%|███▏      | 220/693 [00:50<01:34,  5.02it/s]
 32%|███▏      | 221/693 [00:50<01:39,  4.76it/s]
 32%|███▏      | 222/693 [00:50<01:42,  4.61it/s]
 32%|███▏      | 223/693 [00:50<01:44,  4.49it/s]
 32%|███▏      | 224/693 [00:50<01:46,  4.41it/s]
 32%|███▏      | 225/693 [00:51<01:47,  4.37it/s]
 33%|███▎      | 226/693 [00:51<01:42,  4.56it/s]
 33%|███▎      | 227/693 [00:51<01:44,  4.48it/s]
 33%|███▎      | 228/693 [00:51<01:45,  4.40it/s]
 33%|███▎      | 229/693 [00:52<01:46,  4.34it/s]
 33%|███▎      | 230/693 [00:52<01:42,  4.52it/s]
 33%|███▎      | 231/693 [00:52<01:29,  5.16it/s]
 33%|███▎      | 232/693 [00:52<01:26,  5.33it/s]
 34%|███▎      | 233/693 [00:52<01:32,  4.96it/s]
 34%|███▍      | 234/693 [00:53<01:36,  4.75it/s]
 34%|███▍      | 235/693 [00:53<01:40,  4.57it/s]
 34%|███▍      | 236/693 [00:53<01:43,  4.43it/s]
 34%|███▍      | 237/693 [00:53<01:44,  4.35it/s]
 34%|███▍      | 238/693 [00:54<01:45,  4.29it/s]
 34%|███▍      | 239/693 [00:54<01:41,  4.49it/s]
 35%|███▍      | 240/693 [00:54<01:42,  4.40it/s]
 35%|███▍      | 241/693 [00:54<01:43,  4.36it/s]
 35%|███▍      | 242/693 [00:54<01:44,  4.32it/s]
 35%|███▌      | 243/693 [00:55<01:40,  4.46it/s]
 35%|███▌      | 244/693 [00:55<01:29,  5.04it/s]
 35%|███▌      | 245/693 [00:55<01:19,  5.61it/s]
 35%|███▌      | 246/693 [00:55<01:22,  5.44it/s]
 36%|███▌      | 247/693 [00:55<01:29,  4.98it/s]
 36%|███▌      | 248/693 [00:56<01:35,  4.67it/s]
 36%|███▌      | 249/693 [00:56<02:19,  3.18it/s]
 36%|███▌      | 250/693 [00:56<02:08,  3.46it/s]
 36%|███▌      | 251/693 [00:57<02:00,  3.66it/s]
 36%|███▋      | 252/693 [00:57<01:56,  3.78it/s]
 37%|███▋      | 253/693 [00:57<01:52,  3.92it/s]
 37%|███▋      | 254/693 [00:57<01:40,  4.36it/s]
 37%|███▋      | 255/693 [00:57<01:27,  5.00it/s]
 37%|███▋      | 256/693 [00:58<01:27,  5.00it/s]
 37%|███▋      | 257/693 [00:58<01:31,  4.75it/s]
 37%|███▋      | 258/693 [00:58<01:35,  4.58it/s]
 37%|███▋      | 259/693 [00:58<01:37,  4.47it/s]
 38%|███▊      | 260/693 [00:59<01:38,  4.39it/s]
 38%|███▊      | 261/693 [00:59<01:39,  4.34it/s]
 38%|███▊      | 262/693 [00:59<01:37,  4.44it/s]
 38%|███▊      | 263/693 [00:59<01:35,  4.48it/s]
 38%|███▊      | 264/693 [00:59<01:37,  4.39it/s]
 38%|███▊      | 265/693 [01:00<01:38,  4.36it/s]
 38%|███▊      | 266/693 [01:00<01:38,  4.33it/s]
 39%|███▊      | 267/693 [01:00<01:26,  4.94it/s]
 39%|███▊      | 268/693 [01:00<01:18,  5.40it/s]
 39%|███▉      | 269/693 [01:00<01:22,  5.13it/s]
 39%|███▉      | 270/693 [01:01<01:27,  4.82it/s]
 39%|███▉      | 271/693 [01:01<01:31,  4.62it/s]
 39%|███▉      | 272/693 [01:01<01:33,  4.49it/s]
 39%|███▉      | 273/693 [01:01<01:35,  4.41it/s]
 40%|███▉      | 274/693 [01:02<01:36,  4.36it/s]
 40%|███▉      | 275/693 [01:02<01:34,  4.41it/s]
 40%|███▉      | 276/693 [01:02<01:35,  4.37it/s]
 40%|███▉      | 277/693 [01:02<01:36,  4.33it/s]
 40%|████      | 278/693 [01:03<01:37,  4.27it/s]
 40%|████      | 279/693 [01:03<01:32,  4.50it/s]
 40%|████      | 280/693 [01:03<01:21,  5.07it/s]
 41%|████      | 281/693 [01:03<01:14,  5.55it/s]
 41%|████      | 282/693 [01:03<01:21,  5.07it/s]
 41%|████      | 283/693 [01:03<01:25,  4.78it/s]
 41%|████      | 284/693 [01:04<01:28,  4.60it/s]
 41%|████      | 285/693 [01:04<01:31,  4.48it/s]
 41%|████▏     | 286/693 [01:04<01:33,  4.37it/s]
 41%|████▏     | 287/693 [01:04<01:33,  4.33it/s]
 42%|████▏     | 288/693 [01:05<01:30,  4.47it/s]
 42%|████▏     | 289/693 [01:05<01:31,  4.41it/s]
 42%|████▏     | 290/693 [01:05<01:32,  4.37it/s]
 42%|████▏     | 291/693 [01:05<01:32,  4.35it/s]
 42%|████▏     | 292/693 [01:06<01:28,  4.52it/s]
 42%|████▏     | 293/693 [01:06<01:17,  5.16it/s]
 42%|████▏     | 294/693 [01:06<01:13,  5.45it/s]
 43%|████▎     | 295/693 [01:06<01:19,  5.03it/s]
 43%|████▎     | 296/693 [01:06<01:23,  4.74it/s]
 43%|████▎     | 297/693 [01:07<01:26,  4.57it/s]
 43%|████▎     | 298/693 [01:07<01:28,  4.47it/s]
 43%|████▎     | 299/693 [01:07<01:29,  4.40it/s]
 43%|████▎     | 300/693 [01:07<01:29,  4.38it/s]
 43%|████▎     | 301/693 [01:07<01:25,  4.57it/s]
 44%|████▎     | 302/693 [01:08<01:27,  4.49it/s]
 44%|████▎     | 303/693 [01:08<01:28,  4.43it/s]
 44%|████▍     | 304/693 [01:08<01:28,  4.38it/s]
 44%|████▍     | 305/693 [01:08<01:26,  4.51it/s]
 44%|████▍     | 306/693 [01:08<01:16,  5.07it/s]
 44%|████▍     | 307/693 [01:09<01:09,  5.58it/s]
 44%|████▍     | 308/693 [01:09<01:15,  5.09it/s]
 45%|████▍     | 309/693 [01:09<01:20,  4.78it/s]
 45%|████▍     | 310/693 [01:09<01:23,  4.60it/s]
 45%|████▍     | 311/693 [01:10<01:24,  4.51it/s]
 45%|████▌     | 312/693 [01:10<01:26,  4.42it/s]
 45%|████▌     | 313/693 [01:10<01:27,  4.35it/s]
 45%|████▌     | 314/693 [01:10<01:25,  4.42it/s]
 45%|████▌     | 315/693 [01:10<01:26,  4.38it/s]
 46%|████▌     | 316/693 [01:11<01:26,  4.34it/s]
 46%|████▌     | 317/693 [01:11<01:26,  4.33it/s]
 46%|████▌     | 318/693 [01:11<01:23,  4.48it/s]
 46%|████▌     | 319/693 [01:11<01:14,  5.00it/s]
 46%|████▌     | 320/693 [01:11<01:15,  4.92it/s]
 46%|████▋     | 321/693 [01:12<01:19,  4.68it/s]
 46%|████▋     | 322/693 [01:12<01:21,  4.54it/s]
 47%|████▋     | 323/693 [01:12<01:23,  4.44it/s]
 47%|████▋     | 324/693 [01:12<01:24,  4.38it/s]
 47%|████▋     | 325/693 [01:13<01:24,  4.33it/s]
 47%|████▋     | 326/693 [01:13<01:22,  4.43it/s]
 47%|████▋     | 327/693 [01:13<01:21,  4.48it/s]
 47%|████▋     | 328/693 [01:13<01:23,  4.35it/s]
 47%|████▋     | 329/693 [01:14<01:24,  4.31it/s]
 48%|████▊     | 330/693 [01:14<01:25,  4.27it/s]
 48%|████▊     | 331/693 [01:14<01:15,  4.81it/s]
 48%|████▊     | 332/693 [01:14<01:15,  4.76it/s]
 48%|████▊     | 333/693 [01:14<01:16,  4.73it/s]
 48%|████▊     | 334/693 [01:15<01:19,  4.53it/s]
 48%|████▊     | 335/693 [01:15<01:21,  4.42it/s]
 48%|████▊     | 336/693 [01:15<01:22,  4.31it/s]
 49%|████▊     | 337/693 [01:15<01:23,  4.26it/s]
 49%|████▉     | 338/693 [01:16<01:24,  4.22it/s]
 49%|████▉     | 339/693 [01:16<01:21,  4.33it/s]
 49%|████▉     | 340/693 [01:16<01:22,  4.27it/s]
 49%|████▉     | 341/693 [01:16<01:22,  4.26it/s]
 49%|████▉     | 342/693 [01:17<01:22,  4.23it/s]
 49%|████▉     | 343/693 [01:17<01:15,  4.63it/s]
 50%|████▉     | 344/693 [01:17<01:13,  4.73it/s]
 50%|████▉     | 345/693 [01:17<01:10,  4.94it/s]
 50%|████▉     | 346/693 [01:17<01:14,  4.68it/s]
 50%|█████     | 347/693 [01:18<01:16,  4.51it/s]
 50%|█████     | 348/693 [01:18<01:18,  4.39it/s]
 50%|█████     | 349/693 [01:18<01:19,  4.32it/s]
 51%|█████     | 350/693 [01:18<01:20,  4.27it/s]
 51%|█████     | 351/693 [01:19<01:19,  4.32it/s]
 51%|█████     | 352/693 [01:19<01:19,  4.28it/s]
 51%|█████     | 353/693 [01:19<01:19,  4.27it/s]
 51%|█████     | 354/693 [01:19<01:19,  4.25it/s]
 51%|█████     | 355/693 [01:19<01:17,  4.36it/s]
 51%|█████▏    | 356/693 [01:20<01:08,  4.90it/s]
 52%|█████▏    | 357/693 [01:20<01:02,  5.41it/s]
 52%|█████▏    | 358/693 [01:20<01:07,  4.95it/s]
 52%|█████▏    | 359/693 [01:20<01:10,  4.73it/s]
 52%|█████▏    | 360/693 [01:20<01:13,  4.52it/s]
 52%|█████▏    | 361/693 [01:21<01:14,  4.43it/s]
 52%|█████▏    | 362/693 [01:21<01:16,  4.34it/s]
 52%|█████▏    | 363/693 [01:21<01:16,  4.29it/s]
 53%|█████▎    | 364/693 [01:21<01:17,  4.27it/s]
 53%|█████▎    | 365/693 [01:22<01:16,  4.30it/s]
 53%|█████▎    | 366/693 [01:22<01:16,  4.27it/s]
 53%|█████▎    | 367/693 [01:22<01:16,  4.28it/s]
 53%|█████▎    | 368/693 [01:22<01:09,  4.68it/s]
 53%|█████▎    | 369/693 [01:22<01:00,  5.32it/s]
 53%|█████▎    | 370/693 [01:23<01:01,  5.23it/s]
 54%|█████▎    | 371/693 [01:23<01:06,  4.86it/s]
 54%|█████▎    | 372/693 [01:23<01:08,  4.67it/s]
 54%|█████▍    | 373/693 [01:23<01:10,  4.53it/s]
 54%|█████▍    | 374/693 [01:24<01:11,  4.45it/s]
 54%|█████▍    | 375/693 [01:24<01:12,  4.38it/s]
 54%|█████▍    | 376/693 [01:24<01:12,  4.40it/s]
 54%|█████▍    | 377/693 [01:24<01:08,  4.59it/s]
 55%|█████▍    | 378/693 [01:24<01:10,  4.46it/s]
 55%|█████▍    | 379/693 [01:25<01:11,  4.40it/s]
 55%|█████▍    | 380/693 [01:25<01:11,  4.35it/s]
 55%|█████▍    | 381/693 [01:25<01:04,  4.83it/s]
 55%|█████▌    | 382/693 [01:25<00:58,  5.28it/s]
 55%|█████▌    | 383/693 [01:25<01:00,  5.09it/s]
 55%|█████▌    | 384/693 [01:26<01:04,  4.78it/s]
 56%|█████▌    | 385/693 [01:26<01:07,  4.59it/s]
 56%|█████▌    | 386/693 [01:26<01:08,  4.50it/s]
 56%|█████▌    | 387/693 [01:26<01:09,  4.40it/s]
 56%|█████▌    | 388/693 [01:27<01:10,  4.35it/s]
 56%|█████▌    | 389/693 [01:27<01:10,  4.34it/s]
 56%|█████▋    | 390/693 [01:27<01:10,  4.31it/s]
 56%|█████▋    | 391/693 [01:27<01:10,  4.28it/s]
 57%|█████▋    | 392/693 [01:28<01:10,  4.27it/s]
 57%|█████▋    | 393/693 [01:28<01:07,  4.43it/s]
 57%|█████▋    | 394/693 [01:28<01:02,  4.79it/s]
 57%|█████▋    | 395/693 [01:28<01:04,  4.62it/s]
 57%|█████▋    | 396/693 [01:28<01:06,  4.50it/s]
 57%|█████▋    | 397/693 [01:29<01:07,  4.41it/s]
 57%|█████▋    | 398/693 [01:29<01:07,  4.36it/s]
 58%|█████▊    | 399/693 [01:29<01:08,  4.30it/s]
 58%|█████▊    | 400/693 [01:29<01:08,  4.26it/s]
 58%|█████▊    | 401/693 [01:30<01:06,  4.39it/s]
 58%|█████▊    | 402/693 [01:30<01:07,  4.32it/s]
 58%|█████▊    | 403/693 [01:30<01:07,  4.31it/s]
 58%|█████▊    | 404/693 [01:30<01:07,  4.30it/s]
 58%|█████▊    | 405/693 [01:30<01:03,  4.51it/s]
 59%|█████▊    | 406/693 [01:31<00:56,  5.09it/s]
 59%|█████▊    | 407/693 [01:31<00:50,  5.65it/s]
 59%|█████▉    | 408/693 [01:31<00:54,  5.21it/s]
 59%|█████▉    | 409/693 [01:31<00:58,  4.87it/s]
 59%|█████▉    | 410/693 [01:31<01:00,  4.66it/s]
 59%|█████▉    | 411/693 [01:32<01:02,  4.52it/s]
 59%|█████▉    | 412/693 [01:32<01:03,  4.41it/s]
 60%|█████▉    | 413/693 [01:32<01:04,  4.36it/s]
 60%|█████▉    | 414/693 [01:32<01:03,  4.38it/s]
 60%|█████▉    | 415/693 [01:33<01:04,  4.34it/s]
 60%|██████    | 416/693 [01:33<01:04,  4.32it/s]
 60%|██████    | 417/693 [01:33<01:04,  4.30it/s]
 60%|██████    | 418/693 [01:33<01:01,  4.45it/s]
 60%|██████    | 419/693 [01:33<00:53,  5.10it/s]
 61%|██████    | 420/693 [01:34<00:51,  5.35it/s]
 61%|██████    | 421/693 [01:34<00:54,  4.98it/s]
 61%|██████    | 422/693 [01:34<00:57,  4.71it/s]
 61%|██████    | 423/693 [01:34<00:59,  4.56it/s]
 61%|██████    | 424/693 [01:35<01:00,  4.44it/s]
 61%|██████▏   | 425/693 [01:35<01:01,  4.37it/s]
 61%|██████▏   | 426/693 [01:35<01:01,  4.32it/s]
 62%|██████▏   | 427/693 [01:35<01:00,  4.42it/s]
 62%|██████▏   | 428/693 [01:35<01:00,  4.37it/s]
 62%|██████▏   | 429/693 [01:36<01:00,  4.36it/s]
 62%|██████▏   | 430/693 [01:36<01:00,  4.35it/s]
 62%|██████▏   | 431/693 [01:36<00:57,  4.58it/s]
 62%|██████▏   | 432/693 [01:36<00:49,  5.25it/s]
 62%|██████▏   | 433/693 [01:36<00:44,  5.86it/s]
 63%|██████▎   | 434/693 [01:37<00:46,  5.54it/s]
 63%|██████▎   | 435/693 [01:37<00:51,  5.06it/s]
 63%|██████▎   | 436/693 [01:37<00:53,  4.80it/s]
 63%|██████▎   | 437/693 [01:37<00:55,  4.60it/s]
 63%|██████▎   | 438/693 [01:38<00:56,  4.52it/s]
 63%|██████▎   | 439/693 [01:38<00:57,  4.42it/s]
 63%|██████▎   | 440/693 [01:38<00:56,  4.44it/s]
 64%|██████▎   | 441/693 [01:38<00:55,  4.58it/s]
 64%|██████▍   | 442/693 [01:38<00:55,  4.50it/s]
 64%|██████▍   | 443/693 [01:39<00:56,  4.43it/s]
 64%|██████▍   | 444/693 [01:39<00:56,  4.40it/s]
 64%|██████▍   | 445/693 [01:39<00:51,  4.86it/s]
 64%|██████▍   | 446/693 [01:39<00:45,  5.48it/s]
 65%|██████▍   | 447/693 [01:39<00:45,  5.38it/s]
 65%|██████▍   | 448/693 [01:40<00:49,  4.99it/s]
 65%|██████▍   | 449/693 [01:40<00:51,  4.70it/s]
 65%|██████▍   | 450/693 [01:40<00:53,  4.57it/s]
 65%|██████▌   | 451/693 [01:40<00:54,  4.46it/s]
 65%|██████▌   | 452/693 [01:41<00:54,  4.42it/s]
 65%|██████▌   | 453/693 [01:41<00:54,  4.43it/s]
 66%|██████▌   | 454/693 [01:41<00:52,  4.51it/s]
 66%|██████▌   | 455/693 [01:41<00:53,  4.43it/s]
 66%|██████▌   | 456/693 [01:41<00:54,  4.38it/s]
 66%|██████▌   | 457/693 [01:42<00:54,  4.34it/s]
 66%|██████▌   | 458/693 [01:42<00:48,  4.81it/s]
 66%|██████▌   | 459/693 [01:42<00:42,  5.45it/s]
 66%|██████▋   | 460/693 [01:42<00:44,  5.21it/s]
 67%|██████▋   | 461/693 [01:42<00:47,  4.87it/s]
 67%|██████▋   | 462/693 [01:43<00:49,  4.66it/s]
 67%|██████▋   | 463/693 [01:43<00:50,  4.51it/s]
 67%|██████▋   | 464/693 [01:43<00:51,  4.42it/s]
 67%|██████▋   | 465/693 [01:43<00:52,  4.38it/s]
 67%|██████▋   | 466/693 [01:44<00:51,  4.45it/s]
 67%|██████▋   | 467/693 [01:44<00:49,  4.53it/s]
 68%|██████▊   | 468/693 [01:44<00:50,  4.43it/s]
 68%|██████▊   | 469/693 [01:44<00:51,  4.39it/s]
 68%|██████▊   | 470/693 [01:44<00:51,  4.35it/s]
 68%|██████▊   | 471/693 [01:45<00:45,  4.91it/s]
 68%|██████▊   | 472/693 [01:45<00:41,  5.32it/s]
 68%|██████▊   | 473/693 [01:45<00:43,  5.06it/s]
 68%|██████▊   | 474/693 [01:45<00:46,  4.75it/s]
 69%|██████▊   | 475/693 [01:45<00:47,  4.60it/s]
 69%|██████▊   | 476/693 [01:46<00:48,  4.47it/s]
 69%|██████▉   | 477/693 [01:46<00:49,  4.39it/s]
 69%|██████▉   | 478/693 [01:46<00:49,  4.34it/s]
 69%|██████▉   | 479/693 [01:46<00:48,  4.39it/s]
 69%|██████▉   | 480/693 [01:47<00:49,  4.34it/s]
 69%|██████▉   | 481/693 [01:47<00:49,  4.32it/s]
 70%|██████▉   | 482/693 [01:47<00:49,  4.30it/s]
 70%|██████▉   | 483/693 [01:47<00:47,  4.44it/s]
 70%|██████▉   | 484/693 [01:47<00:41,  5.00it/s]
 70%|██████▉   | 485/693 [01:48<00:37,  5.52it/s]
 70%|███████   | 486/693 [01:48<00:41,  5.05it/s]
 70%|███████   | 487/693 [01:48<00:43,  4.75it/s]
 70%|███████   | 488/693 [01:48<00:44,  4.57it/s]
 71%|███████   | 489/693 [01:49<00:45,  4.46it/s]
 71%|███████   | 490/693 [01:49<00:46,  4.39it/s]
 71%|███████   | 491/693 [01:49<00:46,  4.33it/s]
 71%|███████   | 492/693 [01:49<00:45,  4.44it/s]
 71%|███████   | 493/693 [01:49<00:45,  4.40it/s]
 71%|███████▏  | 494/693 [01:50<00:45,  4.35it/s]
 71%|███████▏  | 495/693 [01:50<00:45,  4.33it/s]
 72%|███████▏  | 496/693 [01:50<00:44,  4.47it/s]
 72%|███████▏  | 497/693 [01:50<00:38,  5.10it/s]
 72%|███████▏  | 498/693 [01:50<00:35,  5.53it/s]
 72%|███████▏  | 499/693 [01:51<00:37,  5.12it/s]
 72%|███████▏  | 500/693 [01:51<00:40,  4.79it/s]
 72%|███████▏  | 501/693 [01:51<00:41,  4.65it/s]
 72%|███████▏  | 502/693 [01:51<00:42,  4.49it/s]
 73%|███████▎  | 503/693 [01:52<00:43,  4.40it/s]
 73%|███████▎  | 504/693 [01:52<00:43,  4.34it/s]
 73%|███████▎  | 505/693 [01:52<00:42,  4.43it/s]
 73%|███████▎  | 506/693 [01:52<00:42,  4.37it/s]
 73%|███████▎  | 507/693 [01:53<00:43,  4.32it/s]
 73%|███████▎  | 508/693 [01:53<00:42,  4.31it/s]
 73%|███████▎  | 509/693 [01:53<00:41,  4.44it/s]
 74%|███████▎  | 510/693 [01:53<00:36,  5.04it/s]
 74%|███████▎  | 511/693 [01:53<00:32,  5.64it/s]
 74%|███████▍  | 512/693 [01:53<00:33,  5.33it/s]
 74%|███████▍  | 513/693 [01:54<00:36,  4.94it/s]
 74%|███████▍  | 514/693 [01:54<00:38,  4.68it/s]
 74%|███████▍  | 515/693 [01:54<00:39,  4.53it/s]
 74%|███████▍  | 516/693 [01:54<00:40,  4.42it/s]
 75%|███████▍  | 517/693 [01:55<00:40,  4.34it/s]
 75%|███████▍  | 518/693 [01:55<00:39,  4.44it/s]
 75%|███████▍  | 519/693 [01:55<00:38,  4.57it/s]
 75%|███████▌  | 520/693 [01:55<00:38,  4.45it/s]
 75%|███████▌  | 521/693 [01:56<00:38,  4.41it/s]
 75%|███████▌  | 522/693 [01:56<00:39,  4.36it/s]
 75%|███████▌  | 523/693 [01:56<00:35,  4.83it/s]
 76%|███████▌  | 524/693 [01:56<00:31,  5.30it/s]
 76%|███████▌  | 525/693 [01:56<00:33,  4.99it/s]
 76%|███████▌  | 526/693 [01:57<00:35,  4.74it/s]
 76%|███████▌  | 527/693 [01:57<00:36,  4.58it/s]
 76%|███████▌  | 528/693 [01:57<00:37,  4.42it/s]
 76%|███████▋  | 529/693 [01:57<00:37,  4.40it/s]
 76%|███████▋  | 530/693 [01:57<00:37,  4.34it/s]
 77%|███████▋  | 531/693 [01:58<00:36,  4.39it/s]
 77%|███████▋  | 532/693 [01:58<00:37,  4.34it/s]
 77%|███████▋  | 533/693 [01:58<00:36,  4.33it/s]
 77%|███████▋  | 534/693 [01:58<00:36,  4.31it/s]
 77%|███████▋  | 535/693 [01:59<00:35,  4.48it/s]
 77%|███████▋  | 536/693 [01:59<00:31,  5.00it/s]
 77%|███████▋  | 537/693 [01:59<00:28,  5.46it/s]
 78%|███████▊  | 538/693 [01:59<00:30,  5.00it/s]
 78%|███████▊  | 539/693 [01:59<00:32,  4.75it/s]
 78%|███████▊  | 540/693 [02:00<00:33,  4.54it/s]
 78%|███████▊  | 541/693 [02:00<00:34,  4.39it/s]
 78%|███████▊  | 542/693 [02:00<00:34,  4.33it/s]
 78%|███████▊  | 543/693 [02:00<00:34,  4.31it/s]
 78%|███████▊  | 544/693 [02:01<00:34,  4.37it/s]
 79%|███████▊  | 545/693 [02:01<00:34,  4.33it/s]
 79%|███████▉  | 546/693 [02:01<00:34,  4.30it/s]
 79%|███████▉  | 547/693 [02:01<00:33,  4.31it/s]
 79%|███████▉  | 548/693 [02:01<00:31,  4.63it/s]
 79%|███████▉  | 549/693 [02:02<00:29,  4.85it/s]
 79%|███████▉  | 550/693 [02:02<00:30,  4.65it/s]
 80%|███████▉  | 551/693 [02:02<00:31,  4.51it/s]
 80%|███████▉  | 552/693 [02:02<00:32,  4.39it/s]
 80%|███████▉  | 553/693 [02:03<00:32,  4.36it/s]
 80%|███████▉  | 554/693 [02:03<00:32,  4.30it/s]
 80%|████████  | 555/693 [02:03<00:32,  4.27it/s]
 80%|████████  | 556/693 [02:03<00:31,  4.41it/s]
 80%|████████  | 557/693 [02:03<00:31,  4.34it/s]
 81%|████████  | 558/693 [02:04<00:31,  4.31it/s]
 81%|████████  | 559/693 [02:04<00:31,  4.28it/s]
 81%|████████  | 560/693 [02:04<00:29,  4.49it/s]
 81%|████████  | 561/693 [02:04<00:25,  5.12it/s]
 81%|████████  | 562/693 [02:05<00:32,  4.04it/s]
 81%|████████  | 563/693 [02:05<00:31,  4.12it/s]
 81%|████████▏ | 564/693 [02:05<00:31,  4.08it/s]
 82%|████████▏ | 565/693 [02:05<00:30,  4.16it/s]
 82%|████████▏ | 566/693 [02:06<00:30,  4.19it/s]
 82%|████████▏ | 567/693 [02:06<00:30,  4.19it/s]
 82%|████████▏ | 568/693 [02:06<00:29,  4.26it/s]
 82%|████████▏ | 569/693 [02:06<00:29,  4.24it/s]
 82%|████████▏ | 570/693 [02:07<00:30,  4.10it/s]
 82%|████████▏ | 571/693 [02:07<00:29,  4.17it/s]
 83%|████████▎ | 572/693 [02:07<00:25,  4.74it/s]
 83%|████████▎ | 573/693 [02:07<00:22,  5.35it/s]
 83%|████████▎ | 574/693 [02:07<00:23,  5.15it/s]
 83%|████████▎ | 575/693 [02:08<00:24,  4.82it/s]
 83%|████████▎ | 576/693 [02:08<00:25,  4.62it/s]
 83%|████████▎ | 577/693 [02:08<00:25,  4.50it/s]
 83%|████████▎ | 578/693 [02:08<00:25,  4.42it/s]
 84%|████████▎ | 579/693 [02:08<00:26,  4.37it/s]
 84%|████████▎ | 580/693 [02:09<00:25,  4.48it/s]
 84%|████████▍ | 581/693 [02:09<00:24,  4.50it/s]
 84%|████████▍ | 582/693 [02:09<00:25,  4.42it/s]
 84%|████████▍ | 583/693 [02:09<00:25,  4.37it/s]
 84%|████████▍ | 584/693 [02:10<00:25,  4.31it/s]
 84%|████████▍ | 585/693 [02:10<00:22,  4.90it/s]
 85%|████████▍ | 586/693 [02:10<00:22,  4.68it/s]
 85%|████████▍ | 587/693 [02:10<00:23,  4.53it/s]
 85%|████████▍ | 588/693 [02:10<00:23,  4.43it/s]
 85%|████████▍ | 589/693 [02:11<00:23,  4.37it/s]
 85%|████████▌ | 590/693 [02:11<00:23,  4.33it/s]
 85%|████████▌ | 591/693 [02:11<00:23,  4.30it/s]
 85%|████████▌ | 592/693 [02:11<00:23,  4.32it/s]
 86%|████████▌ | 593/693 [02:12<00:22,  4.51it/s]
 86%|████████▌ | 594/693 [02:12<00:22,  4.42it/s]
 86%|████████▌ | 595/693 [02:12<00:22,  4.38it/s]
 86%|████████▌ | 596/693 [02:12<00:22,  4.34it/s]
 86%|████████▌ | 597/693 [02:12<00:19,  4.84it/s]
 86%|████████▋ | 598/693 [02:13<00:17,  5.32it/s]
 86%|████████▋ | 599/693 [02:13<00:19,  4.95it/s]
 87%|████████▋ | 600/693 [02:13<00:19,  4.71it/s]
 87%|████████▋ | 601/693 [02:13<00:20,  4.55it/s]
 87%|████████▋ | 602/693 [02:14<00:20,  4.45it/s]
 87%|████████▋ | 603/693 [02:14<00:20,  4.39it/s]
 87%|████████▋ | 604/693 [02:14<00:20,  4.34it/s]
 87%|████████▋ | 605/693 [02:14<00:19,  4.41it/s]
 87%|████████▋ | 606/693 [02:14<00:20,  4.35it/s]
 88%|████████▊ | 607/693 [02:15<00:19,  4.33it/s]
 88%|████████▊ | 608/693 [02:15<00:19,  4.31it/s]
 88%|████████▊ | 609/693 [02:15<00:18,  4.49it/s]
 88%|████████▊ | 610/693 [02:15<00:16,  5.02it/s]
 88%|████████▊ | 611/693 [02:15<00:14,  5.47it/s]
 88%|████████▊ | 612/693 [02:16<00:16,  4.98it/s]
 88%|████████▊ | 613/693 [02:16<00:16,  4.71it/s]
 89%|████████▊ | 614/693 [02:16<00:17,  4.53it/s]
 89%|████████▊ | 615/693 [02:16<00:17,  4.45it/s]
 89%|████████▉ | 616/693 [02:17<00:17,  4.38it/s]
 89%|████████▉ | 617/693 [02:17<00:17,  4.32it/s]
 89%|████████▉ | 618/693 [02:17<00:17,  4.35it/s]
 89%|████████▉ | 619/693 [02:17<00:17,  4.33it/s]
 89%|████████▉ | 620/693 [02:18<00:16,  4.29it/s]
 90%|████████▉ | 621/693 [02:18<00:16,  4.29it/s]
 90%|████████▉ | 622/693 [02:18<00:15,  4.62it/s]
 90%|████████▉ | 623/693 [02:18<00:13,  5.26it/s]
 90%|█████████ | 624/693 [02:18<00:13,  5.14it/s]
 90%|█████████ | 625/693 [02:19<00:14,  4.81it/s]
 90%|█████████ | 626/693 [02:19<00:14,  4.62it/s]
 90%|█████████ | 627/693 [02:19<00:14,  4.49it/s]
 91%|█████████ | 628/693 [02:19<00:14,  4.41it/s]
 91%|█████████ | 629/693 [02:19<00:14,  4.35it/s]
 91%|█████████ | 630/693 [02:20<00:14,  4.49it/s]
 91%|█████████ | 631/693 [02:20<00:13,  4.49it/s]
 91%|█████████ | 632/693 [02:20<00:13,  4.40it/s]
 91%|█████████▏| 633/693 [02:20<00:13,  4.38it/s]
 91%|█████████▏| 634/693 [02:21<00:13,  4.33it/s]
 92%|█████████▏| 635/693 [02:21<00:11,  4.92it/s]
 92%|█████████▏| 636/693 [02:21<00:10,  5.32it/s]
 92%|█████████▏| 637/693 [02:21<00:10,  5.40it/s]
 92%|█████████▏| 638/693 [02:21<00:11,  4.98it/s]
 92%|█████████▏| 639/693 [02:22<00:11,  4.71it/s]
 92%|█████████▏| 640/693 [02:22<00:11,  4.55it/s]
 92%|█████████▏| 641/693 [02:22<00:11,  4.45it/s]
 93%|█████████▎| 642/693 [02:22<00:11,  4.38it/s]
 93%|█████████▎| 643/693 [02:22<00:11,  4.43it/s]
 93%|█████████▎| 644/693 [02:23<00:10,  4.54it/s]
 93%|█████████▎| 645/693 [02:23<00:10,  4.40it/s]
 93%|█████████▎| 646/693 [02:23<00:10,  4.32it/s]
 93%|█████████▎| 647/693 [02:23<00:10,  4.29it/s]
 94%|█████████▎| 648/693 [02:24<00:09,  4.82it/s]
 94%|█████████▎| 649/693 [02:24<00:08,  5.37it/s]
 94%|█████████▍| 650/693 [02:24<00:08,  5.05it/s]
 94%|█████████▍| 651/693 [02:24<00:08,  4.76it/s]
 94%|█████████▍| 652/693 [02:24<00:08,  4.59it/s]
 94%|█████████▍| 653/693 [02:25<00:08,  4.47it/s]
 94%|█████████▍| 654/693 [02:25<00:08,  4.38it/s]
 95%|█████████▍| 655/693 [02:25<00:08,  4.35it/s]
 95%|█████████▍| 656/693 [02:25<00:08,  4.34it/s]
 95%|█████████▍| 657/693 [02:26<00:08,  4.32it/s]
 95%|█████████▍| 658/693 [02:26<00:08,  4.29it/s]
 95%|█████████▌| 659/693 [02:26<00:07,  4.29it/s]
 95%|█████████▌| 660/693 [02:26<00:07,  4.43it/s]
 95%|█████████▌| 661/693 [02:26<00:06,  5.08it/s]
 96%|█████████▌| 662/693 [02:27<00:05,  5.34it/s]
 96%|█████████▌| 663/693 [02:27<00:06,  4.99it/s]
 96%|█████████▌| 664/693 [02:27<00:06,  4.73it/s]
 96%|█████████▌| 665/693 [02:27<00:06,  4.59it/s]
 96%|█████████▌| 666/693 [02:27<00:06,  4.48it/s]
 96%|█████████▌| 667/693 [02:28<00:05,  4.40it/s]
 96%|█████████▋| 668/693 [02:28<00:05,  4.37it/s]
 97%|█████████▋| 669/693 [02:28<00:05,  4.52it/s]
 97%|█████████▋| 670/693 [02:28<00:05,  4.46it/s]
 97%|█████████▋| 671/693 [02:29<00:04,  4.41it/s]
 97%|█████████▋| 672/693 [02:29<00:04,  4.38it/s]
 97%|█████████▋| 673/693 [02:29<00:04,  4.70it/s]
 97%|█████████▋| 674/693 [02:29<00:03,  5.22it/s]
 97%|█████████▋| 675/693 [02:29<00:03,  4.89it/s]
 98%|█████████▊| 676/693 [02:30<00:03,  4.69it/s]
 98%|█████████▊| 677/693 [02:30<00:03,  4.55it/s]
 98%|█████████▊| 678/693 [02:30<00:03,  4.91it/s]
 98%|█████████▊| 679/693 [02:30<00:02,  5.61it/s]
 98%|█████████▊| 680/693 [02:30<00:02,  6.14it/s]
 98%|█████████▊| 681/693 [02:30<00:01,  6.63it/s]
 98%|█████████▊| 682/693 [02:31<00:01,  6.86it/s]
 99%|█████████▊| 683/693 [02:31<00:01,  7.08it/s]
 99%|█████████▊| 684/693 [02:31<00:01,  7.28it/s]
 99%|█████████▉| 685/693 [02:31<00:01,  7.61it/s]
 99%|█████████▉| 686/693 [02:31<00:00,  7.70it/s]
 99%|█████████▉| 687/693 [02:31<00:00,  6.20it/s]
 99%|█████████▉| 688/693 [02:31<00:00,  6.66it/s]
 99%|█████████▉| 689/693 [02:32<00:00,  7.19it/s]
100%|█████████▉| 690/693 [02:32<00:00,  7.71it/s]
100%|█████████▉| 691/693 [02:32<00:00,  8.13it/s]
100%|█████████▉| 692/693 [02:32<00:00,  8.34it/s]
100%|██████████| 693/693 [02:32<00:00,  8.54it/s]
100%|██████████| 693/693 [02:32<00:00,  4.54it/s]
Training loss: 0.8253419007487799, KL loss: 0.5887336548831728, Sim loss: 0.00015780163566933428, Exo CLS loss: 0.6599751282026414, 
Noun sim loss: 0.11931598117685249, Part sim loss: 0.16612343376161043, Proto loss: 1.1652012568015557, Conc loss: 0.11891627022499301
learning rate:4.738924560924572e-05


  0%|          | 0/168 [00:00<?, ?it/s]
  1%|          | 1/168 [00:00<02:01,  1.37it/s]
  2%|▏         | 4/168 [00:00<00:27,  6.05it/s]
  4%|▎         | 6/168 [00:01<00:24,  6.54it/s]
  6%|▌         | 10/168 [00:01<00:17,  8.94it/s]
  9%|▉         | 15/168 [00:01<00:10, 14.74it/s]
 11%|█         | 18/168 [00:02<00:15,  9.44it/s]
 13%|█▎        | 22/168 [00:02<00:11, 12.92it/s]
 15%|█▌        | 26/168 [00:02<00:15,  9.03it/s]
 18%|█▊        | 30/168 [00:03<00:11, 12.04it/s]
 21%|██        | 35/168 [00:03<00:08, 16.27it/s]
 24%|██▍       | 40/168 [00:03<00:06, 20.72it/s]
 26%|██▌       | 44/168 [00:03<00:05, 23.67it/s]
 29%|██▊       | 48/168 [00:03<00:04, 26.56it/s]
 31%|███       | 52/168 [00:03<00:04, 28.91it/s]
 33%|███▎      | 56/168 [00:03<00:03, 30.39it/s]
 36%|███▌      | 60/168 [00:03<00:04, 23.36it/s]
 39%|███▊      | 65/168 [00:04<00:03, 27.28it/s]
 41%|████      | 69/168 [00:04<00:03, 28.12it/s]
 43%|████▎     | 73/168 [00:04<00:03, 30.49it/s]
 46%|████▌     | 77/168 [00:04<00:04, 22.63it/s]
 48%|████▊     | 81/168 [00:04<00:03, 25.90it/s]
 51%|█████     | 85/168 [00:04<00:03, 24.15it/s]
 54%|█████▎    | 90/168 [00:05<00:03, 25.51it/s]
 55%|█████▌    | 93/168 [00:05<00:03, 22.16it/s]
 57%|█████▋    | 96/168 [00:05<00:04, 17.13it/s]
 60%|█████▉    | 100/168 [00:05<00:03, 20.76it/s]
 62%|██████▏   | 104/168 [00:05<00:02, 24.36it/s]
 64%|██████▍   | 108/168 [00:05<00:02, 27.68it/s]
 67%|██████▋   | 112/168 [00:06<00:01, 30.02it/s]
 69%|██████▉   | 116/168 [00:06<00:01, 27.06it/s]
 71%|███████▏  | 120/168 [00:06<00:01, 24.73it/s]
 73%|███████▎  | 123/168 [00:06<00:01, 23.53it/s]
 75%|███████▌  | 126/168 [00:06<00:01, 23.02it/s]
 77%|███████▋  | 129/168 [00:06<00:01, 22.41it/s]
 79%|███████▉  | 133/168 [00:06<00:01, 25.28it/s]
 82%|████████▏ | 137/168 [00:07<00:01, 25.51it/s]
 83%|████████▎ | 140/168 [00:07<00:01, 24.56it/s]
 85%|████████▌ | 143/168 [00:07<00:01, 23.37it/s]
 87%|████████▋ | 146/168 [00:07<00:00, 22.43it/s]
 89%|████████▊ | 149/168 [00:07<00:00, 21.22it/s]
 90%|█████████ | 152/168 [00:07<00:00, 21.14it/s]
 92%|█████████▏| 155/168 [00:07<00:00, 21.36it/s]
 94%|█████████▍| 158/168 [00:08<00:00, 21.52it/s]
 96%|█████████▌| 161/168 [00:08<00:00, 20.06it/s]
 98%|█████████▊| 164/168 [00:08<00:00, 21.23it/s]
 99%|█████████▉| 167/168 [00:08<00:00, 21.73it/s]
100%|██████████| 168/168 [00:08<00:00, 19.41it/s]
Result on AGD: 
KLD=0.8897297382354736, SIM=0.49998489022254944, NSS=1.5633925199508667
noun sim: 0.11506412116189797, part sim: 0.16221114505259765
No KLD improvement for 1 epoch(s). Best KLD: 0.8819623589515686, Current KLD: 0.8897297382354736
============Training Epoch 6============

  0%|          | 0/693 [00:00<?, ?it/s]/mnt/sdb/wyn/envs/clip-env/lib/python3.10/site-packages/torch/_tensor.py:1002: UserWarning: non-inplace resize is deprecated
  warnings.warn("non-inplace resize is deprecated")
/mnt/sdb/wyn/envs/clip-env/lib/python3.10/site-packages/torch/_tensor.py:1002: UserWarning: non-inplace resize is deprecated
  warnings.warn("non-inplace resize is deprecated")
/mnt/sdb/wyn/envs/clip-env/lib/python3.10/site-packages/torch/_tensor.py:1002: UserWarning: non-inplace resize is deprecated
  warnings.warn("non-inplace resize is deprecated")
/mnt/sdb/wyn/envs/clip-env/lib/python3.10/site-packages/torch/_tensor.py:1002: UserWarning: non-inplace resize is deprecated
  warnings.warn("non-inplace resize is deprecated")
/mnt/sdb/wyn/envs/clip-env/lib/python3.10/site-packages/torch/_tensor.py:1002: UserWarning: non-inplace resize is deprecated
  warnings.warn("non-inplace resize is deprecated")
/mnt/sdb/wyn/envs/clip-env/lib/python3.10/site-packages/torch/_tensor.py:1002: UserWarning: non-inplace resize is deprecated
  warnings.warn("non-inplace resize is deprecated")
/mnt/sdb/wyn/envs/clip-env/lib/python3.10/site-packages/torch/_tensor.py:1002: UserWarning: non-inplace resize is deprecated
  warnings.warn("non-inplace resize is deprecated")
/mnt/sdb/wyn/envs/clip-env/lib/python3.10/site-packages/torch/_tensor.py:1002: UserWarning: non-inplace resize is deprecated
  warnings.warn("non-inplace resize is deprecated")

  0%|          | 1/693 [00:02<23:27,  2.03s/it]
  0%|          | 2/693 [00:02<11:16,  1.02it/s]
  0%|          | 3/693 [00:02<07:21,  1.56it/s]
  1%|          | 4/693 [00:02<05:33,  2.07it/s]
  1%|          | 5/693 [00:04<08:47,  1.30it/s]
  1%|          | 6/693 [00:04<06:43,  1.70it/s]
  1%|          | 7/693 [00:04<05:24,  2.11it/s]
  1%|          | 8/693 [00:04<04:32,  2.52it/s]
  1%|▏         | 9/693 [00:04<03:57,  2.88it/s]
  1%|▏         | 10/693 [00:05<03:32,  3.21it/s]
  2%|▏         | 11/693 [00:05<03:07,  3.64it/s]
  2%|▏         | 12/693 [00:05<02:58,  3.82it/s]
  2%|▏         | 13/693 [00:05<02:52,  3.93it/s]
  2%|▏         | 14/693 [00:06<02:48,  4.03it/s]
  2%|▏         | 15/693 [00:06<02:39,  4.24it/s]
  2%|▏         | 16/693 [00:06<02:17,  4.93it/s]
  2%|▏         | 17/693 [00:06<02:00,  5.60it/s]
  3%|▎         | 18/693 [00:06<01:56,  5.79it/s]
  3%|▎         | 19/693 [00:06<02:09,  5.20it/s]
  3%|▎         | 20/693 [00:07<02:17,  4.90it/s]
  3%|▎         | 21/693 [00:07<02:22,  4.70it/s]
  3%|▎         | 22/693 [00:07<02:27,  4.56it/s]
  3%|▎         | 23/693 [00:07<02:30,  4.44it/s]
  3%|▎         | 24/693 [00:08<02:32,  4.38it/s]
  4%|▎         | 25/693 [00:08<02:33,  4.36it/s]
  4%|▍         | 26/693 [00:08<02:33,  4.33it/s]
  4%|▍         | 27/693 [00:08<02:35,  4.30it/s]
  4%|▍         | 28/693 [00:09<02:36,  4.26it/s]
  4%|▍         | 29/693 [00:09<02:22,  4.65it/s]
  4%|▍         | 30/693 [00:09<02:10,  5.10it/s]
  4%|▍         | 31/693 [00:09<02:18,  4.78it/s]
  5%|▍         | 32/693 [00:09<02:23,  4.62it/s]
  5%|▍         | 33/693 [00:10<02:27,  4.48it/s]
  5%|▍         | 34/693 [00:10<02:29,  4.41it/s]
  5%|▌         | 35/693 [00:10<02:31,  4.34it/s]
  5%|▌         | 36/693 [00:10<02:32,  4.31it/s]
  5%|▌         | 37/693 [00:11<02:33,  4.28it/s]
  5%|▌         | 38/693 [00:11<02:32,  4.29it/s]
  6%|▌         | 39/693 [00:11<02:32,  4.29it/s]
  6%|▌         | 40/693 [00:11<02:32,  4.29it/s]
  6%|▌         | 41/693 [00:11<02:20,  4.64it/s]
  6%|▌         | 42/693 [00:12<02:06,  5.16it/s]
  6%|▌         | 43/693 [00:12<02:13,  4.86it/s]
  6%|▋         | 44/693 [00:12<02:19,  4.64it/s]
  6%|▋         | 45/693 [00:12<02:24,  4.47it/s]
  7%|▋         | 46/693 [00:13<02:29,  4.33it/s]
  7%|▋         | 47/693 [00:13<02:29,  4.33it/s]
  7%|▋         | 48/693 [00:13<02:31,  4.27it/s]
  7%|▋         | 49/693 [00:13<02:27,  4.38it/s]
  7%|▋         | 50/693 [00:13<02:28,  4.34it/s]
  7%|▋         | 51/693 [00:14<02:28,  4.33it/s]
  8%|▊         | 52/693 [00:14<02:28,  4.33it/s]
  8%|▊         | 53/693 [00:14<02:19,  4.58it/s]
  8%|▊         | 54/693 [00:14<02:01,  5.24it/s]
  8%|▊         | 55/693 [00:14<01:49,  5.82it/s]
  8%|▊         | 56/693 [00:15<02:01,  5.26it/s]
  8%|▊         | 57/693 [00:15<02:09,  4.90it/s]
  8%|▊         | 58/693 [00:15<02:15,  4.69it/s]
  9%|▊         | 59/693 [00:15<02:19,  4.53it/s]
  9%|▊         | 60/693 [00:16<02:21,  4.47it/s]
  9%|▉         | 61/693 [00:16<02:24,  4.39it/s]
  9%|▉         | 62/693 [00:16<02:22,  4.42it/s]
  9%|▉         | 63/693 [00:16<02:24,  4.37it/s]
  9%|▉         | 64/693 [00:16<02:24,  4.36it/s]
  9%|▉         | 65/693 [00:17<02:24,  4.33it/s]
 10%|▉         | 66/693 [00:17<02:19,  4.49it/s]
 10%|▉         | 67/693 [00:17<02:00,  5.19it/s]
 10%|▉         | 68/693 [00:17<01:57,  5.33it/s]
 10%|▉         | 69/693 [00:17<02:05,  4.96it/s]
 10%|█         | 70/693 [00:18<02:10,  4.76it/s]
 10%|█         | 71/693 [00:18<02:15,  4.57it/s]
 10%|█         | 72/693 [00:18<02:18,  4.49it/s]
 11%|█         | 73/693 [00:18<02:20,  4.42it/s]
 11%|█         | 74/693 [00:19<02:21,  4.39it/s]
 11%|█         | 75/693 [00:19<02:16,  4.53it/s]
 11%|█         | 76/693 [00:19<02:18,  4.46it/s]
 11%|█         | 77/693 [00:19<02:20,  4.39it/s]
 11%|█▏        | 78/693 [00:19<02:20,  4.37it/s]
 11%|█▏        | 79/693 [00:20<02:13,  4.59it/s]
 12%|█▏        | 80/693 [00:20<01:57,  5.24it/s]
 12%|█▏        | 81/693 [00:20<01:44,  5.83it/s]
 12%|█▏        | 82/693 [00:20<01:54,  5.31it/s]
 12%|█▏        | 83/693 [00:20<02:03,  4.94it/s]
 12%|█▏        | 84/693 [00:21<02:08,  4.74it/s]
 12%|█▏        | 85/693 [00:21<02:14,  4.53it/s]
 12%|█▏        | 86/693 [00:21<02:16,  4.45it/s]
 13%|█▎        | 87/693 [00:21<02:18,  4.38it/s]
 13%|█▎        | 88/693 [00:22<02:19,  4.33it/s]
 13%|█▎        | 89/693 [00:22<02:20,  4.30it/s]
 13%|█▎        | 90/693 [00:22<02:20,  4.29it/s]
 13%|█▎        | 91/693 [00:22<02:20,  4.29it/s]
 13%|█▎        | 92/693 [00:22<02:15,  4.44it/s]
 13%|█▎        | 93/693 [00:23<01:57,  5.11it/s]
 14%|█▎        | 94/693 [00:23<01:53,  5.26it/s]
 14%|█▎        | 95/693 [00:23<02:02,  4.89it/s]
 14%|█▍        | 96/693 [00:23<02:07,  4.67it/s]
 14%|█▍        | 97/693 [00:24<02:12,  4.51it/s]
 14%|█▍        | 98/693 [00:24<02:14,  4.44it/s]
 14%|█▍        | 99/693 [00:24<02:16,  4.36it/s]
 14%|█▍        | 100/693 [00:24<02:16,  4.33it/s]
 15%|█▍        | 101/693 [00:24<02:14,  4.39it/s]
 15%|█▍        | 102/693 [00:25<02:15,  4.35it/s]
 15%|█▍        | 103/693 [00:25<02:16,  4.32it/s]
 15%|█▌        | 104/693 [00:25<02:17,  4.29it/s]
 15%|█▌        | 105/693 [00:25<02:07,  4.61it/s]
 15%|█▌        | 106/693 [00:25<01:53,  5.18it/s]
 15%|█▌        | 107/693 [00:26<01:46,  5.48it/s]
 16%|█▌        | 108/693 [00:26<01:56,  5.04it/s]
 16%|█▌        | 109/693 [00:26<02:02,  4.75it/s]
 16%|█▌        | 110/693 [00:26<02:07,  4.58it/s]
 16%|█▌        | 111/693 [00:27<02:10,  4.47it/s]
 16%|█▌        | 112/693 [00:27<02:12,  4.38it/s]
 16%|█▋        | 113/693 [00:27<02:13,  4.33it/s]
 16%|█▋        | 114/693 [00:27<02:12,  4.36it/s]
 17%|█▋        | 115/693 [00:28<02:14,  4.30it/s]
 17%|█▋        | 116/693 [00:28<02:14,  4.30it/s]
 17%|█▋        | 117/693 [00:28<02:14,  4.28it/s]
 17%|█▋        | 118/693 [00:28<02:03,  4.64it/s]
 17%|█▋        | 119/693 [00:28<01:50,  5.20it/s]
 17%|█▋        | 120/693 [00:29<01:53,  5.05it/s]
 17%|█▋        | 121/693 [00:29<01:59,  4.77it/s]
 18%|█▊        | 122/693 [00:29<02:03,  4.61it/s]
 18%|█▊        | 123/693 [00:29<02:07,  4.46it/s]
 18%|█▊        | 124/693 [00:29<02:09,  4.39it/s]
 18%|█▊        | 125/693 [00:30<02:10,  4.34it/s]
 18%|█▊        | 126/693 [00:30<02:06,  4.47it/s]
 18%|█▊        | 127/693 [00:30<02:05,  4.51it/s]
 18%|█▊        | 128/693 [00:30<02:08,  4.41it/s]
 19%|█▊        | 129/693 [00:31<02:08,  4.38it/s]
 19%|█▉        | 130/693 [00:31<02:09,  4.34it/s]
 19%|█▉        | 131/693 [00:31<01:54,  4.92it/s]
 19%|█▉        | 132/693 [00:31<01:47,  5.24it/s]
 19%|█▉        | 133/693 [00:31<01:54,  4.89it/s]
 19%|█▉        | 134/693 [00:32<01:59,  4.66it/s]
 19%|█▉        | 135/693 [00:32<02:03,  4.51it/s]
 20%|█▉        | 136/693 [00:32<02:05,  4.43it/s]
 20%|█▉        | 137/693 [00:32<02:07,  4.36it/s]
 20%|█▉        | 138/693 [00:33<02:08,  4.33it/s]
 20%|██        | 139/693 [00:33<02:07,  4.34it/s]
 20%|██        | 140/693 [00:33<02:08,  4.30it/s]
 20%|██        | 141/693 [00:33<02:08,  4.31it/s]
 20%|██        | 142/693 [00:33<02:08,  4.30it/s]
 21%|██        | 143/693 [00:34<01:58,  4.65it/s]
 21%|██        | 144/693 [00:34<01:43,  5.29it/s]
 21%|██        | 145/693 [00:34<01:35,  5.71it/s]
 21%|██        | 146/693 [00:34<01:44,  5.23it/s]
 21%|██        | 147/693 [00:34<01:52,  4.87it/s]
 21%|██▏       | 148/693 [00:35<01:56,  4.69it/s]
 22%|██▏       | 149/693 [00:35<01:59,  4.54it/s]
 22%|██▏       | 150/693 [00:35<02:01,  4.48it/s]
 22%|██▏       | 151/693 [00:35<02:03,  4.40it/s]
 22%|██▏       | 152/693 [00:36<02:02,  4.41it/s]
 22%|██▏       | 153/693 [00:36<02:04,  4.35it/s]
 22%|██▏       | 154/693 [00:36<02:05,  4.31it/s]
 22%|██▏       | 155/693 [00:36<02:05,  4.29it/s]
 23%|██▎       | 156/693 [00:36<02:01,  4.43it/s]
 23%|██▎       | 157/693 [00:37<01:46,  5.02it/s]
 23%|██▎       | 158/693 [00:37<01:40,  5.34it/s]
 23%|██▎       | 159/693 [00:37<01:48,  4.92it/s]
 23%|██▎       | 160/693 [00:37<01:53,  4.70it/s]
 23%|██▎       | 161/693 [00:37<01:57,  4.52it/s]
 23%|██▎       | 162/693 [00:38<01:59,  4.44it/s]
 24%|██▎       | 163/693 [00:38<02:01,  4.35it/s]
 24%|██▎       | 164/693 [00:38<02:03,  4.30it/s]
 24%|██▍       | 165/693 [00:38<01:59,  4.42it/s]
 24%|██▍       | 166/693 [00:39<02:02,  4.30it/s]
 24%|██▍       | 167/693 [00:39<02:02,  4.28it/s]
 24%|██▍       | 168/693 [00:39<02:04,  4.20it/s]
 24%|██▍       | 169/693 [00:39<01:51,  4.70it/s]
 25%|██▍       | 170/693 [00:39<01:41,  5.15it/s]
 25%|██▍       | 171/693 [00:40<01:48,  4.81it/s]
 25%|██▍       | 172/693 [00:40<01:53,  4.60it/s]
 25%|██▍       | 173/693 [00:40<01:56,  4.46it/s]
 25%|██▌       | 174/693 [00:40<01:59,  4.36it/s]
 25%|██▌       | 175/693 [00:41<02:00,  4.29it/s]
 25%|██▌       | 176/693 [00:41<02:02,  4.23it/s]
 26%|██▌       | 177/693 [00:41<01:58,  4.34it/s]
 26%|██▌       | 178/693 [00:41<02:00,  4.28it/s]
 26%|██▌       | 179/693 [00:42<01:59,  4.30it/s]
 26%|██▌       | 180/693 [00:42<01:59,  4.28it/s]
 26%|██▌       | 181/693 [00:42<01:47,  4.78it/s]
 26%|██▋       | 182/693 [00:42<01:39,  5.14it/s]
 26%|██▋       | 183/693 [00:42<01:43,  4.92it/s]
 27%|██▋       | 184/693 [00:43<01:49,  4.64it/s]
 27%|██▋       | 185/693 [00:43<01:52,  4.51it/s]
 27%|██▋       | 186/693 [00:43<01:55,  4.37it/s]
 27%|██▋       | 187/693 [00:43<01:56,  4.34it/s]
 27%|██▋       | 188/693 [00:44<01:57,  4.29it/s]
 27%|██▋       | 189/693 [00:44<01:56,  4.33it/s]
 27%|██▋       | 190/693 [00:44<01:57,  4.30it/s]
 28%|██▊       | 191/693 [00:44<01:57,  4.27it/s]
 28%|██▊       | 192/693 [00:44<01:57,  4.28it/s]
 28%|██▊       | 193/693 [00:45<01:47,  4.66it/s]
 28%|██▊       | 194/693 [00:45<01:36,  5.19it/s]
 28%|██▊       | 195/693 [00:45<01:37,  5.08it/s]
 28%|██▊       | 196/693 [00:45<01:43,  4.78it/s]
 28%|██▊       | 197/693 [00:45<01:47,  4.61it/s]
 29%|██▊       | 198/693 [00:46<01:49,  4.53it/s]
 29%|██▊       | 199/693 [00:46<01:52,  4.40it/s]
 29%|██▉       | 200/693 [00:46<01:53,  4.35it/s]
 29%|██▉       | 201/693 [00:46<01:49,  4.50it/s]
 29%|██▉       | 202/693 [00:47<01:47,  4.55it/s]
 29%|██▉       | 203/693 [00:47<01:51,  4.40it/s]
 29%|██▉       | 204/693 [00:47<01:52,  4.36it/s]
 30%|██▉       | 205/693 [00:47<01:53,  4.32it/s]
 30%|██▉       | 206/693 [00:47<01:41,  4.82it/s]
 30%|██▉       | 207/693 [00:48<01:28,  5.47it/s]
 30%|███       | 208/693 [00:48<01:35,  5.08it/s]
 30%|███       | 209/693 [00:48<01:43,  4.70it/s]
 30%|███       | 210/693 [00:48<01:47,  4.49it/s]
 30%|███       | 211/693 [00:49<01:47,  4.49it/s]
 31%|███       | 212/693 [00:49<01:49,  4.40it/s]
 31%|███       | 213/693 [00:49<01:50,  4.36it/s]
 31%|███       | 214/693 [00:49<01:47,  4.45it/s]
 31%|███       | 215/693 [00:49<01:49,  4.37it/s]
 31%|███       | 216/693 [00:50<01:50,  4.33it/s]
 31%|███▏      | 217/693 [00:50<01:50,  4.30it/s]
 31%|███▏      | 218/693 [00:50<01:46,  4.45it/s]
 32%|███▏      | 219/693 [00:50<01:33,  5.07it/s]
 32%|███▏      | 220/693 [00:50<01:24,  5.59it/s]
 32%|███▏      | 221/693 [00:51<01:27,  5.37it/s]
 32%|███▏      | 222/693 [00:51<01:34,  4.97it/s]
 32%|███▏      | 223/693 [00:51<01:39,  4.72it/s]
 32%|███▏      | 224/693 [00:51<01:43,  4.55it/s]
 32%|███▏      | 225/693 [00:52<01:44,  4.46it/s]
 33%|███▎      | 226/693 [00:52<01:45,  4.42it/s]
 33%|███▎      | 227/693 [00:52<01:46,  4.38it/s]
 33%|███▎      | 228/693 [00:52<01:46,  4.37it/s]
 33%|███▎      | 229/693 [00:52<01:46,  4.34it/s]
 33%|███▎      | 230/693 [00:53<01:46,  4.35it/s]
 33%|███▎      | 231/693 [00:53<01:44,  4.43it/s]
 33%|███▎      | 232/693 [00:53<01:31,  5.03it/s]
 34%|███▎      | 233/693 [00:53<01:20,  5.73it/s]
 34%|███▍      | 234/693 [00:53<01:23,  5.49it/s]
 34%|███▍      | 235/693 [00:54<01:31,  5.03it/s]
 34%|███▍      | 236/693 [00:54<01:35,  4.80it/s]
 34%|███▍      | 237/693 [00:54<01:39,  4.59it/s]
 34%|███▍      | 238/693 [00:54<01:41,  4.50it/s]
 34%|███▍      | 239/693 [00:55<01:43,  4.39it/s]
 35%|███▍      | 240/693 [00:55<01:42,  4.42it/s]
 35%|███▍      | 241/693 [00:55<01:38,  4.58it/s]
 35%|███▍      | 242/693 [00:55<01:40,  4.51it/s]
 35%|███▌      | 243/693 [00:55<01:41,  4.44it/s]
 35%|███▌      | 244/693 [00:56<01:41,  4.41it/s]
 35%|███▌      | 245/693 [00:56<01:32,  4.83it/s]
 35%|███▌      | 246/693 [00:56<01:21,  5.46it/s]
 36%|███▌      | 247/693 [00:56<01:23,  5.32it/s]
 36%|███▌      | 248/693 [00:56<01:29,  4.98it/s]
 36%|███▌      | 249/693 [00:57<01:34,  4.71it/s]
 36%|███▌      | 250/693 [00:57<01:36,  4.59it/s]
 36%|███▌      | 251/693 [00:57<01:38,  4.47it/s]
 36%|███▋      | 252/693 [00:57<01:39,  4.43it/s]
 37%|███▋      | 253/693 [00:58<01:39,  4.41it/s]
 37%|███▋      | 254/693 [00:58<01:35,  4.60it/s]
 37%|███▋      | 255/693 [00:58<01:37,  4.48it/s]
 37%|███▋      | 256/693 [00:58<01:38,  4.44it/s]
 37%|███▋      | 257/693 [00:58<01:39,  4.39it/s]
 37%|███▋      | 258/693 [00:59<01:33,  4.66it/s]
 37%|███▋      | 259/693 [00:59<01:23,  5.17it/s]
 38%|███▊      | 260/693 [00:59<01:28,  4.89it/s]
 38%|███▊      | 261/693 [00:59<01:32,  4.67it/s]
 38%|███▊      | 262/693 [00:59<01:35,  4.53it/s]
 38%|███▊      | 263/693 [01:00<01:36,  4.43it/s]
 38%|███▊      | 264/693 [01:00<01:38,  4.36it/s]
 38%|███▊      | 265/693 [01:00<01:39,  4.31it/s]
 38%|███▊      | 266/693 [01:00<01:37,  4.40it/s]
 39%|███▊      | 267/693 [01:01<01:37,  4.35it/s]
 39%|███▊      | 268/693 [01:01<01:37,  4.36it/s]
 39%|███▉      | 269/693 [01:01<01:38,  4.32it/s]
 39%|███▉      | 270/693 [01:01<01:33,  4.55it/s]
 39%|███▉      | 271/693 [01:01<01:23,  5.03it/s]
 39%|███▉      | 272/693 [01:02<01:18,  5.33it/s]
 39%|███▉      | 273/693 [01:02<01:25,  4.93it/s]
 40%|███▉      | 274/693 [01:02<01:29,  4.66it/s]
 40%|███▉      | 275/693 [01:02<01:31,  4.54it/s]
 40%|███▉      | 276/693 [01:03<01:33,  4.45it/s]
 40%|███▉      | 277/693 [01:03<01:35,  4.37it/s]
 40%|████      | 278/693 [01:03<01:35,  4.33it/s]
 40%|████      | 279/693 [01:03<01:33,  4.44it/s]
 40%|████      | 280/693 [01:03<01:34,  4.38it/s]
 41%|████      | 281/693 [01:04<01:34,  4.37it/s]
 41%|████      | 282/693 [01:04<01:34,  4.37it/s]
 41%|████      | 283/693 [01:04<01:25,  4.79it/s]
 41%|████      | 284/693 [01:04<01:15,  5.42it/s]
 41%|████      | 285/693 [01:04<01:11,  5.71it/s]
 41%|████▏     | 286/693 [01:05<01:18,  5.21it/s]
 41%|████▏     | 287/693 [01:05<01:23,  4.89it/s]
 42%|████▏     | 288/693 [01:05<01:26,  4.69it/s]
 42%|████▏     | 289/693 [01:05<01:28,  4.54it/s]
 42%|████▏     | 290/693 [01:06<01:30,  4.48it/s]
 42%|████▏     | 291/693 [01:06<01:31,  4.41it/s]
 42%|████▏     | 292/693 [01:06<01:28,  4.54it/s]
 42%|████▏     | 293/693 [01:06<01:29,  4.45it/s]
 42%|████▏     | 294/693 [01:06<01:30,  4.41it/s]
 43%|████▎     | 295/693 [01:07<01:31,  4.37it/s]
 43%|████▎     | 296/693 [01:07<01:28,  4.50it/s]
 43%|████▎     | 297/693 [01:07<01:16,  5.21it/s]
 43%|████▎     | 298/693 [01:07<01:08,  5.76it/s]
 43%|████▎     | 299/693 [01:07<01:12,  5.44it/s]
 43%|████▎     | 300/693 [01:08<01:17,  5.05it/s]
 43%|████▎     | 301/693 [01:08<01:22,  4.77it/s]
 44%|████▎     | 302/693 [01:08<01:24,  4.62it/s]
 44%|████▎     | 303/693 [01:08<01:27,  4.47it/s]
 44%|████▍     | 304/693 [01:09<01:27,  4.43it/s]
 44%|████▍     | 305/693 [01:09<01:25,  4.54it/s]
 44%|████▍     | 306/693 [01:09<01:24,  4.55it/s]
 44%|████▍     | 307/693 [01:09<01:26,  4.45it/s]
 44%|████▍     | 308/693 [01:09<01:27,  4.41it/s]
 45%|████▍     | 309/693 [01:10<01:28,  4.36it/s]
 45%|████▍     | 310/693 [01:10<01:17,  4.94it/s]
 45%|████▍     | 311/693 [01:10<01:08,  5.60it/s]
 45%|████▌     | 312/693 [01:10<01:10,  5.44it/s]
 45%|████▌     | 313/693 [01:10<01:16,  5.00it/s]
 45%|████▌     | 314/693 [01:11<01:19,  4.76it/s]
 45%|████▌     | 315/693 [01:11<01:22,  4.60it/s]
 46%|████▌     | 316/693 [01:11<01:23,  4.52it/s]
 46%|████▌     | 317/693 [01:11<01:25,  4.42it/s]
 46%|████▌     | 318/693 [01:12<01:25,  4.40it/s]
 46%|████▌     | 319/693 [01:12<01:21,  4.61it/s]
 46%|████▌     | 320/693 [01:12<01:22,  4.53it/s]
 46%|████▋     | 321/693 [01:12<01:23,  4.44it/s]
 46%|████▋     | 322/693 [01:12<01:24,  4.42it/s]
 47%|████▋     | 323/693 [01:13<01:17,  4.80it/s]
 47%|████▋     | 324/693 [01:13<01:07,  5.45it/s]
 47%|████▋     | 325/693 [01:13<01:08,  5.34it/s]
 47%|████▋     | 326/693 [01:13<01:13,  5.00it/s]
 47%|████▋     | 327/693 [01:13<01:17,  4.72it/s]
 47%|████▋     | 328/693 [01:14<01:19,  4.58it/s]
 47%|████▋     | 329/693 [01:14<01:21,  4.47it/s]
 48%|████▊     | 330/693 [01:14<01:21,  4.43it/s]
 48%|████▊     | 331/693 [01:14<01:21,  4.43it/s]
 48%|████▊     | 332/693 [01:15<01:18,  4.58it/s]
 48%|████▊     | 333/693 [01:15<01:21,  4.43it/s]
 48%|████▊     | 334/693 [01:15<01:22,  4.37it/s]
 48%|████▊     | 335/693 [01:15<01:22,  4.35it/s]
 48%|████▊     | 336/693 [01:15<01:12,  4.89it/s]
 49%|████▊     | 337/693 [01:15<01:04,  5.56it/s]
 49%|████▉     | 338/693 [01:16<01:00,  5.89it/s]
 49%|████▉     | 339/693 [01:16<01:05,  5.45it/s]
 49%|████▉     | 340/693 [01:16<01:10,  5.01it/s]
 49%|████▉     | 341/693 [01:16<01:14,  4.74it/s]
 49%|████▉     | 342/693 [01:17<01:16,  4.60it/s]
 49%|████▉     | 343/693 [01:17<01:18,  4.47it/s]
 50%|████▉     | 344/693 [01:17<01:19,  4.41it/s]
 50%|████▉     | 345/693 [01:17<01:18,  4.42it/s]
 50%|████▉     | 346/693 [01:17<01:19,  4.36it/s]
 50%|█████     | 347/693 [01:18<01:19,  4.33it/s]
 50%|█████     | 348/693 [01:18<01:20,  4.28it/s]
 50%|█████     | 349/693 [01:18<01:18,  4.38it/s]
 51%|█████     | 350/693 [01:18<01:10,  4.83it/s]
 51%|█████     | 351/693 [01:19<01:10,  4.87it/s]
 51%|█████     | 352/693 [01:19<01:13,  4.65it/s]
 51%|█████     | 353/693 [01:19<01:15,  4.50it/s]
 51%|█████     | 354/693 [01:19<01:16,  4.41it/s]
 51%|█████     | 355/693 [01:19<01:18,  4.33it/s]
 51%|█████▏    | 356/693 [01:20<01:18,  4.29it/s]
 52%|█████▏    | 357/693 [01:20<01:18,  4.26it/s]
 52%|█████▏    | 358/693 [01:20<01:18,  4.26it/s]
 52%|█████▏    | 359/693 [01:20<01:18,  4.25it/s]
 52%|█████▏    | 360/693 [01:21<01:18,  4.26it/s]
 52%|█████▏    | 361/693 [01:21<01:16,  4.33it/s]
 52%|█████▏    | 362/693 [01:21<01:06,  4.98it/s]
 52%|█████▏    | 363/693 [01:21<00:59,  5.55it/s]
 53%|█████▎    | 364/693 [01:21<01:04,  5.13it/s]
 53%|█████▎    | 365/693 [01:22<01:07,  4.84it/s]
 53%|█████▎    | 366/693 [01:22<01:10,  4.64it/s]
 53%|█████▎    | 367/693 [01:22<01:12,  4.50it/s]
 53%|█████▎    | 368/693 [01:22<01:13,  4.41it/s]
 53%|█████▎    | 369/693 [01:23<01:14,  4.35it/s]
 53%|█████▎    | 370/693 [01:23<01:13,  4.38it/s]
 54%|█████▎    | 371/693 [01:23<01:14,  4.32it/s]
 54%|█████▎    | 372/693 [01:23<01:14,  4.31it/s]
 54%|█████▍    | 373/693 [01:24<01:14,  4.30it/s]
 54%|█████▍    | 374/693 [01:24<01:10,  4.50it/s]
 54%|█████▍    | 375/693 [01:24<01:01,  5.17it/s]
 54%|█████▍    | 376/693 [01:24<00:55,  5.74it/s]
 54%|█████▍    | 377/693 [01:24<00:58,  5.41it/s]
 55%|█████▍    | 378/693 [01:24<01:02,  5.04it/s]
 55%|█████▍    | 379/693 [01:25<01:06,  4.75it/s]
 55%|█████▍    | 380/693 [01:25<01:07,  4.62it/s]
 55%|█████▍    | 381/693 [01:25<01:09,  4.50it/s]
 55%|█████▌    | 382/693 [01:25<01:09,  4.44it/s]
 55%|█████▌    | 383/693 [01:26<01:08,  4.50it/s]
 55%|█████▌    | 384/693 [01:26<01:07,  4.58it/s]
 56%|█████▌    | 385/693 [01:26<01:09,  4.40it/s]
 56%|█████▌    | 386/693 [01:26<01:10,  4.35it/s]
 56%|█████▌    | 387/693 [01:26<01:10,  4.31it/s]
 56%|█████▌    | 388/693 [01:27<01:04,  4.76it/s]
 56%|█████▌    | 389/693 [01:27<00:56,  5.36it/s]
 56%|█████▋    | 390/693 [01:27<00:58,  5.17it/s]
 56%|█████▋    | 391/693 [01:27<01:02,  4.83it/s]
 57%|█████▋    | 392/693 [01:27<01:05,  4.62it/s]
 57%|█████▋    | 393/693 [01:28<01:07,  4.46it/s]
 57%|█████▋    | 394/693 [01:28<01:08,  4.36it/s]
 57%|█████▋    | 395/693 [01:28<01:09,  4.30it/s]
 57%|█████▋    | 396/693 [01:28<01:09,  4.27it/s]
 57%|█████▋    | 397/693 [01:29<01:09,  4.26it/s]
 57%|█████▋    | 398/693 [01:29<01:09,  4.25it/s]
 58%|█████▊    | 399/693 [01:29<01:09,  4.25it/s]
 58%|█████▊    | 400/693 [01:29<01:06,  4.38it/s]
 58%|█████▊    | 401/693 [01:29<00:58,  5.00it/s]
 58%|█████▊    | 402/693 [01:30<00:55,  5.26it/s]
 58%|█████▊    | 403/693 [01:31<02:34,  1.88it/s]
 58%|█████▊    | 404/693 [01:31<02:05,  2.30it/s]
 58%|█████▊    | 405/693 [01:31<01:38,  2.91it/s]
 59%|█████▊    | 406/693 [01:31<01:21,  3.51it/s]
 59%|█████▊    | 407/693 [01:32<01:17,  3.70it/s]
 59%|█████▉    | 408/693 [01:32<01:14,  3.82it/s]
 59%|█████▉    | 409/693 [01:32<01:12,  3.91it/s]
 59%|█████▉    | 410/693 [01:32<01:11,  3.98it/s]
 59%|█████▉    | 411/693 [01:34<03:43,  1.26it/s]
 59%|█████▉    | 412/693 [01:35<02:54,  1.61it/s]
 60%|█████▉    | 413/693 [01:35<02:21,  1.98it/s]
 60%|█████▉    | 414/693 [01:35<01:54,  2.44it/s]
 60%|█████▉    | 415/693 [01:35<01:31,  3.03it/s]
 60%|██████    | 416/693 [01:35<01:20,  3.43it/s]
 60%|██████    | 417/693 [01:36<01:16,  3.62it/s]
 60%|██████    | 418/693 [01:36<01:12,  3.79it/s]
 60%|██████    | 419/693 [01:36<01:10,  3.91it/s]
 61%|██████    | 420/693 [01:36<01:08,  4.01it/s]
 61%|██████    | 421/693 [01:37<01:07,  4.05it/s]
 61%|██████    | 422/693 [01:37<01:06,  4.10it/s]
 61%|██████    | 423/693 [01:37<01:01,  4.38it/s]
 61%|██████    | 424/693 [01:37<01:01,  4.34it/s]
 61%|██████▏   | 425/693 [01:38<01:02,  4.30it/s]
 61%|██████▏   | 426/693 [01:38<01:02,  4.27it/s]
 62%|██████▏   | 427/693 [01:38<00:57,  4.65it/s]
 62%|██████▏   | 428/693 [01:38<00:51,  5.18it/s]
 62%|██████▏   | 429/693 [01:38<00:52,  4.98it/s]
 62%|██████▏   | 430/693 [01:39<00:56,  4.69it/s]
 62%|██████▏   | 431/693 [01:39<00:57,  4.53it/s]
 62%|██████▏   | 432/693 [01:39<00:59,  4.41it/s]
 62%|██████▏   | 433/693 [01:39<00:59,  4.34it/s]
 63%|██████▎   | 434/693 [01:40<01:00,  4.28it/s]
 63%|██████▎   | 435/693 [01:40<00:58,  4.42it/s]
 63%|██████▎   | 436/693 [01:40<00:59,  4.33it/s]
 63%|██████▎   | 437/693 [01:40<00:59,  4.31it/s]
 63%|██████▎   | 438/693 [01:40<00:59,  4.26it/s]
 63%|██████▎   | 439/693 [01:41<00:57,  4.41it/s]
 63%|██████▎   | 440/693 [01:41<00:51,  4.95it/s]
 64%|██████▎   | 441/693 [01:41<00:49,  5.07it/s]
 64%|██████▍   | 442/693 [01:41<00:52,  4.74it/s]
 64%|██████▍   | 443/693 [01:41<00:54,  4.58it/s]
 64%|██████▍   | 444/693 [01:42<00:56,  4.43it/s]
 64%|██████▍   | 445/693 [01:42<00:57,  4.34it/s]
 64%|██████▍   | 446/693 [01:42<00:57,  4.28it/s]
 65%|██████▍   | 447/693 [01:42<00:56,  4.34it/s]
 65%|██████▍   | 448/693 [01:43<00:55,  4.44it/s]
 65%|██████▍   | 449/693 [01:43<00:55,  4.37it/s]
 65%|██████▍   | 450/693 [01:43<00:56,  4.32it/s]
 65%|██████▌   | 451/693 [01:43<00:55,  4.33it/s]
 65%|██████▌   | 452/693 [01:43<00:49,  4.89it/s]
 65%|██████▌   | 453/693 [01:44<00:43,  5.48it/s]
 66%|██████▌   | 454/693 [01:44<00:46,  5.13it/s]
 66%|██████▌   | 455/693 [01:44<00:49,  4.82it/s]
 66%|██████▌   | 456/693 [01:44<00:51,  4.63it/s]
 66%|██████▌   | 457/693 [01:45<00:52,  4.49it/s]
 66%|██████▌   | 458/693 [01:45<00:53,  4.42it/s]
 66%|██████▌   | 459/693 [01:45<00:53,  4.36it/s]
 66%|██████▋   | 460/693 [01:45<00:54,  4.31it/s]
 67%|██████▋   | 461/693 [01:45<00:53,  4.32it/s]
 67%|██████▋   | 462/693 [01:46<00:53,  4.29it/s]
 67%|██████▋   | 463/693 [01:46<00:53,  4.29it/s]
 67%|██████▋   | 464/693 [01:46<00:51,  4.41it/s]
 67%|██████▋   | 465/693 [01:46<00:46,  4.94it/s]
 67%|██████▋   | 466/693 [01:47<00:46,  4.91it/s]
 67%|██████▋   | 467/693 [01:47<00:48,  4.68it/s]
 68%|██████▊   | 468/693 [01:47<00:49,  4.52it/s]
 68%|██████▊   | 469/693 [01:47<00:50,  4.44it/s]
 68%|██████▊   | 470/693 [01:47<00:50,  4.39it/s]
 68%|██████▊   | 471/693 [01:48<00:51,  4.33it/s]
 68%|██████▊   | 472/693 [01:48<00:49,  4.43it/s]
 68%|██████▊   | 473/693 [01:48<00:49,  4.46it/s]
 68%|██████▊   | 474/693 [01:48<00:50,  4.38it/s]
 69%|██████▊   | 475/693 [01:49<00:50,  4.33it/s]
 69%|██████▊   | 476/693 [01:49<00:50,  4.31it/s]
 69%|██████▉   | 477/693 [01:49<00:43,  4.95it/s]
 69%|██████▉   | 478/693 [01:49<00:43,  4.95it/s]
 69%|██████▉   | 479/693 [01:49<00:45,  4.75it/s]
 69%|██████▉   | 480/693 [01:50<00:46,  4.58it/s]
 69%|██████▉   | 481/693 [01:50<00:47,  4.46it/s]
 70%|██████▉   | 482/693 [01:50<00:48,  4.37it/s]
 70%|██████▉   | 483/693 [01:50<00:48,  4.32it/s]
 70%|██████▉   | 484/693 [01:51<00:48,  4.27it/s]
 70%|██████▉   | 485/693 [01:51<00:48,  4.31it/s]
 70%|███████   | 486/693 [01:51<00:48,  4.30it/s]
 70%|███████   | 487/693 [01:51<00:48,  4.27it/s]
 70%|███████   | 488/693 [01:52<00:48,  4.24it/s]
 71%|███████   | 489/693 [01:52<00:44,  4.58it/s]
 71%|███████   | 490/693 [01:52<00:39,  5.09it/s]
 71%|███████   | 491/693 [01:52<00:39,  5.05it/s]
 71%|███████   | 492/693 [01:52<00:42,  4.73it/s]
 71%|███████   | 493/693 [01:53<00:43,  4.56it/s]
 71%|███████▏  | 494/693 [01:53<00:44,  4.44it/s]
 71%|███████▏  | 495/693 [01:53<00:45,  4.35it/s]
 72%|███████▏  | 496/693 [01:53<00:45,  4.31it/s]
 72%|███████▏  | 497/693 [01:53<00:45,  4.31it/s]
 72%|███████▏  | 498/693 [01:54<00:45,  4.29it/s]
 72%|███████▏  | 499/693 [01:54<00:45,  4.30it/s]
 72%|███████▏  | 500/693 [01:54<00:45,  4.27it/s]
 72%|███████▏  | 501/693 [01:54<00:42,  4.48it/s]
 72%|███████▏  | 502/693 [01:55<00:37,  5.05it/s]
 73%|███████▎  | 503/693 [01:55<00:34,  5.50it/s]
 73%|███████▎  | 504/693 [01:55<00:37,  5.03it/s]
 73%|███████▎  | 505/693 [01:55<00:39,  4.79it/s]
 73%|███████▎  | 506/693 [01:55<00:40,  4.61it/s]
 73%|███████▎  | 507/693 [01:56<00:41,  4.49it/s]
 73%|███████▎  | 508/693 [01:56<00:41,  4.44it/s]
 73%|███████▎  | 509/693 [01:56<00:42,  4.37it/s]
 74%|███████▎  | 510/693 [01:56<00:40,  4.50it/s]
 74%|███████▎  | 511/693 [01:57<00:41,  4.41it/s]
 74%|███████▍  | 512/693 [01:57<00:41,  4.40it/s]
 74%|███████▍  | 513/693 [01:57<00:41,  4.35it/s]
 74%|███████▍  | 514/693 [01:57<00:39,  4.50it/s]
 74%|███████▍  | 515/693 [01:57<00:34,  5.22it/s]
 74%|███████▍  | 516/693 [01:57<00:32,  5.45it/s]
 75%|███████▍  | 517/693 [01:58<00:34,  5.05it/s]
 75%|███████▍  | 518/693 [01:58<00:36,  4.82it/s]
 75%|███████▍  | 519/693 [01:58<00:37,  4.61it/s]
 75%|███████▌  | 520/693 [01:58<00:38,  4.52it/s]
 75%|███████▌  | 521/693 [01:59<00:38,  4.43it/s]
 75%|███████▌  | 522/693 [01:59<00:38,  4.42it/s]
 75%|███████▌  | 523/693 [01:59<00:38,  4.46it/s]
 76%|███████▌  | 524/693 [01:59<00:38,  4.42it/s]
 76%|███████▌  | 525/693 [02:00<00:38,  4.35it/s]
 76%|███████▌  | 526/693 [02:00<00:38,  4.35it/s]
 76%|███████▌  | 527/693 [02:00<00:37,  4.48it/s]
 76%|███████▌  | 528/693 [02:00<00:32,  5.15it/s]
 76%|███████▋  | 529/693 [02:00<00:28,  5.74it/s]
 76%|███████▋  | 530/693 [02:00<00:29,  5.49it/s]
 77%|███████▋  | 531/693 [02:01<00:32,  5.01it/s]
 77%|███████▋  | 532/693 [02:01<00:33,  4.79it/s]
 77%|███████▋  | 533/693 [02:01<00:34,  4.59it/s]
 77%|███████▋  | 534/693 [02:01<00:35,  4.52it/s]
 77%|███████▋  | 535/693 [02:02<00:35,  4.41it/s]
 77%|███████▋  | 536/693 [02:02<00:35,  4.40it/s]
 77%|███████▋  | 537/693 [02:02<00:33,  4.59it/s]
 78%|███████▊  | 538/693 [02:02<00:34,  4.52it/s]
 78%|███████▊  | 539/693 [02:03<00:34,  4.45it/s]
 78%|███████▊  | 540/693 [02:03<00:34,  4.42it/s]
 78%|███████▊  | 541/693 [02:03<00:31,  4.86it/s]
 78%|███████▊  | 542/693 [02:03<00:27,  5.43it/s]
 78%|███████▊  | 543/693 [02:03<00:28,  5.30it/s]
 78%|███████▊  | 544/693 [02:03<00:29,  4.97it/s]
 79%|███████▊  | 545/693 [02:04<00:31,  4.73it/s]
 79%|███████▉  | 546/693 [02:04<00:31,  4.59it/s]
 79%|███████▉  | 547/693 [02:04<00:32,  4.47it/s]
 79%|███████▉  | 548/693 [02:04<00:32,  4.43it/s]
 79%|███████▉  | 549/693 [02:05<00:32,  4.43it/s]
 79%|███████▉  | 550/693 [02:05<00:31,  4.59it/s]
 80%|███████▉  | 551/693 [02:05<00:32,  4.44it/s]
 80%|███████▉  | 552/693 [02:05<00:32,  4.38it/s]
 80%|███████▉  | 553/693 [02:06<00:32,  4.34it/s]
 80%|███████▉  | 554/693 [02:06<00:28,  4.83it/s]
 80%|████████  | 555/693 [02:06<00:25,  5.43it/s]
 80%|████████  | 556/693 [02:06<00:26,  5.08it/s]
 80%|████████  | 557/693 [02:06<00:28,  4.77it/s]
 81%|████████  | 558/693 [02:07<00:29,  4.59it/s]
 81%|████████  | 559/693 [02:07<00:29,  4.47it/s]
 81%|████████  | 560/693 [02:07<00:30,  4.39it/s]
 81%|████████  | 561/693 [02:07<00:30,  4.34it/s]
 81%|████████  | 562/693 [02:07<00:30,  4.32it/s]
 81%|████████  | 563/693 [02:08<00:30,  4.31it/s]
 81%|████████▏ | 564/693 [02:08<00:30,  4.27it/s]
 82%|████████▏ | 565/693 [02:08<00:30,  4.26it/s]
 82%|████████▏ | 566/693 [02:08<00:28,  4.42it/s]
 82%|████████▏ | 567/693 [02:09<00:24,  5.05it/s]
 82%|████████▏ | 568/693 [02:09<00:23,  5.41it/s]
 82%|████████▏ | 569/693 [02:09<00:24,  5.01it/s]
 82%|████████▏ | 570/693 [02:09<00:25,  4.75it/s]
 82%|████████▏ | 571/693 [02:09<00:26,  4.57it/s]
 83%|████████▎ | 572/693 [02:10<00:27,  4.48it/s]
 83%|████████▎ | 573/693 [02:10<00:27,  4.41it/s]
 83%|████████▎ | 574/693 [02:10<00:27,  4.39it/s]
 83%|████████▎ | 575/693 [02:10<00:25,  4.57it/s]
 83%|████████▎ | 576/693 [02:11<00:26,  4.50it/s]
 83%|████████▎ | 577/693 [02:11<00:26,  4.43it/s]
 83%|████████▎ | 578/693 [02:11<00:26,  4.40it/s]
 84%|████████▎ | 579/693 [02:11<00:25,  4.51it/s]
 84%|████████▎ | 580/693 [02:11<00:22,  5.10it/s]
 84%|████████▍ | 581/693 [02:11<00:19,  5.71it/s]
 84%|████████▍ | 582/693 [02:12<00:21,  5.23it/s]
 84%|████████▍ | 583/693 [02:12<00:22,  4.88it/s]
 84%|████████▍ | 584/693 [02:12<00:23,  4.68it/s]
 84%|████████▍ | 585/693 [02:12<00:23,  4.54it/s]
 85%|████████▍ | 586/693 [02:13<00:24,  4.45it/s]
 85%|████████▍ | 587/693 [02:13<00:23,  4.42it/s]
 85%|████████▍ | 588/693 [02:13<00:23,  4.55it/s]
 85%|████████▍ | 589/693 [02:13<00:23,  4.45it/s]
 85%|████████▌ | 590/693 [02:14<00:23,  4.37it/s]
 85%|████████▌ | 591/693 [02:14<00:23,  4.30it/s]
 85%|████████▌ | 592/693 [02:14<00:23,  4.34it/s]
 86%|████████▌ | 593/693 [02:14<00:20,  4.94it/s]
 86%|████████▌ | 594/693 [02:14<00:18,  5.34it/s]
 86%|████████▌ | 595/693 [02:15<00:19,  4.95it/s]
 86%|████████▌ | 596/693 [02:15<00:20,  4.70it/s]
 86%|████████▌ | 597/693 [02:15<00:21,  4.55it/s]
 86%|████████▋ | 598/693 [02:15<00:21,  4.43it/s]
 86%|████████▋ | 599/693 [02:15<00:21,  4.37it/s]
 87%|████████▋ | 600/693 [02:16<00:21,  4.33it/s]
 87%|████████▋ | 601/693 [02:16<00:20,  4.53it/s]
 87%|████████▋ | 602/693 [02:16<00:20,  4.47it/s]
 87%|████████▋ | 603/693 [02:16<00:20,  4.41it/s]
 87%|████████▋ | 604/693 [02:17<00:20,  4.36it/s]
 87%|████████▋ | 605/693 [02:17<00:19,  4.51it/s]
 87%|████████▋ | 606/693 [02:17<00:17,  5.04it/s]
 88%|████████▊ | 607/693 [02:17<00:15,  5.51it/s]
 88%|████████▊ | 608/693 [02:17<00:16,  5.05it/s]
 88%|████████▊ | 609/693 [02:18<00:17,  4.77it/s]
 88%|████████▊ | 610/693 [02:18<00:18,  4.59it/s]
 88%|████████▊ | 611/693 [02:18<00:18,  4.49it/s]
 88%|████████▊ | 612/693 [02:18<00:18,  4.42it/s]
 88%|████████▊ | 613/693 [02:19<00:18,  4.35it/s]
 89%|████████▊ | 614/693 [02:19<00:17,  4.45it/s]
 89%|████████▊ | 615/693 [02:19<00:17,  4.39it/s]
 89%|████████▉ | 616/693 [02:19<00:17,  4.35it/s]
 89%|████████▉ | 617/693 [02:19<00:17,  4.33it/s]
 89%|████████▉ | 618/693 [02:20<00:16,  4.49it/s]
 89%|████████▉ | 619/693 [02:20<00:14,  5.15it/s]
 89%|████████▉ | 620/693 [02:20<00:13,  5.44it/s]
 90%|████████▉ | 621/693 [02:20<00:14,  5.00it/s]
 90%|████████▉ | 622/693 [02:20<00:15,  4.71it/s]
 90%|████████▉ | 623/693 [02:21<00:15,  4.57it/s]
 90%|█████████ | 624/693 [02:21<00:15,  4.47it/s]
 90%|█████████ | 625/693 [02:21<00:15,  4.40it/s]
 90%|█████████ | 626/693 [02:21<00:15,  4.36it/s]
 90%|█████████ | 627/693 [02:22<00:14,  4.52it/s]
 91%|█████████ | 628/693 [02:22<00:14,  4.45it/s]
 91%|█████████ | 629/693 [02:22<00:14,  4.41it/s]
 91%|█████████ | 630/693 [02:22<00:14,  4.39it/s]
 91%|█████████ | 631/693 [02:22<00:13,  4.50it/s]
 91%|█████████ | 632/693 [02:23<00:12,  5.03it/s]
 91%|█████████▏| 633/693 [02:23<00:10,  5.56it/s]
 91%|█████████▏| 634/693 [02:23<00:11,  5.10it/s]
 92%|█████████▏| 635/693 [02:23<00:12,  4.80it/s]
 92%|█████████▏| 636/693 [02:23<00:12,  4.58it/s]
 92%|█████████▏| 637/693 [02:24<00:12,  4.49it/s]
 92%|█████████▏| 638/693 [02:24<00:12,  4.41it/s]
 92%|█████████▏| 639/693 [02:24<00:12,  4.35it/s]
 92%|█████████▏| 640/693 [02:24<00:12,  4.40it/s]
 92%|█████████▏| 641/693 [02:25<00:11,  4.35it/s]
 93%|█████████▎| 642/693 [02:25<00:11,  4.32it/s]
 93%|█████████▎| 643/693 [02:25<00:11,  4.32it/s]
 93%|█████████▎| 644/693 [02:25<00:10,  4.46it/s]
 93%|█████████▎| 645/693 [02:25<00:09,  5.09it/s]
 93%|█████████▎| 646/693 [02:26<00:08,  5.38it/s]
 93%|█████████▎| 647/693 [02:26<00:09,  4.98it/s]
 94%|█████████▎| 648/693 [02:26<00:09,  4.74it/s]
 94%|█████████▎| 649/693 [02:26<00:09,  4.56it/s]
 94%|█████████▍| 650/693 [02:27<00:09,  4.47it/s]
 94%|█████████▍| 651/693 [02:27<00:09,  4.38it/s]
 94%|█████████▍| 652/693 [02:27<00:09,  4.34it/s]
 94%|█████████▍| 653/693 [02:27<00:08,  4.51it/s]
 94%|█████████▍| 654/693 [02:27<00:08,  4.46it/s]
 95%|█████████▍| 655/693 [02:28<00:08,  4.40it/s]
 95%|█████████▍| 656/693 [02:28<00:08,  4.35it/s]
 95%|█████████▍| 657/693 [02:28<00:07,  4.52it/s]
 95%|█████████▍| 658/693 [02:28<00:06,  5.15it/s]
 95%|█████████▌| 659/693 [02:28<00:05,  5.79it/s]
 95%|█████████▌| 660/693 [02:29<00:05,  5.50it/s]
 95%|█████████▌| 661/693 [02:29<00:06,  5.05it/s]
 96%|█████████▌| 662/693 [02:29<00:06,  4.80it/s]
 96%|█████████▌| 663/693 [02:29<00:06,  4.61it/s]
 96%|█████████▌| 664/693 [02:29<00:06,  4.51it/s]
 96%|█████████▌| 665/693 [02:30<00:06,  4.43it/s]
 96%|█████████▌| 666/693 [02:30<00:06,  4.40it/s]
 96%|█████████▌| 667/693 [02:30<00:05,  4.60it/s]
 96%|█████████▋| 668/693 [02:30<00:05,  4.52it/s]
 97%|█████████▋| 669/693 [02:31<00:05,  4.46it/s]
 97%|█████████▋| 670/693 [02:31<00:05,  4.43it/s]
 97%|█████████▋| 671/693 [02:31<00:04,  4.84it/s]
 97%|█████████▋| 672/693 [02:31<00:03,  5.47it/s]
 97%|█████████▋| 673/693 [02:31<00:03,  5.82it/s]
 97%|█████████▋| 674/693 [02:32<00:03,  5.23it/s]
 97%|█████████▋| 675/693 [02:32<00:03,  4.89it/s]
 98%|█████████▊| 676/693 [02:32<00:03,  4.67it/s]
 98%|█████████▊| 677/693 [02:32<00:03,  4.53it/s]
 98%|█████████▊| 678/693 [02:32<00:03,  4.45it/s]
 98%|█████████▊| 679/693 [02:33<00:03,  4.37it/s]
 98%|█████████▊| 680/693 [02:33<00:02,  4.47it/s]
 98%|█████████▊| 681/693 [02:33<00:02,  4.40it/s]
 98%|█████████▊| 682/693 [02:33<00:02,  4.35it/s]
 99%|█████████▊| 683/693 [02:34<00:02,  4.32it/s]
 99%|█████████▊| 684/693 [02:34<00:02,  4.50it/s]
 99%|█████████▉| 685/693 [02:34<00:01,  5.13it/s]
 99%|█████████▉| 686/693 [02:34<00:01,  5.46it/s]
 99%|█████████▉| 687/693 [02:34<00:01,  5.02it/s]
 99%|█████████▉| 688/693 [02:35<00:01,  4.74it/s]
 99%|█████████▉| 689/693 [02:35<00:00,  4.57it/s]
100%|█████████▉| 690/693 [02:35<00:00,  4.47it/s]
100%|█████████▉| 691/693 [02:35<00:00,  4.39it/s]
100%|█████████▉| 692/693 [02:36<00:00,  4.35it/s]
100%|██████████| 693/693 [02:36<00:00,  4.42it/s]
100%|██████████| 693/693 [02:36<00:00,  4.43it/s]
Training loss: 0.7834016729742934, KL loss: 0.5594984583266369, Sim loss: 0.00012428854573781357, Exo CLS loss: 0.620799142165811, 
Noun sim loss: 0.11907846241931379, Part sim loss: 0.15872731228583475, Proto loss: 1.1191138358515234, Conc loss: 0.11260899658412989
learning rate:4.646970355794271e-05


  0%|          | 0/168 [00:00<?, ?it/s]
  1%|          | 1/168 [00:00<02:03,  1.36it/s]
  2%|▏         | 4/168 [00:00<00:29,  5.60it/s]
  4%|▎         | 6/168 [00:01<00:24,  6.66it/s]
  5%|▌         | 9/168 [00:01<00:17,  9.27it/s]
  7%|▋         | 12/168 [00:01<00:12, 12.17it/s]
  9%|▉         | 15/168 [00:01<00:10, 14.58it/s]
 10%|█         | 17/168 [00:02<00:16,  9.19it/s]
 12%|█▏        | 20/168 [00:02<00:12, 11.64it/s]
 14%|█▍        | 24/168 [00:02<00:09, 15.98it/s]
 16%|█▌        | 27/168 [00:02<00:11, 11.95it/s]
 18%|█▊        | 30/168 [00:02<00:09, 13.93it/s]
 20%|█▉        | 33/168 [00:02<00:08, 15.63it/s]
 21%|██▏       | 36/168 [00:03<00:07, 17.09it/s]
 23%|██▎       | 39/168 [00:03<00:07, 18.36it/s]
 25%|██▌       | 42/168 [00:03<00:06, 19.30it/s]
 27%|██▋       | 45/168 [00:03<00:06, 19.44it/s]
 29%|██▊       | 48/168 [00:03<00:05, 20.33it/s]
 30%|███       | 51/168 [00:03<00:05, 20.36it/s]
 32%|███▏      | 54/168 [00:03<00:05, 20.37it/s]
 34%|███▍      | 57/168 [00:04<00:05, 19.80it/s]
 36%|███▌      | 60/168 [00:04<00:05, 20.08it/s]
 38%|███▊      | 63/168 [00:04<00:05, 20.70it/s]
 39%|███▉      | 66/168 [00:04<00:04, 22.64it/s]
 41%|████      | 69/168 [00:04<00:04, 23.54it/s]
 43%|████▎     | 72/168 [00:04<00:04, 23.25it/s]
 45%|████▍     | 75/168 [00:04<00:04, 22.49it/s]
 46%|████▋     | 78/168 [00:05<00:04, 20.85it/s]
 48%|████▊     | 81/168 [00:05<00:04, 21.25it/s]
 50%|█████     | 84/168 [00:05<00:03, 21.13it/s]
 52%|█████▏    | 87/168 [00:05<00:03, 20.41it/s]
 54%|█████▎    | 90/168 [00:05<00:03, 20.91it/s]
 55%|█████▌    | 93/168 [00:05<00:03, 20.83it/s]
 57%|█████▋    | 96/168 [00:06<00:06, 10.33it/s]
 60%|█████▉    | 100/168 [00:06<00:04, 13.98it/s]
 62%|██████▏   | 104/168 [00:06<00:03, 17.88it/s]
 64%|██████▎   | 107/168 [00:06<00:03, 19.68it/s]
 65%|██████▌   | 110/168 [00:06<00:02, 20.25it/s]
 67%|██████▋   | 113/168 [00:06<00:02, 20.60it/s]
 69%|██████▉   | 116/168 [00:07<00:02, 20.62it/s]
 71%|███████   | 119/168 [00:07<00:02, 20.99it/s]
 73%|███████▎  | 122/168 [00:07<00:02, 20.98it/s]
 74%|███████▍  | 125/168 [00:07<00:02, 20.79it/s]
 76%|███████▌  | 128/168 [00:07<00:01, 20.84it/s]
 78%|███████▊  | 131/168 [00:07<00:01, 20.76it/s]
 80%|███████▉  | 134/168 [00:07<00:01, 21.53it/s]
 82%|████████▏ | 137/168 [00:08<00:01, 20.36it/s]
 83%|████████▎ | 140/168 [00:08<00:01, 20.91it/s]
 85%|████████▌ | 143/168 [00:08<00:01, 21.43it/s]
 87%|████████▋ | 146/168 [00:08<00:01, 21.30it/s]
 89%|████████▊ | 149/168 [00:08<00:00, 21.12it/s]
 90%|█████████ | 152/168 [00:08<00:00, 22.08it/s]
 93%|█████████▎| 156/168 [00:08<00:00, 26.12it/s]
 95%|█████████▍| 159/168 [00:09<00:00, 26.22it/s]
 96%|█████████▋| 162/168 [00:09<00:00, 14.99it/s]
 98%|█████████▊| 165/168 [00:09<00:00, 16.61it/s]
100%|██████████| 168/168 [00:09<00:00, 18.45it/s]
100%|██████████| 168/168 [00:09<00:00, 17.07it/s]
Result on AGD: 
KLD=0.8719511032104492, SIM=0.5221227407455444, NSS=1.5541267395019531
noun sim: 0.11275498440400475, part sim: 0.1540433013190826
New best KLD: 0.8719511032104492, 0.5221227407455444, 1.5541267395019531
============Training Epoch 7============

  0%|          | 0/693 [00:00<?, ?it/s]/mnt/sdb/wyn/envs/clip-env/lib/python3.10/site-packages/torch/_tensor.py:1002: UserWarning: non-inplace resize is deprecated
  warnings.warn("non-inplace resize is deprecated")
/mnt/sdb/wyn/envs/clip-env/lib/python3.10/site-packages/torch/_tensor.py:1002: UserWarning: non-inplace resize is deprecated
  warnings.warn("non-inplace resize is deprecated")
/mnt/sdb/wyn/envs/clip-env/lib/python3.10/site-packages/torch/_tensor.py:1002: UserWarning: non-inplace resize is deprecated
  warnings.warn("non-inplace resize is deprecated")
/mnt/sdb/wyn/envs/clip-env/lib/python3.10/site-packages/torch/_tensor.py:1002: UserWarning: non-inplace resize is deprecated
  warnings.warn("non-inplace resize is deprecated")
/mnt/sdb/wyn/envs/clip-env/lib/python3.10/site-packages/torch/_tensor.py:1002: UserWarning: non-inplace resize is deprecated
  warnings.warn("non-inplace resize is deprecated")
/mnt/sdb/wyn/envs/clip-env/lib/python3.10/site-packages/torch/_tensor.py:1002: UserWarning: non-inplace resize is deprecated
  warnings.warn("non-inplace resize is deprecated")
/mnt/sdb/wyn/envs/clip-env/lib/python3.10/site-packages/torch/_tensor.py:1002: UserWarning: non-inplace resize is deprecated
  warnings.warn("non-inplace resize is deprecated")
/mnt/sdb/wyn/envs/clip-env/lib/python3.10/site-packages/torch/_tensor.py:1002: UserWarning: non-inplace resize is deprecated
  warnings.warn("non-inplace resize is deprecated")

  0%|          | 1/693 [00:02<26:19,  2.28s/it]
  0%|          | 2/693 [00:02<12:26,  1.08s/it]
  0%|          | 3/693 [00:03<12:35,  1.09s/it]
  1%|          | 4/693 [00:03<08:42,  1.32it/s]
  1%|          | 5/693 [00:04<06:25,  1.78it/s]
  1%|          | 6/693 [00:04<05:10,  2.21it/s]
  1%|          | 7/693 [00:04<04:21,  2.62it/s]
  1%|          | 8/693 [00:04<03:50,  2.97it/s]
  1%|▏         | 9/693 [00:04<03:13,  3.53it/s]
  1%|▏         | 10/693 [00:05<02:44,  4.15it/s]
  2%|▏         | 11/693 [00:05<02:37,  4.33it/s]
  2%|▏         | 12/693 [00:05<02:39,  4.27it/s]
  2%|▏         | 13/693 [00:05<02:39,  4.25it/s]
  2%|▏         | 14/693 [00:06<02:40,  4.22it/s]
  2%|▏         | 15/693 [00:06<02:40,  4.21it/s]
  2%|▏         | 16/693 [00:06<02:41,  4.18it/s]
  2%|▏         | 17/693 [00:06<02:36,  4.31it/s]
  3%|▎         | 18/693 [00:06<02:38,  4.26it/s]
  3%|▎         | 19/693 [00:07<02:38,  4.26it/s]
  3%|▎         | 20/693 [00:07<02:38,  4.25it/s]
  3%|▎         | 21/693 [00:07<02:33,  4.37it/s]
  3%|▎         | 22/693 [00:07<02:18,  4.86it/s]
  3%|▎         | 23/693 [00:07<02:12,  5.07it/s]
  3%|▎         | 24/693 [00:08<02:19,  4.80it/s]
  4%|▎         | 25/693 [00:08<02:23,  4.65it/s]
  4%|▍         | 26/693 [00:08<02:26,  4.56it/s]
  4%|▍         | 27/693 [00:08<02:29,  4.45it/s]
  4%|▍         | 28/693 [00:09<02:30,  4.41it/s]
  4%|▍         | 29/693 [00:09<02:33,  4.32it/s]
  4%|▍         | 30/693 [00:09<02:27,  4.49it/s]
  4%|▍         | 31/693 [00:09<02:30,  4.39it/s]
  5%|▍         | 32/693 [00:10<02:31,  4.36it/s]
  5%|▍         | 33/693 [00:10<02:32,  4.34it/s]
  5%|▍         | 34/693 [00:10<02:16,  4.83it/s]
  5%|▌         | 35/693 [00:10<02:00,  5.48it/s]
  5%|▌         | 36/693 [00:10<01:51,  5.87it/s]
  5%|▌         | 37/693 [00:10<02:04,  5.26it/s]
  5%|▌         | 38/693 [00:11<02:12,  4.94it/s]
  6%|▌         | 39/693 [00:11<02:18,  4.71it/s]
  6%|▌         | 40/693 [00:11<02:21,  4.60it/s]
  6%|▌         | 41/693 [00:11<02:25,  4.47it/s]
  6%|▌         | 42/693 [00:12<02:26,  4.43it/s]
  6%|▌         | 43/693 [00:12<02:23,  4.51it/s]
  6%|▋         | 44/693 [00:12<02:25,  4.46it/s]
  6%|▋         | 45/693 [00:12<02:27,  4.40it/s]
  7%|▋         | 46/693 [00:13<02:27,  4.40it/s]
  7%|▋         | 47/693 [00:13<02:23,  4.50it/s]
  7%|▋         | 48/693 [00:13<02:05,  5.15it/s]
  7%|▋         | 49/693 [00:13<01:51,  5.79it/s]
  7%|▋         | 50/693 [00:13<01:56,  5.51it/s]
  7%|▋         | 51/693 [00:13<02:06,  5.07it/s]
  8%|▊         | 52/693 [00:14<02:13,  4.82it/s]
  8%|▊         | 53/693 [00:14<02:18,  4.62it/s]
  8%|▊         | 54/693 [00:14<02:21,  4.53it/s]
  8%|▊         | 55/693 [00:14<02:23,  4.44it/s]
  8%|▊         | 56/693 [00:15<02:23,  4.42it/s]
  8%|▊         | 57/693 [00:15<02:18,  4.61it/s]
  8%|▊         | 58/693 [00:15<02:20,  4.52it/s]
  9%|▊         | 59/693 [00:15<02:23,  4.43it/s]
  9%|▊         | 60/693 [00:15<02:23,  4.41it/s]
  9%|▉         | 61/693 [00:16<02:10,  4.83it/s]
  9%|▉         | 62/693 [00:16<01:56,  5.40it/s]
  9%|▉         | 63/693 [00:16<02:00,  5.25it/s]
  9%|▉         | 64/693 [00:16<02:07,  4.95it/s]
  9%|▉         | 65/693 [00:16<02:13,  4.71it/s]
 10%|▉         | 66/693 [00:17<02:16,  4.59it/s]
 10%|▉         | 67/693 [00:17<02:20,  4.45it/s]
 10%|▉         | 68/693 [00:17<02:21,  4.41it/s]
 10%|▉         | 69/693 [00:17<02:21,  4.40it/s]
 10%|█         | 70/693 [00:18<02:15,  4.59it/s]
 10%|█         | 71/693 [00:18<02:19,  4.46it/s]
 10%|█         | 72/693 [00:18<02:20,  4.41it/s]
 11%|█         | 73/693 [00:18<02:21,  4.37it/s]
 11%|█         | 74/693 [00:18<02:07,  4.87it/s]
 11%|█         | 75/693 [00:19<01:51,  5.53it/s]
 11%|█         | 76/693 [00:19<01:44,  5.90it/s]
 11%|█         | 77/693 [00:19<01:55,  5.32it/s]
 11%|█▏        | 78/693 [00:19<02:03,  4.98it/s]
 11%|█▏        | 79/693 [00:19<02:10,  4.71it/s]
 12%|█▏        | 80/693 [00:20<02:13,  4.59it/s]
 12%|█▏        | 81/693 [00:20<02:16,  4.48it/s]
 12%|█▏        | 82/693 [00:20<02:17,  4.44it/s]
 12%|█▏        | 83/693 [00:20<02:17,  4.43it/s]
 12%|█▏        | 84/693 [00:21<02:18,  4.41it/s]
 12%|█▏        | 85/693 [00:21<02:19,  4.37it/s]
 12%|█▏        | 86/693 [00:21<02:18,  4.37it/s]
 13%|█▎        | 87/693 [00:21<02:16,  4.44it/s]
 13%|█▎        | 88/693 [00:21<01:59,  5.07it/s]
 13%|█▎        | 89/693 [00:21<01:45,  5.71it/s]
 13%|█▎        | 90/693 [00:22<01:51,  5.43it/s]
 13%|█▎        | 91/693 [00:22<02:00,  5.00it/s]
 13%|█▎        | 92/693 [00:22<02:05,  4.78it/s]
 13%|█▎        | 93/693 [00:22<02:10,  4.59it/s]
 14%|█▎        | 94/693 [00:23<02:12,  4.51it/s]
 14%|█▎        | 95/693 [00:23<02:15,  4.41it/s]
 14%|█▍        | 96/693 [00:23<02:14,  4.43it/s]
 14%|█▍        | 97/693 [00:23<02:09,  4.59it/s]
 14%|█▍        | 98/693 [00:24<02:12,  4.50it/s]
 14%|█▍        | 99/693 [00:24<02:14,  4.43it/s]
 14%|█▍        | 100/693 [00:24<02:14,  4.41it/s]
 15%|█▍        | 101/693 [00:24<02:01,  4.88it/s]
 15%|█▍        | 102/693 [00:24<01:47,  5.47it/s]
 15%|█▍        | 103/693 [00:24<01:41,  5.83it/s]
 15%|█▌        | 104/693 [00:25<01:52,  5.25it/s]
 15%|█▌        | 105/693 [00:25<01:59,  4.90it/s]
 15%|█▌        | 106/693 [00:25<02:04,  4.71it/s]
 15%|█▌        | 107/693 [00:25<02:08,  4.56it/s]
 16%|█▌        | 108/693 [00:26<02:10,  4.50it/s]
 16%|█▌        | 109/693 [00:26<02:13,  4.39it/s]
 16%|█▌        | 110/693 [00:26<02:09,  4.51it/s]
 16%|█▌        | 111/693 [00:26<02:11,  4.44it/s]
 16%|█▌        | 112/693 [00:26<02:11,  4.42it/s]
 16%|█▋        | 113/693 [00:27<02:12,  4.37it/s]
 16%|█▋        | 114/693 [00:27<02:08,  4.50it/s]
 17%|█▋        | 115/693 [00:27<01:50,  5.23it/s]
 17%|█▋        | 116/693 [00:27<01:39,  5.77it/s]
 17%|█▋        | 117/693 [00:27<01:45,  5.46it/s]
 17%|█▋        | 118/693 [00:28<01:53,  5.06it/s]
 17%|█▋        | 119/693 [00:28<02:00,  4.77it/s]
 17%|█▋        | 120/693 [00:28<02:04,  4.62it/s]
 17%|█▋        | 121/693 [00:28<02:07,  4.49it/s]
 18%|█▊        | 122/693 [00:29<02:08,  4.44it/s]
 18%|█▊        | 123/693 [00:29<02:07,  4.48it/s]
 18%|█▊        | 124/693 [00:29<02:04,  4.57it/s]
 18%|█▊        | 125/693 [00:29<02:07,  4.45it/s]
 18%|█▊        | 126/693 [00:29<02:08,  4.43it/s]
 18%|█▊        | 127/693 [00:30<02:09,  4.37it/s]
 18%|█▊        | 128/693 [00:30<01:55,  4.88it/s]
 19%|█▊        | 129/693 [00:30<01:42,  5.52it/s]
 19%|█▉        | 130/693 [00:30<01:43,  5.44it/s]
 19%|█▉        | 131/693 [00:30<01:52,  5.00it/s]
 19%|█▉        | 132/693 [00:31<01:57,  4.78it/s]
 19%|█▉        | 133/693 [00:31<02:02,  4.59it/s]
 19%|█▉        | 134/693 [00:31<02:03,  4.51it/s]
 19%|█▉        | 135/693 [00:31<02:06,  4.42it/s]
 20%|█▉        | 136/693 [00:32<02:06,  4.39it/s]
 20%|█▉        | 137/693 [00:32<02:01,  4.59it/s]
 20%|█▉        | 138/693 [00:32<02:02,  4.51it/s]
 20%|██        | 139/693 [00:32<02:05,  4.43it/s]
 20%|██        | 140/693 [00:32<02:05,  4.41it/s]
 20%|██        | 141/693 [00:33<01:54,  4.83it/s]
 20%|██        | 142/693 [00:33<01:41,  5.42it/s]
 21%|██        | 143/693 [00:33<01:33,  5.86it/s]
 21%|██        | 144/693 [00:33<01:43,  5.29it/s]
 21%|██        | 145/693 [00:33<01:50,  4.95it/s]
 21%|██        | 146/693 [00:34<01:55,  4.74it/s]
 21%|██        | 147/693 [00:34<01:59,  4.58it/s]
 21%|██▏       | 148/693 [00:34<02:01,  4.50it/s]
 22%|██▏       | 149/693 [00:34<02:03,  4.40it/s]
 22%|██▏       | 150/693 [00:35<02:02,  4.43it/s]
 22%|██▏       | 151/693 [00:35<02:03,  4.38it/s]
 22%|██▏       | 152/693 [00:35<02:03,  4.37it/s]
 22%|██▏       | 153/693 [00:35<02:04,  4.33it/s]
 22%|██▏       | 154/693 [00:35<02:00,  4.48it/s]
 22%|██▏       | 155/693 [00:36<01:43,  5.19it/s]
 23%|██▎       | 156/693 [00:36<01:33,  5.73it/s]
 23%|██▎       | 157/693 [00:36<01:37,  5.49it/s]
 23%|██▎       | 158/693 [00:36<01:45,  5.07it/s]
 23%|██▎       | 159/693 [00:36<01:51,  4.79it/s]
 23%|██▎       | 160/693 [00:37<01:54,  4.64it/s]
 23%|██▎       | 161/693 [00:37<01:58,  4.50it/s]
 23%|██▎       | 162/693 [00:37<01:59,  4.44it/s]
 24%|██▎       | 163/693 [00:37<01:57,  4.50it/s]
 24%|██▎       | 164/693 [00:37<01:55,  4.58it/s]
 24%|██▍       | 165/693 [00:38<01:58,  4.45it/s]
 24%|██▍       | 166/693 [00:38<01:59,  4.40it/s]
 24%|██▍       | 167/693 [00:38<02:00,  4.37it/s]
 24%|██▍       | 168/693 [00:38<01:47,  4.88it/s]
 24%|██▍       | 169/693 [00:38<01:34,  5.55it/s]
 25%|██▍       | 170/693 [00:39<01:35,  5.50it/s]
 25%|██▍       | 171/693 [00:39<01:44,  5.02it/s]
 25%|██▍       | 172/693 [00:39<01:49,  4.74it/s]
 25%|██▍       | 173/693 [00:39<01:53,  4.58it/s]
 25%|██▌       | 174/693 [00:40<01:56,  4.46it/s]
 25%|██▌       | 175/693 [00:40<01:57,  4.40it/s]
 25%|██▌       | 176/693 [00:40<01:58,  4.35it/s]
 26%|██▌       | 177/693 [00:40<01:52,  4.57it/s]
 26%|██▌       | 178/693 [00:40<01:55,  4.46it/s]
 26%|██▌       | 179/693 [00:41<01:56,  4.40it/s]
 26%|██▌       | 180/693 [00:41<01:56,  4.39it/s]
 26%|██▌       | 181/693 [00:41<01:45,  4.86it/s]
 26%|██▋       | 182/693 [00:41<01:33,  5.46it/s]
 26%|██▋       | 183/693 [00:41<01:34,  5.39it/s]
 27%|██▋       | 184/693 [00:42<01:41,  5.02it/s]
 27%|██▋       | 185/693 [00:42<01:46,  4.75it/s]
 27%|██▋       | 186/693 [00:42<01:49,  4.62it/s]
 27%|██▋       | 187/693 [00:42<01:52,  4.49it/s]
 27%|██▋       | 188/693 [00:43<01:53,  4.44it/s]
 27%|██▋       | 189/693 [00:43<01:55,  4.37it/s]
 27%|██▋       | 190/693 [00:43<01:50,  4.55it/s]
 28%|██▊       | 191/693 [00:43<01:52,  4.45it/s]
 28%|██▊       | 192/693 [00:43<01:53,  4.42it/s]
 28%|██▊       | 193/693 [00:44<01:54,  4.37it/s]
 28%|██▊       | 194/693 [00:44<01:43,  4.80it/s]
 28%|██▊       | 195/693 [00:44<01:31,  5.42it/s]
 28%|██▊       | 196/693 [00:44<01:24,  5.88it/s]
 28%|██▊       | 197/693 [00:44<01:33,  5.30it/s]
 29%|██▊       | 198/693 [00:45<01:39,  4.96it/s]
 29%|██▊       | 199/693 [00:45<01:45,  4.70it/s]
 29%|██▉       | 200/693 [00:45<01:47,  4.59it/s]
 29%|██▉       | 201/693 [00:45<01:50,  4.46it/s]
 29%|██▉       | 202/693 [00:46<01:51,  4.42it/s]
 29%|██▉       | 203/693 [00:46<01:50,  4.42it/s]
 29%|██▉       | 204/693 [00:46<01:51,  4.39it/s]
 30%|██▉       | 205/693 [00:46<01:52,  4.36it/s]
 30%|██▉       | 206/693 [00:46<01:51,  4.35it/s]
 30%|██▉       | 207/693 [00:47<01:48,  4.47it/s]
 30%|███       | 208/693 [00:47<01:35,  5.09it/s]
 30%|███       | 209/693 [00:47<01:24,  5.74it/s]
 30%|███       | 210/693 [00:47<01:27,  5.50it/s]
 30%|███       | 211/693 [00:47<01:35,  5.04it/s]
 31%|███       | 212/693 [00:48<01:40,  4.79it/s]
 31%|███       | 213/693 [00:48<01:44,  4.61it/s]
 31%|███       | 214/693 [00:48<01:46,  4.51it/s]
 31%|███       | 215/693 [00:48<01:47,  4.44it/s]
 31%|███       | 216/693 [00:49<01:49,  4.36it/s]
 31%|███▏      | 217/693 [00:49<01:43,  4.59it/s]
 31%|███▏      | 218/693 [00:49<01:45,  4.49it/s]
 32%|███▏      | 219/693 [00:49<01:47,  4.43it/s]
 32%|███▏      | 220/693 [00:49<01:48,  4.35it/s]
 32%|███▏      | 221/693 [00:50<01:40,  4.69it/s]
 32%|███▏      | 222/693 [00:50<01:31,  5.15it/s]
 32%|███▏      | 223/693 [00:50<01:36,  4.85it/s]
 32%|███▏      | 224/693 [00:50<01:40,  4.65it/s]
 32%|███▏      | 225/693 [00:50<01:43,  4.51it/s]
 33%|███▎      | 226/693 [00:51<01:45,  4.42it/s]
 33%|███▎      | 227/693 [00:51<01:47,  4.34it/s]
 33%|███▎      | 228/693 [00:51<01:48,  4.30it/s]
 33%|███▎      | 229/693 [00:51<01:44,  4.45it/s]
 33%|███▎      | 230/693 [00:52<01:45,  4.39it/s]
 33%|███▎      | 231/693 [00:52<01:46,  4.36it/s]
 33%|███▎      | 232/693 [00:52<01:47,  4.30it/s]
 34%|███▎      | 233/693 [00:52<01:41,  4.52it/s]
 34%|███▍      | 234/693 [00:52<01:29,  5.10it/s]
 34%|███▍      | 235/693 [00:53<01:21,  5.62it/s]
 34%|███▍      | 236/693 [00:53<01:28,  5.16it/s]
 34%|███▍      | 237/693 [00:53<01:34,  4.85it/s]
 34%|███▍      | 238/693 [00:53<01:37,  4.65it/s]
 34%|███▍      | 239/693 [00:54<01:40,  4.52it/s]
 35%|███▍      | 240/693 [00:54<01:42,  4.43it/s]
 35%|███▍      | 241/693 [00:54<01:43,  4.37it/s]
 35%|███▍      | 242/693 [00:54<01:42,  4.42it/s]
 35%|███▌      | 243/693 [00:54<01:42,  4.37it/s]
 35%|███▌      | 244/693 [00:55<01:43,  4.32it/s]
 35%|███▌      | 245/693 [00:55<01:43,  4.32it/s]
 35%|███▌      | 246/693 [00:55<01:39,  4.50it/s]
 36%|███▌      | 247/693 [00:55<01:27,  5.09it/s]
 36%|███▌      | 248/693 [00:55<01:23,  5.30it/s]
 36%|███▌      | 249/693 [00:56<01:29,  4.95it/s]
 36%|███▌      | 250/693 [00:56<01:34,  4.69it/s]
 36%|███▌      | 251/693 [00:56<01:37,  4.53it/s]
 36%|███▋      | 252/693 [00:56<01:39,  4.43it/s]
 37%|███▋      | 253/693 [00:57<01:41,  4.35it/s]
 37%|███▋      | 254/693 [00:57<01:41,  4.31it/s]
 37%|███▋      | 255/693 [00:57<01:40,  4.35it/s]
 37%|███▋      | 256/693 [00:57<01:41,  4.33it/s]
 37%|███▋      | 257/693 [00:58<01:41,  4.30it/s]
 37%|███▋      | 258/693 [00:58<01:41,  4.28it/s]
 37%|███▋      | 259/693 [00:58<01:33,  4.65it/s]
 38%|███▊      | 260/693 [00:58<01:24,  5.13it/s]
 38%|███▊      | 261/693 [00:58<01:25,  5.05it/s]
 38%|███▊      | 262/693 [00:59<01:31,  4.71it/s]
 38%|███▊      | 263/693 [00:59<01:33,  4.59it/s]
 38%|███▊      | 264/693 [00:59<01:36,  4.45it/s]
 38%|███▊      | 265/693 [00:59<01:37,  4.38it/s]
 38%|███▊      | 266/693 [00:59<01:38,  4.33it/s]
 39%|███▊      | 267/693 [01:00<01:39,  4.29it/s]
 39%|███▊      | 268/693 [01:00<01:39,  4.28it/s]
 39%|███▉      | 269/693 [01:00<01:38,  4.28it/s]
 39%|███▉      | 270/693 [01:00<01:38,  4.28it/s]
 39%|███▉      | 271/693 [01:01<01:35,  4.43it/s]
 39%|███▉      | 272/693 [01:01<01:24,  4.99it/s]
 39%|███▉      | 273/693 [01:01<01:16,  5.47it/s]
 40%|███▉      | 274/693 [01:01<01:23,  5.01it/s]
 40%|███▉      | 275/693 [01:01<01:28,  4.73it/s]
 40%|███▉      | 276/693 [01:02<01:31,  4.57it/s]
 40%|███▉      | 277/693 [01:02<01:33,  4.46it/s]
 40%|████      | 278/693 [01:02<01:34,  4.39it/s]
 40%|████      | 279/693 [01:02<01:35,  4.34it/s]
 40%|████      | 280/693 [01:03<01:37,  4.24it/s]
 41%|████      | 281/693 [01:03<01:36,  4.28it/s]
 41%|████      | 282/693 [01:03<01:36,  4.26it/s]
 41%|████      | 283/693 [01:03<01:36,  4.24it/s]
 41%|████      | 284/693 [01:03<01:27,  4.69it/s]
 41%|████      | 285/693 [01:04<01:16,  5.32it/s]
 41%|████▏     | 286/693 [01:04<01:12,  5.65it/s]
 41%|████▏     | 287/693 [01:04<01:18,  5.15it/s]
 42%|████▏     | 288/693 [01:04<01:23,  4.84it/s]
 42%|████▏     | 289/693 [01:04<01:27,  4.63it/s]
 42%|████▏     | 290/693 [01:05<01:29,  4.52it/s]
 42%|████▏     | 291/693 [01:05<01:31,  4.41it/s]
 42%|████▏     | 292/693 [01:05<01:31,  4.37it/s]
 42%|████▏     | 293/693 [01:05<01:29,  4.48it/s]
 42%|████▏     | 294/693 [01:06<01:30,  4.42it/s]
 43%|████▎     | 295/693 [01:06<01:31,  4.33it/s]
 43%|████▎     | 296/693 [01:06<01:32,  4.31it/s]
 43%|████▎     | 297/693 [01:06<01:27,  4.52it/s]
 43%|████▎     | 298/693 [01:06<01:18,  5.06it/s]
 43%|████▎     | 299/693 [01:07<02:13,  2.94it/s]
 43%|████▎     | 300/693 [01:07<02:01,  3.24it/s]
 43%|████▎     | 301/693 [01:08<01:52,  3.48it/s]
 44%|████▎     | 302/693 [01:08<01:46,  3.68it/s]
 44%|████▎     | 303/693 [01:08<01:36,  4.03it/s]
 44%|████▍     | 304/693 [01:08<01:34,  4.10it/s]
 44%|████▍     | 305/693 [01:08<01:34,  4.13it/s]
 44%|████▍     | 306/693 [01:09<01:33,  4.15it/s]
 44%|████▍     | 307/693 [01:09<01:22,  4.65it/s]
 44%|████▍     | 308/693 [01:09<01:14,  5.17it/s]
 45%|████▍     | 309/693 [01:09<01:14,  5.18it/s]
 45%|████▍     | 310/693 [01:09<01:18,  4.85it/s]
 45%|████▍     | 311/693 [01:10<01:22,  4.63it/s]
 45%|████▌     | 312/693 [01:10<01:24,  4.51it/s]
 45%|████▌     | 313/693 [01:10<01:26,  4.41it/s]
 45%|████▌     | 314/693 [01:10<01:26,  4.36it/s]
 45%|████▌     | 315/693 [01:11<01:25,  4.43it/s]
 46%|████▌     | 316/693 [01:11<01:23,  4.51it/s]
 46%|████▌     | 317/693 [01:11<01:26,  4.34it/s]
 46%|████▌     | 318/693 [01:11<01:28,  4.26it/s]
 46%|████▌     | 319/693 [01:12<01:27,  4.29it/s]
 46%|████▌     | 320/693 [01:12<01:18,  4.73it/s]
 46%|████▋     | 321/693 [01:12<01:10,  5.27it/s]
 46%|████▋     | 322/693 [01:12<01:16,  4.87it/s]
 47%|████▋     | 323/693 [01:12<01:19,  4.65it/s]
 47%|████▋     | 324/693 [01:13<01:22,  4.47it/s]
 47%|████▋     | 325/693 [01:13<01:23,  4.40it/s]
 47%|████▋     | 326/693 [01:13<01:25,  4.31it/s]
 47%|████▋     | 327/693 [01:13<01:25,  4.29it/s]
 47%|████▋     | 328/693 [01:13<01:24,  4.32it/s]
 47%|████▋     | 329/693 [01:14<01:24,  4.28it/s]
 48%|████▊     | 330/693 [01:14<01:25,  4.24it/s]
 48%|████▊     | 331/693 [01:14<01:25,  4.24it/s]
 48%|████▊     | 332/693 [01:14<01:18,  4.62it/s]
 48%|████▊     | 333/693 [01:15<01:15,  4.77it/s]
 48%|████▊     | 334/693 [01:15<01:18,  4.60it/s]
 48%|████▊     | 335/693 [01:15<01:19,  4.48it/s]
 48%|████▊     | 336/693 [01:15<01:21,  4.39it/s]
 49%|████▊     | 337/693 [01:16<01:22,  4.33it/s]
 49%|████▉     | 338/693 [01:16<01:22,  4.30it/s]
 49%|████▉     | 339/693 [01:16<01:22,  4.28it/s]
 49%|████▉     | 340/693 [01:16<01:21,  4.32it/s]
 49%|████▉     | 341/693 [01:16<01:21,  4.31it/s]
 49%|████▉     | 342/693 [01:17<01:21,  4.29it/s]
 49%|████▉     | 343/693 [01:17<01:21,  4.30it/s]
 50%|████▉     | 344/693 [01:17<01:14,  4.66it/s]
 50%|████▉     | 345/693 [01:17<01:06,  5.23it/s]
 50%|████▉     | 346/693 [01:17<01:08,  5.05it/s]
 50%|█████     | 347/693 [01:18<01:12,  4.76it/s]
 50%|█████     | 348/693 [01:18<01:15,  4.58it/s]
 50%|█████     | 349/693 [01:18<01:17,  4.44it/s]
 51%|█████     | 350/693 [01:18<01:18,  4.36it/s]
 51%|█████     | 351/693 [01:19<01:18,  4.33it/s]
 51%|█████     | 352/693 [01:19<01:19,  4.29it/s]
 51%|█████     | 353/693 [01:19<01:19,  4.29it/s]
 51%|█████     | 354/693 [01:19<01:19,  4.25it/s]
 51%|█████     | 355/693 [01:20<01:19,  4.25it/s]
 51%|█████▏    | 356/693 [01:20<01:16,  4.40it/s]
 52%|█████▏    | 357/693 [01:20<01:06,  5.02it/s]
 52%|█████▏    | 358/693 [01:20<01:01,  5.41it/s]
 52%|█████▏    | 359/693 [01:20<01:06,  5.00it/s]
 52%|█████▏    | 360/693 [01:21<01:10,  4.72it/s]
 52%|█████▏    | 361/693 [01:21<01:12,  4.57it/s]
 52%|█████▏    | 362/693 [01:21<01:14,  4.46it/s]
 52%|█████▏    | 363/693 [01:21<01:15,  4.37it/s]
 53%|█████▎    | 364/693 [01:21<01:16,  4.30it/s]
 53%|█████▎    | 365/693 [01:22<01:14,  4.38it/s]
 53%|█████▎    | 366/693 [01:22<01:15,  4.31it/s]
 53%|█████▎    | 367/693 [01:22<01:15,  4.33it/s]
 53%|█████▎    | 368/693 [01:22<01:15,  4.29it/s]
 53%|█████▎    | 369/693 [01:23<01:10,  4.61it/s]
 53%|█████▎    | 370/693 [01:23<01:03,  5.11it/s]
 54%|█████▎    | 371/693 [01:23<01:02,  5.18it/s]
 54%|█████▎    | 372/693 [01:23<01:06,  4.84it/s]
 54%|█████▍    | 373/693 [01:23<01:08,  4.66it/s]
 54%|█████▍    | 374/693 [01:24<01:11,  4.49it/s]
 54%|█████▍    | 375/693 [01:24<01:12,  4.41it/s]
 54%|█████▍    | 376/693 [01:24<01:12,  4.36it/s]
 54%|█████▍    | 377/693 [01:24<01:11,  4.40it/s]
 55%|█████▍    | 378/693 [01:25<01:10,  4.50it/s]
 55%|█████▍    | 379/693 [01:25<01:11,  4.42it/s]
 55%|█████▍    | 380/693 [01:25<01:11,  4.38it/s]
 55%|█████▍    | 381/693 [01:25<01:12,  4.32it/s]
 55%|█████▌    | 382/693 [01:25<01:04,  4.80it/s]
 55%|█████▌    | 383/693 [01:26<00:57,  5.41it/s]
 55%|█████▌    | 384/693 [01:26<01:00,  5.10it/s]
 56%|█████▌    | 385/693 [01:26<01:04,  4.79it/s]
 56%|█████▌    | 386/693 [01:26<01:06,  4.60it/s]
 56%|█████▌    | 387/693 [01:26<01:08,  4.45it/s]
 56%|█████▌    | 388/693 [01:27<01:09,  4.38it/s]
 56%|█████▌    | 389/693 [01:27<01:10,  4.33it/s]
 56%|█████▋    | 390/693 [01:27<01:09,  4.36it/s]
 56%|█████▋    | 391/693 [01:27<01:10,  4.28it/s]
 57%|█████▋    | 392/693 [01:28<01:10,  4.26it/s]
 57%|█████▋    | 393/693 [01:28<01:10,  4.27it/s]
 57%|█████▋    | 394/693 [01:28<01:07,  4.42it/s]
 57%|█████▋    | 395/693 [01:28<00:59,  4.98it/s]
 57%|█████▋    | 396/693 [01:28<00:59,  4.96it/s]
 57%|█████▋    | 397/693 [01:29<01:02,  4.72it/s]
 57%|█████▋    | 398/693 [01:29<01:04,  4.55it/s]
 58%|█████▊    | 399/693 [01:29<01:06,  4.44it/s]
 58%|█████▊    | 400/693 [01:29<01:07,  4.36it/s]
 58%|█████▊    | 401/693 [01:30<01:07,  4.31it/s]
 58%|█████▊    | 402/693 [01:30<01:06,  4.38it/s]
 58%|█████▊    | 403/693 [01:30<01:05,  4.44it/s]
 58%|█████▊    | 404/693 [01:30<01:06,  4.38it/s]
 58%|█████▊    | 405/693 [01:31<01:06,  4.35it/s]
 59%|█████▊    | 406/693 [01:31<01:06,  4.31it/s]
 59%|█████▊    | 407/693 [01:31<00:57,  4.93it/s]
 59%|█████▉    | 408/693 [01:31<00:52,  5.42it/s]
 59%|█████▉    | 409/693 [01:31<00:54,  5.21it/s]
 59%|█████▉    | 410/693 [01:32<00:58,  4.87it/s]
 59%|█████▉    | 411/693 [01:32<01:00,  4.65it/s]
 59%|█████▉    | 412/693 [01:32<01:02,  4.52it/s]
 60%|█████▉    | 413/693 [01:32<01:03,  4.44it/s]
 60%|█████▉    | 414/693 [01:32<01:03,  4.37it/s]
 60%|█████▉    | 415/693 [01:33<01:01,  4.49it/s]
 60%|██████    | 416/693 [01:33<01:01,  4.47it/s]
 60%|██████    | 417/693 [01:33<01:02,  4.41it/s]
 60%|██████    | 418/693 [01:33<01:02,  4.37it/s]
 60%|██████    | 419/693 [01:34<01:03,  4.35it/s]
 61%|██████    | 420/693 [01:34<00:55,  4.89it/s]
 61%|██████    | 421/693 [01:34<00:49,  5.50it/s]
 61%|██████    | 422/693 [01:34<00:51,  5.24it/s]
 61%|██████    | 423/693 [01:34<00:55,  4.89it/s]
 61%|██████    | 424/693 [01:35<00:57,  4.66it/s]
 61%|██████▏   | 425/693 [01:35<00:59,  4.50it/s]
 61%|██████▏   | 426/693 [01:35<01:00,  4.43it/s]
 62%|██████▏   | 427/693 [01:35<01:00,  4.37it/s]
 62%|██████▏   | 428/693 [01:35<00:58,  4.50it/s]
 62%|██████▏   | 429/693 [01:36<00:58,  4.52it/s]
 62%|██████▏   | 430/693 [01:36<00:59,  4.44it/s]
 62%|██████▏   | 431/693 [01:36<00:59,  4.39it/s]
 62%|██████▏   | 432/693 [01:36<01:00,  4.34it/s]
 62%|██████▏   | 433/693 [01:37<00:52,  4.92it/s]
 63%|██████▎   | 434/693 [01:37<00:47,  5.44it/s]
 63%|██████▎   | 435/693 [01:37<00:49,  5.17it/s]
 63%|██████▎   | 436/693 [01:38<02:06,  2.03it/s]
 63%|██████▎   | 437/693 [01:38<01:45,  2.42it/s]
 63%|██████▎   | 438/693 [01:38<01:25,  2.98it/s]
 63%|██████▎   | 439/693 [01:39<01:08,  3.69it/s]
 63%|██████▎   | 440/693 [01:39<00:58,  4.33it/s]
 64%|██████▎   | 441/693 [01:39<00:58,  4.34it/s]
 64%|██████▍   | 442/693 [01:39<00:58,  4.31it/s]
 64%|██████▍   | 443/693 [01:39<00:58,  4.28it/s]
 64%|██████▍   | 444/693 [01:40<00:58,  4.27it/s]
 64%|██████▍   | 445/693 [01:40<00:58,  4.27it/s]
 64%|██████▍   | 446/693 [01:40<00:57,  4.26it/s]
 65%|██████▍   | 447/693 [01:40<00:57,  4.31it/s]
 65%|██████▍   | 448/693 [01:41<00:57,  4.27it/s]
 65%|██████▍   | 449/693 [01:41<00:56,  4.28it/s]
 65%|██████▍   | 450/693 [01:41<00:56,  4.27it/s]
 65%|██████▌   | 451/693 [01:41<00:54,  4.42it/s]
 65%|██████▌   | 452/693 [01:41<00:48,  4.99it/s]
 65%|██████▌   | 453/693 [01:42<00:44,  5.40it/s]
 66%|██████▌   | 454/693 [01:42<00:48,  4.98it/s]
 66%|██████▌   | 455/693 [01:42<00:50,  4.72it/s]
 66%|██████▌   | 456/693 [01:42<00:52,  4.54it/s]
 66%|██████▌   | 457/693 [01:42<00:53,  4.45it/s]
 66%|██████▌   | 458/693 [01:43<00:53,  4.38it/s]
 66%|██████▌   | 459/693 [01:43<00:53,  4.33it/s]
 66%|██████▋   | 460/693 [01:43<00:52,  4.47it/s]
 67%|██████▋   | 461/693 [01:43<00:52,  4.41it/s]
 67%|██████▋   | 462/693 [01:44<00:52,  4.37it/s]
 67%|██████▋   | 463/693 [01:44<00:53,  4.34it/s]
 67%|██████▋   | 464/693 [01:44<00:51,  4.48it/s]
 67%|██████▋   | 465/693 [01:44<00:44,  5.09it/s]
 67%|██████▋   | 466/693 [01:44<00:41,  5.46it/s]
 67%|██████▋   | 467/693 [01:45<00:44,  5.02it/s]
 68%|██████▊   | 468/693 [01:45<00:47,  4.76it/s]
 68%|██████▊   | 469/693 [01:45<00:49,  4.57it/s]
 68%|██████▊   | 470/693 [01:45<00:49,  4.47it/s]
 68%|██████▊   | 471/693 [01:46<00:50,  4.38it/s]
 68%|██████▊   | 472/693 [01:46<00:51,  4.33it/s]
 68%|██████▊   | 473/693 [01:46<00:49,  4.48it/s]
 68%|██████▊   | 474/693 [01:46<00:49,  4.40it/s]
 69%|██████▊   | 475/693 [01:46<00:49,  4.36it/s]
 69%|██████▊   | 476/693 [01:47<00:50,  4.33it/s]
 69%|██████▉   | 477/693 [01:47<00:47,  4.51it/s]
 69%|██████▉   | 478/693 [01:47<00:42,  5.08it/s]
 69%|██████▉   | 479/693 [01:47<00:37,  5.67it/s]
 69%|██████▉   | 480/693 [01:47<00:40,  5.20it/s]
 69%|██████▉   | 481/693 [01:48<00:43,  4.83it/s]
 70%|██████▉   | 482/693 [01:48<00:45,  4.61it/s]
 70%|██████▉   | 483/693 [01:48<00:46,  4.47it/s]
 70%|██████▉   | 484/693 [01:48<00:47,  4.39it/s]
 70%|██████▉   | 485/693 [01:49<00:48,  4.33it/s]
 70%|███████   | 486/693 [01:49<00:47,  4.39it/s]
 70%|███████   | 487/693 [01:49<00:47,  4.34it/s]
 70%|███████   | 488/693 [01:49<00:47,  4.30it/s]
 71%|███████   | 489/693 [01:50<00:47,  4.29it/s]
 71%|███████   | 490/693 [01:50<00:45,  4.50it/s]
 71%|███████   | 491/693 [01:50<00:39,  5.14it/s]
 71%|███████   | 492/693 [01:50<00:36,  5.53it/s]
 71%|███████   | 493/693 [01:50<00:39,  5.09it/s]
 71%|███████▏  | 494/693 [01:50<00:41,  4.82it/s]
 71%|███████▏  | 495/693 [01:51<00:42,  4.62it/s]
 72%|███████▏  | 496/693 [01:51<00:43,  4.48it/s]
 72%|███████▏  | 497/693 [01:51<00:44,  4.42it/s]
 72%|███████▏  | 498/693 [01:51<00:44,  4.35it/s]
 72%|███████▏  | 499/693 [01:52<00:43,  4.49it/s]
 72%|███████▏  | 500/693 [01:52<00:43,  4.41it/s]
 72%|███████▏  | 501/693 [01:52<00:43,  4.37it/s]
 72%|███████▏  | 502/693 [01:52<00:44,  4.34it/s]
 73%|███████▎  | 503/693 [01:53<00:42,  4.52it/s]
 73%|███████▎  | 504/693 [01:53<00:37,  5.09it/s]
 73%|███████▎  | 505/693 [01:53<00:33,  5.67it/s]
 73%|███████▎  | 506/693 [01:53<00:35,  5.20it/s]
 73%|███████▎  | 507/693 [01:53<00:38,  4.84it/s]
 73%|███████▎  | 508/693 [01:54<00:39,  4.64it/s]
 73%|███████▎  | 509/693 [01:54<00:40,  4.51it/s]
 74%|███████▎  | 510/693 [01:54<00:41,  4.41it/s]
 74%|███████▎  | 511/693 [01:54<00:41,  4.36it/s]
 74%|███████▍  | 512/693 [01:54<00:41,  4.35it/s]
 74%|███████▍  | 513/693 [01:55<00:41,  4.29it/s]
 74%|███████▍  | 514/693 [01:55<00:42,  4.26it/s]
 74%|███████▍  | 515/693 [01:55<00:41,  4.24it/s]
 74%|███████▍  | 516/693 [01:55<00:40,  4.35it/s]
 75%|███████▍  | 517/693 [01:56<00:35,  4.92it/s]
 75%|███████▍  | 518/693 [01:56<00:35,  4.91it/s]
 75%|███████▍  | 519/693 [01:56<00:37,  4.67it/s]
 75%|███████▌  | 520/693 [01:56<00:38,  4.50it/s]
 75%|███████▌  | 521/693 [01:56<00:39,  4.40it/s]
 75%|███████▌  | 522/693 [01:57<00:39,  4.32it/s]
 75%|███████▌  | 523/693 [01:57<00:39,  4.26it/s]
 76%|███████▌  | 524/693 [01:57<00:39,  4.26it/s]
 76%|███████▌  | 525/693 [01:57<00:39,  4.26it/s]
 76%|███████▌  | 526/693 [01:58<00:39,  4.23it/s]
 76%|███████▌  | 527/693 [01:58<00:39,  4.24it/s]
 76%|███████▌  | 528/693 [01:58<00:38,  4.34it/s]
 76%|███████▋  | 529/693 [01:58<00:34,  4.82it/s]
 76%|███████▋  | 530/693 [01:58<00:33,  4.90it/s]
 77%|███████▋  | 531/693 [01:59<00:34,  4.67it/s]
 77%|███████▋  | 532/693 [01:59<00:35,  4.50it/s]
 77%|███████▋  | 533/693 [01:59<00:36,  4.40it/s]
 77%|███████▋  | 534/693 [01:59<00:36,  4.31it/s]
 77%|███████▋  | 535/693 [02:00<00:36,  4.28it/s]
 77%|███████▋  | 536/693 [02:00<00:36,  4.33it/s]
 77%|███████▋  | 537/693 [02:00<00:36,  4.30it/s]
 78%|███████▊  | 538/693 [02:00<00:36,  4.26it/s]
 78%|███████▊  | 539/693 [02:01<00:36,  4.27it/s]
 78%|███████▊  | 540/693 [02:01<00:35,  4.32it/s]
 78%|███████▊  | 541/693 [02:01<00:31,  4.86it/s]
 78%|███████▊  | 542/693 [02:01<00:30,  4.94it/s]
 78%|███████▊  | 543/693 [02:01<00:31,  4.71it/s]
 78%|███████▊  | 544/693 [02:02<00:32,  4.52it/s]
 79%|███████▊  | 545/693 [02:02<00:33,  4.42it/s]
 79%|███████▉  | 546/693 [02:02<00:33,  4.34it/s]
 79%|███████▉  | 547/693 [02:02<00:33,  4.30it/s]
 79%|███████▉  | 548/693 [02:03<00:33,  4.34it/s]
 79%|███████▉  | 549/693 [02:03<00:32,  4.41it/s]
 79%|███████▉  | 550/693 [02:03<00:32,  4.36it/s]
 80%|███████▉  | 551/693 [02:03<00:32,  4.33it/s]
 80%|███████▉  | 552/693 [02:03<00:32,  4.35it/s]
 80%|███████▉  | 553/693 [02:04<00:28,  4.97it/s]
 80%|███████▉  | 554/693 [02:04<00:25,  5.38it/s]
 80%|████████  | 555/693 [02:04<00:27,  5.00it/s]
 80%|████████  | 556/693 [02:04<00:28,  4.74it/s]
 80%|████████  | 557/693 [02:04<00:29,  4.58it/s]
 81%|████████  | 558/693 [02:05<00:30,  4.47it/s]
 81%|████████  | 559/693 [02:05<00:30,  4.41it/s]
 81%|████████  | 560/693 [02:05<00:30,  4.33it/s]
 81%|████████  | 561/693 [02:05<00:29,  4.48it/s]
 81%|████████  | 562/693 [02:06<00:29,  4.40it/s]
 81%|████████  | 563/693 [02:06<00:29,  4.37it/s]
 81%|████████▏ | 564/693 [02:06<00:29,  4.34it/s]
 82%|████████▏ | 565/693 [02:06<00:28,  4.52it/s]
 82%|████████▏ | 566/693 [02:06<00:25,  5.06it/s]
 82%|████████▏ | 567/693 [02:07<00:22,  5.61it/s]
 82%|████████▏ | 568/693 [02:07<00:24,  5.14it/s]
 82%|████████▏ | 569/693 [02:07<00:25,  4.85it/s]
 82%|████████▏ | 570/693 [02:07<00:26,  4.63it/s]
 82%|████████▏ | 571/693 [02:07<00:27,  4.51it/s]
 83%|████████▎ | 572/693 [02:08<00:27,  4.41it/s]
 83%|████████▎ | 573/693 [02:08<00:27,  4.36it/s]
 83%|████████▎ | 574/693 [02:08<00:27,  4.37it/s]
 83%|████████▎ | 575/693 [02:08<00:27,  4.32it/s]
 83%|████████▎ | 576/693 [02:09<00:27,  4.30it/s]
 83%|████████▎ | 577/693 [02:09<00:26,  4.30it/s]
 83%|████████▎ | 578/693 [02:09<00:25,  4.44it/s]
 84%|████████▎ | 579/693 [02:09<00:22,  5.11it/s]
 84%|████████▎ | 580/693 [02:09<00:20,  5.51it/s]
 84%|████████▍ | 581/693 [02:10<00:22,  5.04it/s]
 84%|████████▍ | 582/693 [02:10<00:23,  4.77it/s]
 84%|████████▍ | 583/693 [02:10<00:23,  4.61it/s]
 84%|████████▍ | 584/693 [02:10<00:24,  4.51it/s]
 84%|████████▍ | 585/693 [02:11<00:24,  4.42it/s]
 85%|████████▍ | 586/693 [02:11<00:24,  4.36it/s]
 85%|████████▍ | 587/693 [02:11<00:23,  4.51it/s]
 85%|████████▍ | 588/693 [02:11<00:23,  4.42it/s]
 85%|████████▍ | 589/693 [02:11<00:23,  4.38it/s]
 85%|████████▌ | 590/693 [02:12<00:23,  4.32it/s]
 85%|████████▌ | 591/693 [02:12<00:22,  4.51it/s]
 85%|████████▌ | 592/693 [02:12<00:19,  5.07it/s]
 86%|████████▌ | 593/693 [02:12<00:17,  5.61it/s]
 86%|████████▌ | 594/693 [02:12<00:19,  5.14it/s]
 86%|████████▌ | 595/693 [02:13<00:20,  4.82it/s]
 86%|████████▌ | 596/693 [02:13<00:20,  4.63it/s]
 86%|████████▌ | 597/693 [02:13<00:21,  4.50it/s]
 86%|████████▋ | 598/693 [02:13<00:21,  4.43it/s]
 86%|████████▋ | 599/693 [02:14<00:21,  4.36it/s]
 87%|████████▋ | 600/693 [02:14<00:21,  4.37it/s]
 87%|████████▋ | 601/693 [02:14<00:21,  4.34it/s]
 87%|████████▋ | 602/693 [02:14<00:21,  4.32it/s]
 87%|████████▋ | 603/693 [02:15<00:20,  4.31it/s]
 87%|████████▋ | 604/693 [02:15<00:20,  4.45it/s]
 87%|████████▋ | 605/693 [02:15<00:17,  5.09it/s]
 87%|████████▋ | 606/693 [02:15<00:16,  5.41it/s]
 88%|████████▊ | 607/693 [02:15<00:17,  4.99it/s]
 88%|████████▊ | 608/693 [02:15<00:17,  4.74it/s]
 88%|████████▊ | 609/693 [02:16<00:18,  4.57it/s]
 88%|████████▊ | 610/693 [02:16<00:18,  4.47it/s]
 88%|████████▊ | 611/693 [02:16<00:18,  4.42it/s]
 88%|████████▊ | 612/693 [02:16<00:18,  4.37it/s]
 88%|████████▊ | 613/693 [02:17<00:17,  4.51it/s]
 89%|████████▊ | 614/693 [02:17<00:17,  4.43it/s]
 89%|████████▊ | 615/693 [02:17<00:17,  4.39it/s]
 89%|████████▉ | 616/693 [02:17<00:17,  4.37it/s]
 89%|████████▉ | 617/693 [02:18<00:16,  4.51it/s]
 89%|████████▉ | 618/693 [02:18<00:14,  5.08it/s]
 89%|████████▉ | 619/693 [02:18<00:13,  5.65it/s]
 89%|████████▉ | 620/693 [02:18<00:14,  5.15it/s]
 90%|████████▉ | 621/693 [02:18<00:14,  4.83it/s]
 90%|████████▉ | 622/693 [02:19<00:15,  4.63it/s]
 90%|████████▉ | 623/693 [02:19<00:15,  4.50it/s]
 90%|█████████ | 624/693 [02:19<00:15,  4.42it/s]
 90%|█████████ | 625/693 [02:19<00:15,  4.36it/s]
 90%|█████████ | 626/693 [02:19<00:15,  4.37it/s]
 90%|█████████ | 627/693 [02:20<00:15,  4.33it/s]
 91%|█████████ | 628/693 [02:20<00:15,  4.32it/s]
 91%|█████████ | 629/693 [02:20<00:14,  4.30it/s]
 91%|█████████ | 630/693 [02:20<00:14,  4.45it/s]
 91%|█████████ | 631/693 [02:20<00:12,  5.12it/s]
 91%|█████████ | 632/693 [02:21<00:10,  5.59it/s]
 91%|█████████▏| 633/693 [02:21<00:11,  5.24it/s]
 91%|█████████▏| 634/693 [02:21<00:12,  4.89it/s]
 92%|█████████▏| 635/693 [02:21<00:12,  4.68it/s]
 92%|█████████▏| 636/693 [02:22<00:12,  4.54it/s]
 92%|█████████▏| 637/693 [02:22<00:12,  4.44it/s]
 92%|█████████▏| 638/693 [02:22<00:12,  4.39it/s]
 92%|█████████▏| 639/693 [02:22<00:12,  4.37it/s]
 92%|█████████▏| 640/693 [02:22<00:12,  4.33it/s]
 92%|█████████▏| 641/693 [02:23<00:12,  4.30it/s]
 93%|█████████▎| 642/693 [02:23<00:11,  4.29it/s]
 93%|█████████▎| 643/693 [02:23<00:11,  4.42it/s]
 93%|█████████▎| 644/693 [02:23<00:09,  4.97it/s]
 93%|█████████▎| 645/693 [02:23<00:08,  5.52it/s]
 93%|█████████▎| 646/693 [02:24<00:09,  5.06it/s]
 93%|█████████▎| 647/693 [02:24<00:09,  4.78it/s]
 94%|█████████▎| 648/693 [02:24<00:09,  4.61it/s]
 94%|█████████▎| 649/693 [02:24<00:09,  4.46it/s]
 94%|█████████▍| 650/693 [02:25<00:09,  4.39it/s]
 94%|█████████▍| 651/693 [02:25<00:09,  4.36it/s]
 94%|█████████▍| 652/693 [02:25<00:09,  4.39it/s]
 94%|█████████▍| 653/693 [02:25<00:09,  4.35it/s]
 94%|█████████▍| 654/693 [02:26<00:09,  4.33it/s]
 95%|█████████▍| 655/693 [02:26<00:08,  4.31it/s]
 95%|█████████▍| 656/693 [02:26<00:08,  4.45it/s]
 95%|█████████▍| 657/693 [02:26<00:07,  5.12it/s]
 95%|█████████▍| 658/693 [02:26<00:06,  5.46it/s]
 95%|█████████▌| 659/693 [02:27<00:06,  5.03it/s]
 95%|█████████▌| 660/693 [02:27<00:06,  4.75it/s]
 95%|█████████▌| 661/693 [02:27<00:06,  4.59it/s]
 96%|█████████▌| 662/693 [02:27<00:06,  4.48it/s]
 96%|█████████▌| 663/693 [02:27<00:06,  4.40it/s]
 96%|█████████▌| 664/693 [02:28<00:06,  4.36it/s]
 96%|█████████▌| 665/693 [02:28<00:06,  4.50it/s]
 96%|█████████▌| 666/693 [02:28<00:06,  4.42it/s]
 96%|█████████▌| 667/693 [02:28<00:05,  4.39it/s]
 96%|█████████▋| 668/693 [02:29<00:05,  4.35it/s]
 97%|█████████▋| 669/693 [02:29<00:05,  4.51it/s]
 97%|█████████▋| 670/693 [02:29<00:04,  5.05it/s]
 97%|█████████▋| 671/693 [02:29<00:03,  5.54it/s]
 97%|█████████▋| 672/693 [02:29<00:04,  5.06it/s]
 97%|█████████▋| 673/693 [02:30<00:04,  4.78it/s]
 97%|█████████▋| 674/693 [02:30<00:04,  4.60it/s]
 97%|█████████▋| 675/693 [02:30<00:04,  4.48it/s]
 98%|█████████▊| 676/693 [02:30<00:03,  4.40it/s]
 98%|█████████▊| 677/693 [02:31<00:03,  4.35it/s]
 98%|█████████▊| 678/693 [02:31<00:03,  4.47it/s]
 98%|█████████▊| 679/693 [02:31<00:03,  4.43it/s]
 98%|█████████▊| 680/693 [02:31<00:02,  4.38it/s]
 98%|█████████▊| 681/693 [02:31<00:02,  4.35it/s]
 98%|█████████▊| 682/693 [02:32<00:02,  4.50it/s]
 99%|█████████▊| 683/693 [02:32<00:01,  5.16it/s]
 99%|█████████▊| 684/693 [02:32<00:01,  5.45it/s]
 99%|█████████▉| 685/693 [02:32<00:01,  5.05it/s]
 99%|█████████▉| 686/693 [02:32<00:01,  4.78it/s]
 99%|█████████▉| 687/693 [02:33<00:01,  4.59it/s]
 99%|█████████▉| 688/693 [02:33<00:01,  4.49it/s]
 99%|█████████▉| 689/693 [02:33<00:00,  4.39it/s]
100%|█████████▉| 690/693 [02:33<00:00,  4.36it/s]
100%|█████████▉| 691/693 [02:34<00:00,  4.52it/s]
100%|█████████▉| 692/693 [02:34<00:00,  4.45it/s]
100%|██████████| 693/693 [02:34<00:00,  4.45it/s]
100%|██████████| 693/693 [02:34<00:00,  4.48it/s]
Training loss: 0.7401841225648167, KL loss: 0.5186889901284187, Sim loss: 9.818423345343067e-05, Exo CLS loss: 0.5815050577070204, 
Noun sim loss: 0.11875039686329265, Part sim loss: 0.15394876731766594, Proto loss: 1.0834312593782103, Conc loss: 0.10950812012559236
learning rate:4.542381303883242e-05


  0%|          | 0/168 [00:00<?, ?it/s]
  1%|          | 1/168 [00:00<02:00,  1.38it/s]
  2%|▏         | 4/168 [00:00<00:28,  5.68it/s]
  4%|▎         | 6/168 [00:01<00:21,  7.62it/s]
  5%|▌         | 9/168 [00:01<00:14, 10.79it/s]
  7%|▋         | 11/168 [00:01<00:16,  9.53it/s]
  8%|▊         | 14/168 [00:01<00:12, 12.39it/s]
 10%|█         | 17/168 [00:01<00:14, 10.31it/s]
 11%|█▏        | 19/168 [00:02<00:13, 10.75it/s]
 13%|█▎        | 22/168 [00:02<00:11, 13.17it/s]
 15%|█▍        | 25/168 [00:02<00:11, 12.00it/s]
 16%|█▌        | 27/168 [00:02<00:16,  8.75it/s]
 18%|█▊        | 30/168 [00:03<00:12, 11.22it/s]
 20%|█▉        | 33/168 [00:03<00:09, 13.52it/s]
 21%|██▏       | 36/168 [00:03<00:08, 15.37it/s]
 23%|██▎       | 39/168 [00:03<00:07, 17.15it/s]
 25%|██▌       | 42/168 [00:03<00:07, 17.91it/s]
 27%|██▋       | 45/168 [00:03<00:06, 19.08it/s]
 29%|██▊       | 48/168 [00:03<00:05, 20.01it/s]
 31%|███       | 52/168 [00:04<00:04, 23.69it/s]
 33%|███▎      | 56/168 [00:04<00:04, 25.07it/s]
 35%|███▌      | 59/168 [00:04<00:04, 22.08it/s]
 37%|███▋      | 62/168 [00:04<00:04, 22.31it/s]
 39%|███▊      | 65/168 [00:04<00:04, 22.30it/s]
 40%|████      | 68/168 [00:04<00:04, 21.34it/s]
 42%|████▏     | 71/168 [00:04<00:04, 21.69it/s]
 44%|████▍     | 74/168 [00:05<00:04, 21.84it/s]
 46%|████▌     | 77/168 [00:05<00:04, 21.18it/s]
 48%|████▊     | 80/168 [00:05<00:04, 21.01it/s]
 49%|████▉     | 83/168 [00:05<00:04, 20.84it/s]
 51%|█████     | 86/168 [00:05<00:03, 20.60it/s]
 53%|█████▎    | 89/168 [00:05<00:03, 21.10it/s]
 55%|█████▍    | 92/168 [00:05<00:03, 20.62it/s]
 57%|█████▋    | 95/168 [00:06<00:05, 13.53it/s]
 58%|█████▊    | 98/168 [00:06<00:04, 15.43it/s]
 60%|██████    | 101/168 [00:06<00:03, 17.10it/s]
 62%|██████▏   | 104/168 [00:06<00:03, 18.22it/s]
 64%|██████▎   | 107/168 [00:06<00:03, 19.28it/s]
 65%|██████▌   | 110/168 [00:06<00:02, 19.90it/s]
 67%|██████▋   | 113/168 [00:07<00:02, 20.29it/s]
 69%|██████▉   | 116/168 [00:07<00:02, 20.49it/s]
 71%|███████   | 119/168 [00:07<00:02, 20.70it/s]
 73%|███████▎  | 122/168 [00:07<00:02, 20.67it/s]
 74%|███████▍  | 125/168 [00:07<00:01, 21.57it/s]
 76%|███████▌  | 128/168 [00:07<00:01, 21.40it/s]
 78%|███████▊  | 131/168 [00:07<00:01, 21.18it/s]
 80%|███████▉  | 134/168 [00:08<00:01, 20.95it/s]
 82%|████████▏ | 137/168 [00:08<00:01, 20.42it/s]
 83%|████████▎ | 140/168 [00:08<00:01, 20.95it/s]
 86%|████████▌ | 144/168 [00:08<00:00, 24.08it/s]
 88%|████████▊ | 147/168 [00:08<00:00, 25.34it/s]
 89%|████████▉ | 150/168 [00:08<00:00, 24.17it/s]
 91%|█████████ | 153/168 [00:08<00:00, 22.49it/s]
 93%|█████████▎| 156/168 [00:09<00:00, 22.40it/s]
 95%|█████████▍| 159/168 [00:09<00:00, 21.18it/s]
 96%|█████████▋| 162/168 [00:09<00:00, 19.18it/s]
 98%|█████████▊| 165/168 [00:09<00:00, 20.15it/s]
100%|██████████| 168/168 [00:09<00:00, 21.45it/s]
100%|██████████| 168/168 [00:09<00:00, 17.19it/s]
Result on AGD: 
KLD=0.9125107526779175, SIM=0.5202475786209106, NSS=1.498319387435913
noun sim: 0.11164595581413735, part sim: 0.15146535324553648
No KLD improvement for 1 epoch(s). Best KLD: 0.8719511032104492, Current KLD: 0.9125107526779175
============Training Epoch 8============

  0%|          | 0/693 [00:00<?, ?it/s]/mnt/sdb/wyn/envs/clip-env/lib/python3.10/site-packages/torch/_tensor.py:1002: UserWarning: non-inplace resize is deprecated
  warnings.warn("non-inplace resize is deprecated")
/mnt/sdb/wyn/envs/clip-env/lib/python3.10/site-packages/torch/_tensor.py:1002: UserWarning: non-inplace resize is deprecated
  warnings.warn("non-inplace resize is deprecated")
/mnt/sdb/wyn/envs/clip-env/lib/python3.10/site-packages/torch/_tensor.py:1002: UserWarning: non-inplace resize is deprecated
  warnings.warn("non-inplace resize is deprecated")
/mnt/sdb/wyn/envs/clip-env/lib/python3.10/site-packages/torch/_tensor.py:1002: UserWarning: non-inplace resize is deprecated
  warnings.warn("non-inplace resize is deprecated")
/mnt/sdb/wyn/envs/clip-env/lib/python3.10/site-packages/torch/_tensor.py:1002: UserWarning: non-inplace resize is deprecated
  warnings.warn("non-inplace resize is deprecated")
/mnt/sdb/wyn/envs/clip-env/lib/python3.10/site-packages/torch/_tensor.py:1002: UserWarning: non-inplace resize is deprecated
  warnings.warn("non-inplace resize is deprecated")
/mnt/sdb/wyn/envs/clip-env/lib/python3.10/site-packages/torch/_tensor.py:1002: UserWarning: non-inplace resize is deprecated
  warnings.warn("non-inplace resize is deprecated")
/mnt/sdb/wyn/envs/clip-env/lib/python3.10/site-packages/torch/_tensor.py:1002: UserWarning: non-inplace resize is deprecated
  warnings.warn("non-inplace resize is deprecated")

  0%|          | 1/693 [00:02<23:54,  2.07s/it]
  0%|          | 2/693 [00:02<11:02,  1.04it/s]
  0%|          | 3/693 [00:02<06:39,  1.73it/s]
  1%|          | 4/693 [00:02<04:55,  2.33it/s]
  1%|          | 5/693 [00:02<04:07,  2.78it/s]
  1%|          | 6/693 [00:03<05:30,  2.08it/s]
  1%|          | 7/693 [00:03<04:27,  2.57it/s]
  1%|          | 8/693 [00:03<03:55,  2.91it/s]
  1%|▏         | 9/693 [00:05<08:10,  1.39it/s]
  1%|▏         | 10/693 [00:05<06:28,  1.76it/s]
  2%|▏         | 11/693 [00:05<05:18,  2.14it/s]
  2%|▏         | 12/693 [00:06<04:23,  2.59it/s]
  2%|▏         | 13/693 [00:06<03:30,  3.23it/s]
  2%|▏         | 14/693 [00:06<03:08,  3.60it/s]
  2%|▏         | 15/693 [00:06<03:00,  3.75it/s]
  2%|▏         | 16/693 [00:07<02:55,  3.85it/s]
  2%|▏         | 17/693 [00:08<07:56,  1.42it/s]
  3%|▎         | 18/693 [00:08<06:22,  1.76it/s]
  3%|▎         | 19/693 [00:09<05:14,  2.14it/s]
  3%|▎         | 20/693 [00:09<04:25,  2.53it/s]
  3%|▎         | 21/693 [00:09<03:53,  2.88it/s]
  3%|▎         | 22/693 [00:09<03:31,  3.17it/s]
  3%|▎         | 23/693 [00:10<03:15,  3.43it/s]
  3%|▎         | 24/693 [00:10<02:50,  3.92it/s]
  4%|▎         | 25/693 [00:10<02:25,  4.59it/s]
  4%|▍         | 26/693 [00:10<02:27,  4.53it/s]
  4%|▍         | 27/693 [00:10<02:30,  4.44it/s]
  4%|▍         | 28/693 [00:11<02:32,  4.35it/s]
  4%|▍         | 29/693 [00:11<02:33,  4.32it/s]
  4%|▍         | 30/693 [00:11<02:34,  4.29it/s]
  4%|▍         | 31/693 [00:11<02:34,  4.28it/s]
  5%|▍         | 32/693 [00:12<02:34,  4.29it/s]
  5%|▍         | 33/693 [00:12<02:33,  4.29it/s]
  5%|▍         | 34/693 [00:12<02:34,  4.26it/s]
  5%|▌         | 35/693 [00:12<02:34,  4.26it/s]
  5%|▌         | 36/693 [00:13<02:28,  4.42it/s]
  5%|▌         | 37/693 [00:13<02:09,  5.06it/s]
  5%|▌         | 38/693 [00:13<02:02,  5.33it/s]
  6%|▌         | 39/693 [00:13<02:11,  4.98it/s]
  6%|▌         | 40/693 [00:13<02:22,  4.60it/s]
  6%|▌         | 41/693 [00:14<02:25,  4.47it/s]
  6%|▌         | 42/693 [00:14<02:27,  4.40it/s]
  6%|▌         | 43/693 [00:14<02:30,  4.33it/s]
  6%|▋         | 44/693 [00:14<02:30,  4.30it/s]
  6%|▋         | 45/693 [00:14<02:26,  4.43it/s]
  7%|▋         | 46/693 [00:15<02:27,  4.38it/s]
  7%|▋         | 47/693 [00:15<02:28,  4.35it/s]
  7%|▋         | 48/693 [00:15<02:29,  4.32it/s]
  7%|▋         | 49/693 [00:15<02:15,  4.76it/s]
  7%|▋         | 50/693 [00:15<02:01,  5.29it/s]
  7%|▋         | 51/693 [00:16<02:05,  5.12it/s]
  8%|▊         | 52/693 [00:16<02:12,  4.82it/s]
  8%|▊         | 53/693 [00:16<02:18,  4.61it/s]
  8%|▊         | 54/693 [00:16<02:22,  4.49it/s]
  8%|▊         | 55/693 [00:17<02:24,  4.41it/s]
  8%|▊         | 56/693 [00:17<02:26,  4.36it/s]
  8%|▊         | 57/693 [00:17<02:26,  4.35it/s]
  8%|▊         | 58/693 [00:17<02:27,  4.30it/s]
  9%|▊         | 59/693 [00:18<02:28,  4.27it/s]
  9%|▊         | 60/693 [00:18<02:28,  4.26it/s]
  9%|▉         | 61/693 [00:18<02:23,  4.42it/s]
  9%|▉         | 62/693 [00:18<02:06,  5.01it/s]
  9%|▉         | 63/693 [00:18<01:55,  5.47it/s]
  9%|▉         | 64/693 [00:19<02:05,  5.03it/s]
  9%|▉         | 65/693 [00:19<02:12,  4.73it/s]
 10%|▉         | 66/693 [00:19<02:16,  4.58it/s]
 10%|▉         | 67/693 [00:19<02:20,  4.46it/s]
 10%|▉         | 68/693 [00:19<02:22,  4.38it/s]
 10%|▉         | 69/693 [00:20<02:23,  4.35it/s]
 10%|█         | 70/693 [00:20<02:18,  4.51it/s]
 10%|█         | 71/693 [00:20<02:20,  4.44it/s]
 10%|█         | 72/693 [00:20<02:22,  4.37it/s]
 11%|█         | 73/693 [00:21<02:22,  4.35it/s]
 11%|█         | 74/693 [00:23<08:36,  1.20it/s]
 11%|█         | 75/693 [00:23<06:45,  1.53it/s]
 11%|█         | 76/693 [00:23<05:26,  1.89it/s]
 11%|█         | 77/693 [00:24<04:32,  2.26it/s]
 11%|█▏        | 78/693 [00:24<03:53,  2.64it/s]
 11%|█▏        | 79/693 [00:24<03:25,  2.99it/s]
 12%|█▏        | 80/693 [00:24<03:07,  3.27it/s]
 12%|█▏        | 81/693 [00:25<02:53,  3.52it/s]
 12%|█▏        | 82/693 [00:25<02:33,  3.97it/s]
 12%|█▏        | 83/693 [00:25<02:10,  4.67it/s]
 12%|█▏        | 84/693 [00:25<01:58,  5.15it/s]
 12%|█▏        | 85/693 [00:25<02:04,  4.88it/s]
 12%|█▏        | 86/693 [00:25<02:10,  4.66it/s]
 13%|█▎        | 87/693 [00:26<02:14,  4.52it/s]
 13%|█▎        | 88/693 [00:26<02:16,  4.43it/s]
 13%|█▎        | 89/693 [00:26<02:18,  4.37it/s]
 13%|█▎        | 90/693 [00:26<02:19,  4.32it/s]
 13%|█▎        | 91/693 [00:27<02:15,  4.43it/s]
 13%|█▎        | 92/693 [00:27<02:17,  4.39it/s]
 13%|█▎        | 93/693 [00:27<02:18,  4.33it/s]
 14%|█▎        | 94/693 [00:27<02:18,  4.32it/s]
 14%|█▎        | 95/693 [00:27<02:12,  4.52it/s]
 14%|█▍        | 96/693 [00:28<01:57,  5.07it/s]
 14%|█▍        | 97/693 [00:28<01:48,  5.52it/s]
 14%|█▍        | 98/693 [00:28<01:57,  5.06it/s]
 14%|█▍        | 99/693 [00:28<02:04,  4.75it/s]
 14%|█▍        | 100/693 [00:28<02:09,  4.58it/s]
 15%|█▍        | 101/693 [00:29<02:13,  4.44it/s]
 15%|█▍        | 102/693 [00:29<02:15,  4.35it/s]
 15%|█▍        | 103/693 [00:29<02:16,  4.33it/s]
 15%|█▌        | 104/693 [00:29<02:15,  4.36it/s]
 15%|█▌        | 105/693 [00:30<02:16,  4.31it/s]
 15%|█▌        | 106/693 [00:30<02:16,  4.29it/s]
 15%|█▌        | 107/693 [00:30<02:16,  4.29it/s]
 16%|█▌        | 108/693 [00:30<02:05,  4.65it/s]
 16%|█▌        | 109/693 [00:30<01:50,  5.27it/s]
 16%|█▌        | 110/693 [00:31<01:53,  5.14it/s]
 16%|█▌        | 111/693 [00:31<02:00,  4.84it/s]
 16%|█▌        | 112/693 [00:31<02:05,  4.64it/s]
 16%|█▋        | 113/693 [00:31<02:08,  4.51it/s]
 16%|█▋        | 114/693 [00:32<02:11,  4.41it/s]
 17%|█▋        | 115/693 [00:32<02:12,  4.36it/s]
 17%|█▋        | 116/693 [00:32<02:09,  4.46it/s]
 17%|█▋        | 117/693 [00:32<02:07,  4.53it/s]
 17%|█▋        | 118/693 [00:32<02:09,  4.44it/s]
 17%|█▋        | 119/693 [00:33<02:10,  4.39it/s]
 17%|█▋        | 120/693 [00:33<02:12,  4.32it/s]
 17%|█▋        | 121/693 [00:33<01:58,  4.82it/s]
 18%|█▊        | 122/693 [00:33<01:44,  5.47it/s]
 18%|█▊        | 123/693 [00:33<01:48,  5.25it/s]
 18%|█▊        | 124/693 [00:34<01:55,  4.93it/s]
 18%|█▊        | 125/693 [00:34<02:01,  4.69it/s]
 18%|█▊        | 126/693 [00:34<02:03,  4.58it/s]
 18%|█▊        | 127/693 [00:34<02:06,  4.46it/s]
 18%|█▊        | 128/693 [00:35<02:08,  4.41it/s]
 19%|█▊        | 129/693 [00:35<02:04,  4.53it/s]
 19%|█▉        | 130/693 [00:35<02:04,  4.52it/s]
 19%|█▉        | 131/693 [00:35<02:07,  4.42it/s]
 19%|█▉        | 132/693 [00:36<02:08,  4.36it/s]
 19%|█▉        | 133/693 [00:36<02:08,  4.37it/s]
 19%|█▉        | 134/693 [00:36<01:53,  4.94it/s]
 19%|█▉        | 135/693 [00:36<01:39,  5.60it/s]
 20%|█▉        | 136/693 [00:36<01:42,  5.45it/s]
 20%|█▉        | 137/693 [00:36<01:51,  5.00it/s]
 20%|█▉        | 138/693 [00:37<01:56,  4.78it/s]
 20%|██        | 139/693 [00:37<02:00,  4.59it/s]
 20%|██        | 140/693 [00:37<02:02,  4.50it/s]
 20%|██        | 141/693 [00:37<02:04,  4.43it/s]
 20%|██        | 142/693 [00:38<02:05,  4.40it/s]
 21%|██        | 143/693 [00:38<01:59,  4.59it/s]
 21%|██        | 144/693 [00:38<02:01,  4.52it/s]
 21%|██        | 145/693 [00:38<02:03,  4.44it/s]
 21%|██        | 146/693 [00:39<02:04,  4.41it/s]
 21%|██        | 147/693 [00:39<01:54,  4.79it/s]
 21%|██▏       | 148/693 [00:39<01:40,  5.41it/s]
 22%|██▏       | 149/693 [00:39<01:31,  5.92it/s]
 22%|██▏       | 150/693 [00:39<01:42,  5.29it/s]
 22%|██▏       | 151/693 [00:39<01:50,  4.92it/s]
 22%|██▏       | 152/693 [00:40<01:55,  4.70it/s]
 22%|██▏       | 153/693 [00:40<01:58,  4.54it/s]
 22%|██▏       | 154/693 [00:40<02:01,  4.44it/s]
 22%|██▏       | 155/693 [00:40<02:04,  4.34it/s]
 23%|██▎       | 156/693 [00:41<02:03,  4.34it/s]
 23%|██▎       | 157/693 [00:41<02:02,  4.36it/s]
 23%|██▎       | 158/693 [00:41<02:03,  4.33it/s]
 23%|██▎       | 159/693 [00:41<02:04,  4.29it/s]
 23%|██▎       | 160/693 [00:41<01:59,  4.47it/s]
 23%|██▎       | 161/693 [00:42<01:43,  5.14it/s]
 23%|██▎       | 162/693 [00:42<01:33,  5.66it/s]
 24%|██▎       | 163/693 [00:42<01:37,  5.44it/s]
 24%|██▎       | 164/693 [00:42<01:47,  4.91it/s]
 24%|██▍       | 165/693 [00:42<01:52,  4.69it/s]
 24%|██▍       | 166/693 [00:43<01:56,  4.54it/s]
 24%|██▍       | 167/693 [00:43<01:58,  4.44it/s]
 24%|██▍       | 168/693 [00:43<02:00,  4.37it/s]
 24%|██▍       | 169/693 [00:43<02:00,  4.36it/s]
 25%|██▍       | 170/693 [00:44<01:59,  4.36it/s]
 25%|██▍       | 171/693 [00:44<02:01,  4.31it/s]
 25%|██▍       | 172/693 [00:44<02:01,  4.30it/s]
 25%|██▍       | 173/693 [00:44<01:56,  4.46it/s]
 25%|██▌       | 174/693 [00:44<01:41,  5.12it/s]
 25%|██▌       | 175/693 [00:45<01:30,  5.72it/s]
 25%|██▌       | 176/693 [00:45<01:35,  5.43it/s]
 26%|██▌       | 177/693 [00:45<01:43,  4.99it/s]
 26%|██▌       | 178/693 [00:45<01:47,  4.77it/s]
 26%|██▌       | 179/693 [00:45<01:52,  4.59it/s]
 26%|██▌       | 180/693 [00:46<01:54,  4.50it/s]
 26%|██▌       | 181/693 [00:46<01:55,  4.41it/s]
 26%|██▋       | 182/693 [00:46<01:54,  4.46it/s]
 26%|██▋       | 183/693 [00:46<01:51,  4.59it/s]
 27%|██▋       | 184/693 [00:47<01:53,  4.50it/s]
 27%|██▋       | 185/693 [00:47<01:54,  4.44it/s]
 27%|██▋       | 186/693 [00:47<01:55,  4.38it/s]
 27%|██▋       | 187/693 [00:47<01:43,  4.91it/s]
 27%|██▋       | 188/693 [00:47<01:42,  4.95it/s]
 27%|██▋       | 189/693 [00:48<01:37,  5.18it/s]
 27%|██▋       | 190/693 [00:48<01:43,  4.85it/s]
 28%|██▊       | 191/693 [00:48<01:48,  4.63it/s]
 28%|██▊       | 192/693 [00:48<01:51,  4.51it/s]
 28%|██▊       | 193/693 [00:49<01:53,  4.40it/s]
 28%|██▊       | 194/693 [00:49<01:54,  4.36it/s]
 28%|██▊       | 195/693 [00:49<01:53,  4.40it/s]
 28%|██▊       | 196/693 [00:50<02:46,  2.98it/s]
 28%|██▊       | 197/693 [00:50<02:19,  3.56it/s]
 29%|██▊       | 198/693 [00:50<02:04,  3.98it/s]
 29%|██▊       | 199/693 [00:50<01:53,  4.36it/s]
 29%|██▉       | 200/693 [00:50<01:54,  4.32it/s]
 29%|██▉       | 201/693 [00:51<01:54,  4.28it/s]
 29%|██▉       | 202/693 [00:51<01:55,  4.26it/s]
 29%|██▉       | 203/693 [00:51<01:55,  4.23it/s]
 29%|██▉       | 204/693 [00:51<01:56,  4.21it/s]
 30%|██▉       | 205/693 [00:51<01:53,  4.29it/s]
 30%|██▉       | 206/693 [00:52<01:53,  4.28it/s]
 30%|██▉       | 207/693 [00:52<01:53,  4.27it/s]
 30%|███       | 208/693 [00:52<01:54,  4.25it/s]
 30%|███       | 209/693 [00:52<01:51,  4.34it/s]
 30%|███       | 210/693 [00:53<01:37,  4.94it/s]
 30%|███       | 211/693 [00:53<01:26,  5.55it/s]
 31%|███       | 212/693 [00:53<01:33,  5.13it/s]
 31%|███       | 213/693 [00:53<01:40,  4.78it/s]
 31%|███       | 214/693 [00:53<01:44,  4.60it/s]
 31%|███       | 215/693 [00:54<01:46,  4.49it/s]
 31%|███       | 216/693 [00:54<01:48,  4.40it/s]
 31%|███▏      | 217/693 [00:54<01:49,  4.35it/s]
 31%|███▏      | 218/693 [00:54<01:48,  4.39it/s]
 32%|███▏      | 219/693 [00:55<01:49,  4.34it/s]
 32%|███▏      | 220/693 [00:55<01:50,  4.30it/s]
 32%|███▏      | 221/693 [00:55<01:50,  4.29it/s]
 32%|███▏      | 222/693 [00:55<01:46,  4.42it/s]
 32%|███▏      | 223/693 [00:55<01:32,  5.06it/s]
 32%|███▏      | 224/693 [00:56<01:30,  5.16it/s]
 32%|███▏      | 225/693 [00:56<01:28,  5.26it/s]
 33%|███▎      | 226/693 [00:56<01:35,  4.90it/s]
 33%|███▎      | 227/693 [00:56<01:39,  4.67it/s]
 33%|███▎      | 228/693 [00:56<01:42,  4.52it/s]
 33%|███▎      | 229/693 [00:57<01:44,  4.42it/s]
 33%|███▎      | 230/693 [00:57<01:45,  4.37it/s]
 33%|███▎      | 231/693 [00:57<01:44,  4.43it/s]
 33%|███▎      | 232/693 [00:57<01:42,  4.48it/s]
 34%|███▎      | 233/693 [00:58<01:44,  4.41it/s]
 34%|███▍      | 234/693 [00:58<01:45,  4.35it/s]
 34%|███▍      | 235/693 [00:58<01:45,  4.34it/s]
 34%|███▍      | 236/693 [00:58<01:34,  4.82it/s]
 34%|███▍      | 237/693 [00:58<01:24,  5.38it/s]
 34%|███▍      | 238/693 [00:59<01:31,  4.98it/s]
 34%|███▍      | 239/693 [00:59<01:36,  4.70it/s]
 35%|███▍      | 240/693 [00:59<01:39,  4.54it/s]
 35%|███▍      | 241/693 [00:59<01:41,  4.45it/s]
 35%|███▍      | 242/693 [01:00<01:42,  4.39it/s]
 35%|███▌      | 243/693 [01:00<01:44,  4.32it/s]
 35%|███▌      | 244/693 [01:00<01:40,  4.48it/s]
 35%|███▌      | 245/693 [01:00<01:41,  4.41it/s]
 35%|███▌      | 246/693 [01:00<01:42,  4.35it/s]
 36%|███▌      | 247/693 [01:01<01:42,  4.34it/s]
 36%|███▌      | 248/693 [01:01<01:38,  4.51it/s]
 36%|███▌      | 249/693 [01:01<01:26,  5.16it/s]
 36%|███▌      | 250/693 [01:01<01:20,  5.51it/s]
 36%|███▌      | 251/693 [01:01<01:28,  5.00it/s]
 36%|███▋      | 252/693 [01:02<01:33,  4.72it/s]
 37%|███▋      | 253/693 [01:02<01:36,  4.56it/s]
 37%|███▋      | 254/693 [01:02<01:38,  4.44it/s]
 37%|███▋      | 255/693 [01:02<01:40,  4.38it/s]
 37%|███▋      | 256/693 [01:03<01:41,  4.32it/s]
 37%|███▋      | 257/693 [01:03<01:39,  4.36it/s]
 37%|███▋      | 258/693 [01:03<01:40,  4.32it/s]
 37%|███▋      | 259/693 [01:03<01:40,  4.32it/s]
 38%|███▊      | 260/693 [01:04<01:40,  4.29it/s]
 38%|███▊      | 261/693 [01:04<01:32,  4.66it/s]
 38%|███▊      | 262/693 [01:04<01:23,  5.14it/s]
 38%|███▊      | 263/693 [01:04<01:25,  5.03it/s]
 38%|███▊      | 264/693 [01:04<01:29,  4.77it/s]
 38%|███▊      | 265/693 [01:05<01:33,  4.58it/s]
 38%|███▊      | 266/693 [01:05<01:35,  4.48it/s]
 39%|███▊      | 267/693 [01:05<01:36,  4.41it/s]
 39%|███▊      | 268/693 [01:05<01:38,  4.33it/s]
 39%|███▉      | 269/693 [01:05<01:38,  4.33it/s]
 39%|███▉      | 270/693 [01:06<01:39,  4.27it/s]
 39%|███▉      | 271/693 [01:06<01:38,  4.28it/s]
 39%|███▉      | 272/693 [01:06<01:38,  4.27it/s]
 39%|███▉      | 273/693 [01:06<01:35,  4.41it/s]
 40%|███▉      | 274/693 [01:07<01:23,  4.99it/s]
 40%|███▉      | 275/693 [01:07<01:16,  5.46it/s]
 40%|███▉      | 276/693 [01:07<01:23,  5.02it/s]
 40%|███▉      | 277/693 [01:07<01:27,  4.77it/s]
 40%|████      | 278/693 [01:07<01:30,  4.58it/s]
 40%|████      | 279/693 [01:08<01:32,  4.48it/s]
 40%|████      | 280/693 [01:08<01:34,  4.39it/s]
 41%|████      | 281/693 [01:08<01:34,  4.34it/s]
 41%|████      | 282/693 [01:08<01:31,  4.47it/s]
 41%|████      | 283/693 [01:09<01:32,  4.41it/s]
 41%|████      | 284/693 [01:09<01:34,  4.35it/s]
 41%|████      | 285/693 [01:09<01:34,  4.32it/s]
 41%|████▏     | 286/693 [01:09<01:30,  4.52it/s]
 41%|████▏     | 287/693 [01:09<01:18,  5.17it/s]
 42%|████▏     | 288/693 [01:09<01:13,  5.49it/s]
 42%|████▏     | 289/693 [01:10<01:20,  5.03it/s]
 42%|████▏     | 290/693 [01:10<01:24,  4.76it/s]
 42%|████▏     | 291/693 [01:10<01:27,  4.59it/s]
 42%|████▏     | 292/693 [01:10<01:29,  4.48it/s]
 42%|████▏     | 293/693 [01:11<01:30,  4.41it/s]
 42%|████▏     | 294/693 [01:11<01:31,  4.35it/s]
 43%|████▎     | 295/693 [01:11<01:31,  4.37it/s]
 43%|████▎     | 296/693 [01:11<01:31,  4.32it/s]
 43%|████▎     | 297/693 [01:12<01:31,  4.32it/s]
 43%|████▎     | 298/693 [01:12<01:31,  4.30it/s]
 43%|████▎     | 299/693 [01:12<01:25,  4.63it/s]
 43%|████▎     | 300/693 [01:12<01:15,  5.18it/s]
 43%|████▎     | 301/693 [01:12<01:17,  5.09it/s]
 44%|████▎     | 302/693 [01:13<01:21,  4.80it/s]
 44%|████▎     | 303/693 [01:13<01:24,  4.60it/s]
 44%|████▍     | 304/693 [01:13<01:26,  4.48it/s]
 44%|████▍     | 305/693 [01:13<01:28,  4.40it/s]
 44%|████▍     | 306/693 [01:14<01:29,  4.33it/s]
 44%|████▍     | 307/693 [01:14<01:26,  4.47it/s]
 44%|████▍     | 308/693 [01:14<01:25,  4.50it/s]
 45%|████▍     | 309/693 [01:14<01:26,  4.42it/s]
 45%|████▍     | 310/693 [01:14<01:27,  4.36it/s]
 45%|████▍     | 311/693 [01:15<01:27,  4.35it/s]
 45%|████▌     | 312/693 [01:15<01:18,  4.88it/s]
 45%|████▌     | 313/693 [01:15<01:09,  5.46it/s]
 45%|████▌     | 314/693 [01:15<01:12,  5.25it/s]
 45%|████▌     | 315/693 [01:15<01:17,  4.88it/s]
 46%|████▌     | 316/693 [01:16<01:20,  4.67it/s]
 46%|████▌     | 317/693 [01:16<01:23,  4.51it/s]
 46%|████▌     | 318/693 [01:16<01:24,  4.45it/s]
 46%|████▌     | 319/693 [01:16<01:25,  4.37it/s]
 46%|████▌     | 320/693 [01:17<01:24,  4.42it/s]
 46%|████▋     | 321/693 [01:17<01:22,  4.53it/s]
 46%|████▋     | 322/693 [01:17<01:24,  4.40it/s]
 47%|████▋     | 323/693 [01:17<01:26,  4.26it/s]
 47%|████▋     | 324/693 [01:17<01:26,  4.27it/s]
 47%|████▋     | 325/693 [01:18<01:14,  4.92it/s]
 47%|████▋     | 326/693 [01:18<01:11,  5.15it/s]
 47%|████▋     | 327/693 [01:18<01:15,  4.84it/s]
 47%|████▋     | 328/693 [01:18<01:18,  4.65it/s]
 47%|████▋     | 329/693 [01:19<01:20,  4.52it/s]
 48%|████▊     | 330/693 [01:19<01:21,  4.43it/s]
 48%|████▊     | 331/693 [01:19<01:22,  4.39it/s]
 48%|████▊     | 332/693 [01:19<01:23,  4.34it/s]
 48%|████▊     | 333/693 [01:19<01:22,  4.35it/s]
 48%|████▊     | 334/693 [01:20<01:23,  4.29it/s]
 48%|████▊     | 335/693 [01:20<01:22,  4.33it/s]
 48%|████▊     | 336/693 [01:20<01:22,  4.32it/s]
 49%|████▊     | 337/693 [01:20<01:16,  4.62it/s]
 49%|████▉     | 338/693 [01:20<01:08,  5.15it/s]
 49%|████▉     | 339/693 [01:21<01:06,  5.29it/s]
 49%|████▉     | 340/693 [01:21<01:11,  4.96it/s]
 49%|████▉     | 341/693 [01:21<01:14,  4.71it/s]
 49%|████▉     | 342/693 [01:21<01:16,  4.59it/s]
 49%|████▉     | 343/693 [01:22<01:18,  4.46it/s]
 50%|████▉     | 344/693 [01:22<01:18,  4.42it/s]
 50%|████▉     | 345/693 [01:22<01:19,  4.36it/s]
 50%|████▉     | 346/693 [01:22<01:18,  4.41it/s]
 50%|█████     | 347/693 [01:23<01:19,  4.34it/s]
 50%|█████     | 348/693 [01:23<01:20,  4.30it/s]
 50%|█████     | 349/693 [01:23<01:19,  4.31it/s]
 51%|█████     | 350/693 [01:23<01:12,  4.75it/s]
 51%|█████     | 351/693 [01:23<01:04,  5.34it/s]
 51%|█████     | 352/693 [01:23<01:06,  5.12it/s]
 51%|█████     | 353/693 [01:24<01:10,  4.80it/s]
 51%|█████     | 354/693 [01:24<01:13,  4.63it/s]
 51%|█████     | 355/693 [01:24<01:15,  4.49it/s]
 51%|█████▏    | 356/693 [01:24<01:16,  4.41it/s]
 52%|█████▏    | 357/693 [01:25<01:17,  4.36it/s]
 52%|█████▏    | 358/693 [01:25<01:14,  4.50it/s]
 52%|█████▏    | 359/693 [01:25<01:14,  4.49it/s]
 52%|█████▏    | 360/693 [01:25<01:15,  4.43it/s]
 52%|█████▏    | 361/693 [01:26<01:15,  4.38it/s]
 52%|█████▏    | 362/693 [01:26<01:16,  4.34it/s]
 52%|█████▏    | 363/693 [01:26<01:06,  4.95it/s]
 53%|█████▎    | 364/693 [01:26<01:00,  5.46it/s]
 53%|█████▎    | 365/693 [01:26<01:03,  5.20it/s]
 53%|█████▎    | 366/693 [01:27<01:07,  4.88it/s]
 53%|█████▎    | 367/693 [01:27<01:10,  4.64it/s]
 53%|█████▎    | 368/693 [01:27<01:11,  4.52it/s]
 53%|█████▎    | 369/693 [01:27<01:13,  4.43it/s]
 53%|█████▎    | 370/693 [01:27<01:13,  4.37it/s]
 54%|█████▎    | 371/693 [01:28<01:14,  4.32it/s]
 54%|█████▎    | 372/693 [01:28<01:14,  4.30it/s]
 54%|█████▍    | 373/693 [01:28<01:15,  4.26it/s]
 54%|█████▍    | 374/693 [01:28<01:14,  4.27it/s]
 54%|█████▍    | 375/693 [01:29<01:11,  4.44it/s]
 54%|█████▍    | 376/693 [01:29<01:03,  5.00it/s]
 54%|█████▍    | 377/693 [01:29<00:59,  5.32it/s]
 55%|█████▍    | 378/693 [01:29<01:03,  4.94it/s]
 55%|█████▍    | 379/693 [01:29<01:06,  4.69it/s]
 55%|█████▍    | 380/693 [01:30<01:08,  4.54it/s]
 55%|█████▍    | 381/693 [01:30<01:10,  4.44it/s]
 55%|█████▌    | 382/693 [01:30<01:11,  4.37it/s]
 55%|█████▌    | 383/693 [01:30<01:11,  4.33it/s]
 55%|█████▌    | 384/693 [01:31<01:10,  4.36it/s]
 56%|█████▌    | 385/693 [01:31<01:11,  4.33it/s]
 56%|█████▌    | 386/693 [01:31<01:11,  4.31it/s]
 56%|█████▌    | 387/693 [01:31<01:11,  4.28it/s]
 56%|█████▌    | 388/693 [01:31<01:05,  4.64it/s]
 56%|█████▌    | 389/693 [01:32<00:58,  5.23it/s]
 56%|█████▋    | 390/693 [01:32<00:58,  5.16it/s]
 56%|█████▋    | 391/693 [01:32<01:02,  4.83it/s]
 57%|█████▋    | 392/693 [01:32<01:05,  4.62it/s]
 57%|█████▋    | 393/693 [01:32<01:06,  4.48it/s]
 57%|█████▋    | 394/693 [01:33<01:07,  4.41it/s]
 57%|█████▋    | 395/693 [01:33<01:08,  4.35it/s]
 57%|█████▋    | 396/693 [01:33<01:06,  4.44it/s]
 57%|█████▋    | 397/693 [01:33<01:05,  4.50it/s]
 57%|█████▋    | 398/693 [01:34<01:06,  4.41it/s]
 58%|█████▊    | 399/693 [01:34<01:07,  4.38it/s]
 58%|█████▊    | 400/693 [01:34<01:07,  4.34it/s]
 58%|█████▊    | 401/693 [01:34<00:59,  4.91it/s]
 58%|█████▊    | 402/693 [01:34<00:53,  5.40it/s]
 58%|█████▊    | 403/693 [01:35<00:56,  5.18it/s]
 58%|█████▊    | 404/693 [01:35<00:59,  4.86it/s]
 58%|█████▊    | 405/693 [01:35<01:02,  4.64it/s]
 59%|█████▊    | 406/693 [01:35<01:03,  4.52it/s]
 59%|█████▊    | 407/693 [01:36<01:04,  4.43it/s]
 59%|█████▉    | 408/693 [01:36<01:05,  4.36it/s]
 59%|█████▉    | 409/693 [01:36<01:05,  4.33it/s]
 59%|█████▉    | 410/693 [01:36<01:05,  4.30it/s]
 59%|█████▉    | 411/693 [01:36<01:05,  4.29it/s]
 59%|█████▉    | 412/693 [01:37<01:07,  4.19it/s]
 60%|█████▉    | 413/693 [01:37<01:03,  4.43it/s]
 60%|█████▉    | 414/693 [01:37<00:55,  5.00it/s]
 60%|█████▉    | 415/693 [01:37<00:51,  5.42it/s]
 60%|██████    | 416/693 [01:37<00:55,  5.01it/s]
 60%|██████    | 417/693 [01:38<00:58,  4.73it/s]
 60%|██████    | 418/693 [01:38<01:00,  4.58it/s]
 60%|██████    | 419/693 [01:38<01:01,  4.47it/s]
 61%|██████    | 420/693 [01:38<01:02,  4.38it/s]
 61%|██████    | 421/693 [01:39<01:02,  4.35it/s]
 61%|██████    | 422/693 [01:39<01:00,  4.46it/s]
 61%|██████    | 423/693 [01:39<01:01,  4.39it/s]
 61%|██████    | 424/693 [01:39<01:01,  4.35it/s]
 61%|██████▏   | 425/693 [01:40<01:01,  4.33it/s]
 61%|██████▏   | 426/693 [01:40<00:59,  4.52it/s]
 62%|██████▏   | 427/693 [01:40<00:51,  5.16it/s]
 62%|██████▏   | 428/693 [01:40<00:48,  5.52it/s]
 62%|██████▏   | 429/693 [01:40<00:52,  5.07it/s]
 62%|██████▏   | 430/693 [01:40<00:54,  4.84it/s]
 62%|██████▏   | 431/693 [01:41<00:56,  4.62it/s]
 62%|██████▏   | 432/693 [01:41<00:57,  4.52it/s]
 62%|██████▏   | 433/693 [01:41<00:58,  4.45it/s]
 63%|██████▎   | 434/693 [01:41<00:58,  4.41it/s]
 63%|██████▎   | 435/693 [01:42<00:57,  4.50it/s]
 63%|██████▎   | 436/693 [01:42<00:57,  4.45it/s]
 63%|██████▎   | 437/693 [01:42<00:58,  4.40it/s]
 63%|██████▎   | 438/693 [01:42<00:58,  4.37it/s]
 63%|██████▎   | 439/693 [01:43<00:56,  4.50it/s]
 63%|██████▎   | 440/693 [01:43<00:49,  5.12it/s]
 64%|██████▎   | 441/693 [01:43<00:43,  5.78it/s]
 64%|██████▍   | 442/693 [01:43<00:45,  5.49it/s]
 64%|██████▍   | 443/693 [01:43<00:49,  5.03it/s]
 64%|██████▍   | 444/693 [01:43<00:51,  4.80it/s]
 64%|██████▍   | 445/693 [01:44<00:53,  4.62it/s]
 64%|██████▍   | 446/693 [01:44<00:54,  4.53it/s]
 65%|██████▍   | 447/693 [01:44<00:55,  4.43it/s]
 65%|██████▍   | 448/693 [01:44<00:55,  4.45it/s]
 65%|██████▍   | 449/693 [01:45<00:53,  4.57it/s]
 65%|██████▍   | 450/693 [01:45<00:54,  4.50it/s]
 65%|██████▌   | 451/693 [01:45<00:54,  4.42it/s]
 65%|██████▌   | 452/693 [01:45<00:54,  4.39it/s]
 65%|██████▌   | 453/693 [01:45<00:49,  4.87it/s]
 66%|██████▌   | 454/693 [01:46<00:43,  5.48it/s]
 66%|██████▌   | 455/693 [01:46<00:44,  5.33it/s]
 66%|██████▌   | 456/693 [01:46<00:47,  5.00it/s]
 66%|██████▌   | 457/693 [01:46<00:49,  4.73it/s]
 66%|██████▌   | 458/693 [01:46<00:51,  4.59it/s]
 66%|██████▌   | 459/693 [01:47<00:52,  4.46it/s]
 66%|██████▋   | 460/693 [01:47<00:52,  4.42it/s]
 67%|██████▋   | 461/693 [01:47<00:52,  4.39it/s]
 67%|██████▋   | 462/693 [01:47<00:50,  4.57it/s]
 67%|██████▋   | 463/693 [01:48<00:51,  4.46it/s]
 67%|██████▋   | 464/693 [01:48<00:51,  4.42it/s]
 67%|██████▋   | 465/693 [01:48<00:52,  4.36it/s]
 67%|██████▋   | 466/693 [01:48<00:46,  4.84it/s]
 67%|██████▋   | 467/693 [01:48<00:41,  5.40it/s]
 68%|██████▊   | 468/693 [01:49<00:44,  5.04it/s]
 68%|██████▊   | 469/693 [01:49<00:46,  4.80it/s]
 68%|██████▊   | 470/693 [01:49<00:48,  4.63it/s]
 68%|██████▊   | 471/693 [01:49<00:49,  4.50it/s]
 68%|██████▊   | 472/693 [01:50<00:50,  4.41it/s]
 68%|██████▊   | 473/693 [01:50<00:50,  4.35it/s]
 68%|██████▊   | 474/693 [01:50<00:50,  4.36it/s]
 69%|██████▊   | 475/693 [01:50<00:50,  4.32it/s]
 69%|██████▊   | 476/693 [01:50<00:50,  4.30it/s]
 69%|██████▉   | 477/693 [01:51<00:50,  4.30it/s]
 69%|██████▉   | 478/693 [01:51<00:48,  4.43it/s]
 69%|██████▉   | 479/693 [01:51<00:42,  5.09it/s]
 69%|██████▉   | 480/693 [01:51<00:39,  5.42it/s]
 69%|██████▉   | 481/693 [01:51<00:42,  5.00it/s]
 70%|██████▉   | 482/693 [01:52<00:44,  4.73it/s]
 70%|██████▉   | 483/693 [01:52<00:45,  4.58it/s]
 70%|██████▉   | 484/693 [01:52<00:47,  4.44it/s]
 70%|██████▉   | 485/693 [01:52<00:47,  4.38it/s]
 70%|███████   | 486/693 [01:53<00:47,  4.32it/s]
 70%|███████   | 487/693 [01:53<00:47,  4.33it/s]
 70%|███████   | 488/693 [01:53<00:47,  4.30it/s]
 71%|███████   | 489/693 [01:53<00:47,  4.30it/s]
 71%|███████   | 490/693 [01:54<00:47,  4.29it/s]
 71%|███████   | 491/693 [01:54<00:43,  4.60it/s]
 71%|███████   | 492/693 [01:54<00:38,  5.17it/s]
 71%|███████   | 493/693 [01:54<00:39,  5.10it/s]
 71%|███████▏  | 494/693 [01:54<00:41,  4.79it/s]
 71%|███████▏  | 495/693 [01:55<00:43,  4.60it/s]
 72%|███████▏  | 496/693 [01:55<00:43,  4.48it/s]
 72%|███████▏  | 497/693 [01:55<00:44,  4.39it/s]
 72%|███████▏  | 498/693 [01:55<00:45,  4.33it/s]
 72%|███████▏  | 499/693 [01:56<00:44,  4.34it/s]
 72%|███████▏  | 500/693 [01:56<00:44,  4.32it/s]
 72%|███████▏  | 501/693 [01:56<00:44,  4.29it/s]
 72%|███████▏  | 502/693 [01:56<00:44,  4.28it/s]
 73%|███████▎  | 503/693 [01:56<00:42,  4.43it/s]
 73%|███████▎  | 504/693 [01:57<00:38,  4.89it/s]
 73%|███████▎  | 505/693 [01:57<00:38,  4.89it/s]
 73%|███████▎  | 506/693 [01:57<00:39,  4.68it/s]
 73%|███████▎  | 507/693 [01:57<00:41,  4.51it/s]
 73%|███████▎  | 508/693 [01:57<00:41,  4.42it/s]
 73%|███████▎  | 509/693 [01:58<00:42,  4.38it/s]
 74%|███████▎  | 510/693 [01:58<00:42,  4.33it/s]
 74%|███████▎  | 511/693 [01:58<00:41,  4.44it/s]
 74%|███████▍  | 512/693 [01:58<00:40,  4.45it/s]
 74%|███████▍  | 513/693 [01:59<00:41,  4.37it/s]
 74%|███████▍  | 514/693 [01:59<00:41,  4.33it/s]
 74%|███████▍  | 515/693 [01:59<00:41,  4.33it/s]
 74%|███████▍  | 516/693 [01:59<00:36,  4.89it/s]
 75%|███████▍  | 517/693 [01:59<00:32,  5.48it/s]
 75%|███████▍  | 518/693 [02:00<00:34,  5.06it/s]
 75%|███████▍  | 519/693 [02:00<00:36,  4.80it/s]
 75%|███████▌  | 520/693 [02:00<00:37,  4.61it/s]
 75%|███████▌  | 521/693 [02:00<00:38,  4.49it/s]
 75%|███████▌  | 522/693 [02:01<00:38,  4.44it/s]
 75%|███████▌  | 523/693 [02:01<00:38,  4.36it/s]
 76%|███████▌  | 524/693 [02:01<00:38,  4.42it/s]
 76%|███████▌  | 525/693 [02:01<00:38,  4.36it/s]
 76%|███████▌  | 526/693 [02:01<00:38,  4.35it/s]
 76%|███████▌  | 527/693 [02:02<00:38,  4.32it/s]
 76%|███████▌  | 528/693 [02:02<00:37,  4.45it/s]
 76%|███████▋  | 529/693 [02:02<00:31,  5.16it/s]
 76%|███████▋  | 530/693 [02:02<00:28,  5.72it/s]
 77%|███████▋  | 531/693 [02:02<00:29,  5.45it/s]
 77%|███████▋  | 532/693 [02:03<00:31,  5.04it/s]
 77%|███████▋  | 533/693 [02:03<00:33,  4.75it/s]
 77%|███████▋  | 534/693 [02:03<00:34,  4.62it/s]
 77%|███████▋  | 535/693 [02:03<00:35,  4.49it/s]
 77%|███████▋  | 536/693 [02:04<00:35,  4.44it/s]
 77%|███████▋  | 537/693 [02:04<00:34,  4.49it/s]
 78%|███████▊  | 538/693 [02:04<00:33,  4.57it/s]
 78%|███████▊  | 539/693 [02:04<00:34,  4.40it/s]
 78%|███████▊  | 540/693 [02:04<00:34,  4.40it/s]
 78%|███████▊  | 541/693 [02:05<00:34,  4.35it/s]
 78%|███████▊  | 542/693 [02:05<00:30,  4.95it/s]
 78%|███████▊  | 543/693 [02:05<00:26,  5.62it/s]
 78%|███████▊  | 544/693 [02:05<00:27,  5.46it/s]
 79%|███████▊  | 545/693 [02:05<00:29,  5.01it/s]
 79%|███████▉  | 546/693 [02:06<00:30,  4.79it/s]
 79%|███████▉  | 547/693 [02:06<00:31,  4.61it/s]
 79%|███████▉  | 548/693 [02:06<00:32,  4.52it/s]
 79%|███████▉  | 549/693 [02:06<00:32,  4.42it/s]
 79%|███████▉  | 550/693 [02:07<00:32,  4.39it/s]
 80%|███████▉  | 551/693 [02:07<00:30,  4.61it/s]
 80%|███████▉  | 552/693 [02:07<00:31,  4.53it/s]
 80%|███████▉  | 553/693 [02:07<00:31,  4.45it/s]
 80%|███████▉  | 554/693 [02:07<00:31,  4.43it/s]
 80%|████████  | 555/693 [02:08<00:28,  4.86it/s]
 80%|████████  | 556/693 [02:08<00:25,  5.43it/s]
 80%|████████  | 557/693 [02:08<00:22,  5.94it/s]
 81%|████████  | 558/693 [02:08<00:25,  5.35it/s]
 81%|████████  | 559/693 [02:08<00:27,  4.93it/s]
 81%|████████  | 560/693 [02:09<00:28,  4.74it/s]
 81%|████████  | 561/693 [02:09<00:28,  4.57it/s]
 81%|████████  | 562/693 [02:09<00:29,  4.47it/s]
 81%|████████  | 563/693 [02:09<00:29,  4.40it/s]
 81%|████████▏ | 564/693 [02:09<00:29,  4.43it/s]
 82%|████████▏ | 565/693 [02:10<00:29,  4.39it/s]
 82%|████████▏ | 566/693 [02:10<00:29,  4.37it/s]
 82%|████████▏ | 567/693 [02:10<00:29,  4.33it/s]
 82%|████████▏ | 568/693 [02:10<00:27,  4.48it/s]
 82%|████████▏ | 569/693 [02:10<00:23,  5.19it/s]
 82%|████████▏ | 570/693 [02:11<00:21,  5.76it/s]
 82%|████████▏ | 571/693 [02:11<00:22,  5.41it/s]
 83%|████████▎ | 572/693 [02:11<00:24,  5.03it/s]
 83%|████████▎ | 573/693 [02:11<00:25,  4.70it/s]
 83%|████████▎ | 574/693 [02:12<00:26,  4.50it/s]
 83%|████████▎ | 575/693 [02:12<00:26,  4.42it/s]
 83%|████████▎ | 576/693 [02:12<00:26,  4.34it/s]
 83%|████████▎ | 577/693 [02:12<00:26,  4.38it/s]
 83%|████████▎ | 578/693 [02:13<00:26,  4.28it/s]
 84%|████████▎ | 579/693 [02:13<00:26,  4.29it/s]
 84%|████████▎ | 580/693 [02:13<00:26,  4.27it/s]
 84%|████████▍ | 581/693 [02:13<00:25,  4.36it/s]
 84%|████████▍ | 582/693 [02:13<00:22,  4.97it/s]
 84%|████████▍ | 583/693 [02:13<00:19,  5.76it/s]
 84%|████████▍ | 584/693 [02:14<00:20,  5.30it/s]
 84%|████████▍ | 585/693 [02:14<00:21,  4.94it/s]
 85%|████████▍ | 586/693 [02:14<00:22,  4.68it/s]
 85%|████████▍ | 587/693 [02:14<00:23,  4.56it/s]
 85%|████████▍ | 588/693 [02:15<00:23,  4.50it/s]
 85%|████████▍ | 589/693 [02:15<00:23,  4.43it/s]
 85%|████████▌ | 590/693 [02:15<00:22,  4.57it/s]
 85%|████████▌ | 591/693 [02:15<00:22,  4.55it/s]
 85%|████████▌ | 592/693 [02:15<00:22,  4.46it/s]
 86%|████████▌ | 593/693 [02:16<00:22,  4.39it/s]
 86%|████████▌ | 594/693 [02:16<00:22,  4.37it/s]
 86%|████████▌ | 595/693 [02:16<00:19,  4.97it/s]
 86%|████████▌ | 596/693 [02:16<00:17,  5.55it/s]
 86%|████████▌ | 597/693 [02:16<00:18,  5.19it/s]
 86%|████████▋ | 598/693 [02:17<00:19,  4.86it/s]
 86%|████████▋ | 599/693 [02:17<00:20,  4.63it/s]
 87%|████████▋ | 600/693 [02:17<00:20,  4.52it/s]
 87%|████████▋ | 601/693 [02:17<00:20,  4.41it/s]
 87%|████████▋ | 602/693 [02:18<00:20,  4.35it/s]
 87%|████████▋ | 603/693 [02:18<00:20,  4.36it/s]
 87%|████████▋ | 604/693 [02:18<00:20,  4.31it/s]
 87%|████████▋ | 605/693 [02:18<00:20,  4.30it/s]
 87%|████████▋ | 606/693 [02:19<00:20,  4.29it/s]
 88%|████████▊ | 607/693 [02:19<00:19,  4.46it/s]
 88%|████████▊ | 608/693 [02:19<00:16,  5.02it/s]
 88%|████████▊ | 609/693 [02:19<00:15,  5.32it/s]
 88%|████████▊ | 610/693 [02:19<00:16,  4.95it/s]
 88%|████████▊ | 611/693 [02:20<00:17,  4.70it/s]
 88%|████████▊ | 612/693 [02:20<00:17,  4.55it/s]
 88%|████████▊ | 613/693 [02:20<00:18,  4.42it/s]
 89%|████████▊ | 614/693 [02:20<00:18,  4.33it/s]
 89%|████████▊ | 615/693 [02:21<00:18,  4.28it/s]
 89%|████████▉ | 616/693 [02:21<00:17,  4.32it/s]
 89%|████████▉ | 617/693 [02:21<00:17,  4.28it/s]
 89%|████████▉ | 618/693 [02:21<00:17,  4.25it/s]
 89%|████████▉ | 619/693 [02:21<00:17,  4.25it/s]
 89%|████████▉ | 620/693 [02:22<00:15,  4.63it/s]
 90%|████████▉ | 621/693 [02:22<00:14,  5.07it/s]
 90%|████████▉ | 622/693 [02:22<00:14,  4.79it/s]
 90%|████████▉ | 623/693 [02:22<00:15,  4.60it/s]
 90%|█████████ | 624/693 [02:22<00:15,  4.47it/s]
 90%|█████████ | 625/693 [02:23<00:15,  4.39it/s]
 90%|█████████ | 626/693 [02:23<00:15,  4.33it/s]
 90%|█████████ | 627/693 [02:23<00:15,  4.30it/s]
 91%|█████████ | 628/693 [02:23<00:14,  4.40it/s]
 91%|█████████ | 629/693 [02:24<00:14,  4.35it/s]
 91%|█████████ | 630/693 [02:24<00:14,  4.32it/s]
 91%|█████████ | 631/693 [02:24<00:14,  4.29it/s]
 91%|█████████ | 632/693 [02:24<00:13,  4.54it/s]
 91%|█████████▏| 633/693 [02:24<00:11,  5.18it/s]
 91%|█████████▏| 634/693 [02:25<00:10,  5.53it/s]
 92%|█████████▏| 635/693 [02:25<00:11,  5.05it/s]
 92%|█████████▏| 636/693 [02:25<00:11,  4.80it/s]
 92%|█████████▏| 637/693 [02:25<00:12,  4.62it/s]
 92%|█████████▏| 638/693 [02:26<00:12,  4.50it/s]
 92%|█████████▏| 639/693 [02:26<00:12,  4.44it/s]
 92%|█████████▏| 640/693 [02:26<00:12,  4.39it/s]
 92%|█████████▏| 641/693 [02:26<00:11,  4.59it/s]
 93%|█████████▎| 642/693 [02:26<00:11,  4.51it/s]
 93%|█████████▎| 643/693 [02:27<00:11,  4.42it/s]
 93%|█████████▎| 644/693 [02:27<00:11,  4.41it/s]
 93%|█████████▎| 645/693 [02:27<00:10,  4.52it/s]
 93%|█████████▎| 646/693 [02:27<00:09,  5.15it/s]
 93%|█████████▎| 647/693 [02:27<00:07,  5.81it/s]
 94%|█████████▎| 648/693 [02:28<00:08,  5.52it/s]
 94%|█████████▎| 649/693 [02:28<00:08,  5.05it/s]
 94%|█████████▍| 650/693 [02:28<00:08,  4.81it/s]
 94%|█████████▍| 651/693 [02:28<00:09,  4.60it/s]
 94%|█████████▍| 652/693 [02:28<00:09,  4.52it/s]
 94%|█████████▍| 653/693 [02:29<00:09,  4.42it/s]
 94%|█████████▍| 654/693 [02:29<00:08,  4.42it/s]
 95%|█████████▍| 655/693 [02:29<00:08,  4.60it/s]
 95%|█████████▍| 656/693 [02:29<00:08,  4.52it/s]
 95%|█████████▍| 657/693 [02:30<00:08,  4.42it/s]
 95%|█████████▍| 658/693 [02:30<00:07,  4.40it/s]
 95%|█████████▌| 659/693 [02:30<00:06,  4.87it/s]
 95%|█████████▌| 660/693 [02:30<00:06,  5.46it/s]
 95%|█████████▌| 661/693 [02:30<00:06,  5.33it/s]
 96%|█████████▌| 662/693 [02:31<00:06,  5.00it/s]
 96%|█████████▌| 663/693 [02:31<00:06,  4.73it/s]
 96%|█████████▌| 664/693 [02:31<00:06,  4.60it/s]
 96%|█████████▌| 665/693 [02:31<00:06,  4.47it/s]
 96%|█████████▌| 666/693 [02:31<00:06,  4.43it/s]
 96%|█████████▌| 667/693 [02:32<00:05,  4.40it/s]
 96%|█████████▋| 668/693 [02:32<00:05,  4.58it/s]
 97%|█████████▋| 669/693 [02:32<00:05,  4.37it/s]
 97%|█████████▋| 670/693 [02:32<00:05,  4.30it/s]
 97%|█████████▋| 671/693 [02:33<00:05,  4.31it/s]
 97%|█████████▋| 672/693 [02:33<00:04,  4.86it/s]
 97%|█████████▋| 673/693 [02:33<00:03,  5.44it/s]
 97%|█████████▋| 674/693 [02:33<00:03,  5.11it/s]
 97%|█████████▋| 675/693 [02:33<00:03,  4.81it/s]
 98%|█████████▊| 676/693 [02:34<00:03,  4.61it/s]
 98%|█████████▊| 677/693 [02:34<00:03,  4.47it/s]
 98%|█████████▊| 678/693 [02:34<00:03,  4.39it/s]
 98%|█████████▊| 679/693 [02:34<00:03,  4.34it/s]
 98%|█████████▊| 680/693 [02:35<00:02,  4.36it/s]
 98%|█████████▊| 681/693 [02:35<00:02,  4.32it/s]
 98%|█████████▊| 682/693 [02:35<00:02,  4.32it/s]
 99%|█████████▊| 683/693 [02:35<00:02,  4.28it/s]
 99%|█████████▊| 684/693 [02:35<00:02,  4.45it/s]
 99%|█████████▉| 685/693 [02:36<00:01,  5.13it/s]
 99%|█████████▉| 686/693 [02:36<00:01,  5.60it/s]
 99%|█████████▉| 687/693 [02:36<00:01,  5.30it/s]
 99%|█████████▉| 688/693 [02:36<00:01,  4.92it/s]
 99%|█████████▉| 689/693 [02:36<00:00,  4.68it/s]
100%|█████████▉| 690/693 [02:37<00:00,  4.55it/s]
100%|█████████▉| 691/693 [02:37<00:00,  4.45it/s]
100%|█████████▉| 692/693 [02:37<00:00,  4.39it/s]
100%|██████████| 693/693 [02:37<00:00,  4.44it/s]
100%|██████████| 693/693 [02:37<00:00,  4.39it/s]
Training loss: 0.7234711549412809, KL loss: 0.4925778331436636, Sim loss: 6.902511999382753e-05, Exo CLS loss: 0.5766621469311728, 
Noun sim loss: 0.1184928985621678, Part sim loss: 0.15171021085452896, Proto loss: 1.0551168614135675, Conc loss: 0.10483408305380079
learning rate:4.4257875841743186e-05


  0%|          | 0/168 [00:00<?, ?it/s]
  1%|          | 1/168 [00:00<02:17,  1.22it/s]
  2%|▏         | 4/168 [00:00<00:32,  5.11it/s]
  4%|▎         | 6/168 [00:01<00:21,  7.43it/s]
  5%|▌         | 9/168 [00:01<00:19,  8.21it/s]
  7%|▋         | 11/168 [00:01<00:16,  9.69it/s]
  8%|▊         | 14/168 [00:01<00:12, 12.80it/s]
 10%|█         | 17/168 [00:02<00:16,  9.08it/s]
 12%|█▏        | 20/168 [00:02<00:12, 11.82it/s]
 14%|█▍        | 24/168 [00:02<00:09, 15.58it/s]
 16%|█▌        | 27/168 [00:03<00:16,  8.80it/s]
 18%|█▊        | 30/168 [00:03<00:12, 10.68it/s]
 20%|█▉        | 33/168 [00:03<00:10, 12.85it/s]
 21%|██▏       | 36/168 [00:03<00:09, 14.60it/s]
 23%|██▎       | 39/168 [00:03<00:07, 16.35it/s]
 25%|██▌       | 42/168 [00:03<00:07, 17.38it/s]
 27%|██▋       | 45/168 [00:03<00:06, 18.55it/s]
 29%|██▊       | 48/168 [00:04<00:06, 19.62it/s]
 30%|███       | 51/168 [00:04<00:05, 20.27it/s]
 33%|███▎      | 55/168 [00:04<00:04, 23.74it/s]
 35%|███▍      | 58/168 [00:04<00:04, 22.77it/s]
 36%|███▋      | 61/168 [00:04<00:04, 22.20it/s]
 38%|███▊      | 64/168 [00:04<00:04, 22.21it/s]
 40%|███▉      | 67/168 [00:04<00:04, 20.63it/s]
 42%|████▏     | 70/168 [00:05<00:04, 21.07it/s]
 43%|████▎     | 73/168 [00:05<00:04, 21.41it/s]
 45%|████▌     | 76/168 [00:05<00:04, 20.71it/s]
 47%|████▋     | 79/168 [00:05<00:04, 20.79it/s]
 49%|████▉     | 82/168 [00:05<00:04, 20.91it/s]
 51%|█████     | 85/168 [00:05<00:03, 21.55it/s]
 52%|█████▏    | 88/168 [00:05<00:03, 21.29it/s]
 54%|█████▍    | 91/168 [00:06<00:03, 21.12it/s]
 56%|█████▌    | 94/168 [00:06<00:06, 10.80it/s]
 58%|█████▊    | 97/168 [00:06<00:05, 12.77it/s]
 60%|█████▉    | 100/168 [00:06<00:04, 14.63it/s]
 61%|██████▏   | 103/168 [00:07<00:04, 16.19it/s]
 63%|██████▎   | 106/168 [00:07<00:03, 17.61it/s]
 65%|██████▍   | 109/168 [00:07<00:03, 18.84it/s]
 67%|██████▋   | 112/168 [00:07<00:02, 19.48it/s]
 68%|██████▊   | 115/168 [00:07<00:02, 19.91it/s]
 70%|███████   | 118/168 [00:07<00:02, 20.12it/s]
 72%|███████▏  | 121/168 [00:07<00:02, 21.15it/s]
 74%|███████▍  | 124/168 [00:07<00:02, 21.08it/s]
 76%|███████▌  | 127/168 [00:08<00:01, 20.97it/s]
 77%|███████▋  | 130/168 [00:08<00:01, 20.79it/s]
 79%|███████▉  | 133/168 [00:08<00:01, 20.68it/s]
 81%|████████  | 136/168 [00:08<00:01, 20.78it/s]
 83%|████████▎ | 139/168 [00:08<00:01, 22.16it/s]
 85%|████████▌ | 143/168 [00:08<00:00, 25.80it/s]
 87%|████████▋ | 146/168 [00:08<00:00, 25.19it/s]
 89%|████████▊ | 149/168 [00:09<00:00, 23.24it/s]
 90%|█████████ | 152/168 [00:09<00:00, 22.52it/s]
 92%|█████████▏| 155/168 [00:09<00:00, 21.64it/s]
 94%|█████████▍| 158/168 [00:09<00:00, 21.41it/s]
 96%|█████████▌| 161/168 [00:09<00:00, 18.69it/s]
 98%|█████████▊| 164/168 [00:09<00:00, 19.71it/s]
 99%|█████████▉| 167/168 [00:09<00:00, 20.59it/s]
100%|██████████| 168/168 [00:10<00:00, 16.58it/s]
Result on AGD: 
KLD=0.8897904753684998, SIM=0.5207043886184692, NSS=1.5522658824920654
noun sim: 0.11116122489883787, part sim: 0.14814669510260933
No KLD improvement for 2 epoch(s). Best KLD: 0.8719511032104492, Current KLD: 0.8897904753684998
============Training Epoch 9============

  0%|          | 0/693 [00:00<?, ?it/s]/mnt/sdb/wyn/envs/clip-env/lib/python3.10/site-packages/torch/_tensor.py:1002: UserWarning: non-inplace resize is deprecated
  warnings.warn("non-inplace resize is deprecated")
/mnt/sdb/wyn/envs/clip-env/lib/python3.10/site-packages/torch/_tensor.py:1002: UserWarning: non-inplace resize is deprecated
  warnings.warn("non-inplace resize is deprecated")
/mnt/sdb/wyn/envs/clip-env/lib/python3.10/site-packages/torch/_tensor.py:1002: UserWarning: non-inplace resize is deprecated
  warnings.warn("non-inplace resize is deprecated")
/mnt/sdb/wyn/envs/clip-env/lib/python3.10/site-packages/torch/_tensor.py:1002: UserWarning: non-inplace resize is deprecated
  warnings.warn("non-inplace resize is deprecated")
/mnt/sdb/wyn/envs/clip-env/lib/python3.10/site-packages/torch/_tensor.py:1002: UserWarning: non-inplace resize is deprecated
  warnings.warn("non-inplace resize is deprecated")
/mnt/sdb/wyn/envs/clip-env/lib/python3.10/site-packages/torch/_tensor.py:1002: UserWarning: non-inplace resize is deprecated
  warnings.warn("non-inplace resize is deprecated")
/mnt/sdb/wyn/envs/clip-env/lib/python3.10/site-packages/torch/_tensor.py:1002: UserWarning: non-inplace resize is deprecated
  warnings.warn("non-inplace resize is deprecated")
/mnt/sdb/wyn/envs/clip-env/lib/python3.10/site-packages/torch/_tensor.py:1002: UserWarning: non-inplace resize is deprecated
  warnings.warn("non-inplace resize is deprecated")

  0%|          | 1/693 [00:01<21:56,  1.90s/it]
  0%|          | 2/693 [00:02<10:40,  1.08it/s]
  0%|          | 3/693 [00:02<09:34,  1.20it/s]
  1%|          | 4/693 [00:03<06:53,  1.67it/s]
  1%|          | 5/693 [00:03<05:23,  2.13it/s]
  1%|          | 6/693 [00:03<04:22,  2.61it/s]
  1%|          | 7/693 [00:03<03:49,  2.98it/s]
  1%|          | 8/693 [00:04<03:29,  3.27it/s]
  1%|▏         | 9/693 [00:04<03:14,  3.52it/s]
  1%|▏         | 10/693 [00:04<02:56,  3.86it/s]
  2%|▏         | 11/693 [00:04<02:30,  4.53it/s]
  2%|▏         | 12/693 [00:04<02:14,  5.07it/s]
  2%|▏         | 13/693 [00:04<02:21,  4.79it/s]
  2%|▏         | 14/693 [00:05<02:29,  4.54it/s]
  2%|▏         | 15/693 [00:05<02:32,  4.44it/s]
  2%|▏         | 16/693 [00:05<02:36,  4.34it/s]
  2%|▏         | 17/693 [00:05<02:37,  4.29it/s]
  3%|▎         | 18/693 [00:06<02:38,  4.25it/s]
  3%|▎         | 19/693 [00:06<02:33,  4.39it/s]
  3%|▎         | 20/693 [00:06<02:35,  4.33it/s]
  3%|▎         | 21/693 [00:06<02:36,  4.29it/s]
  3%|▎         | 22/693 [00:07<02:37,  4.27it/s]
  3%|▎         | 23/693 [00:07<02:22,  4.70it/s]
  3%|▎         | 24/693 [00:07<02:05,  5.31it/s]
  4%|▎         | 25/693 [00:07<02:06,  5.27it/s]
  4%|▍         | 26/693 [00:07<02:16,  4.89it/s]
  4%|▍         | 27/693 [00:08<02:23,  4.63it/s]
  4%|▍         | 28/693 [00:08<02:27,  4.50it/s]
  4%|▍         | 29/693 [00:08<02:30,  4.41it/s]
  4%|▍         | 30/693 [00:08<02:32,  4.36it/s]
  4%|▍         | 31/693 [00:09<02:27,  4.50it/s]
  5%|▍         | 32/693 [00:09<02:25,  4.54it/s]
  5%|▍         | 33/693 [00:09<02:29,  4.41it/s]
  5%|▍         | 34/693 [00:09<02:32,  4.33it/s]
  5%|▌         | 35/693 [00:09<02:32,  4.32it/s]
  5%|▌         | 36/693 [00:10<02:18,  4.74it/s]
  5%|▌         | 37/693 [00:10<02:03,  5.30it/s]
  5%|▌         | 38/693 [00:10<02:06,  5.18it/s]
  6%|▌         | 39/693 [00:10<02:14,  4.87it/s]
  6%|▌         | 40/693 [00:10<02:21,  4.62it/s]
  6%|▌         | 41/693 [00:11<02:24,  4.51it/s]
  6%|▌         | 42/693 [00:11<02:29,  4.37it/s]
  6%|▌         | 43/693 [00:11<02:29,  4.34it/s]
  6%|▋         | 44/693 [00:11<02:29,  4.34it/s]
  6%|▋         | 45/693 [00:12<02:30,  4.30it/s]
  7%|▋         | 46/693 [00:12<02:32,  4.24it/s]
  7%|▋         | 47/693 [00:12<02:32,  4.23it/s]
  7%|▋         | 48/693 [00:12<02:29,  4.31it/s]
  7%|▋         | 49/693 [00:12<02:10,  4.95it/s]
  7%|▋         | 50/693 [00:13<01:58,  5.41it/s]
  7%|▋         | 51/693 [00:13<02:05,  5.11it/s]
  8%|▊         | 52/693 [00:13<02:14,  4.78it/s]
  8%|▊         | 53/693 [00:13<02:19,  4.58it/s]
  8%|▊         | 54/693 [00:14<02:23,  4.44it/s]
  8%|▊         | 55/693 [00:14<02:26,  4.34it/s]
  8%|▊         | 56/693 [00:14<02:34,  4.11it/s]
  8%|▊         | 57/693 [00:14<02:28,  4.28it/s]
  8%|▊         | 58/693 [00:14<02:29,  4.26it/s]
  9%|▊         | 59/693 [00:15<02:28,  4.26it/s]
  9%|▊         | 60/693 [00:15<02:29,  4.24it/s]
  9%|▉         | 61/693 [00:15<02:16,  4.63it/s]
  9%|▉         | 62/693 [00:15<02:02,  5.13it/s]
  9%|▉         | 63/693 [00:15<02:04,  5.07it/s]
  9%|▉         | 64/693 [00:16<02:12,  4.76it/s]
  9%|▉         | 65/693 [00:16<02:17,  4.58it/s]
 10%|▉         | 66/693 [00:16<02:21,  4.43it/s]
 10%|▉         | 67/693 [00:16<02:24,  4.34it/s]
 10%|▉         | 68/693 [00:17<02:25,  4.30it/s]
 10%|▉         | 69/693 [00:17<02:20,  4.43it/s]
 10%|█         | 70/693 [00:17<02:23,  4.34it/s]
 10%|█         | 71/693 [00:17<02:24,  4.32it/s]
 10%|█         | 72/693 [00:18<02:23,  4.31it/s]
 11%|█         | 73/693 [00:18<02:17,  4.50it/s]
 11%|█         | 74/693 [00:18<02:03,  4.99it/s]
 11%|█         | 75/693 [00:18<01:50,  5.60it/s]
 11%|█         | 76/693 [00:18<01:59,  5.17it/s]
 11%|█         | 77/693 [00:19<02:05,  4.89it/s]
 11%|█▏        | 78/693 [00:19<02:11,  4.67it/s]
 11%|█▏        | 79/693 [00:19<02:15,  4.53it/s]
 12%|█▏        | 80/693 [00:19<02:18,  4.42it/s]
 12%|█▏        | 81/693 [00:19<02:19,  4.38it/s]
 12%|█▏        | 82/693 [00:20<02:20,  4.36it/s]
 12%|█▏        | 83/693 [00:20<02:20,  4.34it/s]
 12%|█▏        | 84/693 [00:20<02:21,  4.31it/s]
 12%|█▏        | 85/693 [00:20<02:21,  4.30it/s]
 12%|█▏        | 86/693 [00:21<02:17,  4.42it/s]
 13%|█▎        | 87/693 [00:21<01:59,  5.08it/s]
 13%|█▎        | 88/693 [00:21<01:51,  5.41it/s]
 13%|█▎        | 89/693 [00:21<02:01,  4.97it/s]
 13%|█▎        | 90/693 [00:21<02:09,  4.67it/s]
 13%|█▎        | 91/693 [00:22<02:14,  4.48it/s]
 13%|█▎        | 92/693 [00:22<02:18,  4.35it/s]
 13%|█▎        | 93/693 [00:22<02:18,  4.34it/s]
 14%|█▎        | 94/693 [00:22<02:18,  4.32it/s]
 14%|█▎        | 95/693 [00:23<02:15,  4.41it/s]
 14%|█▍        | 96/693 [00:23<02:16,  4.36it/s]
 14%|█▍        | 97/693 [00:23<02:17,  4.35it/s]
 14%|█▍        | 98/693 [00:23<02:17,  4.33it/s]
 14%|█▍        | 99/693 [00:23<02:08,  4.61it/s]
 14%|█▍        | 100/693 [00:24<01:52,  5.27it/s]
 15%|█▍        | 101/693 [00:24<01:41,  5.84it/s]
 15%|█▍        | 102/693 [00:24<01:47,  5.50it/s]
 15%|█▍        | 103/693 [00:24<01:56,  5.06it/s]
 15%|█▌        | 104/693 [00:24<02:02,  4.81it/s]
 15%|█▌        | 105/693 [00:25<02:07,  4.62it/s]
 15%|█▌        | 106/693 [00:25<02:09,  4.52it/s]
 15%|█▌        | 107/693 [00:25<02:12,  4.41it/s]
 16%|█▌        | 108/693 [00:25<02:11,  4.44it/s]
 16%|█▌        | 109/693 [00:26<02:08,  4.56it/s]
 16%|█▌        | 110/693 [00:26<02:10,  4.47it/s]
 16%|█▌        | 111/693 [00:26<02:11,  4.41it/s]
 16%|█▌        | 112/693 [00:26<02:12,  4.39it/s]
 16%|█▋        | 113/693 [00:26<02:00,  4.83it/s]
 16%|█▋        | 114/693 [00:26<01:45,  5.50it/s]
 17%|█▋        | 115/693 [00:27<01:46,  5.43it/s]
 17%|█▋        | 116/693 [00:27<01:54,  5.02it/s]
 17%|█▋        | 117/693 [00:27<02:01,  4.75it/s]
 17%|█▋        | 118/693 [00:27<02:04,  4.61it/s]
 17%|█▋        | 119/693 [00:28<02:07,  4.49it/s]
 17%|█▋        | 120/693 [00:28<02:09,  4.41it/s]
 17%|█▋        | 121/693 [00:28<02:09,  4.42it/s]
 18%|█▊        | 122/693 [00:28<02:05,  4.55it/s]
 18%|█▊        | 123/693 [00:29<02:08,  4.45it/s]
 18%|█▊        | 124/693 [00:29<02:09,  4.40it/s]
 18%|█▊        | 125/693 [00:29<02:11,  4.33it/s]
 18%|█▊        | 126/693 [00:29<01:58,  4.79it/s]
 18%|█▊        | 127/693 [00:29<01:45,  5.35it/s]
 18%|█▊        | 128/693 [00:29<01:47,  5.24it/s]
 19%|█▊        | 129/693 [00:30<01:55,  4.90it/s]
 19%|█▉        | 130/693 [00:30<02:00,  4.68it/s]
 19%|█▉        | 131/693 [00:30<02:04,  4.53it/s]
 19%|█▉        | 132/693 [00:30<02:06,  4.44it/s]
 19%|█▉        | 133/693 [00:31<02:08,  4.36it/s]
 19%|█▉        | 134/693 [00:31<02:05,  4.44it/s]
 19%|█▉        | 135/693 [00:31<02:02,  4.56it/s]
 20%|█▉        | 136/693 [00:31<02:05,  4.43it/s]
 20%|█▉        | 137/693 [00:32<02:06,  4.39it/s]
 20%|█▉        | 138/693 [00:32<02:07,  4.35it/s]
 20%|██        | 139/693 [00:32<01:53,  4.89it/s]
 20%|██        | 140/693 [00:32<01:41,  5.43it/s]
 20%|██        | 141/693 [00:32<01:44,  5.28it/s]
 20%|██        | 142/693 [00:33<01:53,  4.85it/s]
 21%|██        | 143/693 [00:33<01:57,  4.66it/s]
 21%|██        | 144/693 [00:33<02:02,  4.49it/s]
 21%|██        | 145/693 [00:33<02:04,  4.39it/s]
 21%|██        | 146/693 [00:33<02:07,  4.28it/s]
 21%|██        | 147/693 [00:34<02:07,  4.29it/s]
 21%|██▏       | 148/693 [00:34<02:07,  4.26it/s]
 22%|██▏       | 149/693 [00:34<02:07,  4.27it/s]
 22%|██▏       | 150/693 [00:34<02:08,  4.24it/s]
 22%|██▏       | 151/693 [00:35<02:02,  4.43it/s]
 22%|██▏       | 152/693 [00:35<01:48,  4.99it/s]
 22%|██▏       | 153/693 [00:35<01:43,  5.23it/s]
 22%|██▏       | 154/693 [00:35<01:51,  4.85it/s]
 22%|██▏       | 155/693 [00:35<01:55,  4.64it/s]
 23%|██▎       | 156/693 [00:36<01:58,  4.53it/s]
 23%|██▎       | 157/693 [00:36<02:00,  4.43it/s]
 23%|██▎       | 158/693 [00:36<02:02,  4.37it/s]
 23%|██▎       | 159/693 [00:36<02:03,  4.33it/s]
 23%|██▎       | 160/693 [00:37<02:02,  4.36it/s]
 23%|██▎       | 161/693 [00:37<02:02,  4.34it/s]
 23%|██▎       | 162/693 [00:37<02:03,  4.31it/s]
 24%|██▎       | 163/693 [00:37<02:02,  4.31it/s]
 24%|██▎       | 164/693 [00:37<01:55,  4.60it/s]
 24%|██▍       | 165/693 [00:38<01:40,  5.26it/s]
 24%|██▍       | 166/693 [00:38<01:43,  5.11it/s]
 24%|██▍       | 167/693 [00:38<01:49,  4.82it/s]
 24%|██▍       | 168/693 [00:38<01:53,  4.62it/s]
 24%|██▍       | 169/693 [00:39<01:56,  4.49it/s]
 25%|██▍       | 170/693 [00:39<01:58,  4.41it/s]
 25%|██▍       | 171/693 [00:39<01:59,  4.38it/s]
 25%|██▍       | 172/693 [00:39<01:57,  4.45it/s]
 25%|██▍       | 173/693 [00:39<01:54,  4.53it/s]
 25%|██▌       | 174/693 [00:40<01:57,  4.43it/s]
 25%|██▌       | 175/693 [00:40<01:58,  4.39it/s]
 25%|██▌       | 176/693 [00:40<01:59,  4.33it/s]
 26%|██▌       | 177/693 [00:40<01:45,  4.89it/s]
 26%|██▌       | 178/693 [00:40<01:43,  4.98it/s]
 26%|██▌       | 179/693 [00:41<01:48,  4.74it/s]
 26%|██▌       | 180/693 [00:41<01:52,  4.57it/s]
 26%|██▌       | 181/693 [00:41<01:54,  4.46it/s]
 26%|██▋       | 182/693 [00:41<01:56,  4.38it/s]
 26%|██▋       | 183/693 [00:42<01:57,  4.35it/s]
 27%|██▋       | 184/693 [00:42<01:57,  4.32it/s]
 27%|██▋       | 185/693 [00:42<01:56,  4.36it/s]
 27%|██▋       | 186/693 [00:42<01:57,  4.31it/s]
 27%|██▋       | 187/693 [00:43<01:57,  4.31it/s]
 27%|██▋       | 188/693 [00:43<01:58,  4.27it/s]
 27%|██▋       | 189/693 [00:43<01:49,  4.62it/s]
 27%|██▋       | 190/693 [00:43<01:37,  5.14it/s]
 28%|██▊       | 191/693 [00:43<01:39,  5.06it/s]
 28%|██▊       | 192/693 [00:44<01:44,  4.78it/s]
 28%|██▊       | 193/693 [00:44<01:48,  4.59it/s]
 28%|██▊       | 194/693 [00:44<01:52,  4.45it/s]
 28%|██▊       | 195/693 [00:44<01:53,  4.40it/s]
 28%|██▊       | 196/693 [00:45<01:54,  4.33it/s]
 28%|██▊       | 197/693 [00:45<01:54,  4.35it/s]
 29%|██▊       | 198/693 [00:45<01:54,  4.32it/s]
 29%|██▊       | 199/693 [00:45<01:54,  4.30it/s]
 29%|██▉       | 200/693 [00:45<01:54,  4.29it/s]
 29%|██▉       | 201/693 [00:46<01:51,  4.41it/s]
 29%|██▉       | 202/693 [00:46<01:38,  4.98it/s]
 29%|██▉       | 203/693 [00:46<01:30,  5.43it/s]
 29%|██▉       | 204/693 [00:46<01:38,  4.99it/s]
 30%|██▉       | 205/693 [00:46<01:42,  4.75it/s]
 30%|██▉       | 206/693 [00:47<01:46,  4.56it/s]
 30%|██▉       | 207/693 [00:47<01:49,  4.44it/s]
 30%|███       | 208/693 [00:47<01:50,  4.37it/s]
 30%|███       | 209/693 [00:47<01:52,  4.31it/s]
 30%|███       | 210/693 [00:48<01:51,  4.34it/s]
 30%|███       | 211/693 [00:48<01:51,  4.32it/s]
 31%|███       | 212/693 [00:48<01:52,  4.28it/s]
 31%|███       | 213/693 [00:48<01:52,  4.28it/s]
 31%|███       | 214/693 [00:48<01:43,  4.61it/s]
 31%|███       | 215/693 [00:49<01:31,  5.22it/s]
 31%|███       | 216/693 [00:49<01:32,  5.15it/s]
 31%|███▏      | 217/693 [00:49<01:38,  4.83it/s]
 31%|███▏      | 218/693 [00:49<01:42,  4.64it/s]
 32%|███▏      | 219/693 [00:50<01:45,  4.49it/s]
 32%|███▏      | 220/693 [00:50<01:47,  4.39it/s]
 32%|███▏      | 221/693 [00:50<01:48,  4.36it/s]
 32%|███▏      | 222/693 [00:50<01:47,  4.40it/s]
 32%|███▏      | 223/693 [00:50<01:43,  4.54it/s]
 32%|███▏      | 224/693 [00:51<01:45,  4.43it/s]
 32%|███▏      | 225/693 [00:51<01:46,  4.38it/s]
 33%|███▎      | 226/693 [00:51<01:47,  4.33it/s]
 33%|███▎      | 227/693 [00:51<01:36,  4.84it/s]
 33%|███▎      | 228/693 [00:51<01:27,  5.32it/s]
 33%|███▎      | 229/693 [00:52<01:29,  5.18it/s]
 33%|███▎      | 230/693 [00:52<01:35,  4.84it/s]
 33%|███▎      | 231/693 [00:52<01:39,  4.64it/s]
 33%|███▎      | 232/693 [00:52<01:42,  4.50it/s]
 34%|███▎      | 233/693 [00:53<01:44,  4.42it/s]
 34%|███▍      | 234/693 [00:53<01:45,  4.36it/s]
 34%|███▍      | 235/693 [00:53<01:46,  4.32it/s]
 34%|███▍      | 236/693 [00:53<01:46,  4.29it/s]
 34%|███▍      | 237/693 [00:54<01:46,  4.28it/s]
 34%|███▍      | 238/693 [00:54<01:46,  4.28it/s]
 34%|███▍      | 239/693 [00:54<01:42,  4.43it/s]
 35%|███▍      | 240/693 [00:54<01:30,  4.99it/s]
 35%|███▍      | 241/693 [00:54<01:21,  5.52it/s]
 35%|███▍      | 242/693 [00:54<01:29,  5.06it/s]
 35%|███▌      | 243/693 [00:55<01:34,  4.76it/s]
 35%|███▌      | 244/693 [00:55<01:38,  4.58it/s]
 35%|███▌      | 245/693 [00:55<01:40,  4.47it/s]
 35%|███▌      | 246/693 [00:55<01:42,  4.38it/s]
 36%|███▌      | 247/693 [00:56<01:42,  4.34it/s]
 36%|███▌      | 248/693 [00:56<01:39,  4.47it/s]
 36%|███▌      | 249/693 [00:56<01:40,  4.41it/s]
 36%|███▌      | 250/693 [00:56<01:41,  4.35it/s]
 36%|███▌      | 251/693 [00:57<01:42,  4.32it/s]
 36%|███▋      | 252/693 [00:57<01:38,  4.49it/s]
 37%|███▋      | 253/693 [00:57<01:25,  5.13it/s]
 37%|███▋      | 254/693 [00:57<01:20,  5.47it/s]
 37%|███▋      | 255/693 [00:57<01:26,  5.07it/s]
 37%|███▋      | 256/693 [00:58<01:31,  4.77it/s]
 37%|███▋      | 257/693 [00:58<01:35,  4.59it/s]
 37%|███▋      | 258/693 [00:58<01:37,  4.47it/s]
 37%|███▋      | 259/693 [00:58<01:38,  4.39it/s]
 38%|███▊      | 260/693 [00:58<01:39,  4.34it/s]
 38%|███▊      | 261/693 [00:59<01:35,  4.51it/s]
 38%|███▊      | 262/693 [00:59<01:37,  4.42it/s]
 38%|███▊      | 263/693 [00:59<01:38,  4.36it/s]
 38%|███▊      | 264/693 [00:59<01:39,  4.31it/s]
 38%|███▊      | 265/693 [01:00<01:34,  4.52it/s]
 38%|███▊      | 266/693 [01:00<01:24,  5.06it/s]
 39%|███▊      | 267/693 [01:00<01:16,  5.53it/s]
 39%|███▊      | 268/693 [01:00<01:23,  5.07it/s]
 39%|███▉      | 269/693 [01:00<01:28,  4.80it/s]
 39%|███▉      | 270/693 [01:01<01:31,  4.61it/s]
 39%|███▉      | 271/693 [01:01<01:34,  4.49it/s]
 39%|███▉      | 272/693 [01:01<01:35,  4.42it/s]
 39%|███▉      | 273/693 [01:01<01:36,  4.36it/s]
 40%|███▉      | 274/693 [01:02<01:34,  4.44it/s]
 40%|███▉      | 275/693 [01:02<01:35,  4.38it/s]
 40%|███▉      | 276/693 [01:02<01:36,  4.32it/s]
 40%|███▉      | 277/693 [01:02<01:36,  4.31it/s]
 40%|████      | 278/693 [01:02<01:31,  4.53it/s]
 40%|████      | 279/693 [01:03<01:19,  5.19it/s]
 40%|████      | 280/693 [01:03<01:12,  5.73it/s]
 41%|████      | 281/693 [01:03<01:11,  5.76it/s]
 41%|████      | 282/693 [01:03<01:18,  5.23it/s]
 41%|████      | 283/693 [01:03<01:24,  4.86it/s]
 41%|████      | 284/693 [01:04<01:27,  4.66it/s]
 41%|████      | 285/693 [01:04<01:29,  4.54it/s]
 41%|████▏     | 286/693 [01:04<01:31,  4.46it/s]
 41%|████▏     | 287/693 [01:04<01:33,  4.35it/s]
 42%|████▏     | 288/693 [01:04<01:31,  4.43it/s]
 42%|████▏     | 289/693 [01:05<02:57,  2.27it/s]
 42%|████▏     | 290/693 [01:06<02:33,  2.63it/s]
 42%|████▏     | 291/693 [01:06<02:15,  2.97it/s]
 42%|████▏     | 292/693 [01:06<02:03,  3.24it/s]
 42%|████▏     | 293/693 [01:06<01:54,  3.48it/s]
 42%|████▏     | 294/693 [01:07<01:47,  3.69it/s]
 43%|████▎     | 295/693 [01:07<01:43,  3.83it/s]
 43%|████▎     | 296/693 [01:07<01:41,  3.92it/s]
 43%|████▎     | 297/693 [01:07<01:38,  4.01it/s]
 43%|████▎     | 298/693 [01:08<01:35,  4.16it/s]
 43%|████▎     | 299/693 [01:08<01:22,  4.80it/s]
 43%|████▎     | 300/693 [01:08<01:20,  4.89it/s]
 43%|████▎     | 301/693 [01:08<01:24,  4.65it/s]
 44%|████▎     | 302/693 [01:08<01:27,  4.48it/s]
 44%|████▎     | 303/693 [01:09<01:29,  4.38it/s]
 44%|████▍     | 304/693 [01:09<01:30,  4.31it/s]
 44%|████▍     | 305/693 [01:09<01:31,  4.26it/s]
 44%|████▍     | 306/693 [01:09<01:32,  4.19it/s]
 44%|████▍     | 307/693 [01:10<01:31,  4.20it/s]
 44%|████▍     | 308/693 [01:10<01:32,  4.18it/s]
 45%|████▍     | 309/693 [01:10<01:31,  4.18it/s]
 45%|████▍     | 310/693 [01:10<01:28,  4.31it/s]
 45%|████▍     | 311/693 [01:10<01:18,  4.88it/s]
 45%|████▌     | 312/693 [01:11<01:11,  5.29it/s]
 45%|████▌     | 313/693 [01:11<01:16,  4.95it/s]
 45%|████▌     | 314/693 [01:11<01:21,  4.66it/s]
 45%|████▌     | 315/693 [01:11<01:23,  4.52it/s]
 46%|████▌     | 316/693 [01:12<01:25,  4.39it/s]
 46%|████▌     | 317/693 [01:12<01:26,  4.33it/s]
 46%|████▌     | 318/693 [01:12<01:28,  4.25it/s]
 46%|████▌     | 319/693 [01:12<01:26,  4.30it/s]
 46%|████▌     | 320/693 [01:12<01:27,  4.26it/s]
 46%|████▋     | 321/693 [01:13<01:28,  4.22it/s]
 46%|████▋     | 322/693 [01:13<01:27,  4.22it/s]
 47%|████▋     | 323/693 [01:13<01:19,  4.65it/s]
 47%|████▋     | 324/693 [01:13<01:11,  5.16it/s]
 47%|████▋     | 325/693 [01:13<01:14,  4.93it/s]
 47%|████▋     | 326/693 [01:14<01:18,  4.66it/s]
 47%|████▋     | 327/693 [01:14<01:21,  4.50it/s]
 47%|████▋     | 328/693 [01:14<01:23,  4.38it/s]
 47%|████▋     | 329/693 [01:14<01:23,  4.34it/s]
 48%|████▊     | 330/693 [01:15<01:25,  4.25it/s]
 48%|████▊     | 331/693 [01:15<01:24,  4.29it/s]
 48%|████▊     | 332/693 [01:15<01:24,  4.26it/s]
 48%|████▊     | 333/693 [01:15<01:24,  4.26it/s]
 48%|████▊     | 334/693 [01:16<01:24,  4.22it/s]
 48%|████▊     | 335/693 [01:16<01:18,  4.55it/s]
 48%|████▊     | 336/693 [01:16<01:10,  5.08it/s]
 49%|████▊     | 337/693 [01:16<01:10,  5.04it/s]
 49%|████▉     | 338/693 [01:16<01:15,  4.68it/s]
 49%|████▉     | 339/693 [01:17<01:18,  4.51it/s]
 49%|████▉     | 340/693 [01:17<01:20,  4.38it/s]
 49%|████▉     | 341/693 [01:17<01:21,  4.32it/s]
 49%|████▉     | 342/693 [01:17<01:21,  4.29it/s]
 49%|████▉     | 343/693 [01:18<01:19,  4.41it/s]
 50%|████▉     | 344/693 [01:18<01:20,  4.36it/s]
 50%|████▉     | 345/693 [01:18<01:20,  4.32it/s]
 50%|████▉     | 346/693 [01:18<01:21,  4.27it/s]
 50%|█████     | 347/693 [01:18<01:16,  4.50it/s]
 50%|█████     | 348/693 [01:19<01:08,  5.06it/s]
 50%|█████     | 349/693 [01:19<01:04,  5.33it/s]
 51%|█████     | 350/693 [01:19<01:08,  4.97it/s]
 51%|█████     | 351/693 [01:19<01:12,  4.72it/s]
 51%|█████     | 352/693 [01:19<01:14,  4.58it/s]
 51%|█████     | 353/693 [01:20<01:40,  3.37it/s]
 51%|█████     | 354/693 [01:20<01:32,  3.67it/s]
 51%|█████     | 355/693 [01:20<01:28,  3.83it/s]
 51%|█████▏    | 356/693 [01:21<01:25,  3.95it/s]
 52%|█████▏    | 357/693 [01:21<01:23,  4.05it/s]
 52%|█████▏    | 358/693 [01:21<01:18,  4.28it/s]
 52%|█████▏    | 359/693 [01:21<01:07,  4.94it/s]
 52%|█████▏    | 360/693 [01:21<01:03,  5.29it/s]
 52%|█████▏    | 361/693 [01:22<01:07,  4.94it/s]
 52%|█████▏    | 362/693 [01:22<01:10,  4.70it/s]
 52%|█████▏    | 363/693 [01:22<01:12,  4.54it/s]
 53%|█████▎    | 364/693 [01:22<01:14,  4.42it/s]
 53%|█████▎    | 365/693 [01:23<01:15,  4.36it/s]
 53%|█████▎    | 366/693 [01:23<01:15,  4.32it/s]
 53%|█████▎    | 367/693 [01:23<01:14,  4.37it/s]
 53%|█████▎    | 368/693 [01:23<01:15,  4.30it/s]
 53%|█████▎    | 369/693 [01:23<01:15,  4.31it/s]
 53%|█████▎    | 370/693 [01:24<01:15,  4.29it/s]
 54%|█████▎    | 371/693 [01:24<01:09,  4.64it/s]
 54%|█████▎    | 372/693 [01:24<01:02,  5.15it/s]
 54%|█████▍    | 373/693 [01:24<01:03,  5.03it/s]
 54%|█████▍    | 374/693 [01:24<01:06,  4.76it/s]
 54%|█████▍    | 375/693 [01:25<01:09,  4.58it/s]
 54%|█████▍    | 376/693 [01:25<01:10,  4.49it/s]
 54%|█████▍    | 377/693 [01:25<01:11,  4.40it/s]
 55%|█████▍    | 378/693 [01:25<01:12,  4.34it/s]
 55%|█████▍    | 379/693 [01:26<01:12,  4.34it/s]
 55%|█████▍    | 380/693 [01:26<01:12,  4.31it/s]
 55%|█████▍    | 381/693 [01:26<01:13,  4.26it/s]
 55%|█████▌    | 382/693 [01:26<01:13,  4.26it/s]
 55%|█████▌    | 383/693 [01:27<01:10,  4.43it/s]
 55%|█████▌    | 384/693 [01:27<01:02,  4.95it/s]
 56%|█████▌    | 385/693 [01:27<00:57,  5.37it/s]
 56%|█████▌    | 386/693 [01:27<01:01,  4.96it/s]
 56%|█████▌    | 387/693 [01:27<01:04,  4.72it/s]
 56%|█████▌    | 388/693 [01:28<01:06,  4.55it/s]
 56%|█████▌    | 389/693 [01:28<01:08,  4.46it/s]
 56%|█████▋    | 390/693 [01:28<01:09,  4.38it/s]
 56%|█████▋    | 391/693 [01:28<01:09,  4.34it/s]
 57%|█████▋    | 392/693 [01:28<01:07,  4.49it/s]
 57%|█████▋    | 393/693 [01:29<01:07,  4.43it/s]
 57%|█████▋    | 394/693 [01:29<01:08,  4.38it/s]
 57%|█████▋    | 395/693 [01:29<01:08,  4.35it/s]
 57%|█████▋    | 396/693 [01:29<01:05,  4.51it/s]
 57%|█████▋    | 397/693 [01:30<00:57,  5.13it/s]
 57%|█████▋    | 398/693 [01:30<00:55,  5.34it/s]
 58%|█████▊    | 399/693 [01:30<00:59,  4.93it/s]
 58%|█████▊    | 400/693 [01:30<01:02,  4.70it/s]
 58%|█████▊    | 401/693 [01:30<01:04,  4.53it/s]
 58%|█████▊    | 402/693 [01:31<01:06,  4.37it/s]
 58%|█████▊    | 403/693 [01:31<01:07,  4.31it/s]
 58%|█████▊    | 404/693 [01:31<01:07,  4.27it/s]
 58%|█████▊    | 405/693 [01:31<01:05,  4.39it/s]
 59%|█████▊    | 406/693 [01:32<01:06,  4.33it/s]
 59%|█████▊    | 407/693 [01:32<01:06,  4.31it/s]
 59%|█████▉    | 408/693 [01:32<01:06,  4.30it/s]
 59%|█████▉    | 409/693 [01:32<01:00,  4.72it/s]
 59%|█████▉    | 410/693 [01:32<00:55,  5.09it/s]
 59%|█████▉    | 411/693 [01:33<00:58,  4.82it/s]
 59%|█████▉    | 412/693 [01:33<01:00,  4.63it/s]
 60%|█████▉    | 413/693 [01:33<01:02,  4.49it/s]
 60%|█████▉    | 414/693 [01:33<01:03,  4.41it/s]
 60%|█████▉    | 415/693 [01:34<01:04,  4.34it/s]
 60%|██████    | 416/693 [01:34<01:04,  4.31it/s]
 60%|██████    | 417/693 [01:34<01:01,  4.48it/s]
 60%|██████    | 418/693 [01:34<01:02,  4.41it/s]
 60%|██████    | 419/693 [01:34<01:02,  4.37it/s]
 61%|██████    | 420/693 [01:35<01:03,  4.29it/s]
 61%|██████    | 421/693 [01:35<01:00,  4.50it/s]
 61%|██████    | 422/693 [01:35<00:53,  5.06it/s]
 61%|██████    | 423/693 [01:35<00:48,  5.60it/s]
 61%|██████    | 424/693 [01:35<00:52,  5.11it/s]
 61%|██████▏   | 425/693 [01:36<00:55,  4.80it/s]
 61%|██████▏   | 426/693 [01:36<00:57,  4.61it/s]
 62%|██████▏   | 427/693 [01:36<00:59,  4.48it/s]
 62%|██████▏   | 428/693 [01:36<01:00,  4.41it/s]
 62%|██████▏   | 429/693 [01:37<01:00,  4.34it/s]
 62%|██████▏   | 430/693 [01:37<00:59,  4.41it/s]
 62%|██████▏   | 431/693 [01:37<01:00,  4.36it/s]
 62%|██████▏   | 432/693 [01:37<01:00,  4.33it/s]
 62%|██████▏   | 433/693 [01:38<01:00,  4.30it/s]
 63%|██████▎   | 434/693 [01:38<00:57,  4.50it/s]
 63%|██████▎   | 435/693 [01:38<00:49,  5.16it/s]
 63%|██████▎   | 436/693 [01:38<00:51,  4.99it/s]
 63%|██████▎   | 437/693 [01:38<00:54,  4.74it/s]
 63%|██████▎   | 438/693 [01:39<00:55,  4.57it/s]
 63%|██████▎   | 439/693 [01:39<00:57,  4.44it/s]
 63%|██████▎   | 440/693 [01:39<00:57,  4.39it/s]
 64%|██████▎   | 441/693 [01:39<00:58,  4.32it/s]
 64%|██████▍   | 442/693 [01:39<00:57,  4.33it/s]
 64%|██████▍   | 443/693 [01:40<00:54,  4.55it/s]
 64%|██████▍   | 444/693 [01:40<00:55,  4.45it/s]
 64%|██████▍   | 445/693 [01:40<00:56,  4.40it/s]
 64%|██████▍   | 446/693 [01:40<00:56,  4.35it/s]
 65%|██████▍   | 447/693 [01:41<00:51,  4.79it/s]
 65%|██████▍   | 448/693 [01:41<00:49,  4.93it/s]
 65%|██████▍   | 449/693 [01:41<00:51,  4.70it/s]
 65%|██████▍   | 450/693 [01:41<00:53,  4.53it/s]
 65%|██████▌   | 451/693 [01:41<00:54,  4.45it/s]
 65%|██████▌   | 452/693 [01:42<00:55,  4.38it/s]
 65%|██████▌   | 453/693 [01:42<00:55,  4.34it/s]
 66%|██████▌   | 454/693 [01:42<00:55,  4.33it/s]
 66%|██████▌   | 455/693 [01:42<00:54,  4.33it/s]
 66%|██████▌   | 456/693 [01:43<00:55,  4.29it/s]
 66%|██████▌   | 457/693 [01:43<00:54,  4.30it/s]
 66%|██████▌   | 458/693 [01:43<00:55,  4.27it/s]
 66%|██████▌   | 459/693 [01:43<00:49,  4.71it/s]
 66%|██████▋   | 460/693 [01:43<00:46,  5.03it/s]
 67%|██████▋   | 461/693 [01:44<00:48,  4.76it/s]
 67%|██████▋   | 462/693 [01:44<00:50,  4.58it/s]
 67%|██████▋   | 463/693 [01:44<00:51,  4.47it/s]
 67%|██████▋   | 464/693 [01:44<00:52,  4.38it/s]
 67%|██████▋   | 465/693 [01:45<00:52,  4.35it/s]
 67%|██████▋   | 466/693 [01:45<00:52,  4.30it/s]
 67%|██████▋   | 467/693 [01:45<00:52,  4.31it/s]
 68%|██████▊   | 468/693 [01:45<00:52,  4.28it/s]
 68%|██████▊   | 469/693 [01:46<00:52,  4.29it/s]
 68%|██████▊   | 470/693 [01:46<00:53,  4.21it/s]
 68%|██████▊   | 471/693 [01:46<00:47,  4.63it/s]
 68%|██████▊   | 472/693 [01:46<00:44,  5.00it/s]
 68%|██████▊   | 473/693 [01:46<00:46,  4.76it/s]
 68%|██████▊   | 474/693 [01:47<00:48,  4.55it/s]
 69%|██████▊   | 475/693 [01:47<00:48,  4.46it/s]
 69%|██████▊   | 476/693 [01:47<00:49,  4.39it/s]
 69%|██████▉   | 477/693 [01:47<00:49,  4.32it/s]
 69%|██████▉   | 478/693 [01:48<00:49,  4.30it/s]
 69%|██████▉   | 479/693 [01:48<00:49,  4.33it/s]
 69%|██████▉   | 480/693 [01:48<00:49,  4.28it/s]
 69%|██████▉   | 481/693 [01:48<00:49,  4.31it/s]
 70%|██████▉   | 482/693 [01:48<00:49,  4.30it/s]
 70%|██████▉   | 483/693 [01:49<00:45,  4.62it/s]
 70%|██████▉   | 484/693 [01:49<00:40,  5.15it/s]
 70%|██████▉   | 485/693 [01:49<00:38,  5.46it/s]
 70%|███████   | 486/693 [01:49<00:41,  5.02it/s]
 70%|███████   | 487/693 [01:49<00:43,  4.75it/s]
 70%|███████   | 488/693 [01:50<00:44,  4.58it/s]
 71%|███████   | 489/693 [01:50<00:45,  4.47it/s]
 71%|███████   | 490/693 [01:50<00:46,  4.38it/s]
 71%|███████   | 491/693 [01:50<00:46,  4.34it/s]
 71%|███████   | 492/693 [01:51<00:46,  4.36it/s]
 71%|███████   | 493/693 [01:51<00:46,  4.32it/s]
 71%|███████▏  | 494/693 [01:51<00:46,  4.29it/s]
 71%|███████▏  | 495/693 [01:51<00:46,  4.27it/s]
 72%|███████▏  | 496/693 [01:51<00:42,  4.61it/s]
 72%|███████▏  | 497/693 [01:52<00:37,  5.26it/s]
 72%|███████▏  | 498/693 [01:52<00:35,  5.45it/s]
 72%|███████▏  | 499/693 [01:52<00:38,  4.99it/s]
 72%|███████▏  | 500/693 [01:52<00:40,  4.74it/s]
 72%|███████▏  | 501/693 [01:52<00:42,  4.57it/s]
 72%|███████▏  | 502/693 [01:53<00:42,  4.46it/s]
 73%|███████▎  | 503/693 [01:53<00:43,  4.38it/s]
 73%|███████▎  | 504/693 [01:53<00:43,  4.30it/s]
 73%|███████▎  | 505/693 [01:53<00:42,  4.43it/s]
 73%|███████▎  | 506/693 [01:54<00:42,  4.38it/s]
 73%|███████▎  | 507/693 [01:54<00:42,  4.35it/s]
 73%|███████▎  | 508/693 [01:54<00:42,  4.32it/s]
 73%|███████▎  | 509/693 [01:54<00:38,  4.79it/s]
 74%|███████▎  | 510/693 [01:54<00:33,  5.42it/s]
 74%|███████▎  | 511/693 [01:55<00:31,  5.76it/s]
 74%|███████▍  | 512/693 [01:55<00:34,  5.24it/s]
 74%|███████▍  | 513/693 [01:55<00:36,  4.87it/s]
 74%|███████▍  | 514/693 [01:55<00:38,  4.69it/s]
 74%|███████▍  | 515/693 [01:55<00:39,  4.54it/s]
 74%|███████▍  | 516/693 [01:56<00:39,  4.47it/s]
 75%|███████▍  | 517/693 [01:56<00:40,  4.40it/s]
 75%|███████▍  | 518/693 [01:56<00:38,  4.49it/s]
 75%|███████▍  | 519/693 [01:56<00:39,  4.42it/s]
 75%|███████▌  | 520/693 [01:57<00:39,  4.37it/s]
 75%|███████▌  | 521/693 [01:57<00:39,  4.35it/s]
 75%|███████▌  | 522/693 [01:57<00:38,  4.50it/s]
 75%|███████▌  | 523/693 [01:57<00:32,  5.15it/s]
 76%|███████▌  | 524/693 [01:57<00:31,  5.38it/s]
 76%|███████▌  | 525/693 [01:58<00:33,  4.97it/s]
 76%|███████▌  | 526/693 [01:58<00:35,  4.73it/s]
 76%|███████▌  | 527/693 [01:58<00:36,  4.59it/s]
 76%|███████▌  | 528/693 [01:58<00:36,  4.48it/s]
 76%|███████▋  | 529/693 [01:59<00:37,  4.40it/s]
 76%|███████▋  | 530/693 [01:59<00:37,  4.36it/s]
 77%|███████▋  | 531/693 [01:59<00:36,  4.38it/s]
 77%|███████▋  | 532/693 [01:59<00:37,  4.31it/s]
 77%|███████▋  | 533/693 [01:59<00:36,  4.34it/s]
 77%|███████▋  | 534/693 [02:00<00:36,  4.32it/s]
 77%|███████▋  | 535/693 [02:00<00:34,  4.63it/s]
 77%|███████▋  | 536/693 [02:00<00:30,  5.14it/s]
 77%|███████▋  | 537/693 [02:00<00:30,  5.06it/s]
 78%|███████▊  | 538/693 [02:00<00:32,  4.78it/s]
 78%|███████▊  | 539/693 [02:01<00:33,  4.61it/s]
 78%|███████▊  | 540/693 [02:01<00:34,  4.48it/s]
 78%|███████▊  | 541/693 [02:01<00:34,  4.44it/s]
 78%|███████▊  | 542/693 [02:01<00:34,  4.37it/s]
 78%|███████▊  | 543/693 [02:02<00:33,  4.47it/s]
 78%|███████▊  | 544/693 [02:02<00:33,  4.51it/s]
 79%|███████▊  | 545/693 [02:02<00:33,  4.43it/s]
 79%|███████▉  | 546/693 [02:02<00:33,  4.37it/s]
 79%|███████▉  | 547/693 [02:03<00:33,  4.32it/s]
 79%|███████▉  | 548/693 [02:03<00:29,  4.86it/s]
 79%|███████▉  | 549/693 [02:03<00:26,  5.43it/s]
 79%|███████▉  | 550/693 [02:03<00:27,  5.19it/s]
 80%|███████▉  | 551/693 [02:03<00:29,  4.85it/s]
 80%|███████▉  | 552/693 [02:04<00:30,  4.65it/s]
 80%|███████▉  | 553/693 [02:04<00:31,  4.51it/s]
 80%|███████▉  | 554/693 [02:04<00:31,  4.43it/s]
 80%|████████  | 555/693 [02:04<00:31,  4.37it/s]
 80%|████████  | 556/693 [02:04<00:32,  4.28it/s]
 80%|████████  | 557/693 [02:05<00:30,  4.52it/s]
 81%|████████  | 558/693 [02:05<00:30,  4.44it/s]
 81%|████████  | 559/693 [02:05<00:30,  4.39it/s]
 81%|████████  | 560/693 [02:05<00:30,  4.35it/s]
 81%|████████  | 561/693 [02:06<00:27,  4.77it/s]
 81%|████████  | 562/693 [02:06<00:24,  5.29it/s]
 81%|████████  | 563/693 [02:06<00:25,  5.12it/s]
 81%|████████▏ | 564/693 [02:06<00:26,  4.82it/s]
 82%|████████▏ | 565/693 [02:06<00:27,  4.62it/s]
 82%|████████▏ | 566/693 [02:07<00:28,  4.49it/s]
 82%|████████▏ | 567/693 [02:07<00:28,  4.43it/s]
 82%|████████▏ | 568/693 [02:07<00:28,  4.36it/s]
 82%|████████▏ | 569/693 [02:07<00:27,  4.48it/s]
 82%|████████▏ | 570/693 [02:07<00:27,  4.51it/s]
 82%|████████▏ | 571/693 [02:08<00:27,  4.42it/s]
 83%|████████▎ | 572/693 [02:08<00:27,  4.37it/s]
 83%|████████▎ | 573/693 [02:08<00:27,  4.33it/s]
 83%|████████▎ | 574/693 [02:08<00:24,  4.88it/s]
 83%|████████▎ | 575/693 [02:08<00:21,  5.49it/s]
 83%|████████▎ | 576/693 [02:09<00:22,  5.24it/s]
 83%|████████▎ | 577/693 [02:09<00:23,  4.89it/s]
 83%|████████▎ | 578/693 [02:09<00:24,  4.67it/s]
 84%|████████▎ | 579/693 [02:09<00:25,  4.52it/s]
 84%|████████▎ | 580/693 [02:10<00:25,  4.44it/s]
 84%|████████▍ | 581/693 [02:10<00:25,  4.39it/s]
 84%|████████▍ | 582/693 [02:10<00:24,  4.48it/s]
 84%|████████▍ | 583/693 [02:10<00:24,  4.53it/s]
 84%|████████▍ | 584/693 [02:11<00:24,  4.42it/s]
 84%|████████▍ | 585/693 [02:11<00:24,  4.39it/s]
 85%|████████▍ | 586/693 [02:11<00:24,  4.36it/s]
 85%|████████▍ | 587/693 [02:11<00:21,  4.90it/s]
 85%|████████▍ | 588/693 [02:11<00:19,  5.38it/s]
 85%|████████▍ | 589/693 [02:12<00:20,  5.02it/s]
 85%|████████▌ | 590/693 [02:12<00:21,  4.76it/s]
 85%|████████▌ | 591/693 [02:12<00:22,  4.61it/s]
 85%|████████▌ | 592/693 [02:12<00:22,  4.49it/s]
 86%|████████▌ | 593/693 [02:12<00:22,  4.42it/s]
 86%|████████▌ | 594/693 [02:13<00:22,  4.37it/s]
 86%|████████▌ | 595/693 [02:13<00:22,  4.40it/s]
 86%|████████▌ | 596/693 [02:13<00:22,  4.36it/s]
 86%|████████▌ | 597/693 [02:13<00:22,  4.33it/s]
 86%|████████▋ | 598/693 [02:14<00:22,  4.31it/s]
 86%|████████▋ | 599/693 [02:14<00:21,  4.41it/s]
 87%|████████▋ | 600/693 [02:14<00:18,  4.95it/s]
 87%|████████▋ | 601/693 [02:14<00:16,  5.43it/s]
 87%|████████▋ | 602/693 [02:14<00:18,  5.00it/s]
 87%|████████▋ | 603/693 [02:15<00:19,  4.72it/s]
 87%|████████▋ | 604/693 [02:15<00:19,  4.56it/s]
 87%|████████▋ | 605/693 [02:15<00:19,  4.46it/s]
 87%|████████▋ | 606/693 [02:15<00:19,  4.38it/s]
 88%|████████▊ | 607/693 [02:16<00:19,  4.32it/s]
 88%|████████▊ | 608/693 [02:16<00:19,  4.32it/s]
 88%|████████▊ | 609/693 [02:16<00:19,  4.30it/s]
 88%|████████▊ | 610/693 [02:16<00:19,  4.27it/s]
 88%|████████▊ | 611/693 [02:16<00:19,  4.29it/s]
 88%|████████▊ | 612/693 [02:17<00:18,  4.43it/s]
 88%|████████▊ | 613/693 [02:17<00:15,  5.10it/s]
 89%|████████▊ | 614/693 [02:17<00:14,  5.44it/s]
 89%|████████▊ | 615/693 [02:17<00:15,  5.02it/s]
 89%|████████▉ | 616/693 [02:17<00:16,  4.74it/s]
 89%|████████▉ | 617/693 [02:18<00:16,  4.57it/s]
 89%|████████▉ | 618/693 [02:18<00:16,  4.47it/s]
 89%|████████▉ | 619/693 [02:18<00:16,  4.39it/s]
 89%|████████▉ | 620/693 [02:18<00:16,  4.35it/s]
 90%|████████▉ | 621/693 [02:19<00:16,  4.49it/s]
 90%|████████▉ | 622/693 [02:19<00:16,  4.41it/s]
 90%|████████▉ | 623/693 [02:19<00:16,  4.37it/s]
 90%|█████████ | 624/693 [02:19<00:15,  4.33it/s]
 90%|█████████ | 625/693 [02:19<00:15,  4.52it/s]
 90%|█████████ | 626/693 [02:20<00:13,  5.07it/s]
 90%|█████████ | 627/693 [02:20<00:11,  5.57it/s]
 91%|█████████ | 628/693 [02:20<00:12,  5.09it/s]
 91%|█████████ | 629/693 [02:20<00:13,  4.79it/s]
 91%|█████████ | 630/693 [02:20<00:13,  4.58it/s]
 91%|█████████ | 631/693 [02:21<00:13,  4.50it/s]
 91%|█████████ | 632/693 [02:21<00:13,  4.42it/s]
 91%|█████████▏| 633/693 [02:21<00:13,  4.37it/s]
 91%|█████████▏| 634/693 [02:21<00:13,  4.39it/s]
 92%|█████████▏| 635/693 [02:22<00:13,  4.35it/s]
 92%|█████████▏| 636/693 [02:22<00:13,  4.32it/s]
 92%|█████████▏| 637/693 [02:22<00:13,  4.30it/s]
 92%|█████████▏| 638/693 [02:22<00:12,  4.44it/s]
 92%|█████████▏| 639/693 [02:22<00:10,  5.09it/s]
 92%|█████████▏| 640/693 [02:23<00:09,  5.53it/s]
 92%|█████████▏| 641/693 [02:23<00:10,  5.09it/s]
 93%|█████████▎| 642/693 [02:23<00:10,  4.79it/s]
 93%|█████████▎| 643/693 [02:23<00:10,  4.62it/s]
 93%|█████████▎| 644/693 [02:24<00:10,  4.49it/s]
 93%|█████████▎| 645/693 [02:24<00:10,  4.41it/s]
 93%|█████████▎| 646/693 [02:24<00:10,  4.32it/s]
 93%|█████████▎| 647/693 [02:24<00:10,  4.50it/s]
 94%|█████████▎| 648/693 [02:24<00:10,  4.42it/s]
 94%|█████████▎| 649/693 [02:25<00:10,  4.40it/s]
 94%|█████████▍| 650/693 [02:25<00:09,  4.36it/s]
 94%|█████████▍| 651/693 [02:25<00:09,  4.52it/s]
 94%|█████████▍| 652/693 [02:25<00:07,  5.16it/s]
 94%|█████████▍| 653/693 [02:25<00:06,  5.78it/s]
 94%|█████████▍| 654/693 [02:26<00:07,  5.46it/s]
 95%|█████████▍| 655/693 [02:26<00:07,  5.02it/s]
 95%|█████████▍| 656/693 [02:26<00:07,  4.79it/s]
 95%|█████████▍| 657/693 [02:26<00:07,  4.60it/s]
 95%|█████████▍| 658/693 [02:27<00:07,  4.50it/s]
 95%|█████████▌| 659/693 [02:27<00:07,  4.40it/s]
 95%|█████████▌| 660/693 [02:27<00:07,  4.43it/s]
 95%|█████████▌| 661/693 [02:27<00:07,  4.55it/s]
 96%|█████████▌| 662/693 [02:27<00:06,  4.43it/s]
 96%|█████████▌| 663/693 [02:28<00:06,  4.39it/s]
 96%|█████████▌| 664/693 [02:28<00:06,  4.34it/s]
 96%|█████████▌| 665/693 [02:28<00:05,  4.87it/s]
 96%|█████████▌| 666/693 [02:28<00:05,  5.38it/s]
 96%|█████████▌| 667/693 [02:28<00:05,  5.15it/s]
 96%|█████████▋| 668/693 [02:29<00:05,  4.84it/s]
 97%|█████████▋| 669/693 [02:29<00:05,  4.63it/s]
 97%|█████████▋| 670/693 [02:29<00:05,  4.51it/s]
 97%|█████████▋| 671/693 [02:29<00:04,  4.43it/s]
 97%|█████████▋| 672/693 [02:30<00:04,  4.39it/s]
 97%|█████████▋| 673/693 [02:30<00:04,  4.48it/s]
 97%|█████████▋| 674/693 [02:30<00:04,  4.51it/s]
 97%|█████████▋| 675/693 [02:30<00:04,  4.36it/s]
 98%|█████████▊| 676/693 [02:30<00:03,  4.36it/s]
 98%|█████████▊| 677/693 [02:31<00:03,  4.34it/s]
 98%|█████████▊| 678/693 [02:31<00:03,  4.81it/s]
 98%|█████████▊| 679/693 [02:31<00:02,  5.25it/s]
 98%|█████████▊| 680/693 [02:31<00:02,  4.88it/s]
 98%|█████████▊| 681/693 [02:31<00:02,  4.69it/s]
 98%|█████████▊| 682/693 [02:32<00:02,  4.53it/s]
 99%|█████████▊| 683/693 [02:32<00:02,  4.45it/s]
 99%|█████████▊| 684/693 [02:32<00:02,  4.40it/s]
 99%|█████████▉| 685/693 [02:32<00:01,  4.34it/s]
 99%|█████████▉| 686/693 [02:33<00:01,  4.47it/s]
 99%|█████████▉| 687/693 [02:33<00:01,  4.39it/s]
 99%|█████████▉| 688/693 [02:33<00:01,  4.32it/s]
 99%|█████████▉| 689/693 [02:33<00:00,  4.31it/s]
100%|█████████▉| 690/693 [02:34<00:00,  4.51it/s]
100%|█████████▉| 691/693 [02:34<00:00,  5.18it/s]
100%|█████████▉| 692/693 [02:34<00:00,  5.53it/s]
100%|██████████| 693/693 [02:34<00:00,  5.16it/s]
100%|██████████| 693/693 [02:34<00:00,  4.48it/s]
Training loss: 0.6858529180589349, KL loss: 0.46725202284075995, Sim loss: 6.34339150360476e-05, Exo CLS loss: 0.5338499084878363, 
Noun sim loss: 0.1183209012855183, Part sim loss: 0.15017193669794615, Proto loss: 1.0343773072588152, Conc loss: 0.10189277377694544
learning rate:4.2978917072108764e-05


  0%|          | 0/168 [00:00<?, ?it/s]
  1%|          | 1/168 [00:00<02:03,  1.35it/s]
  2%|▏         | 4/168 [00:00<00:29,  5.59it/s]
  4%|▎         | 6/168 [00:01<00:25,  6.36it/s]
  5%|▌         | 9/168 [00:01<00:17,  8.92it/s]
  7%|▋         | 11/168 [00:01<00:15, 10.11it/s]
  8%|▊         | 14/168 [00:01<00:11, 12.94it/s]
 10%|█         | 17/168 [00:02<00:17,  8.77it/s]
 12%|█▏        | 20/168 [00:02<00:13, 11.16it/s]
 14%|█▎        | 23/168 [00:02<00:10, 13.46it/s]
 15%|█▍        | 25/168 [00:02<00:14, 10.20it/s]
 16%|█▌        | 27/168 [00:03<00:15,  9.37it/s]
 18%|█▊        | 31/168 [00:03<00:09, 13.78it/s]
 20%|██        | 34/168 [00:03<00:08, 15.58it/s]
 22%|██▏       | 37/168 [00:03<00:07, 17.18it/s]
 24%|██▍       | 40/168 [00:03<00:06, 18.46it/s]
 26%|██▌       | 43/168 [00:03<00:06, 18.47it/s]
 27%|██▋       | 46/168 [00:03<00:06, 19.46it/s]
 29%|██▉       | 49/168 [00:03<00:05, 20.24it/s]
 31%|███       | 52/168 [00:04<00:05, 20.37it/s]
 33%|███▎      | 55/168 [00:04<00:05, 20.35it/s]
 35%|███▍      | 58/168 [00:04<00:05, 19.51it/s]
 36%|███▋      | 61/168 [00:04<00:05, 20.65it/s]
 38%|███▊      | 64/168 [00:04<00:04, 21.08it/s]
 40%|███▉      | 67/168 [00:04<00:05, 20.00it/s]
 42%|████▏     | 70/168 [00:04<00:04, 20.66it/s]
 43%|████▎     | 73/168 [00:05<00:04, 21.14it/s]
 45%|████▌     | 76/168 [00:05<00:04, 21.03it/s]
 47%|████▋     | 79/168 [00:05<00:04, 22.13it/s]
 49%|████▉     | 83/168 [00:05<00:03, 24.69it/s]
 51%|█████     | 86/168 [00:05<00:03, 23.92it/s]
 53%|█████▎    | 89/168 [00:05<00:03, 23.38it/s]
 55%|█████▍    | 92/168 [00:05<00:03, 21.79it/s]
 57%|█████▋    | 95/168 [00:06<00:05, 12.61it/s]
 58%|█████▊    | 98/168 [00:06<00:04, 14.45it/s]
 60%|██████    | 101/168 [00:06<00:04, 16.59it/s]
 62%|██████▏   | 104/168 [00:06<00:03, 17.86it/s]
 64%|██████▎   | 107/168 [00:06<00:03, 18.99it/s]
 65%|██████▌   | 110/168 [00:07<00:02, 19.65it/s]
 67%|██████▋   | 113/168 [00:07<00:02, 20.15it/s]
 69%|██████▉   | 116/168 [00:07<00:02, 20.50it/s]
 71%|███████   | 119/168 [00:07<00:02, 21.17it/s]
 73%|███████▎  | 123/168 [00:07<00:01, 24.54it/s]
 75%|███████▌  | 126/168 [00:07<00:01, 25.01it/s]
 77%|███████▋  | 129/168 [00:07<00:01, 23.58it/s]
 79%|███████▊  | 132/168 [00:08<00:01, 22.65it/s]
 80%|████████  | 135/168 [00:08<00:01, 21.92it/s]
 82%|████████▏ | 138/168 [00:08<00:01, 20.97it/s]
 84%|████████▍ | 141/168 [00:08<00:01, 21.32it/s]
 86%|████████▌ | 144/168 [00:08<00:01, 21.49it/s]
 88%|████████▊ | 147/168 [00:08<00:01, 20.58it/s]
 89%|████████▉ | 150/168 [00:08<00:00, 20.77it/s]
 91%|█████████ | 153/168 [00:09<00:00, 20.80it/s]
 93%|█████████▎| 156/168 [00:09<00:00, 21.04it/s]
 95%|█████████▍| 159/168 [00:09<00:00, 21.23it/s]
 96%|█████████▋| 162/168 [00:09<00:00, 19.70it/s]
 98%|█████████▊| 165/168 [00:09<00:00, 20.77it/s]
100%|██████████| 168/168 [00:09<00:00, 22.29it/s]
100%|██████████| 168/168 [00:09<00:00, 17.06it/s]
Result on AGD: 
KLD=0.9201849102973938, SIM=0.5229107141494751, NSS=1.5139816999435425
noun sim: 0.10993847610162837, part sim: 0.14803125310157025
No KLD improvement for 3 epoch(s). Best KLD: 0.8719511032104492, Current KLD: 0.9201849102973938
============Training Epoch 10============

  0%|          | 0/693 [00:00<?, ?it/s]/mnt/sdb/wyn/envs/clip-env/lib/python3.10/site-packages/torch/_tensor.py:1002: UserWarning: non-inplace resize is deprecated
  warnings.warn("non-inplace resize is deprecated")
/mnt/sdb/wyn/envs/clip-env/lib/python3.10/site-packages/torch/_tensor.py:1002: UserWarning: non-inplace resize is deprecated
  warnings.warn("non-inplace resize is deprecated")
/mnt/sdb/wyn/envs/clip-env/lib/python3.10/site-packages/torch/_tensor.py:1002: UserWarning: non-inplace resize is deprecated
  warnings.warn("non-inplace resize is deprecated")
/mnt/sdb/wyn/envs/clip-env/lib/python3.10/site-packages/torch/_tensor.py:1002: UserWarning: non-inplace resize is deprecated
  warnings.warn("non-inplace resize is deprecated")
/mnt/sdb/wyn/envs/clip-env/lib/python3.10/site-packages/torch/_tensor.py:1002: UserWarning: non-inplace resize is deprecated
  warnings.warn("non-inplace resize is deprecated")
/mnt/sdb/wyn/envs/clip-env/lib/python3.10/site-packages/torch/_tensor.py:1002: UserWarning: non-inplace resize is deprecated
  warnings.warn("non-inplace resize is deprecated")
/mnt/sdb/wyn/envs/clip-env/lib/python3.10/site-packages/torch/_tensor.py:1002: UserWarning: non-inplace resize is deprecated
  warnings.warn("non-inplace resize is deprecated")
/mnt/sdb/wyn/envs/clip-env/lib/python3.10/site-packages/torch/_tensor.py:1002: UserWarning: non-inplace resize is deprecated
  warnings.warn("non-inplace resize is deprecated")

  0%|          | 1/693 [00:01<18:28,  1.60s/it]
  0%|          | 2/693 [00:01<09:14,  1.25it/s]
  0%|          | 3/693 [00:03<12:19,  1.07s/it]
  1%|          | 4/693 [00:03<10:50,  1.06it/s]
  1%|          | 5/693 [00:04<07:53,  1.45it/s]
  1%|          | 6/693 [00:04<06:04,  1.88it/s]
  1%|          | 7/693 [00:04<04:58,  2.30it/s]
  1%|          | 8/693 [00:04<04:14,  2.69it/s]
  1%|▏         | 9/693 [00:05<03:44,  3.04it/s]
  1%|▏         | 10/693 [00:05<03:09,  3.60it/s]
  2%|▏         | 11/693 [00:05<02:39,  4.28it/s]
  2%|▏         | 12/693 [00:05<02:36,  4.34it/s]
  2%|▏         | 13/693 [00:05<02:37,  4.32it/s]
  2%|▏         | 14/693 [00:06<02:37,  4.30it/s]
  2%|▏         | 15/693 [00:06<02:38,  4.28it/s]
  2%|▏         | 16/693 [00:06<02:38,  4.27it/s]
  2%|▏         | 17/693 [00:06<02:38,  4.27it/s]
  3%|▎         | 18/693 [00:07<02:39,  4.24it/s]
  3%|▎         | 19/693 [00:07<02:39,  4.23it/s]
  3%|▎         | 20/693 [00:07<02:39,  4.21it/s]
  3%|▎         | 21/693 [00:07<02:39,  4.22it/s]
  3%|▎         | 22/693 [00:08<02:35,  4.31it/s]
  3%|▎         | 23/693 [00:08<02:11,  5.09it/s]
  3%|▎         | 24/693 [00:08<02:05,  5.35it/s]
  4%|▎         | 25/693 [00:08<02:15,  4.92it/s]
  4%|▍         | 26/693 [00:08<02:22,  4.67it/s]
  4%|▍         | 27/693 [00:09<02:28,  4.48it/s]
  4%|▍         | 28/693 [00:09<02:33,  4.34it/s]
  4%|▍         | 29/693 [00:09<02:34,  4.29it/s]
  4%|▍         | 30/693 [00:09<02:36,  4.23it/s]
  4%|▍         | 31/693 [00:09<02:31,  4.36it/s]
  5%|▍         | 32/693 [00:10<02:33,  4.30it/s]
  5%|▍         | 33/693 [00:10<02:34,  4.28it/s]
  5%|▍         | 34/693 [00:10<02:34,  4.26it/s]
  5%|▌         | 35/693 [00:10<02:17,  4.79it/s]
  5%|▌         | 36/693 [00:10<02:04,  5.29it/s]
  5%|▌         | 37/693 [00:11<02:09,  5.07it/s]
  5%|▌         | 38/693 [00:11<02:16,  4.79it/s]
  6%|▌         | 39/693 [00:11<02:21,  4.61it/s]
  6%|▌         | 40/693 [00:11<02:24,  4.52it/s]
  6%|▌         | 41/693 [00:12<02:27,  4.44it/s]
  6%|▌         | 42/693 [00:12<02:27,  4.40it/s]
  6%|▌         | 43/693 [00:12<02:23,  4.54it/s]
  6%|▋         | 44/693 [00:12<02:23,  4.52it/s]
  6%|▋         | 45/693 [00:13<02:27,  4.40it/s]
  7%|▋         | 46/693 [00:13<02:28,  4.35it/s]
  7%|▋         | 47/693 [00:13<02:29,  4.33it/s]
  7%|▋         | 48/693 [00:13<02:13,  4.83it/s]
  7%|▋         | 49/693 [00:13<01:58,  5.44it/s]
  7%|▋         | 50/693 [00:13<02:03,  5.21it/s]
  7%|▋         | 51/693 [00:14<02:12,  4.86it/s]
  8%|▊         | 52/693 [00:14<02:18,  4.64it/s]
  8%|▊         | 53/693 [00:14<02:22,  4.49it/s]
  8%|▊         | 54/693 [00:14<02:25,  4.40it/s]
  8%|▊         | 55/693 [00:15<02:27,  4.33it/s]
  8%|▊         | 56/693 [00:15<02:26,  4.34it/s]
  8%|▊         | 57/693 [00:15<02:27,  4.31it/s]
  8%|▊         | 58/693 [00:15<02:29,  4.25it/s]
  9%|▊         | 59/693 [00:16<02:29,  4.25it/s]
  9%|▊         | 60/693 [00:16<02:25,  4.36it/s]
  9%|▉         | 61/693 [00:16<02:12,  4.76it/s]
  9%|▉         | 62/693 [00:16<02:15,  4.65it/s]
  9%|▉         | 63/693 [00:16<02:20,  4.49it/s]
  9%|▉         | 64/693 [00:17<02:23,  4.38it/s]
  9%|▉         | 65/693 [00:17<02:25,  4.32it/s]
 10%|▉         | 66/693 [00:17<02:27,  4.25it/s]
 10%|▉         | 67/693 [00:17<02:28,  4.23it/s]
 10%|▉         | 68/693 [00:18<02:27,  4.25it/s]
 10%|▉         | 69/693 [00:18<02:27,  4.24it/s]
 10%|█         | 70/693 [00:18<02:28,  4.21it/s]
 10%|█         | 71/693 [00:18<02:27,  4.21it/s]
 10%|█         | 72/693 [00:19<02:17,  4.53it/s]
 11%|█         | 73/693 [00:19<02:02,  5.05it/s]
 11%|█         | 74/693 [00:19<02:09,  4.78it/s]
 11%|█         | 75/693 [00:19<02:13,  4.62it/s]
 11%|█         | 76/693 [00:19<02:17,  4.49it/s]
 11%|█         | 77/693 [00:20<02:19,  4.41it/s]
 11%|█▏        | 78/693 [00:20<02:21,  4.35it/s]
 11%|█▏        | 79/693 [00:20<02:22,  4.30it/s]
 12%|█▏        | 80/693 [00:21<04:08,  2.47it/s]
 12%|█▏        | 81/693 [00:21<03:37,  2.82it/s]
 12%|█▏        | 82/693 [00:21<03:13,  3.15it/s]
 12%|█▏        | 83/693 [00:22<02:59,  3.39it/s]
 12%|█▏        | 84/693 [00:22<02:47,  3.64it/s]
 12%|█▏        | 85/693 [00:22<02:40,  3.80it/s]
 12%|█▏        | 86/693 [00:22<02:36,  3.88it/s]
 13%|█▎        | 87/693 [00:23<02:31,  4.01it/s]
 13%|█▎        | 88/693 [00:23<02:29,  4.05it/s]
 13%|█▎        | 89/693 [00:23<02:26,  4.11it/s]
 13%|█▎        | 90/693 [00:23<02:25,  4.14it/s]
 13%|█▎        | 91/693 [00:23<02:11,  4.57it/s]
 13%|█▎        | 92/693 [00:24<01:55,  5.21it/s]
 13%|█▎        | 93/693 [00:24<01:57,  5.10it/s]
 14%|█▎        | 94/693 [00:24<02:04,  4.81it/s]
 14%|█▎        | 95/693 [00:24<02:10,  4.59it/s]
 14%|█▍        | 96/693 [00:25<02:13,  4.48it/s]
 14%|█▍        | 97/693 [00:25<02:16,  4.38it/s]
 14%|█▍        | 98/693 [00:25<02:16,  4.35it/s]
 14%|█▍        | 99/693 [00:25<02:18,  4.29it/s]
 14%|█▍        | 100/693 [00:25<02:18,  4.27it/s]
 15%|█▍        | 101/693 [00:26<02:18,  4.26it/s]
 15%|█▍        | 102/693 [00:26<02:18,  4.27it/s]
 15%|█▍        | 103/693 [00:26<02:16,  4.33it/s]
 15%|█▌        | 104/693 [00:26<01:59,  4.94it/s]
 15%|█▌        | 105/693 [00:26<01:55,  5.11it/s]
 15%|█▌        | 106/693 [00:27<02:02,  4.80it/s]
 15%|█▌        | 107/693 [00:27<02:07,  4.61it/s]
 16%|█▌        | 108/693 [00:27<02:11,  4.46it/s]
 16%|█▌        | 109/693 [00:27<02:13,  4.37it/s]
 16%|█▌        | 110/693 [00:28<02:15,  4.32it/s]
 16%|█▌        | 111/693 [00:28<02:16,  4.26it/s]
 16%|█▌        | 112/693 [00:28<02:13,  4.34it/s]
 16%|█▋        | 113/693 [00:28<02:15,  4.29it/s]
 16%|█▋        | 114/693 [00:29<02:16,  4.25it/s]
 17%|█▋        | 115/693 [00:29<02:15,  4.25it/s]
 17%|█▋        | 116/693 [00:29<02:02,  4.71it/s]
 17%|█▋        | 117/693 [00:29<01:49,  5.28it/s]
 17%|█▋        | 118/693 [00:29<01:50,  5.18it/s]
 17%|█▋        | 119/693 [00:30<01:58,  4.85it/s]
 17%|█▋        | 120/693 [00:30<02:03,  4.63it/s]
 17%|█▋        | 121/693 [00:30<02:07,  4.48it/s]
 18%|█▊        | 122/693 [00:30<02:09,  4.42it/s]
 18%|█▊        | 123/693 [00:31<02:11,  4.34it/s]
 18%|█▊        | 124/693 [00:31<02:09,  4.38it/s]
 18%|█▊        | 125/693 [00:31<02:10,  4.35it/s]
 18%|█▊        | 126/693 [00:31<02:11,  4.31it/s]
 18%|█▊        | 127/693 [00:31<02:12,  4.29it/s]
 18%|█▊        | 128/693 [00:32<02:11,  4.30it/s]
 19%|█▊        | 129/693 [00:32<01:53,  4.98it/s]
 19%|█▉        | 130/693 [00:32<01:42,  5.49it/s]
 19%|█▉        | 131/693 [00:32<01:50,  5.08it/s]
 19%|█▉        | 132/693 [00:32<01:57,  4.78it/s]
 19%|█▉        | 133/693 [00:33<02:01,  4.59it/s]
 19%|█▉        | 134/693 [00:33<02:05,  4.47it/s]
 19%|█▉        | 135/693 [00:33<02:06,  4.41it/s]
 20%|█▉        | 136/693 [00:33<02:16,  4.08it/s]
 20%|█▉        | 137/693 [00:34<02:10,  4.26it/s]
 20%|█▉        | 138/693 [00:34<02:11,  4.24it/s]
 20%|██        | 139/693 [00:34<02:10,  4.24it/s]
 20%|██        | 140/693 [00:34<02:10,  4.24it/s]
 20%|██        | 141/693 [00:34<01:56,  4.75it/s]
 20%|██        | 142/693 [00:35<01:42,  5.38it/s]
 21%|██        | 143/693 [00:35<01:46,  5.19it/s]
 21%|██        | 144/693 [00:35<01:52,  4.86it/s]
 21%|██        | 145/693 [00:35<01:58,  4.63it/s]
 21%|██        | 146/693 [00:36<02:01,  4.49it/s]
 21%|██        | 147/693 [00:36<02:02,  4.44it/s]
 21%|██▏       | 148/693 [00:36<02:03,  4.40it/s]
 22%|██▏       | 149/693 [00:36<02:00,  4.52it/s]
 22%|██▏       | 150/693 [00:36<02:00,  4.51it/s]
 22%|██▏       | 151/693 [00:37<02:02,  4.41it/s]
 22%|██▏       | 152/693 [00:37<02:03,  4.39it/s]
 22%|██▏       | 153/693 [00:37<02:03,  4.36it/s]
 22%|██▏       | 154/693 [00:37<01:50,  4.86it/s]
 22%|██▏       | 155/693 [00:37<01:37,  5.51it/s]
 23%|██▎       | 156/693 [00:38<01:40,  5.36it/s]
 23%|██▎       | 157/693 [00:38<01:49,  4.91it/s]
 23%|██▎       | 158/693 [00:38<01:54,  4.69it/s]
 23%|██▎       | 159/693 [00:38<01:57,  4.56it/s]
 23%|██▎       | 160/693 [00:39<01:59,  4.45it/s]
 23%|██▎       | 161/693 [00:39<02:03,  4.31it/s]
 23%|██▎       | 162/693 [00:39<02:02,  4.35it/s]
 24%|██▎       | 163/693 [00:39<02:01,  4.37it/s]
 24%|██▎       | 164/693 [00:40<02:02,  4.31it/s]
 24%|██▍       | 165/693 [00:40<02:03,  4.29it/s]
 24%|██▍       | 166/693 [00:40<02:01,  4.35it/s]
 24%|██▍       | 167/693 [00:40<01:46,  4.95it/s]
 24%|██▍       | 168/693 [00:40<01:34,  5.53it/s]
 24%|██▍       | 169/693 [00:40<01:38,  5.30it/s]
 25%|██▍       | 170/693 [00:41<01:45,  4.94it/s]
 25%|██▍       | 171/693 [00:41<01:51,  4.69it/s]
 25%|██▍       | 172/693 [00:41<01:54,  4.54it/s]
 25%|██▍       | 173/693 [00:41<01:57,  4.42it/s]
 25%|██▌       | 174/693 [00:42<01:59,  4.36it/s]
 25%|██▌       | 175/693 [00:42<02:00,  4.31it/s]
 25%|██▌       | 176/693 [00:42<02:02,  4.23it/s]
 26%|██▌       | 177/693 [00:42<02:01,  4.23it/s]
 26%|██▌       | 178/693 [00:43<02:02,  4.22it/s]
 26%|██▌       | 179/693 [00:43<01:58,  4.34it/s]
 26%|██▌       | 180/693 [00:43<01:45,  4.87it/s]
 26%|██▌       | 181/693 [00:43<01:40,  5.10it/s]
 26%|██▋       | 182/693 [00:43<01:46,  4.78it/s]
 26%|██▋       | 183/693 [00:44<01:51,  4.56it/s]
 27%|██▋       | 184/693 [00:44<01:55,  4.40it/s]
 27%|██▋       | 185/693 [00:44<01:57,  4.33it/s]
 27%|██▋       | 186/693 [00:44<01:57,  4.30it/s]
 27%|██▋       | 187/693 [00:45<01:54,  4.42it/s]
 27%|██▋       | 188/693 [00:45<01:52,  4.49it/s]
 27%|██▋       | 189/693 [00:45<01:55,  4.38it/s]
 27%|██▋       | 190/693 [00:45<01:56,  4.30it/s]
 28%|██▊       | 191/693 [00:45<01:56,  4.30it/s]
 28%|██▊       | 192/693 [00:46<01:46,  4.71it/s]
 28%|██▊       | 193/693 [00:46<01:35,  5.24it/s]
 28%|██▊       | 194/693 [00:46<01:42,  4.87it/s]
 28%|██▊       | 195/693 [00:46<01:47,  4.65it/s]
 28%|██▊       | 196/693 [00:46<01:50,  4.50it/s]
 28%|██▊       | 197/693 [00:47<01:52,  4.41it/s]
 29%|██▊       | 198/693 [00:47<01:54,  4.32it/s]
 29%|██▊       | 199/693 [00:47<01:55,  4.27it/s]
 29%|██▉       | 200/693 [00:47<01:54,  4.30it/s]
 29%|██▉       | 201/693 [00:48<01:54,  4.29it/s]
 29%|██▉       | 202/693 [00:48<01:55,  4.27it/s]
 29%|██▉       | 203/693 [00:48<01:54,  4.27it/s]
 29%|██▉       | 204/693 [00:48<01:48,  4.52it/s]
 30%|██▉       | 205/693 [00:48<01:35,  5.11it/s]
 30%|██▉       | 206/693 [00:49<01:41,  4.81it/s]
 30%|██▉       | 207/693 [00:49<01:44,  4.65it/s]
 30%|███       | 208/693 [00:49<01:48,  4.49it/s]
 30%|███       | 209/693 [00:49<01:49,  4.41it/s]
 30%|███       | 210/693 [00:50<01:51,  4.34it/s]
 30%|███       | 211/693 [00:50<01:51,  4.31it/s]
 31%|███       | 212/693 [00:50<01:48,  4.42it/s]
 31%|███       | 213/693 [00:50<01:50,  4.34it/s]
 31%|███       | 214/693 [00:51<01:51,  4.30it/s]
 31%|███       | 215/693 [00:51<01:51,  4.29it/s]
 31%|███       | 216/693 [00:51<01:46,  4.50it/s]
 31%|███▏      | 217/693 [00:51<01:32,  5.13it/s]
 31%|███▏      | 218/693 [00:51<01:29,  5.32it/s]
 32%|███▏      | 219/693 [00:52<01:35,  4.94it/s]
 32%|███▏      | 220/693 [00:52<01:40,  4.71it/s]
 32%|███▏      | 221/693 [00:52<01:43,  4.54it/s]
 32%|███▏      | 222/693 [00:52<01:45,  4.45it/s]
 32%|███▏      | 223/693 [00:52<01:47,  4.37it/s]
 32%|███▏      | 224/693 [00:53<01:47,  4.36it/s]
 32%|███▏      | 225/693 [00:53<01:46,  4.40it/s]
 33%|███▎      | 226/693 [00:53<01:46,  4.38it/s]
 33%|███▎      | 227/693 [00:53<01:47,  4.35it/s]
 33%|███▎      | 228/693 [00:54<01:46,  4.35it/s]
 33%|███▎      | 229/693 [00:54<01:38,  4.73it/s]
 33%|███▎      | 230/693 [00:54<01:25,  5.39it/s]
 33%|███▎      | 231/693 [00:54<01:21,  5.66it/s]
 33%|███▎      | 232/693 [00:54<01:28,  5.18it/s]
 34%|███▎      | 233/693 [00:55<01:34,  4.87it/s]
 34%|███▍      | 234/693 [00:55<01:37,  4.70it/s]
 34%|███▍      | 235/693 [00:55<01:40,  4.55it/s]
 34%|███▍      | 236/693 [00:55<01:41,  4.49it/s]
 34%|███▍      | 237/693 [00:55<01:43,  4.41it/s]
 34%|███▍      | 238/693 [00:56<01:40,  4.55it/s]
 34%|███▍      | 239/693 [00:56<01:41,  4.46it/s]
 35%|███▍      | 240/693 [00:56<01:42,  4.43it/s]
 35%|███▍      | 241/693 [00:56<01:43,  4.38it/s]
 35%|███▍      | 242/693 [00:57<01:39,  4.52it/s]
 35%|███▌      | 243/693 [00:57<01:25,  5.24it/s]
 35%|███▌      | 244/693 [00:57<01:18,  5.75it/s]
 35%|███▌      | 245/693 [00:57<01:22,  5.41it/s]
 35%|███▌      | 246/693 [00:57<01:29,  5.00it/s]
 36%|███▌      | 247/693 [00:58<01:33,  4.77it/s]
 36%|███▌      | 248/693 [00:58<01:36,  4.63it/s]
 36%|███▌      | 249/693 [00:58<01:38,  4.49it/s]
 36%|███▌      | 250/693 [00:58<01:39,  4.44it/s]
 36%|███▌      | 251/693 [00:58<01:37,  4.54it/s]
 36%|███▋      | 252/693 [00:59<01:36,  4.56it/s]
 37%|███▋      | 253/693 [00:59<01:39,  4.44it/s]
 37%|███▋      | 254/693 [00:59<01:39,  4.41it/s]
 37%|███▋      | 255/693 [00:59<01:40,  4.37it/s]
 37%|███▋      | 256/693 [01:00<01:28,  4.92it/s]
 37%|███▋      | 257/693 [01:00<01:18,  5.57it/s]
 37%|███▋      | 258/693 [01:00<01:19,  5.44it/s]
 37%|███▋      | 259/693 [01:00<01:26,  5.00it/s]
 38%|███▊      | 260/693 [01:00<01:30,  4.78it/s]
 38%|███▊      | 261/693 [01:01<01:34,  4.58it/s]
 38%|███▊      | 262/693 [01:01<01:56,  3.69it/s]
 38%|███▊      | 263/693 [01:01<01:50,  3.89it/s]
 38%|███▊      | 264/693 [01:01<01:47,  3.99it/s]
 38%|███▊      | 265/693 [01:02<01:45,  4.05it/s]
 38%|███▊      | 266/693 [01:02<01:43,  4.11it/s]
 39%|███▊      | 267/693 [01:02<01:39,  4.29it/s]
 39%|███▊      | 268/693 [01:02<01:27,  4.87it/s]
 39%|███▉      | 269/693 [01:02<01:19,  5.36it/s]
 39%|███▉      | 270/693 [01:03<01:25,  4.97it/s]
 39%|███▉      | 271/693 [01:03<01:29,  4.70it/s]
 39%|███▉      | 272/693 [01:03<01:32,  4.55it/s]
 39%|███▉      | 273/693 [01:03<01:34,  4.44it/s]
 40%|███▉      | 274/693 [01:04<01:35,  4.37it/s]
 40%|███▉      | 275/693 [01:04<01:36,  4.33it/s]
 40%|███▉      | 276/693 [01:04<01:33,  4.46it/s]
 40%|███▉      | 277/693 [01:04<01:35,  4.37it/s]
 40%|████      | 278/693 [01:04<01:36,  4.32it/s]
 40%|████      | 279/693 [01:05<01:35,  4.32it/s]
 40%|████      | 280/693 [01:05<01:31,  4.51it/s]
 41%|████      | 281/693 [01:05<01:19,  5.18it/s]
 41%|████      | 282/693 [01:05<01:15,  5.42it/s]
 41%|████      | 283/693 [01:05<01:22,  5.00it/s]
 41%|████      | 284/693 [01:06<01:26,  4.75it/s]
 41%|████      | 285/693 [01:06<01:30,  4.51it/s]
 41%|████▏     | 286/693 [01:06<01:33,  4.37it/s]
 41%|████▏     | 287/693 [01:06<01:34,  4.29it/s]
 42%|████▏     | 288/693 [01:07<01:35,  4.25it/s]
 42%|████▏     | 289/693 [01:07<01:32,  4.37it/s]
 42%|████▏     | 290/693 [01:07<01:33,  4.33it/s]
 42%|████▏     | 291/693 [01:07<01:33,  4.32it/s]
 42%|████▏     | 292/693 [01:08<01:32,  4.32it/s]
 42%|████▏     | 293/693 [01:08<01:24,  4.72it/s]
 42%|████▏     | 294/693 [01:08<01:16,  5.24it/s]
 43%|████▎     | 295/693 [01:08<01:18,  5.04it/s]
 43%|████▎     | 296/693 [01:08<01:23,  4.77it/s]
 43%|████▎     | 297/693 [01:09<01:26,  4.58it/s]
 43%|████▎     | 298/693 [01:09<01:28,  4.48it/s]
 43%|████▎     | 299/693 [01:09<01:29,  4.40it/s]
 43%|████▎     | 300/693 [01:09<01:30,  4.35it/s]
 43%|████▎     | 301/693 [01:09<01:29,  4.36it/s]
 44%|████▎     | 302/693 [01:10<01:30,  4.33it/s]
 44%|████▎     | 303/693 [01:10<01:30,  4.32it/s]
 44%|████▍     | 304/693 [01:10<01:30,  4.30it/s]
 44%|████▍     | 305/693 [01:10<01:27,  4.45it/s]
 44%|████▍     | 306/693 [01:11<01:17,  5.01it/s]
 44%|████▍     | 307/693 [01:11<01:10,  5.49it/s]
 44%|████▍     | 308/693 [01:11<01:16,  5.03it/s]
 45%|████▍     | 309/693 [01:11<01:20,  4.76it/s]
 45%|████▍     | 310/693 [01:11<01:23,  4.60it/s]
 45%|████▍     | 311/693 [01:12<01:25,  4.48it/s]
 45%|████▌     | 312/693 [01:12<01:26,  4.41it/s]
 45%|████▌     | 313/693 [01:12<01:27,  4.36it/s]
 45%|████▌     | 314/693 [01:12<01:24,  4.46it/s]
 45%|████▌     | 315/693 [01:13<01:25,  4.40it/s]
 46%|████▌     | 316/693 [01:13<01:26,  4.36it/s]
 46%|████▌     | 317/693 [01:13<01:26,  4.33it/s]
 46%|████▌     | 318/693 [01:13<01:23,  4.50it/s]
 46%|████▌     | 319/693 [01:13<01:12,  5.13it/s]
 46%|████▌     | 320/693 [01:14<01:09,  5.35it/s]
 46%|████▋     | 321/693 [01:14<01:14,  4.96it/s]
 46%|████▋     | 322/693 [01:14<01:18,  4.71it/s]
 47%|████▋     | 323/693 [01:14<01:21,  4.54it/s]
 47%|████▋     | 324/693 [01:14<01:23,  4.44it/s]
 47%|████▋     | 325/693 [01:15<01:24,  4.37it/s]
 47%|████▋     | 326/693 [01:15<01:24,  4.33it/s]
 47%|████▋     | 327/693 [01:15<01:24,  4.36it/s]
 47%|████▋     | 328/693 [01:15<01:24,  4.33it/s]
 47%|████▋     | 329/693 [01:16<01:24,  4.32it/s]
 48%|████▊     | 330/693 [01:16<01:24,  4.30it/s]
 48%|████▊     | 331/693 [01:16<01:17,  4.68it/s]
 48%|████▊     | 332/693 [01:16<01:08,  5.24it/s]
 48%|████▊     | 333/693 [01:16<01:10,  5.09it/s]
 48%|████▊     | 334/693 [01:17<01:14,  4.81it/s]
 48%|████▊     | 335/693 [01:17<01:17,  4.61it/s]
 48%|████▊     | 336/693 [01:17<01:18,  4.53it/s]
 49%|████▊     | 337/693 [01:17<01:20,  4.42it/s]
 49%|████▉     | 338/693 [01:18<01:20,  4.39it/s]
 49%|████▉     | 339/693 [01:18<01:18,  4.50it/s]
 49%|████▉     | 340/693 [01:18<01:17,  4.55it/s]
 49%|████▉     | 341/693 [01:18<01:19,  4.44it/s]
 49%|████▉     | 342/693 [01:18<01:19,  4.42it/s]
 49%|████▉     | 343/693 [01:19<01:20,  4.37it/s]
 50%|████▉     | 344/693 [01:19<01:10,  4.94it/s]
 50%|████▉     | 345/693 [01:19<01:02,  5.58it/s]
 50%|████▉     | 346/693 [01:19<01:03,  5.44it/s]
 50%|█████     | 347/693 [01:19<01:09,  5.00it/s]
 50%|█████     | 348/693 [01:20<01:12,  4.78it/s]
 50%|█████     | 349/693 [01:20<01:15,  4.58it/s]
 51%|█████     | 350/693 [01:20<01:16,  4.51it/s]
 51%|█████     | 351/693 [01:20<01:17,  4.41it/s]
 51%|█████     | 352/693 [01:21<01:17,  4.37it/s]
 51%|█████     | 353/693 [01:21<01:13,  4.60it/s]
 51%|█████     | 354/693 [01:21<01:14,  4.53it/s]
 51%|█████     | 355/693 [01:21<01:16,  4.44it/s]
 51%|█████▏    | 356/693 [01:21<01:16,  4.41it/s]
 52%|█████▏    | 357/693 [01:22<01:09,  4.84it/s]
 52%|█████▏    | 358/693 [01:22<01:01,  5.46it/s]
 52%|█████▏    | 359/693 [01:22<00:56,  5.92it/s]
 52%|█████▏    | 360/693 [01:22<01:02,  5.34it/s]
 52%|█████▏    | 361/693 [01:22<01:07,  4.94it/s]
 52%|█████▏    | 362/693 [01:23<01:09,  4.74it/s]
 52%|█████▏    | 363/693 [01:23<01:12,  4.57it/s]
 53%|█████▎    | 364/693 [01:23<01:13,  4.50it/s]
 53%|█████▎    | 365/693 [01:23<01:14,  4.41it/s]
 53%|█████▎    | 366/693 [01:23<01:13,  4.47it/s]
 53%|█████▎    | 367/693 [01:24<01:14,  4.40it/s]
 53%|█████▎    | 368/693 [01:24<01:14,  4.39it/s]
 53%|█████▎    | 369/693 [01:24<01:14,  4.35it/s]
 53%|█████▎    | 370/693 [01:24<01:11,  4.49it/s]
 54%|█████▎    | 371/693 [01:24<01:01,  5.20it/s]
 54%|█████▎    | 372/693 [01:25<00:55,  5.74it/s]
 54%|█████▍    | 373/693 [01:25<00:59,  5.42it/s]
 54%|█████▍    | 374/693 [01:25<01:03,  5.04it/s]
 54%|█████▍    | 375/693 [01:25<01:06,  4.76it/s]
 54%|█████▍    | 376/693 [01:26<01:08,  4.61it/s]
 54%|█████▍    | 377/693 [01:26<01:10,  4.49it/s]
 55%|█████▍    | 378/693 [01:26<01:10,  4.44it/s]
 55%|█████▍    | 379/693 [01:26<01:10,  4.48it/s]
 55%|█████▍    | 380/693 [01:26<01:08,  4.59it/s]
 55%|█████▍    | 381/693 [01:27<01:10,  4.45it/s]
 55%|█████▌    | 382/693 [01:27<01:10,  4.43it/s]
 55%|█████▌    | 383/693 [01:27<01:10,  4.38it/s]
 55%|█████▌    | 384/693 [01:27<01:03,  4.88it/s]
 56%|█████▌    | 385/693 [01:27<00:55,  5.53it/s]
 56%|█████▌    | 386/693 [01:28<00:56,  5.40it/s]
 56%|█████▌    | 387/693 [01:28<01:01,  4.98it/s]
 56%|█████▌    | 388/693 [01:28<01:03,  4.77it/s]
 56%|█████▌    | 389/693 [01:28<01:06,  4.56it/s]
 56%|█████▋    | 390/693 [01:29<01:07,  4.49it/s]
 56%|█████▋    | 391/693 [01:29<01:08,  4.40it/s]
 57%|█████▋    | 392/693 [01:29<01:09,  4.36it/s]
 57%|█████▋    | 393/693 [01:29<01:06,  4.51it/s]
 57%|█████▋    | 394/693 [01:29<01:07,  4.45it/s]
 57%|█████▋    | 395/693 [01:30<01:07,  4.39it/s]
 57%|█████▋    | 396/693 [01:30<01:07,  4.38it/s]
 57%|█████▋    | 397/693 [01:30<01:00,  4.88it/s]
 57%|█████▋    | 398/693 [01:30<00:54,  5.45it/s]
 58%|█████▊    | 399/693 [01:30<00:54,  5.35it/s]
 58%|█████▊    | 400/693 [01:31<00:58,  4.99it/s]
 58%|█████▊    | 401/693 [01:31<01:01,  4.73it/s]
 58%|█████▊    | 402/693 [01:31<01:03,  4.60it/s]
 58%|█████▊    | 403/693 [01:31<01:04,  4.48it/s]
 58%|█████▊    | 404/693 [01:32<01:05,  4.44it/s]
 58%|█████▊    | 405/693 [01:32<01:05,  4.41it/s]
 59%|█████▊    | 406/693 [01:32<01:02,  4.60it/s]
 59%|█████▊    | 407/693 [01:32<01:03,  4.48it/s]
 59%|█████▉    | 408/693 [01:32<01:04,  4.44it/s]
 59%|█████▉    | 409/693 [01:33<01:04,  4.37it/s]
 59%|█████▉    | 410/693 [01:33<00:58,  4.85it/s]
 59%|█████▉    | 411/693 [01:33<00:51,  5.52it/s]
 59%|█████▉    | 412/693 [01:33<00:46,  6.02it/s]
 60%|█████▉    | 413/693 [01:33<00:50,  5.59it/s]
 60%|█████▉    | 414/693 [01:34<00:54,  5.09it/s]
 60%|█████▉    | 415/693 [01:34<00:58,  4.79it/s]
 60%|██████    | 416/693 [01:34<01:00,  4.59it/s]
 60%|██████    | 417/693 [01:34<01:01,  4.47it/s]
 60%|██████    | 418/693 [01:34<01:02,  4.40it/s]
 60%|██████    | 419/693 [01:35<01:02,  4.35it/s]
 61%|██████    | 420/693 [01:35<01:03,  4.32it/s]
 61%|██████    | 421/693 [01:35<01:03,  4.29it/s]
 61%|██████    | 422/693 [01:35<01:03,  4.29it/s]
 61%|██████    | 423/693 [01:36<01:00,  4.46it/s]
 61%|██████    | 424/693 [01:36<00:52,  5.09it/s]
 61%|██████▏   | 425/693 [01:36<00:46,  5.71it/s]
 61%|██████▏   | 426/693 [01:36<00:51,  5.20it/s]
 62%|██████▏   | 427/693 [01:36<00:54,  4.86it/s]
 62%|██████▏   | 428/693 [01:37<00:56,  4.66it/s]
 62%|██████▏   | 429/693 [01:37<00:58,  4.53it/s]
 62%|██████▏   | 430/693 [01:37<00:58,  4.47it/s]
 62%|██████▏   | 431/693 [01:37<00:59,  4.39it/s]
 62%|██████▏   | 432/693 [01:38<00:59,  4.40it/s]
 62%|██████▏   | 433/693 [01:38<00:59,  4.35it/s]
 63%|██████▎   | 434/693 [01:38<01:00,  4.31it/s]
 63%|██████▎   | 435/693 [01:38<00:59,  4.30it/s]
 63%|██████▎   | 436/693 [01:38<00:57,  4.46it/s]
 63%|██████▎   | 437/693 [01:39<00:49,  5.16it/s]
 63%|██████▎   | 438/693 [01:39<00:47,  5.34it/s]
 63%|██████▎   | 439/693 [01:39<00:51,  4.94it/s]
 63%|██████▎   | 440/693 [01:39<00:53,  4.74it/s]
 64%|██████▎   | 441/693 [01:39<00:55,  4.51it/s]
 64%|██████▍   | 442/693 [01:40<00:56,  4.43it/s]
 64%|██████▍   | 443/693 [01:40<00:57,  4.36it/s]
 64%|██████▍   | 444/693 [01:40<00:57,  4.33it/s]
 64%|██████▍   | 445/693 [01:40<00:56,  4.35it/s]
 64%|██████▍   | 446/693 [01:41<00:57,  4.33it/s]
 65%|██████▍   | 447/693 [01:41<00:56,  4.32it/s]
 65%|██████▍   | 448/693 [01:41<00:56,  4.33it/s]
 65%|██████▍   | 449/693 [01:41<00:51,  4.77it/s]
 65%|██████▍   | 450/693 [01:41<00:47,  5.15it/s]
 65%|██████▌   | 451/693 [01:42<00:49,  4.85it/s]
 65%|██████▌   | 452/693 [01:42<00:51,  4.69it/s]
 65%|██████▌   | 453/693 [01:42<00:53,  4.52it/s]
 66%|██████▌   | 454/693 [01:42<00:53,  4.47it/s]
 66%|██████▌   | 455/693 [01:43<00:54,  4.38it/s]
 66%|██████▌   | 456/693 [01:43<00:54,  4.36it/s]
 66%|██████▌   | 457/693 [01:43<00:53,  4.40it/s]
 66%|██████▌   | 458/693 [01:43<00:53,  4.38it/s]
 66%|██████▌   | 459/693 [01:43<00:53,  4.35it/s]
 66%|██████▋   | 460/693 [01:44<00:53,  4.35it/s]
 67%|██████▋   | 461/693 [01:44<00:51,  4.47it/s]
 67%|██████▋   | 462/693 [01:44<00:45,  5.11it/s]
 67%|██████▋   | 463/693 [01:44<00:40,  5.74it/s]
 67%|██████▋   | 464/693 [01:44<00:42,  5.43it/s]
 67%|██████▋   | 465/693 [01:45<00:45,  4.98it/s]
 67%|██████▋   | 466/693 [01:45<00:47,  4.77it/s]
 67%|██████▋   | 467/693 [01:45<00:49,  4.58it/s]
 68%|██████▊   | 468/693 [01:45<00:49,  4.51it/s]
 68%|██████▊   | 469/693 [01:46<00:50,  4.43it/s]
 68%|██████▊   | 470/693 [01:46<00:49,  4.48it/s]
 68%|██████▊   | 471/693 [01:46<00:48,  4.56it/s]
 68%|██████▊   | 472/693 [01:46<00:49,  4.49it/s]
 68%|██████▊   | 473/693 [01:46<00:49,  4.42it/s]
 68%|██████▊   | 474/693 [01:47<00:49,  4.40it/s]
 69%|██████▊   | 475/693 [01:47<00:44,  4.91it/s]
 69%|██████▊   | 476/693 [01:47<00:39,  5.52it/s]
 69%|██████▉   | 477/693 [01:47<00:40,  5.38it/s]
 69%|██████▉   | 478/693 [01:47<00:42,  5.02it/s]
 69%|██████▉   | 479/693 [01:48<00:45,  4.74it/s]
 69%|██████▉   | 480/693 [01:48<00:46,  4.58it/s]
 69%|██████▉   | 481/693 [01:48<00:47,  4.46it/s]
 70%|██████▉   | 482/693 [01:48<00:47,  4.42it/s]
 70%|██████▉   | 483/693 [01:49<00:47,  4.46it/s]
 70%|██████▉   | 484/693 [01:49<00:45,  4.59it/s]
 70%|██████▉   | 485/693 [01:49<00:46,  4.45it/s]
 70%|███████   | 486/693 [01:49<00:46,  4.42it/s]
 70%|███████   | 487/693 [01:49<00:47,  4.36it/s]
 70%|███████   | 488/693 [01:50<00:42,  4.87it/s]
 71%|███████   | 489/693 [01:50<00:36,  5.54it/s]
 71%|███████   | 490/693 [01:50<00:34,  5.89it/s]
 71%|███████   | 491/693 [01:50<00:38,  5.27it/s]
 71%|███████   | 492/693 [01:50<00:40,  4.95it/s]
 71%|███████   | 493/693 [01:51<00:42,  4.70it/s]
 71%|███████▏  | 494/693 [01:51<00:43,  4.59it/s]
 71%|███████▏  | 495/693 [01:51<00:44,  4.46it/s]
 72%|███████▏  | 496/693 [01:51<00:44,  4.42it/s]
 72%|███████▏  | 497/693 [01:51<00:43,  4.53it/s]
 72%|███████▏  | 498/693 [01:52<00:43,  4.46it/s]
 72%|███████▏  | 499/693 [01:52<00:43,  4.41it/s]
 72%|███████▏  | 500/693 [01:52<00:43,  4.39it/s]
 72%|███████▏  | 501/693 [01:52<00:42,  4.50it/s]
 72%|███████▏  | 502/693 [01:53<00:37,  5.15it/s]
 73%|███████▎  | 503/693 [01:53<00:33,  5.75it/s]
 73%|███████▎  | 504/693 [01:53<00:34,  5.48it/s]
 73%|███████▎  | 505/693 [01:53<00:37,  5.03it/s]
 73%|███████▎  | 506/693 [01:53<00:38,  4.80it/s]
 73%|███████▎  | 507/693 [01:54<00:40,  4.60it/s]
 73%|███████▎  | 508/693 [01:54<00:40,  4.51it/s]
 73%|███████▎  | 509/693 [01:54<00:41,  4.42it/s]
 74%|███████▎  | 510/693 [01:54<00:41,  4.39it/s]
 74%|███████▎  | 511/693 [01:54<00:39,  4.56it/s]
 74%|███████▍  | 512/693 [01:55<00:40,  4.50it/s]
 74%|███████▍  | 513/693 [01:55<00:40,  4.42it/s]
 74%|███████▍  | 514/693 [01:55<00:40,  4.40it/s]
 74%|███████▍  | 515/693 [01:55<00:35,  5.02it/s]
 74%|███████▍  | 516/693 [01:55<00:35,  5.03it/s]
 75%|███████▍  | 517/693 [01:56<00:36,  4.76it/s]
 75%|███████▍  | 518/693 [01:56<00:38,  4.59it/s]
 75%|███████▍  | 519/693 [01:56<00:37,  4.61it/s]
 75%|███████▌  | 520/693 [01:56<00:32,  5.35it/s]
 75%|███████▌  | 521/693 [01:56<00:28,  6.00it/s]
 75%|███████▌  | 522/693 [01:57<00:26,  6.41it/s]
 75%|███████▌  | 523/693 [01:57<00:24,  6.88it/s]
 76%|███████▌  | 524/693 [01:57<00:24,  6.84it/s]
 76%|███████▌  | 525/693 [01:57<00:23,  7.22it/s]
 76%|███████▌  | 526/693 [01:57<00:22,  7.35it/s]
 76%|███████▌  | 527/693 [01:57<00:21,  7.62it/s]
 76%|███████▌  | 528/693 [01:57<00:22,  7.36it/s]
 76%|███████▋  | 529/693 [01:57<00:21,  7.76it/s]
 76%|███████▋  | 530/693 [01:58<00:20,  7.97it/s]
 77%|███████▋  | 531/693 [01:58<00:20,  8.10it/s]
 77%|███████▋  | 532/693 [01:58<00:19,  8.20it/s]
 77%|███████▋  | 533/693 [02:00<01:46,  1.51it/s]
 77%|███████▋  | 534/693 [02:00<01:19,  1.99it/s]
 77%|███████▋  | 535/693 [02:00<01:01,  2.59it/s]
 77%|███████▋  | 536/693 [02:00<00:48,  3.27it/s]
 77%|███████▋  | 537/693 [02:00<00:38,  4.04it/s]
 78%|███████▊  | 538/693 [02:00<00:32,  4.76it/s]
 78%|███████▊  | 539/693 [02:00<00:27,  5.60it/s]
 78%|███████▊  | 540/693 [02:01<00:24,  6.23it/s]
 78%|███████▊  | 541/693 [02:01<00:22,  6.80it/s]
 78%|███████▊  | 542/693 [02:01<00:20,  7.25it/s]
 78%|███████▊  | 543/693 [02:01<00:19,  7.66it/s]
 78%|███████▊  | 544/693 [02:01<00:18,  7.95it/s]
 79%|███████▊  | 545/693 [02:01<00:18,  8.09it/s]
 79%|███████▉  | 546/693 [02:01<00:17,  8.30it/s]
 79%|███████▉  | 547/693 [02:01<00:17,  8.58it/s]
 79%|███████▉  | 548/693 [02:01<00:17,  8.12it/s]
 79%|███████▉  | 549/693 [02:02<00:24,  5.82it/s]
 79%|███████▉  | 550/693 [02:02<00:22,  6.34it/s]
 80%|███████▉  | 551/693 [02:02<00:20,  6.90it/s]
 80%|███████▉  | 552/693 [02:03<00:44,  3.15it/s]
 80%|███████▉  | 553/693 [02:03<00:36,  3.87it/s]
 80%|███████▉  | 554/693 [02:03<00:30,  4.59it/s]
 80%|████████  | 555/693 [02:03<00:25,  5.40it/s]
 80%|████████  | 556/693 [02:03<00:22,  6.01it/s]
 80%|████████  | 557/693 [02:03<00:20,  6.63it/s]
 81%|████████  | 558/693 [02:03<00:18,  7.12it/s]
 81%|████████  | 559/693 [02:04<00:17,  7.63it/s]
 81%|████████  | 560/693 [02:04<00:26,  4.98it/s]
 81%|████████  | 561/693 [02:04<00:27,  4.75it/s]
 81%|████████  | 562/693 [02:04<00:28,  4.63it/s]
 81%|████████  | 563/693 [02:04<00:25,  5.19it/s]
 81%|████████▏ | 564/693 [02:05<00:22,  5.78it/s]
 82%|████████▏ | 565/693 [02:05<00:20,  6.32it/s]
 82%|████████▏ | 566/693 [02:05<00:21,  5.83it/s]
 82%|████████▏ | 567/693 [02:05<00:24,  5.22it/s]
 82%|████████▏ | 568/693 [02:05<00:25,  4.91it/s]
 82%|████████▏ | 569/693 [02:06<00:26,  4.68it/s]
 82%|████████▏ | 570/693 [02:06<00:26,  4.56it/s]
 82%|████████▏ | 571/693 [02:06<00:27,  4.46it/s]
 83%|████████▎ | 572/693 [02:06<00:27,  4.48it/s]
 83%|████████▎ | 573/693 [02:07<00:26,  4.58it/s]
 83%|████████▎ | 574/693 [02:07<00:26,  4.45it/s]
 83%|████████▎ | 575/693 [02:07<00:26,  4.43it/s]
 83%|████████▎ | 576/693 [02:07<00:26,  4.40it/s]
 83%|████████▎ | 577/693 [02:07<00:23,  4.90it/s]
 83%|████████▎ | 578/693 [02:08<00:20,  5.48it/s]
 84%|████████▎ | 579/693 [02:08<00:19,  5.86it/s]
 84%|████████▎ | 580/693 [02:08<00:21,  5.33it/s]
 84%|████████▍ | 581/693 [02:08<00:22,  4.92it/s]
 84%|████████▍ | 582/693 [02:08<00:23,  4.73it/s]
 84%|████████▍ | 583/693 [02:09<00:24,  4.56it/s]
 84%|████████▍ | 584/693 [02:09<00:24,  4.49it/s]
 84%|████████▍ | 585/693 [02:09<00:24,  4.41it/s]
 85%|████████▍ | 586/693 [02:09<00:24,  4.46it/s]
 85%|████████▍ | 587/693 [02:10<00:23,  4.42it/s]
 85%|████████▍ | 588/693 [02:10<00:24,  4.37it/s]
 85%|████████▍ | 589/693 [02:10<00:23,  4.34it/s]
 85%|████████▌ | 590/693 [02:10<00:27,  3.77it/s]
 85%|████████▌ | 591/693 [02:11<00:26,  3.89it/s]
 85%|████████▌ | 592/693 [02:11<00:25,  3.99it/s]
 86%|████████▌ | 593/693 [02:11<00:24,  4.06it/s]
 86%|████████▌ | 594/693 [02:11<00:24,  4.12it/s]
 86%|████████▌ | 595/693 [02:12<00:23,  4.14it/s]
 86%|████████▌ | 596/693 [02:12<00:23,  4.17it/s]
 86%|████████▌ | 597/693 [02:12<00:22,  4.30it/s]
 86%|████████▋ | 598/693 [02:12<00:22,  4.27it/s]
 86%|████████▋ | 599/693 [02:12<00:22,  4.25it/s]
 87%|████████▋ | 600/693 [02:13<00:21,  4.25it/s]
 87%|████████▋ | 601/693 [02:13<00:19,  4.71it/s]
 87%|████████▋ | 602/693 [02:13<00:17,  5.24it/s]
 87%|████████▋ | 603/693 [02:13<00:17,  5.06it/s]
 87%|████████▋ | 604/693 [02:13<00:18,  4.78it/s]
 87%|████████▋ | 605/693 [02:14<00:19,  4.59it/s]
 87%|████████▋ | 606/693 [02:14<00:19,  4.48it/s]
 88%|████████▊ | 607/693 [02:14<00:19,  4.40it/s]
 88%|████████▊ | 608/693 [02:14<00:19,  4.35it/s]
 88%|████████▊ | 609/693 [02:15<00:18,  4.49it/s]
 88%|████████▊ | 610/693 [02:15<00:18,  4.47it/s]
 88%|████████▊ | 611/693 [02:15<00:18,  4.41it/s]
 88%|████████▊ | 612/693 [02:15<00:18,  4.36it/s]
 88%|████████▊ | 613/693 [02:16<00:18,  4.33it/s]
 89%|████████▊ | 614/693 [02:16<00:16,  4.86it/s]
 89%|████████▊ | 615/693 [02:16<00:14,  5.45it/s]
 89%|████████▉ | 616/693 [02:16<00:14,  5.19it/s]
 89%|████████▉ | 617/693 [02:16<00:15,  4.86it/s]
 89%|████████▉ | 618/693 [02:16<00:16,  4.65it/s]
 89%|████████▉ | 619/693 [02:17<00:16,  4.51it/s]
 89%|████████▉ | 620/693 [02:17<00:16,  4.43it/s]
 90%|████████▉ | 621/693 [02:17<00:16,  4.36it/s]
 90%|████████▉ | 622/693 [02:17<00:15,  4.50it/s]
 90%|████████▉ | 623/693 [02:18<00:15,  4.45it/s]
 90%|█████████ | 624/693 [02:18<00:15,  4.39it/s]
 90%|█████████ | 625/693 [02:18<00:15,  4.36it/s]
 90%|█████████ | 626/693 [02:18<00:15,  4.36it/s]
 90%|█████████ | 627/693 [02:18<00:13,  5.02it/s]
 91%|█████████ | 628/693 [02:19<00:11,  5.47it/s]
 91%|█████████ | 629/693 [02:19<00:12,  5.04it/s]
 91%|█████████ | 630/693 [02:19<00:13,  4.77it/s]
 91%|█████████ | 631/693 [02:19<00:13,  4.58it/s]
 91%|█████████ | 632/693 [02:20<00:13,  4.47it/s]
 91%|█████████▏| 633/693 [02:20<00:13,  4.40it/s]
 91%|█████████▏| 634/693 [02:20<00:13,  4.36it/s]
 92%|█████████▏| 635/693 [02:20<00:12,  4.49it/s]
 92%|█████████▏| 636/693 [02:20<00:12,  4.41it/s]
 92%|█████████▏| 637/693 [02:21<00:12,  4.35it/s]
 92%|█████████▏| 638/693 [02:21<00:12,  4.31it/s]
 92%|█████████▏| 639/693 [02:21<00:11,  4.53it/s]
 92%|█████████▏| 640/693 [02:21<00:10,  4.99it/s]
 92%|█████████▏| 641/693 [02:21<00:10,  4.95it/s]
 93%|█████████▎| 642/693 [02:22<00:10,  4.71it/s]
 93%|█████████▎| 643/693 [02:22<00:11,  4.54it/s]
 93%|█████████▎| 644/693 [02:22<00:11,  4.44it/s]
 93%|█████████▎| 645/693 [02:22<00:10,  4.39it/s]
 93%|█████████▎| 646/693 [02:23<00:10,  4.35it/s]
 93%|█████████▎| 647/693 [02:23<00:10,  4.44it/s]
 94%|█████████▎| 648/693 [02:23<00:10,  4.48it/s]
 94%|█████████▎| 649/693 [02:23<00:10,  4.38it/s]
 94%|█████████▍| 650/693 [02:24<00:09,  4.35it/s]
 94%|█████████▍| 651/693 [02:24<00:09,  4.32it/s]
 94%|█████████▍| 652/693 [02:24<00:08,  4.88it/s]
 94%|█████████▍| 653/693 [02:24<00:07,  5.45it/s]
 94%|█████████▍| 654/693 [02:24<00:07,  5.35it/s]
 95%|█████████▍| 655/693 [02:25<00:07,  4.97it/s]
 95%|█████████▍| 656/693 [02:25<00:07,  4.76it/s]
 95%|█████████▍| 657/693 [02:25<00:07,  4.57it/s]
 95%|█████████▍| 658/693 [02:25<00:07,  4.50it/s]
 95%|█████████▌| 659/693 [02:25<00:07,  4.42it/s]
 95%|█████████▌| 660/693 [02:26<00:07,  4.39it/s]
 95%|█████████▌| 661/693 [02:26<00:06,  4.59it/s]
 96%|█████████▌| 662/693 [02:26<00:06,  4.50it/s]
 96%|█████████▌| 663/693 [02:26<00:06,  4.45it/s]
 96%|█████████▌| 664/693 [02:27<00:06,  4.41it/s]
 96%|█████████▌| 665/693 [02:27<00:05,  4.75it/s]
 96%|█████████▌| 666/693 [02:27<00:05,  5.39it/s]
 96%|█████████▌| 667/693 [02:27<00:04,  5.91it/s]
 96%|█████████▋| 668/693 [02:27<00:04,  5.36it/s]
 97%|█████████▋| 669/693 [02:27<00:04,  4.95it/s]
 97%|█████████▋| 670/693 [02:28<00:04,  4.74it/s]
 97%|█████████▋| 671/693 [02:28<00:04,  4.57it/s]
 97%|█████████▋| 672/693 [02:28<00:04,  4.49it/s]
 97%|█████████▋| 673/693 [02:28<00:04,  4.40it/s]
 97%|█████████▋| 674/693 [02:29<00:04,  4.45it/s]
 97%|█████████▋| 675/693 [02:29<00:04,  4.39it/s]
 98%|█████████▊| 676/693 [02:29<00:03,  4.39it/s]
 98%|█████████▊| 677/693 [02:29<00:03,  4.34it/s]
 98%|█████████▊| 678/693 [02:30<00:03,  4.42it/s]
 98%|█████████▊| 679/693 [02:30<00:02,  5.11it/s]
 98%|█████████▊| 680/693 [02:30<00:02,  5.71it/s]
 98%|█████████▊| 681/693 [02:30<00:02,  5.38it/s]
 98%|█████████▊| 682/693 [02:30<00:02,  5.05it/s]
 99%|█████████▊| 683/693 [02:30<00:02,  4.75it/s]
 99%|█████████▊| 684/693 [02:31<00:01,  4.59it/s]
 99%|█████████▉| 685/693 [02:31<00:01,  4.49it/s]
 99%|█████████▉| 686/693 [02:31<00:01,  4.44it/s]
 99%|█████████▉| 687/693 [02:31<00:01,  4.48it/s]
 99%|█████████▉| 688/693 [02:32<00:01,  4.58it/s]
 99%|█████████▉| 689/693 [02:32<00:00,  4.39it/s]
100%|█████████▉| 690/693 [02:32<00:00,  4.32it/s]
100%|█████████▉| 691/693 [02:32<00:00,  4.30it/s]
100%|█████████▉| 692/693 [02:32<00:00,  4.73it/s]
100%|██████████| 693/693 [02:33<00:00,  5.32it/s]
100%|██████████| 693/693 [02:33<00:00,  4.52it/s]
Training loss: 0.667866732866045, KL loss: 0.43701943284247347, Sim loss: 8.632584043142772e-05, Exo CLS loss: 0.5294434897666112, 
Noun sim loss: 0.11819786493482355, Part sim loss: 0.14908251068507783, Proto loss: 1.0036627847222883, Conc loss: 0.09930582334855934
learning rate:4.159464282269705e-05


  0%|          | 0/168 [00:00<?, ?it/s]
  1%|          | 1/168 [00:00<02:28,  1.12it/s]
  2%|▏         | 4/168 [00:01<00:33,  4.86it/s]
  4%|▎         | 6/168 [00:01<00:22,  7.10it/s]
  5%|▌         | 9/168 [00:01<00:18,  8.47it/s]
  7%|▋         | 12/168 [00:01<00:13, 11.72it/s]
  9%|▉         | 15/168 [00:01<00:10, 14.13it/s]
 10%|█         | 17/168 [00:02<00:17,  8.46it/s]
 12%|█▏        | 20/168 [00:02<00:13, 10.86it/s]
 14%|█▎        | 23/168 [00:02<00:11, 13.14it/s]
 15%|█▍        | 25/168 [00:02<00:13, 10.49it/s]
 16%|█▌        | 27/168 [00:02<00:13, 10.29it/s]
 18%|█▊        | 30/168 [00:03<00:10, 12.74it/s]
 20%|█▉        | 33/168 [00:03<00:08, 15.68it/s]
 22%|██▏       | 37/168 [00:03<00:06, 19.99it/s]
 24%|██▍       | 41/168 [00:03<00:05, 22.37it/s]
 26%|██▌       | 44/168 [00:03<00:05, 21.76it/s]
 28%|██▊       | 47/168 [00:03<00:05, 21.71it/s]
 30%|██▉       | 50/168 [00:03<00:05, 21.39it/s]
 32%|███▏      | 53/168 [00:04<00:05, 21.25it/s]
 33%|███▎      | 56/168 [00:04<00:05, 21.43it/s]
 35%|███▌      | 59/168 [00:04<00:05, 20.05it/s]
 37%|███▋      | 62/168 [00:04<00:05, 20.91it/s]
 39%|███▊      | 65/168 [00:04<00:04, 21.59it/s]
 40%|████      | 68/168 [00:04<00:04, 21.74it/s]
 42%|████▏     | 71/168 [00:04<00:04, 22.07it/s]
 44%|████▍     | 74/168 [00:04<00:04, 22.47it/s]
 46%|████▌     | 77/168 [00:05<00:04, 21.62it/s]
 48%|████▊     | 80/168 [00:05<00:04, 21.31it/s]
 49%|████▉     | 83/168 [00:05<00:04, 19.97it/s]
 52%|█████▏    | 87/168 [00:05<00:03, 24.03it/s]
 54%|█████▍    | 91/168 [00:05<00:02, 26.02it/s]
 56%|█████▌    | 94/168 [00:06<00:04, 16.73it/s]
 58%|█████▊    | 97/168 [00:06<00:03, 18.10it/s]
 60%|█████▉    | 100/168 [00:06<00:03, 19.34it/s]
 61%|██████▏   | 103/168 [00:06<00:03, 20.09it/s]
 63%|██████▎   | 106/168 [00:06<00:02, 20.94it/s]
 65%|██████▍   | 109/168 [00:06<00:02, 20.95it/s]
 67%|██████▋   | 112/168 [00:06<00:02, 21.44it/s]
 68%|██████▊   | 115/168 [00:06<00:02, 21.58it/s]
 70%|███████   | 118/168 [00:07<00:02, 22.76it/s]
 72%|███████▏  | 121/168 [00:07<00:02, 22.48it/s]
 74%|███████▍  | 124/168 [00:07<00:01, 22.11it/s]
 76%|███████▌  | 127/168 [00:07<00:01, 21.98it/s]
 77%|███████▋  | 130/168 [00:07<00:01, 21.99it/s]
 79%|███████▉  | 133/168 [00:07<00:01, 21.86it/s]
 82%|████████▏ | 137/168 [00:07<00:01, 23.82it/s]
 84%|████████▍ | 141/168 [00:08<00:00, 27.33it/s]
 86%|████████▌ | 144/168 [00:08<00:00, 27.37it/s]
 88%|████████▊ | 147/168 [00:08<00:00, 24.98it/s]
 89%|████████▉ | 150/168 [00:08<00:00, 23.22it/s]
 91%|█████████ | 153/168 [00:08<00:00, 22.49it/s]
 93%|█████████▎| 156/168 [00:08<00:00, 22.41it/s]
 95%|█████████▍| 159/168 [00:08<00:00, 21.69it/s]
 96%|█████████▋| 162/168 [00:09<00:00, 19.57it/s]
 98%|█████████▊| 165/168 [00:09<00:00, 20.57it/s]
100%|██████████| 168/168 [00:09<00:00, 21.97it/s]
100%|██████████| 168/168 [00:09<00:00, 17.87it/s]
Result on AGD: 
KLD=0.8864949345588684, SIM=0.5297449231147766, NSS=1.5618245601654053
noun sim: 0.11013860807621054, part sim: 0.14651279852149032
No KLD improvement for 4 epoch(s). Best KLD: 0.8719511032104492, Current KLD: 0.8864949345588684
============Training Epoch 11============

  0%|          | 0/693 [00:00<?, ?it/s]/mnt/sdb/wyn/envs/clip-env/lib/python3.10/site-packages/torch/_tensor.py:1002: UserWarning: non-inplace resize is deprecated
  warnings.warn("non-inplace resize is deprecated")
/mnt/sdb/wyn/envs/clip-env/lib/python3.10/site-packages/torch/_tensor.py:1002: UserWarning: non-inplace resize is deprecated
  warnings.warn("non-inplace resize is deprecated")
/mnt/sdb/wyn/envs/clip-env/lib/python3.10/site-packages/torch/_tensor.py:1002: UserWarning: non-inplace resize is deprecated
  warnings.warn("non-inplace resize is deprecated")
/mnt/sdb/wyn/envs/clip-env/lib/python3.10/site-packages/torch/_tensor.py:1002: UserWarning: non-inplace resize is deprecated
  warnings.warn("non-inplace resize is deprecated")
/mnt/sdb/wyn/envs/clip-env/lib/python3.10/site-packages/torch/_tensor.py:1002: UserWarning: non-inplace resize is deprecated
  warnings.warn("non-inplace resize is deprecated")
/mnt/sdb/wyn/envs/clip-env/lib/python3.10/site-packages/torch/_tensor.py:1002: UserWarning: non-inplace resize is deprecated
  warnings.warn("non-inplace resize is deprecated")
/mnt/sdb/wyn/envs/clip-env/lib/python3.10/site-packages/torch/_tensor.py:1002: UserWarning: non-inplace resize is deprecated
  warnings.warn("non-inplace resize is deprecated")
/mnt/sdb/wyn/envs/clip-env/lib/python3.10/site-packages/torch/_tensor.py:1002: UserWarning: non-inplace resize is deprecated
  warnings.warn("non-inplace resize is deprecated")

  0%|          | 1/693 [00:02<32:21,  2.81s/it]
  0%|          | 2/693 [00:03<14:56,  1.30s/it]
  0%|          | 3/693 [00:03<09:15,  1.24it/s]
  1%|          | 4/693 [00:03<06:33,  1.75it/s]
  1%|          | 5/693 [00:03<05:09,  2.22it/s]
  1%|          | 6/693 [00:03<04:20,  2.63it/s]
  1%|          | 7/693 [00:04<03:48,  3.00it/s]
  1%|          | 8/693 [00:04<03:10,  3.59it/s]
  1%|▏         | 9/693 [00:04<02:48,  4.07it/s]
  1%|▏         | 10/693 [00:04<02:46,  4.09it/s]
  2%|▏         | 11/693 [00:05<02:46,  4.11it/s]
  2%|▏         | 12/693 [00:05<02:45,  4.11it/s]
  2%|▏         | 13/693 [00:05<02:44,  4.12it/s]
  2%|▏         | 14/693 [00:05<02:44,  4.12it/s]
  2%|▏         | 15/693 [00:05<02:44,  4.13it/s]
  2%|▏         | 16/693 [00:06<02:38,  4.26it/s]
  2%|▏         | 17/693 [00:06<02:39,  4.24it/s]
  3%|▎         | 18/693 [00:06<02:40,  4.21it/s]
  3%|▎         | 19/693 [00:06<02:39,  4.22it/s]
  3%|▎         | 20/693 [00:07<02:25,  4.64it/s]
  3%|▎         | 21/693 [00:07<02:09,  5.20it/s]
  3%|▎         | 22/693 [00:07<02:18,  4.86it/s]
  3%|▎         | 23/693 [00:07<02:24,  4.63it/s]
  3%|▎         | 24/693 [00:07<02:29,  4.47it/s]
  4%|▎         | 25/693 [00:08<02:32,  4.37it/s]
  4%|▍         | 26/693 [00:08<02:34,  4.32it/s]
  4%|▍         | 27/693 [00:08<02:35,  4.29it/s]
  4%|▍         | 28/693 [00:08<02:33,  4.33it/s]
  4%|▍         | 29/693 [00:09<02:33,  4.31it/s]
  4%|▍         | 30/693 [00:09<02:34,  4.30it/s]
  4%|▍         | 31/693 [00:09<02:34,  4.29it/s]
  5%|▍         | 32/693 [00:09<02:22,  4.62it/s]
  5%|▍         | 33/693 [00:09<02:05,  5.26it/s]
  5%|▍         | 34/693 [00:10<02:07,  5.18it/s]
  5%|▌         | 35/693 [00:10<02:15,  4.85it/s]
  5%|▌         | 36/693 [00:10<02:21,  4.63it/s]
  5%|▌         | 37/693 [00:10<02:25,  4.50it/s]
  5%|▌         | 38/693 [00:11<02:28,  4.41it/s]
  6%|▌         | 39/693 [00:11<02:30,  4.36it/s]
  6%|▌         | 40/693 [00:11<02:26,  4.45it/s]
  6%|▌         | 41/693 [00:11<02:23,  4.54it/s]
  6%|▌         | 42/693 [00:11<02:26,  4.45it/s]
  6%|▌         | 43/693 [00:12<02:29,  4.36it/s]
  6%|▋         | 44/693 [00:12<02:30,  4.33it/s]
  6%|▋         | 45/693 [00:12<02:14,  4.81it/s]
  7%|▋         | 46/693 [00:12<02:00,  5.35it/s]
  7%|▋         | 47/693 [00:12<02:02,  5.26it/s]
  7%|▋         | 48/693 [00:13<02:10,  4.93it/s]
  7%|▋         | 49/693 [00:13<02:17,  4.69it/s]
  7%|▋         | 50/693 [00:13<02:20,  4.58it/s]
  7%|▋         | 51/693 [00:13<02:25,  4.43it/s]
  8%|▊         | 52/693 [00:14<02:26,  4.36it/s]
  8%|▊         | 53/693 [00:14<02:27,  4.33it/s]
  8%|▊         | 54/693 [00:14<02:28,  4.31it/s]
  8%|▊         | 55/693 [00:14<02:28,  4.29it/s]
  8%|▊         | 56/693 [00:15<02:29,  4.26it/s]
  8%|▊         | 57/693 [00:15<02:26,  4.33it/s]
  8%|▊         | 58/693 [00:15<02:08,  4.96it/s]
  9%|▊         | 59/693 [00:15<01:53,  5.57it/s]
  9%|▊         | 60/693 [00:15<01:57,  5.38it/s]
  9%|▉         | 61/693 [00:15<02:07,  4.98it/s]
  9%|▉         | 62/693 [00:16<02:13,  4.72it/s]
  9%|▉         | 63/693 [00:16<02:19,  4.53it/s]
  9%|▉         | 64/693 [00:16<02:21,  4.44it/s]
  9%|▉         | 65/693 [00:16<02:24,  4.36it/s]
 10%|▉         | 66/693 [00:17<02:23,  4.36it/s]
 10%|▉         | 67/693 [00:17<02:24,  4.32it/s]
 10%|▉         | 68/693 [00:17<02:25,  4.29it/s]
 10%|▉         | 69/693 [00:17<02:25,  4.27it/s]
 10%|█         | 70/693 [00:18<02:22,  4.37it/s]
 10%|█         | 71/693 [00:18<02:04,  5.01it/s]
 10%|█         | 72/693 [00:18<01:51,  5.59it/s]
 11%|█         | 73/693 [00:18<01:54,  5.42it/s]
 11%|█         | 74/693 [00:18<02:03,  4.99it/s]
 11%|█         | 75/693 [00:18<02:10,  4.73it/s]
 11%|█         | 76/693 [00:19<02:15,  4.56it/s]
 11%|█         | 77/693 [00:19<02:18,  4.45it/s]
 11%|█▏        | 78/693 [00:19<02:20,  4.38it/s]
 11%|█▏        | 79/693 [00:19<02:17,  4.45it/s]
 12%|█▏        | 80/693 [00:20<02:15,  4.52it/s]
 12%|█▏        | 81/693 [00:20<02:17,  4.44it/s]
 12%|█▏        | 82/693 [00:20<02:18,  4.42it/s]
 12%|█▏        | 83/693 [00:20<02:20,  4.35it/s]
 12%|█▏        | 84/693 [00:20<02:03,  4.91it/s]
 12%|█▏        | 85/693 [00:21<01:48,  5.59it/s]
 12%|█▏        | 86/693 [00:21<01:51,  5.45it/s]
 13%|█▎        | 87/693 [00:21<02:00,  5.03it/s]
 13%|█▎        | 88/693 [00:21<02:06,  4.80it/s]
 13%|█▎        | 89/693 [00:21<02:11,  4.60it/s]
 13%|█▎        | 90/693 [00:22<02:13,  4.53it/s]
 13%|█▎        | 91/693 [00:22<02:15,  4.44it/s]
 13%|█▎        | 92/693 [00:22<02:16,  4.40it/s]
 13%|█▎        | 93/693 [00:22<02:11,  4.57it/s]
 14%|█▎        | 94/693 [00:23<02:12,  4.51it/s]
 14%|█▎        | 95/693 [00:23<02:14,  4.43it/s]
 14%|█▍        | 96/693 [00:23<02:16,  4.39it/s]
 14%|█▍        | 97/693 [00:23<02:05,  4.76it/s]
 14%|█▍        | 98/693 [00:23<01:50,  5.40it/s]
 14%|█▍        | 99/693 [00:24<01:43,  5.74it/s]
 14%|█▍        | 100/693 [00:24<01:53,  5.22it/s]
 15%|█▍        | 101/693 [00:24<02:01,  4.87it/s]
 15%|█▍        | 102/693 [00:24<02:06,  4.68it/s]
 15%|█▍        | 103/693 [00:24<02:10,  4.53it/s]
 15%|█▌        | 104/693 [00:25<02:12,  4.43it/s]
 15%|█▌        | 105/693 [00:25<02:14,  4.38it/s]
 15%|█▌        | 106/693 [00:25<02:10,  4.51it/s]
 15%|█▌        | 107/693 [00:25<02:12,  4.44it/s]
 16%|█▌        | 108/693 [00:26<02:12,  4.41it/s]
 16%|█▌        | 109/693 [00:26<02:13,  4.37it/s]
 16%|█▌        | 110/693 [00:26<02:09,  4.52it/s]
 16%|█▌        | 111/693 [00:26<01:51,  5.22it/s]
 16%|█▌        | 112/693 [00:26<01:41,  5.73it/s]
 16%|█▋        | 113/693 [00:27<01:46,  5.45it/s]
 16%|█▋        | 114/693 [00:27<01:54,  5.06it/s]
 17%|█▋        | 115/693 [00:27<02:01,  4.77it/s]
 17%|█▋        | 116/693 [00:27<02:05,  4.61it/s]
 17%|█▋        | 117/693 [00:27<02:08,  4.50it/s]
 17%|█▋        | 118/693 [00:28<02:09,  4.43it/s]
 17%|█▋        | 119/693 [00:28<02:07,  4.50it/s]
 17%|█▋        | 120/693 [00:28<02:05,  4.58it/s]
 17%|█▋        | 121/693 [00:28<02:08,  4.47it/s]
 18%|█▊        | 122/693 [00:29<02:09,  4.42it/s]
 18%|█▊        | 123/693 [00:29<02:10,  4.38it/s]
 18%|█▊        | 124/693 [00:29<01:56,  4.88it/s]
 18%|█▊        | 125/693 [00:29<01:41,  5.58it/s]
 18%|█▊        | 126/693 [00:29<01:44,  5.41it/s]
 18%|█▊        | 127/693 [00:30<01:54,  4.96it/s]
 18%|█▊        | 128/693 [00:30<01:59,  4.74it/s]
 19%|█▊        | 129/693 [00:30<02:03,  4.58it/s]
 19%|█▉        | 130/693 [00:30<02:05,  4.50it/s]
 19%|█▉        | 131/693 [00:30<02:07,  4.42it/s]
 19%|█▉        | 132/693 [00:31<02:07,  4.41it/s]
 19%|█▉        | 133/693 [00:31<02:01,  4.60it/s]
 19%|█▉        | 134/693 [00:31<02:03,  4.51it/s]
 19%|█▉        | 135/693 [00:31<02:06,  4.43it/s]
 20%|█▉        | 136/693 [00:32<02:06,  4.40it/s]
 20%|█▉        | 137/693 [00:32<01:54,  4.84it/s]
 20%|█▉        | 138/693 [00:32<01:41,  5.45it/s]
 20%|██        | 139/693 [00:32<01:43,  5.33it/s]
 20%|██        | 140/693 [00:32<01:50,  4.99it/s]
 20%|██        | 141/693 [00:33<01:56,  4.73it/s]
 20%|██        | 142/693 [00:33<02:00,  4.59it/s]
 21%|██        | 143/693 [00:33<02:02,  4.48it/s]
 21%|██        | 144/693 [00:33<02:03,  4.43it/s]
 21%|██        | 145/693 [00:33<02:03,  4.43it/s]
 21%|██        | 146/693 [00:34<01:59,  4.58it/s]
 21%|██        | 147/693 [00:34<02:02,  4.44it/s]
 21%|██▏       | 148/693 [00:34<02:03,  4.41it/s]
 22%|██▏       | 149/693 [00:34<02:04,  4.37it/s]
 22%|██▏       | 150/693 [00:34<01:51,  4.87it/s]
 22%|██▏       | 151/693 [00:35<01:37,  5.54it/s]
 22%|██▏       | 152/693 [00:35<01:40,  5.41it/s]
 22%|██▏       | 153/693 [00:35<01:49,  4.95it/s]
 22%|██▏       | 154/693 [00:35<01:53,  4.75it/s]
 22%|██▏       | 155/693 [00:36<01:57,  4.57it/s]
 23%|██▎       | 156/693 [00:36<01:59,  4.49it/s]
 23%|██▎       | 157/693 [00:36<02:01,  4.41it/s]
 23%|██▎       | 158/693 [00:36<02:01,  4.40it/s]
 23%|██▎       | 159/693 [00:36<01:56,  4.60it/s]
 23%|██▎       | 160/693 [00:37<01:57,  4.53it/s]
 23%|██▎       | 161/693 [00:37<01:59,  4.45it/s]
 23%|██▎       | 162/693 [00:37<02:00,  4.41it/s]
 24%|██▎       | 163/693 [00:37<01:49,  4.84it/s]
 24%|██▎       | 164/693 [00:37<01:37,  5.45it/s]
 24%|██▍       | 165/693 [00:38<01:37,  5.39it/s]
 24%|██▍       | 166/693 [00:38<01:44,  5.02it/s]
 24%|██▍       | 167/693 [00:38<01:50,  4.75it/s]
 24%|██▍       | 168/693 [00:38<01:54,  4.59it/s]
 24%|██▍       | 169/693 [00:39<01:56,  4.49it/s]
 25%|██▍       | 170/693 [00:39<01:57,  4.44it/s]
 25%|██▍       | 171/693 [00:39<01:57,  4.44it/s]
 25%|██▍       | 172/693 [00:39<01:54,  4.56it/s]
 25%|██▍       | 173/693 [00:39<01:57,  4.44it/s]
 25%|██▌       | 174/693 [00:40<01:58,  4.39it/s]
 25%|██▌       | 175/693 [00:40<01:59,  4.34it/s]
 25%|██▌       | 176/693 [00:40<01:47,  4.81it/s]
 26%|██▌       | 177/693 [00:40<01:35,  5.38it/s]
 26%|██▌       | 178/693 [00:40<01:41,  5.06it/s]
 26%|██▌       | 179/693 [00:41<01:48,  4.76it/s]
 26%|██▌       | 180/693 [00:41<01:51,  4.61it/s]
 26%|██▌       | 181/693 [00:41<01:55,  4.45it/s]
 26%|██▋       | 182/693 [00:41<01:55,  4.41it/s]
 26%|██▋       | 183/693 [00:42<01:56,  4.36it/s]
 27%|██▋       | 184/693 [00:42<01:56,  4.37it/s]
 27%|██▋       | 185/693 [00:42<01:57,  4.34it/s]
 27%|██▋       | 186/693 [00:42<01:57,  4.33it/s]
 27%|██▋       | 187/693 [00:43<01:57,  4.30it/s]
 27%|██▋       | 188/693 [00:43<01:53,  4.43it/s]
 27%|██▋       | 189/693 [00:43<01:38,  5.12it/s]
 27%|██▋       | 190/693 [00:43<01:28,  5.69it/s]
 28%|██▊       | 191/693 [00:43<01:32,  5.41it/s]
 28%|██▊       | 192/693 [00:43<01:39,  5.01it/s]
 28%|██▊       | 193/693 [00:44<01:45,  4.75it/s]
 28%|██▊       | 194/693 [00:44<01:48,  4.61it/s]
 28%|██▊       | 195/693 [00:44<01:51,  4.47it/s]
 28%|██▊       | 196/693 [00:44<01:51,  4.45it/s]
 28%|██▊       | 197/693 [00:45<01:50,  4.48it/s]
 29%|██▊       | 198/693 [00:45<01:47,  4.59it/s]
 29%|██▊       | 199/693 [00:45<01:51,  4.45it/s]
 29%|██▉       | 200/693 [00:45<01:51,  4.42it/s]
 29%|██▉       | 201/693 [00:45<01:52,  4.37it/s]
 29%|██▉       | 202/693 [00:46<01:40,  4.89it/s]
 29%|██▉       | 203/693 [00:46<01:28,  5.53it/s]
 29%|██▉       | 204/693 [00:46<01:30,  5.42it/s]
 30%|██▉       | 205/693 [00:46<01:38,  4.97it/s]
 30%|██▉       | 206/693 [00:46<01:42,  4.76it/s]
 30%|██▉       | 207/693 [00:47<01:46,  4.58it/s]
 30%|███       | 208/693 [00:47<01:47,  4.49it/s]
 30%|███       | 209/693 [00:47<01:49,  4.43it/s]
 30%|███       | 210/693 [00:47<01:49,  4.39it/s]
 30%|███       | 211/693 [00:48<01:45,  4.56it/s]
 31%|███       | 212/693 [00:48<01:47,  4.47it/s]
 31%|███       | 213/693 [00:48<01:48,  4.41it/s]
 31%|███       | 214/693 [00:48<01:49,  4.39it/s]
 31%|███       | 215/693 [00:48<01:39,  4.80it/s]
 31%|███       | 216/693 [00:49<01:28,  5.41it/s]
 31%|███▏      | 217/693 [00:49<01:22,  5.78it/s]
 31%|███▏      | 218/693 [00:49<01:30,  5.26it/s]
 32%|███▏      | 219/693 [00:49<01:36,  4.89it/s]
 32%|███▏      | 220/693 [00:49<01:40,  4.70it/s]
 32%|███▏      | 221/693 [00:50<02:27,  3.20it/s]
 32%|███▏      | 222/693 [00:50<02:11,  3.59it/s]
 32%|███▏      | 223/693 [00:50<02:05,  3.75it/s]
 32%|███▏      | 224/693 [00:51<02:00,  3.89it/s]
 32%|███▏      | 225/693 [00:51<01:57,  4.00it/s]
 33%|███▎      | 226/693 [00:51<01:44,  4.47it/s]
 33%|███▎      | 227/693 [00:51<01:31,  5.10it/s]
 33%|███▎      | 228/693 [00:51<01:32,  5.02it/s]
 33%|███▎      | 229/693 [00:52<02:52,  2.68it/s]
 33%|███▎      | 230/693 [00:52<02:31,  3.05it/s]
 33%|███▎      | 231/693 [00:53<02:18,  3.34it/s]
 33%|███▎      | 232/693 [00:53<02:09,  3.57it/s]
 34%|███▎      | 233/693 [00:53<02:02,  3.74it/s]
 34%|███▍      | 234/693 [00:53<01:54,  4.01it/s]
 34%|███▍      | 235/693 [00:53<01:37,  4.69it/s]
 34%|███▍      | 236/693 [00:54<01:28,  5.15it/s]
 34%|███▍      | 237/693 [00:54<01:33,  4.87it/s]
 34%|███▍      | 238/693 [00:54<01:37,  4.67it/s]
 34%|███▍      | 239/693 [00:54<01:40,  4.52it/s]
 35%|███▍      | 240/693 [00:54<01:42,  4.41it/s]
 35%|███▍      | 241/693 [00:55<01:43,  4.37it/s]
 35%|███▍      | 242/693 [00:55<01:44,  4.32it/s]
 35%|███▌      | 243/693 [00:55<01:40,  4.48it/s]
 35%|███▌      | 244/693 [00:55<01:41,  4.41it/s]
 35%|███▌      | 245/693 [00:56<01:42,  4.36it/s]
 35%|███▌      | 246/693 [00:56<01:43,  4.31it/s]
 36%|███▌      | 247/693 [00:56<01:38,  4.51it/s]
 36%|███▌      | 248/693 [00:56<01:27,  5.09it/s]
 36%|███▌      | 249/693 [00:56<01:18,  5.64it/s]
 36%|███▌      | 250/693 [00:57<01:23,  5.32it/s]
 36%|███▌      | 251/693 [00:57<01:29,  4.94it/s]
 36%|███▋      | 252/693 [00:57<01:33,  4.70it/s]
 37%|███▋      | 253/693 [00:57<01:36,  4.54it/s]
 37%|███▋      | 254/693 [00:58<01:38,  4.45it/s]
 37%|███▋      | 255/693 [00:58<01:40,  4.38it/s]
 37%|███▋      | 256/693 [00:58<01:37,  4.46it/s]
 37%|███▋      | 257/693 [00:58<01:24,  5.16it/s]
 37%|███▋      | 258/693 [00:58<01:16,  5.67it/s]
 37%|███▋      | 259/693 [00:58<01:09,  6.27it/s]
 38%|███▊      | 260/693 [00:59<01:18,  5.55it/s]
 38%|███▊      | 261/693 [00:59<01:24,  5.10it/s]
 38%|███▊      | 262/693 [00:59<01:29,  4.83it/s]
 38%|███▊      | 263/693 [00:59<01:32,  4.66it/s]
 38%|███▊      | 264/693 [00:59<01:24,  5.05it/s]
 38%|███▊      | 265/693 [01:00<01:16,  5.61it/s]
 38%|███▊      | 266/693 [01:00<01:10,  6.03it/s]
 39%|███▊      | 267/693 [01:00<01:06,  6.45it/s]
 39%|███▊      | 268/693 [01:00<01:05,  6.46it/s]
 39%|███▉      | 269/693 [01:00<01:02,  6.78it/s]
 39%|███▉      | 270/693 [01:00<01:01,  6.88it/s]
 39%|███▉      | 271/693 [01:00<01:00,  6.96it/s]
 39%|███▉      | 272/693 [01:01<01:04,  6.49it/s]
 39%|███▉      | 273/693 [01:01<01:01,  6.79it/s]
 40%|███▉      | 274/693 [01:01<01:00,  6.95it/s]
 40%|███▉      | 275/693 [01:01<01:05,  6.38it/s]
 40%|███▉      | 276/693 [01:01<01:15,  5.56it/s]
 40%|███▉      | 277/693 [01:01<01:21,  5.11it/s]
 40%|████      | 278/693 [01:02<01:26,  4.82it/s]
 40%|████      | 279/693 [01:02<01:18,  5.26it/s]
 40%|████      | 280/693 [01:02<01:11,  5.75it/s]
 41%|████      | 281/693 [01:02<01:05,  6.29it/s]
 41%|████      | 282/693 [01:02<01:02,  6.56it/s]
 41%|████      | 283/693 [01:02<00:59,  6.93it/s]
 41%|████      | 284/693 [01:03<00:56,  7.19it/s]
 41%|████      | 285/693 [01:03<00:54,  7.49it/s]
 41%|████▏     | 286/693 [01:03<00:57,  7.02it/s]
 41%|████▏     | 287/693 [01:03<00:55,  7.34it/s]
 42%|████▏     | 288/693 [01:03<00:54,  7.40it/s]
 42%|████▏     | 289/693 [01:03<01:01,  6.54it/s]
 42%|████▏     | 290/693 [01:03<01:11,  5.62it/s]
 42%|████▏     | 291/693 [01:04<01:18,  5.11it/s]
 42%|████▏     | 292/693 [01:04<01:23,  4.79it/s]
 42%|████▏     | 293/693 [01:04<01:15,  5.33it/s]
 42%|████▏     | 294/693 [01:04<01:07,  5.87it/s]
 43%|████▎     | 295/693 [01:04<01:02,  6.36it/s]
 43%|████▎     | 296/693 [01:04<00:59,  6.66it/s]
 43%|████▎     | 297/693 [01:05<00:56,  7.06it/s]
 43%|████▎     | 298/693 [01:05<00:54,  7.22it/s]
 43%|████▎     | 299/693 [01:05<00:52,  7.54it/s]
 43%|████▎     | 300/693 [01:05<00:52,  7.55it/s]
 43%|████▎     | 301/693 [01:05<00:50,  7.72it/s]
 44%|████▎     | 302/693 [01:05<00:55,  6.99it/s]
 44%|████▎     | 303/693 [01:06<01:06,  5.85it/s]
 44%|████▍     | 304/693 [01:06<01:13,  5.27it/s]
 44%|████▍     | 305/693 [01:06<01:18,  4.93it/s]
 44%|████▍     | 306/693 [01:06<01:16,  5.09it/s]
 44%|████▍     | 307/693 [01:06<01:07,  5.75it/s]
 44%|████▍     | 308/693 [01:06<01:02,  6.17it/s]
 45%|████▍     | 309/693 [01:07<00:57,  6.69it/s]
 45%|████▍     | 310/693 [01:07<00:55,  6.95it/s]
 45%|████▍     | 311/693 [01:07<00:52,  7.26it/s]
 45%|████▌     | 312/693 [01:07<00:52,  7.28it/s]
 45%|████▌     | 313/693 [01:07<00:50,  7.59it/s]
 45%|████▌     | 314/693 [01:07<00:49,  7.63it/s]
 45%|████▌     | 315/693 [01:07<00:48,  7.84it/s]
 46%|████▌     | 316/693 [01:07<00:51,  7.30it/s]
 46%|████▌     | 317/693 [01:08<01:02,  6.03it/s]
 46%|████▌     | 318/693 [01:08<01:10,  5.35it/s]
 46%|████▌     | 319/693 [01:08<01:15,  4.97it/s]
 46%|████▌     | 320/693 [01:08<01:14,  5.00it/s]
 46%|████▋     | 321/693 [01:08<01:06,  5.61it/s]
 46%|████▋     | 322/693 [01:09<01:00,  6.16it/s]
 47%|████▋     | 323/693 [01:09<00:55,  6.68it/s]
 47%|████▋     | 324/693 [01:09<00:53,  6.92it/s]
 47%|████▋     | 325/693 [01:09<00:50,  7.31it/s]
 47%|████▋     | 326/693 [01:09<00:49,  7.41it/s]
 47%|████▋     | 327/693 [01:09<00:48,  7.60it/s]
 47%|████▋     | 328/693 [01:09<00:50,  7.21it/s]
 47%|████▋     | 329/693 [01:10<00:48,  7.55it/s]
 48%|████▊     | 330/693 [01:10<00:48,  7.56it/s]
 48%|████▊     | 331/693 [01:10<00:53,  6.77it/s]
 48%|████▊     | 332/693 [01:10<01:03,  5.69it/s]
 48%|████▊     | 333/693 [01:10<01:09,  5.20it/s]
 48%|████▊     | 334/693 [01:11<01:13,  4.87it/s]
 48%|████▊     | 335/693 [01:11<01:07,  5.31it/s]
 48%|████▊     | 336/693 [01:11<01:01,  5.84it/s]
 49%|████▊     | 337/693 [01:11<00:55,  6.39it/s]
 49%|████▉     | 338/693 [01:11<00:52,  6.70it/s]
 49%|████▉     | 339/693 [01:11<00:49,  7.11it/s]
 49%|████▉     | 340/693 [01:11<00:48,  7.25it/s]
 49%|████▉     | 341/693 [01:11<00:46,  7.57it/s]
 49%|████▉     | 342/693 [01:12<00:46,  7.52it/s]
 49%|████▉     | 343/693 [01:12<00:46,  7.49it/s]
 50%|████▉     | 344/693 [01:12<00:46,  7.51it/s]
 50%|████▉     | 345/693 [01:12<00:44,  7.75it/s]
 50%|████▉     | 346/693 [01:12<00:45,  7.68it/s]
 50%|█████     | 347/693 [01:12<00:54,  6.39it/s]
 50%|█████     | 348/693 [01:13<01:02,  5.53it/s]
 50%|█████     | 349/693 [01:13<01:07,  5.06it/s]
 51%|█████     | 350/693 [01:13<01:11,  4.80it/s]
 51%|█████     | 351/693 [01:13<01:03,  5.41it/s]
 51%|█████     | 352/693 [01:13<01:00,  5.65it/s]
 51%|█████     | 353/693 [01:13<00:55,  6.15it/s]
 51%|█████     | 354/693 [01:14<00:55,  6.07it/s]
 51%|█████     | 355/693 [01:14<00:50,  6.71it/s]
 51%|█████▏    | 356/693 [01:14<00:48,  7.01it/s]
 52%|█████▏    | 357/693 [01:14<00:45,  7.32it/s]
 52%|█████▏    | 358/693 [01:14<00:45,  7.44it/s]
 52%|█████▏    | 359/693 [01:14<00:43,  7.63it/s]
 52%|█████▏    | 360/693 [01:14<00:43,  7.66it/s]
 52%|█████▏    | 361/693 [01:15<00:50,  6.64it/s]
 52%|█████▏    | 362/693 [01:15<00:58,  5.68it/s]
 52%|█████▏    | 363/693 [01:15<01:03,  5.17it/s]
 53%|█████▎    | 364/693 [01:15<01:07,  4.86it/s]
 53%|█████▎    | 365/693 [01:15<01:02,  5.29it/s]
 53%|█████▎    | 366/693 [01:16<00:56,  5.82it/s]
 53%|█████▎    | 367/693 [01:16<00:51,  6.35it/s]
 53%|█████▎    | 368/693 [01:16<00:48,  6.68it/s]
 53%|█████▎    | 369/693 [01:16<00:45,  7.14it/s]
 53%|█████▎    | 370/693 [01:16<00:45,  7.12it/s]
 54%|█████▎    | 371/693 [01:16<00:43,  7.44it/s]
 54%|█████▎    | 372/693 [01:16<00:42,  7.52it/s]
 54%|█████▍    | 373/693 [01:16<00:41,  7.72it/s]
 54%|█████▍    | 374/693 [01:17<00:41,  7.60it/s]
 54%|█████▍    | 375/693 [01:17<00:45,  6.93it/s]
 54%|█████▍    | 376/693 [01:17<00:54,  5.79it/s]
 54%|█████▍    | 377/693 [01:17<01:00,  5.23it/s]
 55%|█████▍    | 378/693 [01:17<01:04,  4.87it/s]
 55%|█████▍    | 379/693 [01:18<01:00,  5.15it/s]
 55%|█████▍    | 380/693 [01:18<00:54,  5.71it/s]
 55%|█████▍    | 381/693 [01:18<00:49,  6.30it/s]
 55%|█████▌    | 382/693 [01:18<00:47,  6.58it/s]
 55%|█████▌    | 383/693 [01:18<00:44,  6.99it/s]
 55%|█████▌    | 384/693 [01:18<00:43,  7.12it/s]
 56%|█████▌    | 385/693 [01:18<00:41,  7.45it/s]
 56%|█████▌    | 386/693 [01:19<00:42,  7.17it/s]
 56%|█████▌    | 387/693 [01:19<00:41,  7.40it/s]
 56%|█████▌    | 388/693 [01:19<00:40,  7.54it/s]
 56%|█████▌    | 389/693 [01:19<00:41,  7.34it/s]
 56%|█████▋    | 390/693 [01:19<00:50,  5.96it/s]
 56%|█████▋    | 391/693 [01:19<00:56,  5.35it/s]
 57%|█████▋    | 392/693 [01:20<01:00,  4.97it/s]
 57%|█████▋    | 393/693 [01:20<01:00,  4.94it/s]
 57%|█████▋    | 394/693 [01:20<00:53,  5.55it/s]
 57%|█████▋    | 395/693 [01:20<00:48,  6.12it/s]
 57%|█████▋    | 396/693 [01:20<00:45,  6.48it/s]
 57%|█████▋    | 397/693 [01:20<00:42,  6.90it/s]
 57%|█████▋    | 398/693 [01:20<00:41,  7.11it/s]
 58%|█████▊    | 399/693 [01:21<00:39,  7.42it/s]
 58%|█████▊    | 400/693 [01:21<00:41,  7.13it/s]
 58%|█████▊    | 401/693 [01:21<00:39,  7.46it/s]
 58%|█████▊    | 402/693 [01:21<00:39,  7.43it/s]
 58%|█████▊    | 403/693 [01:21<00:37,  7.70it/s]
 58%|█████▊    | 404/693 [01:21<00:43,  6.66it/s]
 58%|█████▊    | 405/693 [01:22<00:51,  5.62it/s]
 59%|█████▊    | 406/693 [01:22<00:56,  5.06it/s]
 59%|█████▊    | 407/693 [01:22<00:59,  4.79it/s]
 59%|█████▉    | 408/693 [01:22<00:55,  5.10it/s]
 59%|█████▉    | 409/693 [01:22<00:50,  5.64it/s]
 59%|█████▉    | 410/693 [01:22<00:47,  5.99it/s]
 59%|█████▉    | 411/693 [01:23<00:44,  6.38it/s]
 59%|█████▉    | 412/693 [01:23<00:45,  6.14it/s]
 60%|█████▉    | 413/693 [01:23<00:43,  6.49it/s]
 60%|█████▉    | 414/693 [01:23<00:43,  6.38it/s]
 60%|█████▉    | 415/693 [01:23<00:41,  6.71it/s]
 60%|██████    | 416/693 [01:23<00:41,  6.70it/s]
 60%|██████    | 417/693 [01:24<00:39,  6.96it/s]
 60%|██████    | 418/693 [01:24<00:39,  7.03it/s]
 60%|██████    | 419/693 [01:24<00:37,  7.22it/s]
 61%|██████    | 420/693 [01:24<00:38,  7.01it/s]
 61%|██████    | 421/693 [01:24<00:45,  5.97it/s]
 61%|██████    | 422/693 [01:24<00:54,  5.00it/s]
 61%|██████    | 423/693 [01:25<00:57,  4.72it/s]
 61%|██████    | 424/693 [01:25<00:56,  4.74it/s]
 61%|██████▏   | 425/693 [01:25<00:49,  5.37it/s]
 61%|██████▏   | 426/693 [01:25<00:45,  5.80it/s]
 62%|██████▏   | 427/693 [01:25<00:42,  6.21it/s]
 62%|██████▏   | 428/693 [01:25<00:41,  6.44it/s]
 62%|██████▏   | 429/693 [01:26<00:38,  6.79it/s]
 62%|██████▏   | 430/693 [01:26<00:47,  5.60it/s]
 62%|██████▏   | 431/693 [01:26<00:42,  6.12it/s]
 62%|██████▏   | 432/693 [01:26<00:40,  6.46it/s]
 62%|██████▏   | 433/693 [01:26<00:39,  6.61it/s]
 63%|██████▎   | 434/693 [01:26<00:46,  5.62it/s]
 63%|██████▎   | 435/693 [01:27<00:50,  5.10it/s]
 63%|██████▎   | 436/693 [01:27<00:53,  4.77it/s]
 63%|██████▎   | 437/693 [01:27<00:53,  4.76it/s]
 63%|██████▎   | 438/693 [01:28<01:29,  2.84it/s]
 63%|██████▎   | 439/693 [01:28<01:12,  3.52it/s]
 63%|██████▎   | 440/693 [01:28<01:00,  4.17it/s]
 64%|██████▎   | 441/693 [01:28<00:52,  4.82it/s]
 64%|██████▍   | 442/693 [01:28<00:46,  5.37it/s]
 64%|██████▍   | 443/693 [01:28<00:42,  5.92it/s]
 64%|██████▍   | 444/693 [01:29<00:44,  5.66it/s]
 64%|██████▍   | 445/693 [01:29<00:48,  5.14it/s]
 64%|██████▍   | 446/693 [01:30<01:22,  2.98it/s]
 65%|██████▍   | 447/693 [01:30<01:07,  3.66it/s]
 65%|██████▍   | 448/693 [01:30<00:57,  4.28it/s]
 65%|██████▍   | 449/693 [01:30<00:49,  4.96it/s]
 65%|██████▍   | 450/693 [01:30<00:44,  5.46it/s]
 65%|██████▌   | 451/693 [01:30<00:40,  5.98it/s]
 65%|██████▌   | 452/693 [01:30<00:38,  6.31it/s]
 65%|██████▌   | 453/693 [01:31<00:35,  6.69it/s]
 66%|██████▌   | 454/693 [01:31<00:45,  5.24it/s]
 66%|██████▌   | 455/693 [01:31<00:48,  4.90it/s]
 66%|██████▌   | 456/693 [01:31<00:51,  4.64it/s]
 66%|██████▌   | 457/693 [01:31<00:49,  4.75it/s]
 66%|██████▌   | 458/693 [01:32<00:44,  5.30it/s]
 66%|██████▌   | 459/693 [01:32<00:39,  5.86it/s]
 66%|██████▋   | 460/693 [01:32<00:37,  6.20it/s]
 67%|██████▋   | 461/693 [01:32<00:35,  6.49it/s]
 67%|██████▋   | 462/693 [01:33<01:11,  3.24it/s]
 67%|██████▋   | 463/693 [01:33<00:59,  3.89it/s]
 67%|██████▋   | 464/693 [01:33<00:57,  3.97it/s]
 67%|██████▋   | 465/693 [01:33<00:56,  4.03it/s]
 67%|██████▋   | 466/693 [01:34<00:55,  4.06it/s]
 67%|██████▋   | 467/693 [01:34<00:53,  4.23it/s]
 68%|██████▊   | 468/693 [01:34<00:46,  4.84it/s]
 68%|██████▊   | 469/693 [01:34<00:41,  5.44it/s]
 68%|██████▊   | 470/693 [01:34<00:40,  5.51it/s]
 68%|██████▊   | 471/693 [01:34<00:36,  6.04it/s]
 68%|██████▊   | 472/693 [01:34<00:34,  6.36it/s]
 68%|██████▊   | 473/693 [01:35<00:32,  6.68it/s]
 68%|██████▊   | 474/693 [01:35<00:32,  6.82it/s]
 69%|██████▊   | 475/693 [01:35<00:30,  7.08it/s]
 69%|██████▊   | 476/693 [01:35<00:30,  7.06it/s]
 69%|██████▉   | 477/693 [01:35<00:29,  7.23it/s]
 69%|██████▉   | 478/693 [01:36<00:56,  3.82it/s]
 69%|██████▉   | 479/693 [01:36<00:51,  4.15it/s]
 69%|██████▉   | 480/693 [01:36<00:44,  4.76it/s]
 69%|██████▉   | 481/693 [01:36<00:39,  5.38it/s]
 70%|██████▉   | 482/693 [01:36<00:36,  5.82it/s]
 70%|██████▉   | 483/693 [01:36<00:33,  6.28it/s]
 70%|██████▉   | 484/693 [01:37<00:31,  6.54it/s]
 70%|██████▉   | 485/693 [01:37<00:30,  6.85it/s]
 70%|███████   | 486/693 [01:37<00:32,  6.39it/s]
 70%|███████   | 487/693 [01:37<00:30,  6.73it/s]
 70%|███████   | 488/693 [01:37<00:30,  6.64it/s]
 71%|███████   | 489/693 [01:37<00:36,  5.67it/s]
 71%|███████   | 490/693 [01:38<00:39,  5.11it/s]
 71%|███████   | 491/693 [01:38<00:41,  4.82it/s]
 71%|███████   | 492/693 [01:38<00:42,  4.76it/s]
 71%|███████   | 493/693 [01:38<00:36,  5.41it/s]
 71%|███████▏  | 494/693 [01:38<00:35,  5.54it/s]
 71%|███████▏  | 495/693 [01:39<00:32,  6.06it/s]
 72%|███████▏  | 496/693 [01:39<00:31,  6.35it/s]
 72%|███████▏  | 497/693 [01:39<00:29,  6.71it/s]
 72%|███████▏  | 498/693 [01:39<00:28,  6.85it/s]
 72%|███████▏  | 499/693 [01:39<00:28,  6.92it/s]
 72%|███████▏  | 500/693 [01:39<00:27,  6.99it/s]
 72%|███████▏  | 501/693 [01:39<00:27,  7.08it/s]
 72%|███████▏  | 502/693 [01:40<00:47,  3.99it/s]
 73%|███████▎  | 503/693 [01:40<00:45,  4.15it/s]
 73%|███████▎  | 504/693 [01:40<00:39,  4.76it/s]
 73%|███████▎  | 505/693 [01:40<00:34,  5.38it/s]
 73%|███████▎  | 506/693 [01:40<00:32,  5.81it/s]
 73%|███████▎  | 507/693 [01:41<00:29,  6.29it/s]
 73%|███████▎  | 508/693 [01:41<00:28,  6.49it/s]
 73%|███████▎  | 509/693 [01:41<00:27,  6.79it/s]
 74%|███████▎  | 510/693 [01:42<00:56,  3.22it/s]
 74%|███████▎  | 511/693 [01:42<00:52,  3.47it/s]
 74%|███████▍  | 512/693 [01:42<00:49,  3.66it/s]
 74%|███████▍  | 513/693 [01:42<00:47,  3.81it/s]
 74%|███████▍  | 514/693 [01:43<00:44,  3.99it/s]
 74%|███████▍  | 515/693 [01:43<00:38,  4.65it/s]
 74%|███████▍  | 516/693 [01:43<00:34,  5.20it/s]
 75%|███████▍  | 517/693 [01:43<00:30,  5.75it/s]
 75%|███████▍  | 518/693 [01:43<00:29,  6.01it/s]
 75%|███████▍  | 519/693 [01:43<00:27,  6.44it/s]
 75%|███████▌  | 520/693 [01:43<00:26,  6.62it/s]
 75%|███████▌  | 521/693 [01:43<00:25,  6.88it/s]
 75%|███████▌  | 522/693 [01:44<00:24,  6.95it/s]
 75%|███████▌  | 523/693 [01:44<00:23,  7.15it/s]
 76%|███████▌  | 524/693 [01:44<00:23,  7.16it/s]
 76%|███████▌  | 525/693 [01:44<00:22,  7.33it/s]
 76%|███████▌  | 526/693 [01:44<00:24,  6.91it/s]
 76%|███████▌  | 527/693 [01:44<00:22,  7.33it/s]
 76%|███████▌  | 528/693 [01:45<00:26,  6.14it/s]
 76%|███████▋  | 529/693 [01:45<00:30,  5.42it/s]
 76%|███████▋  | 530/693 [01:45<00:32,  5.02it/s]
 77%|███████▋  | 531/693 [01:45<00:33,  4.80it/s]
 77%|███████▋  | 532/693 [01:45<00:30,  5.32it/s]
 77%|███████▋  | 533/693 [01:45<00:27,  5.91it/s]
 77%|███████▋  | 534/693 [01:46<00:25,  6.27it/s]
 77%|███████▋  | 535/693 [01:46<00:23,  6.75it/s]
 77%|███████▋  | 536/693 [01:46<00:22,  6.99it/s]
 77%|███████▋  | 537/693 [01:46<00:21,  7.35it/s]
 78%|███████▊  | 538/693 [01:46<00:20,  7.39it/s]
 78%|███████▊  | 539/693 [01:46<00:20,  7.38it/s]
 78%|███████▊  | 540/693 [01:46<00:20,  7.44it/s]
 78%|███████▊  | 541/693 [01:46<00:19,  7.63it/s]
 78%|███████▊  | 542/693 [01:47<00:19,  7.69it/s]
 78%|███████▊  | 543/693 [01:47<00:19,  7.80it/s]
 78%|███████▊  | 544/693 [01:47<00:19,  7.83it/s]
 79%|███████▊  | 545/693 [01:47<00:18,  7.96it/s]
 79%|███████▉  | 546/693 [01:47<00:19,  7.40it/s]
 79%|███████▉  | 547/693 [01:47<00:24,  6.06it/s]
 79%|███████▉  | 548/693 [01:48<00:26,  5.38it/s]
 79%|███████▉  | 549/693 [01:48<00:28,  4.98it/s]
 79%|███████▉  | 550/693 [01:48<00:28,  5.00it/s]
 80%|███████▉  | 551/693 [01:48<00:25,  5.67it/s]
 80%|███████▉  | 552/693 [01:48<00:23,  6.13it/s]
 80%|███████▉  | 553/693 [01:48<00:20,  6.67it/s]
 80%|███████▉  | 554/693 [01:49<00:20,  6.94it/s]
 80%|████████  | 555/693 [01:49<00:18,  7.31it/s]
 80%|████████  | 556/693 [01:49<00:18,  7.38it/s]
 80%|████████  | 557/693 [01:49<00:18,  7.35it/s]
 81%|████████  | 558/693 [01:49<00:18,  7.37it/s]
 81%|████████  | 559/693 [01:49<00:17,  7.64it/s]
 81%|████████  | 560/693 [01:49<00:17,  7.64it/s]
 81%|████████  | 561/693 [01:49<00:16,  7.85it/s]
 81%|████████  | 562/693 [01:50<00:16,  7.78it/s]
 81%|████████  | 563/693 [01:50<00:16,  7.96it/s]
 81%|████████▏ | 564/693 [01:50<00:16,  7.77it/s]
 82%|████████▏ | 565/693 [01:50<00:18,  6.83it/s]
 82%|████████▏ | 566/693 [01:50<00:22,  5.72it/s]
 82%|████████▏ | 567/693 [01:51<00:24,  5.22it/s]
 82%|████████▏ | 568/693 [01:51<00:25,  4.88it/s]
 82%|████████▏ | 569/693 [01:51<00:23,  5.28it/s]
 82%|████████▏ | 570/693 [01:51<00:21,  5.85it/s]
 82%|████████▏ | 571/693 [01:51<00:18,  6.46it/s]
 83%|████████▎ | 572/693 [01:51<00:18,  6.69it/s]
 83%|████████▎ | 573/693 [01:51<00:17,  7.02it/s]
 83%|████████▎ | 574/693 [01:52<00:16,  7.23it/s]
 83%|████████▎ | 575/693 [01:52<00:15,  7.41it/s]
 83%|████████▎ | 576/693 [01:52<00:15,  7.50it/s]
 83%|████████▎ | 577/693 [01:52<00:15,  7.68it/s]
 83%|████████▎ | 578/693 [01:52<00:15,  7.66it/s]
 84%|████████▎ | 579/693 [01:52<00:14,  7.78it/s]
 84%|████████▎ | 580/693 [01:52<00:14,  7.74it/s]
 84%|████████▍ | 581/693 [01:52<00:16,  6.63it/s]
 84%|████████▍ | 582/693 [01:53<00:19,  5.67it/s]
 84%|████████▍ | 583/693 [01:53<00:21,  5.18it/s]
 84%|████████▍ | 584/693 [01:53<00:22,  4.85it/s]
 84%|████████▍ | 585/693 [01:53<00:19,  5.41it/s]
 85%|████████▍ | 586/693 [01:53<00:18,  5.78it/s]
 85%|████████▍ | 587/693 [01:54<00:16,  6.28it/s]
 85%|████████▍ | 588/693 [01:54<00:15,  6.70it/s]
 85%|████████▍ | 589/693 [01:54<00:14,  7.09it/s]
 85%|████████▌ | 590/693 [01:54<00:14,  7.15it/s]
 85%|████████▌ | 591/693 [01:54<00:13,  7.36it/s]
 85%|████████▌ | 592/693 [01:54<00:13,  7.41it/s]
 86%|████████▌ | 593/693 [01:54<00:13,  7.67it/s]
 86%|████████▌ | 594/693 [01:55<00:18,  5.32it/s]
 86%|████████▌ | 595/693 [01:55<00:19,  4.93it/s]
 86%|████████▌ | 596/693 [01:55<00:20,  4.70it/s]
 86%|████████▌ | 597/693 [01:55<00:20,  4.59it/s]
 86%|████████▋ | 598/693 [01:56<00:18,  5.14it/s]
 86%|████████▋ | 599/693 [01:56<00:17,  5.42it/s]
 87%|████████▋ | 600/693 [01:56<00:15,  5.93it/s]
 87%|████████▋ | 601/693 [01:56<00:14,  6.48it/s]
 87%|████████▋ | 602/693 [01:56<00:13,  6.54it/s]
 87%|████████▋ | 603/693 [01:56<00:13,  6.89it/s]
 87%|████████▋ | 604/693 [01:56<00:12,  6.98it/s]
 87%|████████▋ | 605/693 [01:56<00:12,  7.17it/s]
 87%|████████▋ | 606/693 [01:57<00:12,  7.18it/s]
 88%|████████▊ | 607/693 [01:57<00:21,  4.05it/s]
 88%|████████▊ | 608/693 [01:57<00:20,  4.11it/s]
 88%|████████▊ | 609/693 [01:58<00:20,  4.15it/s]
 88%|████████▊ | 610/693 [01:58<00:18,  4.60it/s]
 88%|████████▊ | 611/693 [01:58<00:15,  5.31it/s]
 88%|████████▊ | 612/693 [01:58<00:13,  5.82it/s]
 88%|████████▊ | 613/693 [01:58<00:12,  6.38it/s]
 89%|████████▊ | 614/693 [01:58<00:11,  6.66it/s]
 89%|████████▊ | 615/693 [01:58<00:11,  7.00it/s]
 89%|████████▉ | 616/693 [01:59<00:11,  6.92it/s]
 89%|████████▉ | 617/693 [01:59<00:10,  7.16it/s]
 89%|████████▉ | 618/693 [01:59<00:10,  7.16it/s]
 89%|████████▉ | 619/693 [01:59<00:10,  7.32it/s]
 89%|████████▉ | 620/693 [01:59<00:10,  7.27it/s]
 90%|████████▉ | 621/693 [01:59<00:09,  7.39it/s]
 90%|████████▉ | 622/693 [01:59<00:09,  7.19it/s]
 90%|████████▉ | 623/693 [01:59<00:09,  7.37it/s]
 90%|█████████ | 624/693 [02:00<00:10,  6.85it/s]
 90%|█████████ | 625/693 [02:00<00:10,  6.42it/s]
 90%|█████████ | 626/693 [02:00<00:12,  5.51it/s]
 90%|█████████ | 627/693 [02:00<00:13,  5.06it/s]
 91%|█████████ | 628/693 [02:01<00:13,  4.75it/s]
 91%|█████████ | 629/693 [02:01<00:12,  5.10it/s]
 91%|█████████ | 630/693 [02:01<00:11,  5.56it/s]
 91%|█████████ | 631/693 [02:03<00:40,  1.54it/s]
 91%|█████████ | 632/693 [02:03<00:31,  1.91it/s]
 91%|█████████▏| 633/693 [02:03<00:26,  2.29it/s]
 91%|█████████▏| 634/693 [02:03<00:20,  2.88it/s]
 92%|█████████▏| 635/693 [02:03<00:16,  3.59it/s]
 92%|█████████▏| 636/693 [02:03<00:13,  4.24it/s]
 92%|█████████▏| 637/693 [02:04<00:11,  4.83it/s]
 92%|█████████▏| 638/693 [02:04<00:10,  5.31it/s]
 92%|█████████▏| 639/693 [02:04<00:09,  5.65it/s]
 92%|█████████▏| 640/693 [02:04<00:08,  6.02it/s]
 92%|█████████▏| 641/693 [02:04<00:08,  6.43it/s]
 93%|█████████▎| 642/693 [02:04<00:07,  6.67it/s]
 93%|█████████▎| 643/693 [02:04<00:07,  6.95it/s]
 93%|█████████▎| 644/693 [02:05<00:07,  6.43it/s]
 93%|█████████▎| 645/693 [02:05<00:08,  5.57it/s]
 93%|█████████▎| 646/693 [02:05<00:09,  5.06it/s]
 93%|█████████▎| 647/693 [02:05<00:09,  4.76it/s]
 94%|█████████▎| 648/693 [02:06<00:09,  4.96it/s]
 94%|█████████▎| 649/693 [02:06<00:07,  5.55it/s]
 94%|█████████▍| 650/693 [02:06<00:07,  5.94it/s]
 94%|█████████▍| 651/693 [02:06<00:06,  6.37it/s]
 94%|█████████▍| 652/693 [02:06<00:06,  6.04it/s]
 94%|█████████▍| 653/693 [02:06<00:06,  6.43it/s]
 94%|█████████▍| 654/693 [02:06<00:06,  6.07it/s]
 95%|█████████▍| 655/693 [02:07<00:05,  6.50it/s]
 95%|█████████▍| 656/693 [02:07<00:05,  6.68it/s]
 95%|█████████▍| 657/693 [02:07<00:05,  6.77it/s]
 95%|█████████▍| 658/693 [02:07<00:06,  5.69it/s]
 95%|█████████▌| 659/693 [02:07<00:06,  5.16it/s]
 95%|█████████▌| 660/693 [02:08<00:06,  4.82it/s]
 95%|█████████▌| 661/693 [02:08<00:06,  4.82it/s]
 96%|█████████▌| 662/693 [02:08<00:06,  5.16it/s]
 96%|█████████▌| 663/693 [02:08<00:05,  5.72it/s]
 96%|█████████▌| 664/693 [02:08<00:04,  5.92it/s]
 96%|█████████▌| 665/693 [02:08<00:04,  6.34it/s]
 96%|█████████▌| 666/693 [02:08<00:04,  6.55it/s]
 96%|█████████▌| 667/693 [02:09<00:03,  6.76it/s]
 96%|█████████▋| 668/693 [02:09<00:03,  6.88it/s]
 97%|█████████▋| 669/693 [02:09<00:03,  6.50it/s]
 97%|█████████▋| 670/693 [02:09<00:03,  6.66it/s]
 97%|█████████▋| 671/693 [02:09<00:03,  7.00it/s]
 97%|█████████▋| 672/693 [02:09<00:02,  7.09it/s]
 97%|█████████▋| 673/693 [02:09<00:02,  7.39it/s]
 97%|█████████▋| 674/693 [02:10<00:02,  7.33it/s]
 97%|█████████▋| 675/693 [02:10<00:02,  7.30it/s]
 98%|█████████▊| 676/693 [02:10<00:02,  6.64it/s]
 98%|█████████▊| 677/693 [02:10<00:02,  5.60it/s]
 98%|█████████▊| 678/693 [02:10<00:02,  5.07it/s]
 98%|█████████▊| 679/693 [02:11<00:02,  4.79it/s]
 98%|█████████▊| 680/693 [02:11<00:02,  5.08it/s]
 98%|█████████▊| 681/693 [02:11<00:02,  5.66it/s]
 98%|█████████▊| 682/693 [02:11<00:01,  6.11it/s]
 99%|█████████▊| 683/693 [02:11<00:01,  6.54it/s]
 99%|█████████▊| 684/693 [02:11<00:01,  6.53it/s]
 99%|█████████▉| 685/693 [02:11<00:01,  6.86it/s]
 99%|█████████▉| 686/693 [02:12<00:01,  6.37it/s]
 99%|█████████▉| 687/693 [02:12<00:00,  6.77it/s]
 99%|█████████▉| 688/693 [02:12<00:00,  6.97it/s]
 99%|█████████▉| 689/693 [02:12<00:00,  7.23it/s]
100%|█████████▉| 690/693 [02:12<00:00,  7.18it/s]
100%|█████████▉| 691/693 [02:12<00:00,  7.36it/s]
100%|█████████▉| 692/693 [02:12<00:00,  7.28it/s]
100%|██████████| 693/693 [02:13<00:00,  6.93it/s]
100%|██████████| 693/693 [02:13<00:00,  5.20it/s]
Training loss: 0.6468118476489234, KL loss: 0.41370724879129966, Sim loss: 5.6652634124407056e-05, Exo CLS loss: 0.5092257433564202, 
Noun sim loss: 0.11803088569408887, Part sim loss: 0.14781510581572851, Proto loss: 0.9945926016027277, Conc loss: 0.09815587732849528
learning rate:4.0113393742194645e-05


  0%|          | 0/168 [00:00<?, ?it/s]
  1%|          | 1/168 [00:00<02:00,  1.39it/s]
  2%|▏         | 4/168 [00:00<00:27,  5.90it/s]
  4%|▎         | 6/168 [00:01<00:25,  6.26it/s]
  6%|▌         | 10/168 [00:01<00:13, 11.61it/s]
  8%|▊         | 14/168 [00:01<00:09, 16.91it/s]
 10%|█         | 17/168 [00:01<00:12, 11.81it/s]
 13%|█▎        | 22/168 [00:01<00:08, 17.18it/s]
 15%|█▍        | 25/168 [00:02<00:11, 12.65it/s]
 17%|█▋        | 28/168 [00:02<00:09, 14.29it/s]
 18%|█▊        | 31/168 [00:02<00:08, 15.92it/s]
 20%|██        | 34/168 [00:02<00:07, 17.46it/s]
 23%|██▎       | 39/168 [00:02<00:05, 22.81it/s]
 26%|██▌       | 44/168 [00:02<00:04, 27.52it/s]
 29%|██▊       | 48/168 [00:03<00:04, 29.53it/s]
 31%|███       | 52/168 [00:03<00:03, 31.89it/s]
 33%|███▎      | 56/168 [00:03<00:03, 32.46it/s]
 36%|███▌      | 60/168 [00:03<00:03, 28.14it/s]
 39%|███▊      | 65/168 [00:03<00:03, 32.14it/s]
 41%|████      | 69/168 [00:03<00:03, 29.70it/s]
 44%|████▍     | 74/168 [00:03<00:02, 33.11it/s]
 46%|████▋     | 78/168 [00:03<00:02, 31.19it/s]
 49%|████▉     | 82/168 [00:04<00:03, 24.02it/s]
 51%|█████     | 85/168 [00:04<00:03, 23.71it/s]
 52%|█████▏    | 88/168 [00:04<00:03, 22.35it/s]
 54%|█████▍    | 91/168 [00:04<00:03, 22.65it/s]
 56%|█████▌    | 94/168 [00:04<00:04, 18.46it/s]
 59%|█████▉    | 99/168 [00:05<00:02, 23.79it/s]
 61%|██████▏   | 103/168 [00:05<00:02, 26.81it/s]
 64%|██████▍   | 108/168 [00:05<00:01, 30.83it/s]
 67%|██████▋   | 112/168 [00:05<00:01, 32.88it/s]
 69%|██████▉   | 116/168 [00:05<00:01, 34.20it/s]
 71%|███████▏  | 120/168 [00:05<00:01, 35.04it/s]
 74%|███████▍  | 124/168 [00:05<00:01, 35.81it/s]
 76%|███████▌  | 128/168 [00:05<00:01, 36.36it/s]
 79%|███████▊  | 132/168 [00:05<00:00, 36.74it/s]
 81%|████████  | 136/168 [00:05<00:00, 36.93it/s]
 83%|████████▎ | 140/168 [00:06<00:00, 35.53it/s]
 86%|████████▌ | 144/168 [00:06<00:00, 35.44it/s]
 88%|████████▊ | 148/168 [00:06<00:00, 28.86it/s]
 90%|█████████ | 152/168 [00:06<00:00, 25.69it/s]
 92%|█████████▏| 155/168 [00:06<00:00, 25.10it/s]
 94%|█████████▍| 158/168 [00:06<00:00, 24.43it/s]
 96%|█████████▌| 161/168 [00:07<00:00, 19.01it/s]
 99%|█████████▉| 166/168 [00:07<00:00, 24.21it/s]
100%|██████████| 168/168 [00:07<00:00, 22.71it/s]
Result on AGD: 
KLD=0.9006011486053467, SIM=0.5199472904205322, NSS=1.5469328165054321
noun sim: 0.10952290892601013, part sim: 0.14650207172547067
No KLD improvement for 5 epoch(s). Best KLD: 0.8719511032104492, Current KLD: 0.9006011486053467
============Training Epoch 12============

  0%|          | 0/693 [00:00<?, ?it/s]/mnt/sdb/wyn/envs/clip-env/lib/python3.10/site-packages/torch/_tensor.py:1002: UserWarning: non-inplace resize is deprecated
  warnings.warn("non-inplace resize is deprecated")
/mnt/sdb/wyn/envs/clip-env/lib/python3.10/site-packages/torch/_tensor.py:1002: UserWarning: non-inplace resize is deprecated
  warnings.warn("non-inplace resize is deprecated")
/mnt/sdb/wyn/envs/clip-env/lib/python3.10/site-packages/torch/_tensor.py:1002: UserWarning: non-inplace resize is deprecated
  warnings.warn("non-inplace resize is deprecated")
/mnt/sdb/wyn/envs/clip-env/lib/python3.10/site-packages/torch/_tensor.py:1002: UserWarning: non-inplace resize is deprecated
  warnings.warn("non-inplace resize is deprecated")
/mnt/sdb/wyn/envs/clip-env/lib/python3.10/site-packages/torch/_tensor.py:1002: UserWarning: non-inplace resize is deprecated
  warnings.warn("non-inplace resize is deprecated")
/mnt/sdb/wyn/envs/clip-env/lib/python3.10/site-packages/torch/_tensor.py:1002: UserWarning: non-inplace resize is deprecated
  warnings.warn("non-inplace resize is deprecated")
/mnt/sdb/wyn/envs/clip-env/lib/python3.10/site-packages/torch/_tensor.py:1002: UserWarning: non-inplace resize is deprecated
  warnings.warn("non-inplace resize is deprecated")
/mnt/sdb/wyn/envs/clip-env/lib/python3.10/site-packages/torch/_tensor.py:1002: UserWarning: non-inplace resize is deprecated
  warnings.warn("non-inplace resize is deprecated")

  0%|          | 1/693 [00:02<26:08,  2.27s/it]
  0%|          | 2/693 [00:02<11:44,  1.02s/it]
  0%|          | 3/693 [00:02<07:03,  1.63it/s]
  1%|          | 4/693 [00:02<05:54,  1.94it/s]
  1%|          | 5/693 [00:03<06:30,  1.76it/s]
  1%|          | 6/693 [00:03<04:51,  2.36it/s]
  1%|          | 7/693 [00:03<03:44,  3.06it/s]
  1%|          | 8/693 [00:03<03:01,  3.76it/s]
  1%|▏         | 9/693 [00:04<03:49,  2.98it/s]
  1%|▏         | 10/693 [00:04<03:17,  3.46it/s]
  2%|▏         | 11/693 [00:04<03:06,  3.65it/s]
  2%|▏         | 12/693 [00:05<03:23,  3.35it/s]
  2%|▏         | 13/693 [00:05<02:56,  3.86it/s]
  2%|▏         | 14/693 [00:05<02:28,  4.56it/s]
  2%|▏         | 15/693 [00:05<02:08,  5.29it/s]
  2%|▏         | 16/693 [00:05<01:56,  5.79it/s]
  2%|▏         | 17/693 [00:05<01:45,  6.41it/s]
  3%|▎         | 18/693 [00:06<01:39,  6.79it/s]
  3%|▎         | 19/693 [00:06<01:34,  7.13it/s]
  3%|▎         | 20/693 [00:06<01:37,  6.90it/s]
  3%|▎         | 21/693 [00:06<01:31,  7.31it/s]
  3%|▎         | 22/693 [00:06<01:30,  7.41it/s]
  3%|▎         | 23/693 [00:06<01:40,  6.64it/s]
  3%|▎         | 24/693 [00:06<01:58,  5.64it/s]
  4%|▎         | 25/693 [00:07<02:09,  5.16it/s]
  4%|▍         | 26/693 [00:07<02:18,  4.83it/s]
  4%|▍         | 27/693 [00:07<02:06,  5.27it/s]
  4%|▍         | 28/693 [00:07<01:55,  5.76it/s]
  4%|▍         | 29/693 [00:08<02:15,  4.89it/s]
  4%|▍         | 30/693 [00:08<02:00,  5.49it/s]
  4%|▍         | 31/693 [00:08<01:48,  6.10it/s]
  5%|▍         | 32/693 [00:08<01:43,  6.40it/s]
  5%|▍         | 33/693 [00:08<01:35,  6.91it/s]
  5%|▍         | 34/693 [00:08<01:33,  7.07it/s]
  5%|▌         | 35/693 [00:08<01:31,  7.16it/s]
  5%|▌         | 36/693 [00:09<01:50,  5.95it/s]
  5%|▌         | 37/693 [00:09<03:11,  3.42it/s]
  5%|▌         | 38/693 [00:09<02:42,  4.03it/s]
  6%|▌         | 39/693 [00:09<02:19,  4.69it/s]
  6%|▌         | 40/693 [00:10<02:04,  5.24it/s]
  6%|▌         | 41/693 [00:10<01:52,  5.79it/s]
  6%|▌         | 42/693 [00:10<01:45,  6.19it/s]
  6%|▌         | 43/693 [00:10<01:38,  6.58it/s]
  6%|▋         | 44/693 [00:10<01:37,  6.66it/s]
  6%|▋         | 45/693 [00:10<01:37,  6.64it/s]
  7%|▋         | 46/693 [00:10<01:55,  5.62it/s]
  7%|▋         | 47/693 [00:11<02:06,  5.11it/s]
  7%|▋         | 48/693 [00:11<02:14,  4.78it/s]
  7%|▋         | 49/693 [00:11<02:14,  4.77it/s]
  7%|▋         | 50/693 [00:11<02:04,  5.17it/s]
  7%|▋         | 51/693 [00:11<01:51,  5.77it/s]
  8%|▊         | 52/693 [00:12<01:44,  6.11it/s]
  8%|▊         | 53/693 [00:12<01:38,  6.47it/s]
  8%|▊         | 54/693 [00:12<01:35,  6.68it/s]
  8%|▊         | 55/693 [00:12<01:31,  7.00it/s]
  8%|▊         | 56/693 [00:12<01:32,  6.92it/s]
  8%|▊         | 57/693 [00:12<01:28,  7.23it/s]
  8%|▊         | 58/693 [00:12<01:46,  5.96it/s]
  9%|▊         | 59/693 [00:13<01:59,  5.29it/s]
  9%|▊         | 60/693 [00:13<02:09,  4.89it/s]
  9%|▉         | 61/693 [00:13<02:12,  4.77it/s]
  9%|▉         | 62/693 [00:13<02:01,  5.21it/s]
  9%|▉         | 63/693 [00:13<01:51,  5.66it/s]
  9%|▉         | 64/693 [00:14<01:49,  5.72it/s]
  9%|▉         | 65/693 [00:14<01:40,  6.22it/s]
 10%|▉         | 66/693 [00:14<01:36,  6.51it/s]
 10%|▉         | 67/693 [00:14<01:38,  6.34it/s]
 10%|▉         | 68/693 [00:14<01:34,  6.62it/s]
 10%|▉         | 69/693 [00:14<01:30,  6.91it/s]
 10%|█         | 70/693 [00:14<01:29,  6.98it/s]
 10%|█         | 71/693 [00:15<01:26,  7.23it/s]
 10%|█         | 72/693 [00:15<01:25,  7.30it/s]
 11%|█         | 73/693 [00:15<01:24,  7.37it/s]
 11%|█         | 74/693 [00:15<01:26,  7.19it/s]
 11%|█         | 75/693 [00:15<01:35,  6.46it/s]
 11%|█         | 76/693 [00:15<01:51,  5.54it/s]
 11%|█         | 77/693 [00:16<02:01,  5.08it/s]
 11%|█▏        | 78/693 [00:16<02:09,  4.75it/s]
 11%|█▏        | 79/693 [00:16<02:02,  5.01it/s]
 12%|█▏        | 80/693 [00:16<01:49,  5.59it/s]
 12%|█▏        | 81/693 [00:16<01:42,  6.00it/s]
 12%|█▏        | 82/693 [00:17<01:35,  6.37it/s]
 12%|█▏        | 83/693 [00:17<01:37,  6.28it/s]
 12%|█▏        | 84/693 [00:17<01:32,  6.56it/s]
 12%|█▏        | 85/693 [00:17<01:29,  6.76it/s]
 12%|█▏        | 86/693 [00:17<01:27,  6.96it/s]
 13%|█▎        | 87/693 [00:17<01:24,  7.18it/s]
 13%|█▎        | 88/693 [00:17<01:23,  7.26it/s]
 13%|█▎        | 89/693 [00:17<01:24,  7.17it/s]
 13%|█▎        | 90/693 [00:18<01:42,  5.89it/s]
 13%|█▎        | 91/693 [00:18<01:54,  5.24it/s]
 13%|█▎        | 92/693 [00:18<02:03,  4.87it/s]
 13%|█▎        | 93/693 [00:18<02:02,  4.88it/s]
 14%|█▎        | 94/693 [00:19<01:50,  5.42it/s]
 14%|█▎        | 95/693 [00:19<01:40,  5.96it/s]
 14%|█▍        | 96/693 [00:19<01:43,  5.78it/s]
 14%|█▍        | 97/693 [00:19<01:36,  6.20it/s]
 14%|█▍        | 98/693 [00:19<01:31,  6.49it/s]
 14%|█▍        | 99/693 [00:19<01:27,  6.81it/s]
 14%|█▍        | 100/693 [00:19<01:25,  6.94it/s]
 15%|█▍        | 101/693 [00:20<01:19,  7.44it/s]
 15%|█▍        | 102/693 [00:20<01:21,  7.26it/s]
 15%|█▍        | 103/693 [00:20<01:36,  6.08it/s]
 15%|█▌        | 104/693 [00:20<01:51,  5.30it/s]
 15%|█▌        | 105/693 [00:20<01:58,  4.95it/s]
 15%|█▌        | 106/693 [00:21<02:02,  4.81it/s]
 15%|█▌        | 107/693 [00:21<01:49,  5.37it/s]
 16%|█▌        | 108/693 [00:21<01:40,  5.80it/s]
 16%|█▌        | 109/693 [00:21<01:33,  6.26it/s]
 16%|█▌        | 110/693 [00:21<01:29,  6.48it/s]
 16%|█▌        | 111/693 [00:21<01:25,  6.81it/s]
 16%|█▌        | 112/693 [00:21<01:25,  6.80it/s]
 16%|█▋        | 113/693 [00:22<01:23,  6.94it/s]
 16%|█▋        | 114/693 [00:22<01:22,  7.05it/s]
 17%|█▋        | 115/693 [00:22<01:26,  6.70it/s]
 17%|█▋        | 116/693 [00:22<01:33,  6.18it/s]
 17%|█▋        | 117/693 [00:22<01:46,  5.42it/s]
 17%|█▋        | 118/693 [00:23<01:55,  4.97it/s]
 17%|█▋        | 119/693 [00:23<02:01,  4.72it/s]
 17%|█▋        | 120/693 [00:23<01:53,  5.06it/s]
 17%|█▋        | 121/693 [00:23<01:44,  5.47it/s]
 18%|█▊        | 122/693 [00:23<01:36,  5.92it/s]
 18%|█▊        | 123/693 [00:23<01:30,  6.33it/s]
 18%|█▊        | 124/693 [00:23<01:26,  6.55it/s]
 18%|█▊        | 125/693 [00:24<01:22,  6.88it/s]
 18%|█▊        | 126/693 [00:24<01:21,  6.98it/s]
 18%|█▊        | 127/693 [00:24<01:18,  7.18it/s]
 18%|█▊        | 128/693 [00:24<01:24,  6.70it/s]
 19%|█▊        | 129/693 [00:24<01:21,  6.88it/s]
 19%|█▉        | 130/693 [00:24<01:19,  7.05it/s]
 19%|█▉        | 131/693 [00:24<01:18,  7.15it/s]
 19%|█▉        | 132/693 [00:25<01:15,  7.47it/s]
 19%|█▉        | 133/693 [00:25<01:29,  6.27it/s]
 19%|█▉        | 134/693 [00:25<01:41,  5.49it/s]
 19%|█▉        | 135/693 [00:25<01:50,  5.04it/s]
 20%|█▉        | 136/693 [00:26<01:56,  4.79it/s]
 20%|█▉        | 137/693 [00:26<01:44,  5.34it/s]
 20%|█▉        | 138/693 [00:26<01:33,  5.92it/s]
 20%|██        | 139/693 [00:26<01:25,  6.45it/s]
 20%|██        | 140/693 [00:26<01:22,  6.74it/s]
 20%|██        | 141/693 [00:26<01:17,  7.14it/s]
 20%|██        | 142/693 [00:26<01:14,  7.35it/s]
 21%|██        | 143/693 [00:26<01:12,  7.56it/s]
 21%|██        | 144/693 [00:27<02:12,  4.16it/s]
 21%|██        | 145/693 [00:27<02:39,  3.43it/s]
 21%|██        | 146/693 [00:28<02:28,  3.68it/s]
 21%|██        | 147/693 [00:28<02:03,  4.42it/s]
 21%|██▏       | 148/693 [00:28<01:48,  5.01it/s]
 22%|██▏       | 149/693 [00:28<01:34,  5.73it/s]
 22%|██▏       | 150/693 [00:28<01:27,  6.19it/s]
 22%|██▏       | 151/693 [00:28<01:20,  6.70it/s]
 22%|██▏       | 152/693 [00:28<01:24,  6.42it/s]
 22%|██▏       | 153/693 [00:28<01:18,  6.92it/s]
 22%|██▏       | 154/693 [00:29<01:16,  7.09it/s]
 22%|██▏       | 155/693 [00:29<01:12,  7.39it/s]
 23%|██▎       | 156/693 [00:29<01:15,  7.09it/s]
 23%|██▎       | 157/693 [00:29<01:30,  5.92it/s]
 23%|██▎       | 158/693 [00:29<01:41,  5.26it/s]
 23%|██▎       | 159/693 [00:30<01:48,  4.92it/s]
 23%|██▎       | 160/693 [00:30<01:47,  4.98it/s]
 23%|██▎       | 161/693 [00:30<01:34,  5.65it/s]
 23%|██▎       | 162/693 [00:30<01:26,  6.11it/s]
 24%|██▎       | 163/693 [00:30<01:20,  6.59it/s]
 24%|██▎       | 164/693 [00:30<01:15,  6.99it/s]
 24%|██▍       | 165/693 [00:30<01:12,  7.32it/s]
 24%|██▍       | 166/693 [00:31<01:12,  7.23it/s]
 24%|██▍       | 167/693 [00:31<01:09,  7.54it/s]
 24%|██▍       | 168/693 [00:31<01:09,  7.56it/s]
 24%|██▍       | 169/693 [00:31<01:07,  7.71it/s]
 25%|██▍       | 170/693 [00:31<01:21,  6.44it/s]
 25%|██▍       | 171/693 [00:31<01:34,  5.51it/s]
 25%|██▍       | 172/693 [00:32<01:44,  4.97it/s]
 25%|██▍       | 173/693 [00:32<01:49,  4.76it/s]
 25%|██▌       | 174/693 [00:32<01:41,  5.13it/s]
 25%|██▌       | 175/693 [00:32<01:31,  5.69it/s]
 25%|██▌       | 176/693 [00:32<01:27,  5.90it/s]
 26%|██▌       | 177/693 [00:32<01:21,  6.35it/s]
 26%|██▌       | 178/693 [00:33<01:20,  6.41it/s]
 26%|██▌       | 179/693 [00:33<01:18,  6.53it/s]
 26%|██▌       | 180/693 [00:33<01:16,  6.68it/s]
 26%|██▌       | 181/693 [00:33<01:15,  6.75it/s]
 26%|██▋       | 182/693 [00:33<01:19,  6.44it/s]
 26%|██▋       | 183/693 [00:33<01:31,  5.55it/s]
 27%|██▋       | 184/693 [00:34<01:41,  5.01it/s]
 27%|██▋       | 185/693 [00:34<01:46,  4.76it/s]
 27%|██▋       | 186/693 [00:34<01:45,  4.78it/s]
 27%|██▋       | 187/693 [00:34<01:34,  5.33it/s]
 27%|██▋       | 188/693 [00:34<01:29,  5.66it/s]
 27%|██▋       | 189/693 [00:34<01:21,  6.21it/s]
 27%|██▋       | 190/693 [00:35<01:17,  6.49it/s]
 28%|██▊       | 191/693 [00:35<01:13,  6.80it/s]
 28%|██▊       | 192/693 [00:35<01:12,  6.93it/s]
 28%|██▊       | 193/693 [00:35<01:11,  7.00it/s]
 28%|██▊       | 194/693 [00:35<01:10,  7.04it/s]
 28%|██▊       | 195/693 [00:35<01:21,  6.12it/s]
 28%|██▊       | 196/693 [00:36<01:32,  5.40it/s]
 28%|██▊       | 197/693 [00:36<01:39,  4.98it/s]
 29%|██▊       | 198/693 [00:36<01:44,  4.75it/s]
 29%|██▊       | 199/693 [00:36<01:30,  5.43it/s]
 29%|██▉       | 200/693 [00:36<01:22,  5.98it/s]
 29%|██▉       | 201/693 [00:36<01:16,  6.43it/s]
 29%|██▉       | 202/693 [00:37<01:11,  6.85it/s]
 29%|██▉       | 203/693 [00:37<01:40,  4.88it/s]
 29%|██▉       | 204/693 [00:37<01:29,  5.49it/s]
 30%|██▉       | 205/693 [00:37<01:19,  6.13it/s]
 30%|██▉       | 206/693 [00:37<01:15,  6.47it/s]
 30%|██▉       | 207/693 [00:37<01:13,  6.62it/s]
 30%|███       | 208/693 [00:38<01:25,  5.65it/s]
 30%|███       | 209/693 [00:38<01:33,  5.18it/s]
 30%|███       | 210/693 [00:38<02:10,  3.69it/s]
 30%|███       | 211/693 [00:39<01:49,  4.38it/s]
 31%|███       | 212/693 [00:39<01:35,  5.06it/s]
 31%|███       | 213/693 [00:39<01:23,  5.76it/s]
 31%|███       | 214/693 [00:39<01:16,  6.24it/s]
 31%|███       | 215/693 [00:39<01:11,  6.73it/s]
 31%|███       | 216/693 [00:39<01:08,  7.00it/s]
 31%|███▏      | 217/693 [00:39<01:04,  7.33it/s]
 31%|███▏      | 218/693 [00:40<02:51,  2.77it/s]
 32%|███▏      | 219/693 [00:40<02:16,  3.47it/s]
 32%|███▏      | 220/693 [00:40<01:53,  4.16it/s]
 32%|███▏      | 221/693 [00:41<01:36,  4.91it/s]
 32%|███▏      | 222/693 [00:41<01:25,  5.53it/s]
 32%|███▏      | 223/693 [00:41<01:16,  6.16it/s]
 32%|███▏      | 224/693 [00:41<01:11,  6.54it/s]
 32%|███▏      | 225/693 [00:41<01:07,  6.97it/s]
 33%|███▎      | 226/693 [00:42<03:16,  2.37it/s]
 33%|███▎      | 227/693 [00:42<02:34,  3.01it/s]
 33%|███▎      | 228/693 [00:42<02:07,  3.66it/s]
 33%|███▎      | 229/693 [00:42<01:44,  4.45it/s]
 33%|███▎      | 230/693 [00:43<01:30,  5.11it/s]
 33%|███▎      | 231/693 [00:43<01:19,  5.78it/s]
 33%|███▎      | 232/693 [00:43<01:16,  6.01it/s]
 34%|███▎      | 233/693 [00:43<01:10,  6.49it/s]
 34%|███▍      | 234/693 [00:43<01:10,  6.54it/s]
 34%|███▍      | 235/693 [00:43<01:06,  6.86it/s]
 34%|███▍      | 236/693 [00:43<01:05,  6.97it/s]
 34%|███▍      | 237/693 [00:44<01:03,  7.19it/s]
 34%|███▍      | 238/693 [00:44<01:03,  7.19it/s]
 34%|███▍      | 239/693 [00:44<01:01,  7.39it/s]
 35%|███▍      | 240/693 [00:44<01:01,  7.37it/s]
 35%|███▍      | 241/693 [00:44<01:08,  6.61it/s]
 35%|███▍      | 242/693 [00:44<01:20,  5.62it/s]
 35%|███▌      | 243/693 [00:45<01:28,  5.10it/s]
 35%|███▌      | 244/693 [00:45<01:34,  4.75it/s]
 35%|███▌      | 245/693 [00:45<01:24,  5.31it/s]
 35%|███▌      | 246/693 [00:45<01:18,  5.70it/s]
 36%|███▌      | 247/693 [00:45<01:11,  6.21it/s]
 36%|███▌      | 248/693 [00:46<01:34,  4.73it/s]
 36%|███▌      | 249/693 [00:46<01:21,  5.42it/s]
 36%|███▌      | 250/693 [00:46<01:14,  5.97it/s]
 36%|███▌      | 251/693 [00:46<01:07,  6.54it/s]
 36%|███▋      | 252/693 [00:46<01:01,  7.14it/s]
 37%|███▋      | 253/693 [00:46<01:01,  7.19it/s]
 37%|███▋      | 254/693 [00:46<01:13,  5.94it/s]
 37%|███▋      | 255/693 [00:47<01:22,  5.33it/s]
 37%|███▋      | 256/693 [00:47<01:27,  4.99it/s]
 37%|███▋      | 257/693 [00:47<01:27,  5.00it/s]
 37%|███▋      | 258/693 [00:47<01:16,  5.69it/s]
 37%|███▋      | 259/693 [00:47<01:08,  6.37it/s]
 38%|███▊      | 260/693 [00:48<02:16,  3.17it/s]
 38%|███▊      | 261/693 [00:48<01:50,  3.92it/s]
 38%|███▊      | 262/693 [00:48<01:33,  4.59it/s]
 38%|███▊      | 263/693 [00:48<01:24,  5.11it/s]
 38%|███▊      | 264/693 [00:49<01:29,  4.80it/s]
 38%|███▊      | 265/693 [00:49<01:32,  4.63it/s]
 38%|███▊      | 266/693 [00:49<01:34,  4.52it/s]
 39%|███▊      | 267/693 [00:49<01:30,  4.70it/s]
 39%|███▊      | 268/693 [00:49<01:18,  5.38it/s]
 39%|███▉      | 269/693 [00:50<01:09,  6.06it/s]
 39%|███▉      | 270/693 [00:50<01:03,  6.69it/s]
 39%|███▉      | 271/693 [00:50<00:58,  7.27it/s]
 39%|███▉      | 272/693 [00:50<00:55,  7.58it/s]
 39%|███▉      | 273/693 [00:50<00:53,  7.88it/s]
 40%|███▉      | 274/693 [00:50<00:51,  8.10it/s]
 40%|███▉      | 275/693 [00:50<00:49,  8.38it/s]
 40%|███▉      | 276/693 [00:50<00:50,  8.23it/s]
 40%|███▉      | 277/693 [00:50<00:49,  8.44it/s]
 40%|████      | 278/693 [00:51<00:48,  8.49it/s]
 40%|████      | 279/693 [00:51<00:57,  7.18it/s]
 40%|████      | 280/693 [00:51<01:09,  5.96it/s]
 41%|████      | 281/693 [00:51<01:17,  5.34it/s]
 41%|████      | 282/693 [00:51<01:22,  5.00it/s]
 41%|████      | 283/693 [00:52<01:15,  5.41it/s]
 41%|████      | 284/693 [00:52<01:07,  6.04it/s]
 41%|████      | 285/693 [00:52<01:01,  6.69it/s]
 41%|████▏     | 286/693 [00:52<00:57,  7.05it/s]
 41%|████▏     | 287/693 [00:52<00:54,  7.52it/s]
 42%|████▏     | 288/693 [00:52<00:51,  7.79it/s]
 42%|████▏     | 289/693 [00:52<00:49,  8.10it/s]
 42%|████▏     | 290/693 [00:52<00:48,  8.27it/s]
 42%|████▏     | 291/693 [00:53<00:47,  8.43it/s]
 42%|████▏     | 292/693 [00:53<00:49,  8.04it/s]
 42%|████▏     | 293/693 [00:53<00:52,  7.67it/s]
 42%|████▏     | 294/693 [00:53<01:03,  6.27it/s]
 43%|████▎     | 295/693 [00:53<01:12,  5.46it/s]
 43%|████▎     | 296/693 [00:54<01:18,  5.07it/s]
 43%|████▎     | 297/693 [00:54<01:19,  5.00it/s]
 43%|████▎     | 298/693 [00:54<01:09,  5.67it/s]
 43%|████▎     | 299/693 [00:54<01:01,  6.39it/s]
 43%|████▎     | 300/693 [00:54<00:57,  6.86it/s]
 43%|████▎     | 301/693 [00:54<00:53,  7.36it/s]
 44%|████▎     | 302/693 [00:54<00:50,  7.71it/s]
 44%|████▎     | 303/693 [00:55<01:20,  4.87it/s]
 44%|████▍     | 304/693 [00:55<01:10,  5.54it/s]
 44%|████▍     | 305/693 [00:55<01:02,  6.25it/s]
 44%|████▍     | 306/693 [00:55<01:05,  5.92it/s]
 44%|████▍     | 307/693 [00:55<01:12,  5.30it/s]
 44%|████▍     | 308/693 [00:56<01:17,  4.97it/s]
 45%|████▍     | 309/693 [00:56<01:21,  4.72it/s]
 45%|████▍     | 310/693 [00:56<01:13,  5.18it/s]
 45%|████▍     | 311/693 [00:56<01:05,  5.84it/s]
 45%|████▌     | 312/693 [00:56<00:59,  6.37it/s]
 45%|████▌     | 313/693 [00:56<00:54,  6.93it/s]
 45%|████▌     | 314/693 [00:56<00:51,  7.33it/s]
 45%|████▌     | 315/693 [00:57<00:47,  7.89it/s]
 46%|████▌     | 316/693 [00:57<00:46,  8.08it/s]
 46%|████▌     | 317/693 [00:57<00:45,  8.31it/s]
 46%|████▌     | 318/693 [00:57<00:44,  8.38it/s]
 46%|████▌     | 319/693 [00:57<00:43,  8.52it/s]
 46%|████▌     | 320/693 [00:57<01:16,  4.85it/s]
 46%|████▋     | 321/693 [00:58<01:19,  4.67it/s]
 46%|████▋     | 322/693 [00:58<01:15,  4.88it/s]
 47%|████▋     | 323/693 [00:58<01:06,  5.57it/s]
 47%|████▋     | 324/693 [00:58<01:00,  6.07it/s]
 47%|████▋     | 325/693 [00:58<00:56,  6.48it/s]
 47%|████▋     | 326/693 [00:58<00:53,  6.87it/s]
 47%|████▋     | 327/693 [01:00<03:12,  1.91it/s]
 47%|████▋     | 328/693 [01:00<02:27,  2.47it/s]
 47%|████▋     | 329/693 [01:00<01:56,  3.12it/s]
 48%|████▊     | 330/693 [01:00<01:34,  3.83it/s]
 48%|████▊     | 331/693 [01:00<01:19,  4.55it/s]
 48%|████▊     | 332/693 [01:00<01:09,  5.22it/s]
 48%|████▊     | 333/693 [01:00<01:01,  5.83it/s]
 48%|████▊     | 334/693 [01:01<00:57,  6.29it/s]
 48%|████▊     | 335/693 [01:01<00:55,  6.48it/s]
 48%|████▊     | 336/693 [01:01<01:03,  5.60it/s]
 49%|████▊     | 337/693 [01:01<01:09,  5.13it/s]
 49%|████▉     | 338/693 [01:01<01:13,  4.84it/s]
 49%|████▉     | 339/693 [01:02<01:12,  4.86it/s]
 49%|████▉     | 340/693 [01:02<01:05,  5.38it/s]
 49%|████▉     | 341/693 [01:02<00:57,  6.09it/s]
 49%|████▉     | 342/693 [01:02<00:54,  6.47it/s]
 49%|████▉     | 343/693 [01:02<00:51,  6.79it/s]
 50%|████▉     | 344/693 [01:02<00:49,  7.08it/s]
 50%|████▉     | 345/693 [01:02<00:47,  7.38it/s]
 50%|████▉     | 346/693 [01:03<00:45,  7.56it/s]
 50%|█████     | 347/693 [01:03<00:45,  7.65it/s]
 50%|█████     | 348/693 [01:03<00:45,  7.65it/s]
 50%|█████     | 349/693 [01:03<00:50,  6.84it/s]
 51%|█████     | 350/693 [01:03<01:00,  5.69it/s]
 51%|█████     | 351/693 [01:04<01:20,  4.24it/s]
 51%|█████     | 352/693 [01:04<01:11,  4.75it/s]
 51%|█████     | 353/693 [01:04<01:03,  5.38it/s]
 51%|█████     | 354/693 [01:04<00:58,  5.83it/s]
 51%|█████     | 355/693 [01:04<00:53,  6.31it/s]
 51%|█████▏    | 356/693 [01:04<00:50,  6.61it/s]
 52%|█████▏    | 357/693 [01:04<00:46,  7.17it/s]
 52%|█████▏    | 358/693 [01:05<00:45,  7.31it/s]
 52%|█████▏    | 359/693 [01:05<01:01,  5.41it/s]
 52%|█████▏    | 360/693 [01:05<01:02,  5.35it/s]
 52%|█████▏    | 361/693 [01:05<01:07,  4.94it/s]
 52%|█████▏    | 362/693 [01:05<01:09,  4.75it/s]
 52%|█████▏    | 363/693 [01:06<01:11,  4.58it/s]
 53%|█████▎    | 364/693 [01:06<01:04,  5.07it/s]
 53%|█████▎    | 365/693 [01:06<00:56,  5.79it/s]
 53%|█████▎    | 366/693 [01:06<00:51,  6.39it/s]
 53%|█████▎    | 367/693 [01:06<00:46,  6.98it/s]
 53%|█████▎    | 368/693 [01:06<00:45,  7.15it/s]
 53%|█████▎    | 369/693 [01:06<00:42,  7.62it/s]
 53%|█████▎    | 370/693 [01:07<00:40,  7.92it/s]
 54%|█████▎    | 371/693 [01:07<00:39,  8.15it/s]
 54%|█████▎    | 372/693 [01:07<00:40,  7.96it/s]
 54%|█████▍    | 373/693 [01:07<00:39,  8.20it/s]
 54%|█████▍    | 374/693 [01:07<00:45,  7.05it/s]
 54%|█████▍    | 375/693 [01:07<00:54,  5.84it/s]
 54%|█████▍    | 376/693 [01:08<02:00,  2.64it/s]
 54%|█████▍    | 377/693 [01:08<01:34,  3.33it/s]
 55%|█████▍    | 378/693 [01:08<01:17,  4.04it/s]
 55%|█████▍    | 379/693 [01:09<01:05,  4.76it/s]
 55%|█████▍    | 380/693 [01:09<01:00,  5.16it/s]
 55%|█████▍    | 381/693 [01:09<00:55,  5.65it/s]
 55%|█████▌    | 382/693 [01:09<00:52,  5.97it/s]
 55%|█████▌    | 383/693 [01:09<00:56,  5.51it/s]
 55%|█████▌    | 384/693 [01:10<01:49,  2.83it/s]
 56%|█████▌    | 385/693 [01:10<01:29,  3.44it/s]
 56%|█████▌    | 386/693 [01:10<01:15,  4.09it/s]
 56%|█████▌    | 387/693 [01:10<01:02,  4.92it/s]
 56%|█████▌    | 388/693 [01:11<00:58,  5.26it/s]
 56%|█████▌    | 389/693 [01:11<00:53,  5.68it/s]
 56%|█████▋    | 390/693 [01:11<00:50,  6.01it/s]
 56%|█████▋    | 391/693 [01:11<00:47,  6.40it/s]
 57%|█████▋    | 392/693 [01:11<00:47,  6.33it/s]
 57%|█████▋    | 393/693 [01:11<00:50,  5.99it/s]
 57%|█████▋    | 394/693 [01:12<00:55,  5.38it/s]
 57%|█████▋    | 395/693 [01:12<00:59,  4.99it/s]
 57%|█████▋    | 396/693 [01:12<01:03,  4.66it/s]
 57%|█████▋    | 397/693 [01:12<00:58,  5.10it/s]
 57%|█████▋    | 398/693 [01:12<00:51,  5.75it/s]
 58%|█████▊    | 399/693 [01:12<00:46,  6.31it/s]
 58%|█████▊    | 400/693 [01:13<00:45,  6.51it/s]
 58%|█████▊    | 401/693 [01:13<00:43,  6.67it/s]
 58%|█████▊    | 402/693 [01:13<00:42,  6.85it/s]
 58%|█████▊    | 403/693 [01:13<00:43,  6.73it/s]
 58%|█████▊    | 404/693 [01:13<00:42,  6.80it/s]
 58%|█████▊    | 405/693 [01:13<00:41,  6.92it/s]
 59%|█████▊    | 406/693 [01:14<00:49,  5.75it/s]
 59%|█████▊    | 407/693 [01:14<00:55,  5.19it/s]
 59%|█████▉    | 408/693 [01:14<00:59,  4.82it/s]
 59%|█████▉    | 409/693 [01:14<00:59,  4.74it/s]
 59%|█████▉    | 410/693 [01:14<00:54,  5.22it/s]
 59%|█████▉    | 411/693 [01:15<00:51,  5.50it/s]
 59%|█████▉    | 412/693 [01:15<00:47,  5.89it/s]
 60%|█████▉    | 413/693 [01:15<00:43,  6.47it/s]
 60%|█████▉    | 414/693 [01:15<00:40,  6.83it/s]
 60%|█████▉    | 415/693 [01:15<00:40,  6.88it/s]
 60%|██████    | 416/693 [01:15<00:38,  7.17it/s]
 60%|██████    | 417/693 [01:15<00:37,  7.44it/s]
 60%|██████    | 418/693 [01:15<00:38,  7.12it/s]
 60%|██████    | 419/693 [01:16<00:46,  5.88it/s]
 61%|██████    | 420/693 [01:16<00:51,  5.27it/s]
 61%|██████    | 421/693 [01:16<00:55,  4.90it/s]
 61%|██████    | 422/693 [01:16<00:55,  4.90it/s]
 61%|██████    | 423/693 [01:17<00:49,  5.43it/s]
 61%|██████    | 424/693 [01:17<00:45,  5.93it/s]
 61%|██████▏   | 425/693 [01:17<00:41,  6.40it/s]
 61%|██████▏   | 426/693 [01:17<00:40,  6.54it/s]
 62%|██████▏   | 427/693 [01:17<00:39,  6.68it/s]
 62%|██████▏   | 428/693 [01:18<01:07,  3.94it/s]
 62%|██████▏   | 429/693 [01:18<01:04,  4.08it/s]
 62%|██████▏   | 430/693 [01:18<01:04,  4.11it/s]
 62%|██████▏   | 431/693 [01:18<01:03,  4.14it/s]
 62%|██████▏   | 432/693 [01:18<01:01,  4.24it/s]
 62%|██████▏   | 433/693 [01:19<00:53,  4.88it/s]
 63%|██████▎   | 434/693 [01:19<00:47,  5.41it/s]
 63%|██████▎   | 435/693 [01:19<00:43,  5.97it/s]
 63%|██████▎   | 436/693 [01:19<00:42,  6.09it/s]
 63%|██████▎   | 437/693 [01:19<00:41,  6.21it/s]
 63%|██████▎   | 438/693 [01:19<00:39,  6.48it/s]
 63%|██████▎   | 439/693 [01:19<00:37,  6.81it/s]
 63%|██████▎   | 440/693 [01:20<00:36,  6.94it/s]
 64%|██████▎   | 441/693 [01:20<00:35,  7.19it/s]
 64%|██████▍   | 442/693 [01:20<00:38,  6.57it/s]
 64%|██████▍   | 443/693 [01:20<00:44,  5.64it/s]
 64%|██████▍   | 444/693 [01:20<00:48,  5.09it/s]
 64%|██████▍   | 445/693 [01:21<00:51,  4.79it/s]
 64%|██████▍   | 446/693 [01:21<00:49,  5.00it/s]
 65%|██████▍   | 447/693 [01:21<00:44,  5.58it/s]
 65%|██████▍   | 448/693 [01:21<00:40,  5.98it/s]
 65%|██████▍   | 449/693 [01:21<00:38,  6.28it/s]
 65%|██████▍   | 450/693 [01:21<00:37,  6.40it/s]
 65%|██████▌   | 451/693 [01:21<00:35,  6.74it/s]
 65%|██████▌   | 452/693 [01:22<00:35,  6.85it/s]
 65%|██████▌   | 453/693 [01:22<00:33,  7.07it/s]
 66%|██████▌   | 454/693 [01:22<00:34,  6.83it/s]
 66%|██████▌   | 455/693 [01:22<00:40,  5.90it/s]
 66%|██████▌   | 456/693 [01:22<00:45,  5.24it/s]
 66%|██████▌   | 457/693 [01:23<00:48,  4.89it/s]
 66%|██████▌   | 458/693 [01:23<00:49,  4.76it/s]
 66%|██████▌   | 459/693 [01:23<00:44,  5.31it/s]
 66%|██████▋   | 460/693 [01:23<00:40,  5.76it/s]
 67%|██████▋   | 461/693 [01:23<00:37,  6.23it/s]
 67%|██████▋   | 462/693 [01:23<00:36,  6.31it/s]
 67%|██████▋   | 463/693 [01:24<00:34,  6.71it/s]
 67%|██████▋   | 464/693 [01:24<00:32,  6.98it/s]
 67%|██████▋   | 465/693 [01:24<00:32,  6.94it/s]
 67%|██████▋   | 466/693 [01:24<00:32,  7.05it/s]
 67%|██████▋   | 467/693 [01:24<00:34,  6.51it/s]
 68%|██████▊   | 468/693 [01:24<00:40,  5.55it/s]
 68%|██████▊   | 469/693 [01:25<00:43,  5.11it/s]
 68%|██████▊   | 470/693 [01:25<00:46,  4.82it/s]
 68%|██████▊   | 471/693 [01:25<00:42,  5.26it/s]
 68%|██████▊   | 472/693 [01:25<00:37,  5.85it/s]
 68%|██████▊   | 473/693 [01:25<00:34,  6.35it/s]
 68%|██████▊   | 474/693 [01:25<00:32,  6.69it/s]
 69%|██████▊   | 475/693 [01:26<00:31,  6.99it/s]
 69%|██████▊   | 476/693 [01:26<00:30,  7.11it/s]
 69%|██████▉   | 477/693 [01:27<01:18,  2.77it/s]
 69%|██████▉   | 478/693 [01:27<01:09,  3.10it/s]
 69%|██████▉   | 479/693 [01:27<01:02,  3.42it/s]
 69%|██████▉   | 480/693 [01:27<00:51,  4.16it/s]
 69%|██████▉   | 481/693 [01:27<00:42,  4.96it/s]
 70%|██████▉   | 482/693 [01:27<00:37,  5.68it/s]
 70%|██████▉   | 483/693 [01:27<00:33,  6.34it/s]
 70%|██████▉   | 484/693 [01:28<00:30,  6.92it/s]
 70%|██████▉   | 485/693 [01:28<00:28,  7.29it/s]
 70%|███████   | 486/693 [01:28<00:27,  7.51it/s]
 70%|███████   | 487/693 [01:28<00:25,  7.98it/s]
 70%|███████   | 488/693 [01:28<00:25,  8.19it/s]
 71%|███████   | 489/693 [01:28<00:24,  8.38it/s]
 71%|███████   | 490/693 [01:28<00:25,  7.86it/s]
 71%|███████   | 491/693 [01:29<00:32,  6.25it/s]
 71%|███████   | 492/693 [01:29<00:36,  5.53it/s]
 71%|███████   | 493/693 [01:29<00:39,  5.09it/s]
 71%|███████▏  | 494/693 [01:29<00:39,  5.07it/s]
 71%|███████▏  | 495/693 [01:29<00:34,  5.80it/s]
 72%|███████▏  | 496/693 [01:29<00:30,  6.47it/s]
 72%|███████▏  | 497/693 [01:30<00:28,  6.99it/s]
 72%|███████▏  | 498/693 [01:30<00:26,  7.42it/s]
 72%|███████▏  | 499/693 [01:30<00:24,  7.83it/s]
 72%|███████▏  | 500/693 [01:30<00:23,  8.08it/s]
 72%|███████▏  | 501/693 [01:30<00:23,  8.18it/s]
 72%|███████▏  | 502/693 [01:30<00:23,  8.25it/s]
 73%|███████▎  | 503/693 [01:30<00:22,  8.38it/s]
 73%|███████▎  | 504/693 [01:31<00:34,  5.50it/s]
 73%|███████▎  | 505/693 [01:31<00:36,  5.10it/s]
 73%|███████▎  | 506/693 [01:31<00:38,  4.83it/s]
 73%|███████▎  | 507/693 [01:31<00:40,  4.63it/s]
 73%|███████▎  | 508/693 [01:31<00:40,  4.54it/s]
 73%|███████▎  | 509/693 [01:32<00:35,  5.22it/s]
 74%|███████▎  | 510/693 [01:32<00:31,  5.76it/s]
 74%|███████▎  | 511/693 [01:32<00:28,  6.37it/s]
 74%|███████▍  | 512/693 [01:32<00:27,  6.60it/s]
 74%|███████▍  | 513/693 [01:32<00:25,  7.02it/s]
 74%|███████▍  | 514/693 [01:33<01:06,  2.67it/s]
 74%|███████▍  | 515/693 [01:33<00:54,  3.29it/s]
 74%|███████▍  | 516/693 [01:33<00:45,  3.93it/s]
 75%|███████▍  | 517/693 [01:33<00:37,  4.68it/s]
 75%|███████▍  | 518/693 [01:34<00:33,  5.30it/s]
 75%|███████▍  | 519/693 [01:34<00:29,  5.97it/s]
 75%|███████▌  | 520/693 [01:34<00:27,  6.35it/s]
 75%|███████▌  | 521/693 [01:34<00:25,  6.82it/s]
 75%|███████▌  | 522/693 [01:35<00:48,  3.54it/s]
 75%|███████▌  | 523/693 [01:35<00:39,  4.35it/s]
 76%|███████▌  | 524/693 [01:35<00:34,  4.95it/s]
 76%|███████▌  | 525/693 [01:35<00:30,  5.53it/s]
 76%|███████▌  | 526/693 [01:35<00:28,  5.88it/s]
 76%|███████▌  | 527/693 [01:38<02:38,  1.05it/s]
 76%|███████▌  | 528/693 [01:38<01:57,  1.41it/s]
 76%|███████▋  | 529/693 [01:38<01:27,  1.87it/s]
 76%|███████▋  | 530/693 [01:38<01:07,  2.42it/s]
 77%|███████▋  | 531/693 [01:38<00:52,  3.07it/s]
 77%|███████▋  | 532/693 [01:38<00:43,  3.72it/s]
 77%|███████▋  | 533/693 [01:39<00:36,  4.44it/s]
 77%|███████▋  | 534/693 [01:39<00:31,  5.01it/s]
 77%|███████▋  | 535/693 [01:39<00:27,  5.72it/s]
 77%|███████▋  | 536/693 [01:39<00:25,  6.13it/s]
 77%|███████▋  | 537/693 [01:39<00:23,  6.63it/s]
 78%|███████▊  | 538/693 [01:39<00:22,  6.79it/s]
 78%|███████▊  | 539/693 [01:39<00:21,  7.16it/s]
 78%|███████▊  | 540/693 [01:40<00:21,  7.22it/s]
 78%|███████▊  | 541/693 [01:40<00:20,  7.45it/s]
 78%|███████▊  | 542/693 [01:40<00:20,  7.36it/s]
 78%|███████▊  | 543/693 [01:40<00:20,  7.26it/s]
 78%|███████▊  | 544/693 [01:40<00:20,  7.30it/s]
 79%|███████▊  | 545/693 [01:40<00:19,  7.54it/s]
 79%|███████▉  | 546/693 [01:40<00:19,  7.50it/s]
 79%|███████▉  | 547/693 [01:40<00:18,  7.70it/s]
 79%|███████▉  | 548/693 [01:41<00:19,  7.60it/s]
 79%|███████▉  | 549/693 [01:41<00:18,  7.74it/s]
 79%|███████▉  | 550/693 [01:41<00:18,  7.60it/s]
 80%|███████▉  | 551/693 [01:41<00:18,  7.64it/s]
 80%|███████▉  | 552/693 [01:41<00:18,  7.53it/s]
 80%|███████▉  | 553/693 [01:41<00:18,  7.68it/s]
 80%|███████▉  | 554/693 [01:41<00:17,  7.90it/s]
 80%|████████  | 555/693 [01:41<00:16,  8.18it/s]
 80%|████████  | 556/693 [01:42<00:16,  8.35it/s]
 80%|████████  | 557/693 [01:42<00:16,  8.41it/s]
 81%|████████  | 558/693 [01:42<00:15,  8.47it/s]
 81%|████████  | 559/693 [01:43<00:57,  2.34it/s]
 81%|████████  | 560/693 [01:43<00:44,  2.96it/s]
 81%|████████  | 561/693 [01:43<00:36,  3.60it/s]
 81%|████████  | 562/693 [01:43<00:30,  4.27it/s]
 81%|████████  | 563/693 [01:43<00:26,  4.96it/s]
 81%|████████▏ | 564/693 [01:44<00:23,  5.49it/s]
 82%|████████▏ | 565/693 [01:44<00:21,  6.05it/s]
 82%|████████▏ | 566/693 [01:44<00:19,  6.37it/s]
 82%|████████▏ | 567/693 [01:45<01:03,  1.98it/s]
 82%|████████▏ | 568/693 [01:45<00:49,  2.55it/s]
 82%|████████▏ | 569/693 [01:45<00:38,  3.19it/s]
 82%|████████▏ | 570/693 [01:46<00:31,  3.85it/s]
 82%|████████▏ | 571/693 [01:46<00:26,  4.54it/s]
 83%|████████▎ | 572/693 [01:46<00:23,  5.13it/s]
 83%|████████▎ | 573/693 [01:46<00:20,  5.72it/s]
 83%|████████▎ | 574/693 [01:46<00:19,  6.10it/s]
 83%|████████▎ | 575/693 [01:46<00:20,  5.86it/s]
 83%|████████▎ | 576/693 [01:46<00:18,  6.19it/s]
 83%|████████▎ | 577/693 [01:47<00:17,  6.70it/s]
 83%|████████▎ | 578/693 [01:47<00:16,  7.03it/s]
 84%|████████▎ | 579/693 [01:47<00:15,  7.43it/s]
 84%|████████▎ | 580/693 [01:47<00:15,  7.51it/s]
 84%|████████▍ | 581/693 [01:47<00:14,  7.81it/s]
 84%|████████▍ | 582/693 [01:47<00:14,  7.80it/s]
 84%|████████▍ | 583/693 [01:48<00:25,  4.33it/s]
 84%|████████▍ | 584/693 [01:48<00:22,  4.95it/s]
 84%|████████▍ | 585/693 [01:48<00:18,  5.78it/s]
 85%|████████▍ | 586/693 [01:48<00:16,  6.42it/s]
 85%|████████▍ | 587/693 [01:48<00:15,  7.05it/s]
 85%|████████▍ | 588/693 [01:48<00:14,  7.44it/s]
 85%|████████▍ | 589/693 [01:48<00:13,  7.80it/s]
 85%|████████▌ | 590/693 [01:48<00:12,  8.04it/s]
 85%|████████▌ | 591/693 [01:49<00:32,  3.11it/s]
 85%|████████▌ | 592/693 [01:49<00:26,  3.75it/s]
 86%|████████▌ | 593/693 [01:49<00:21,  4.55it/s]
 86%|████████▌ | 594/693 [01:50<00:18,  5.31it/s]
 86%|████████▌ | 595/693 [01:50<00:16,  6.06it/s]
 86%|████████▌ | 596/693 [01:50<00:14,  6.62it/s]
 86%|████████▌ | 597/693 [01:50<00:13,  7.19it/s]
 86%|████████▋ | 598/693 [01:50<00:12,  7.62it/s]
 86%|████████▋ | 599/693 [01:50<00:13,  6.94it/s]
 87%|████████▋ | 600/693 [01:50<00:12,  7.30it/s]
 87%|████████▋ | 601/693 [01:50<00:11,  7.71it/s]
 87%|████████▋ | 602/693 [01:51<00:11,  7.97it/s]
 87%|████████▋ | 603/693 [01:51<00:10,  8.32it/s]
 87%|████████▋ | 604/693 [01:51<00:10,  8.41it/s]
 87%|████████▋ | 605/693 [01:51<00:10,  8.54it/s]
 87%|████████▋ | 606/693 [01:51<00:10,  8.47it/s]
 88%|████████▊ | 607/693 [01:51<00:13,  6.17it/s]
 88%|████████▊ | 608/693 [01:51<00:12,  6.66it/s]
 88%|████████▊ | 609/693 [01:52<00:13,  6.09it/s]
 88%|████████▊ | 610/693 [01:52<00:13,  5.97it/s]
 88%|████████▊ | 611/693 [01:52<00:14,  5.82it/s]
 88%|████████▊ | 612/693 [01:52<00:12,  6.28it/s]
 88%|████████▊ | 613/693 [01:52<00:11,  6.84it/s]
 89%|████████▊ | 614/693 [01:52<00:11,  7.08it/s]
 89%|████████▊ | 615/693 [01:53<00:11,  6.86it/s]
 89%|████████▉ | 616/693 [01:53<00:10,  7.02it/s]
 89%|████████▉ | 617/693 [01:53<00:19,  4.00it/s]
 89%|████████▉ | 618/693 [01:53<00:15,  4.74it/s]
 89%|████████▉ | 619/693 [01:53<00:13,  5.44it/s]
 89%|████████▉ | 620/693 [01:53<00:11,  6.08it/s]
 90%|████████▉ | 621/693 [01:54<00:10,  6.69it/s]
 90%|████████▉ | 622/693 [01:54<00:09,  7.19it/s]
 90%|████████▉ | 623/693 [01:54<00:09,  7.47it/s]
 90%|█████████ | 624/693 [01:54<00:08,  7.71it/s]
 90%|█████████ | 625/693 [01:54<00:08,  8.02it/s]
 90%|█████████ | 626/693 [01:54<00:08,  8.10it/s]
 90%|█████████ | 627/693 [01:55<00:16,  3.99it/s]
 91%|█████████ | 628/693 [01:55<00:13,  4.65it/s]
 91%|█████████ | 629/693 [01:55<00:11,  5.37it/s]
 91%|█████████ | 630/693 [01:55<00:10,  5.92it/s]
 91%|█████████ | 631/693 [01:55<00:09,  6.52it/s]
 91%|█████████ | 632/693 [01:55<00:08,  6.88it/s]
 91%|█████████▏| 633/693 [01:55<00:08,  7.24it/s]
 91%|█████████▏| 634/693 [01:56<00:08,  7.15it/s]
 92%|█████████▏| 635/693 [01:56<00:08,  6.46it/s]
 92%|█████████▏| 636/693 [01:56<00:08,  6.90it/s]
 92%|█████████▏| 637/693 [01:56<00:10,  5.13it/s]
 92%|█████████▏| 638/693 [01:56<00:09,  5.76it/s]
 92%|█████████▏| 639/693 [01:56<00:08,  6.46it/s]
 92%|█████████▏| 640/693 [01:59<00:38,  1.39it/s]
 92%|█████████▏| 641/693 [01:59<00:28,  1.85it/s]
 93%|█████████▎| 642/693 [01:59<00:21,  2.42it/s]
 93%|█████████▎| 643/693 [01:59<00:16,  3.08it/s]
 93%|█████████▎| 644/693 [01:59<00:13,  3.74it/s]
 93%|█████████▎| 645/693 [01:59<00:10,  4.51it/s]
 93%|█████████▎| 646/693 [01:59<00:09,  5.17it/s]
 93%|█████████▎| 647/693 [01:59<00:07,  5.85it/s]
 94%|█████████▎| 648/693 [02:00<00:12,  3.51it/s]
 94%|█████████▎| 649/693 [02:00<00:10,  4.27it/s]
 94%|█████████▍| 650/693 [02:00<00:08,  4.92it/s]
 94%|█████████▍| 651/693 [02:00<00:07,  5.60it/s]
 94%|█████████▍| 652/693 [02:00<00:06,  6.13it/s]
 94%|█████████▍| 653/693 [02:01<00:06,  6.63it/s]
 94%|█████████▍| 654/693 [02:01<00:05,  6.94it/s]
 95%|█████████▍| 655/693 [02:01<00:05,  7.28it/s]
 95%|█████████▍| 656/693 [02:01<00:08,  4.16it/s]
 95%|█████████▍| 657/693 [02:01<00:07,  4.91it/s]
 95%|█████████▍| 658/693 [02:02<00:06,  5.64it/s]
 95%|█████████▌| 659/693 [02:02<00:05,  6.31it/s]
 95%|█████████▌| 660/693 [02:02<00:04,  6.90it/s]
 95%|█████████▌| 661/693 [02:02<00:04,  7.29it/s]
 96%|█████████▌| 662/693 [02:02<00:04,  7.61it/s]
 96%|█████████▌| 663/693 [02:02<00:03,  7.95it/s]
 96%|█████████▌| 664/693 [02:04<00:16,  1.77it/s]
 96%|█████████▌| 665/693 [02:04<00:12,  2.32it/s]
 96%|█████████▌| 666/693 [02:04<00:09,  2.99it/s]
 96%|█████████▌| 667/693 [02:04<00:06,  3.74it/s]
 96%|█████████▋| 668/693 [02:04<00:05,  4.51it/s]
 97%|█████████▋| 669/693 [02:04<00:04,  5.28it/s]
 97%|█████████▋| 670/693 [02:04<00:03,  5.88it/s]
 97%|█████████▋| 671/693 [02:04<00:03,  6.69it/s]
 97%|█████████▋| 672/693 [02:05<00:03,  6.97it/s]
 97%|█████████▋| 673/693 [02:05<00:02,  7.54it/s]
 97%|█████████▋| 674/693 [02:05<00:02,  7.85it/s]
 97%|█████████▋| 675/693 [02:05<00:02,  8.16it/s]
 98%|█████████▊| 676/693 [02:05<00:02,  8.19it/s]
 98%|█████████▊| 677/693 [02:05<00:01,  8.39it/s]
 98%|█████████▊| 678/693 [02:05<00:01,  8.47it/s]
 98%|█████████▊| 679/693 [02:05<00:01,  8.39it/s]
 98%|█████████▊| 680/693 [02:06<00:01,  8.20it/s]
 98%|█████████▊| 681/693 [02:06<00:01,  8.37it/s]
 98%|█████████▊| 682/693 [02:06<00:01,  8.20it/s]
 99%|█████████▊| 683/693 [02:06<00:01,  5.59it/s]
 99%|█████████▊| 684/693 [02:06<00:01,  6.01it/s]
 99%|█████████▉| 685/693 [02:06<00:01,  6.59it/s]
 99%|█████████▉| 686/693 [02:06<00:01,  6.87it/s]
 99%|█████████▉| 687/693 [02:07<00:00,  7.26it/s]
 99%|█████████▉| 688/693 [02:07<00:00,  7.40it/s]
 99%|█████████▉| 689/693 [02:07<00:01,  3.16it/s]
100%|█████████▉| 690/693 [02:08<00:00,  3.85it/s]
100%|█████████▉| 691/693 [02:08<00:00,  4.61it/s]
100%|█████████▉| 692/693 [02:08<00:00,  5.29it/s]
100%|██████████| 693/693 [02:08<00:00,  5.98it/s]
100%|██████████| 693/693 [02:08<00:00,  5.39it/s]
Training loss: 0.6194467368881079, KL loss: 0.3791339064035753, Sim loss: 6.875275967616081e-05, Exo CLS loss: 0.48722584249416817, 
Noun sim loss: 0.1179816871666461, Part sim loss: 0.14748242112551244, Proto loss: 0.9762546854445773, Conc loss: 0.09556714179260391
learning rate:3.85440947804104e-05


  0%|          | 0/168 [00:00<?, ?it/s]
  1%|          | 1/168 [00:00<02:24,  1.15it/s]
  3%|▎         | 5/168 [00:01<00:32,  5.09it/s]
  5%|▌         | 9/168 [00:01<00:16,  9.76it/s]
  7%|▋         | 12/168 [00:01<00:14, 10.79it/s]
 10%|▉         | 16/168 [00:01<00:09, 15.44it/s]
 11%|█▏        | 19/168 [00:02<00:15,  9.83it/s]
 14%|█▍        | 24/168 [00:02<00:09, 14.61it/s]
 16%|█▌        | 27/168 [00:02<00:15,  9.30it/s]
 19%|█▉        | 32/168 [00:03<00:10, 13.37it/s]
 22%|██▏       | 37/168 [00:03<00:07, 17.62it/s]
 25%|██▌       | 42/168 [00:03<00:05, 21.37it/s]
 27%|██▋       | 46/168 [00:03<00:05, 23.94it/s]
 30%|██▉       | 50/168 [00:03<00:04, 25.81it/s]
 32%|███▏      | 54/168 [00:03<00:04, 27.49it/s]
 35%|███▍      | 58/168 [00:03<00:04, 24.44it/s]
 36%|███▋      | 61/168 [00:04<00:04, 22.80it/s]
 39%|███▉      | 66/168 [00:04<00:03, 27.49it/s]
 42%|████▏     | 70/168 [00:04<00:04, 22.85it/s]
 45%|████▍     | 75/168 [00:04<00:03, 26.74it/s]
 47%|████▋     | 79/168 [00:04<00:03, 28.10it/s]
 49%|████▉     | 83/168 [00:05<00:05, 16.98it/s]
 52%|█████▏    | 87/168 [00:05<00:04, 20.23it/s]
 54%|█████▍    | 91/168 [00:05<00:03, 22.00it/s]
 56%|█████▌    | 94/168 [00:05<00:03, 23.39it/s]
 59%|█████▉    | 99/168 [00:05<00:02, 27.54it/s]
 61%|██████▏   | 103/168 [00:05<00:02, 29.67it/s]
 64%|██████▎   | 107/168 [00:05<00:01, 30.72it/s]
 67%|██████▋   | 112/168 [00:05<00:01, 33.80it/s]
 69%|██████▉   | 116/168 [00:06<00:01, 34.28it/s]
 71%|███████▏  | 120/168 [00:06<00:01, 34.95it/s]
 74%|███████▍  | 124/168 [00:06<00:01, 34.98it/s]
 76%|███████▌  | 128/168 [00:06<00:01, 35.68it/s]
 79%|███████▊  | 132/168 [00:06<00:01, 35.46it/s]
 81%|████████  | 136/168 [00:06<00:00, 35.74it/s]
 83%|████████▎ | 140/168 [00:06<00:00, 35.24it/s]
 86%|████████▋ | 145/168 [00:06<00:00, 36.41it/s]
 89%|████████▊ | 149/168 [00:06<00:00, 37.26it/s]
 91%|█████████ | 153/168 [00:07<00:00, 36.67it/s]
 94%|█████████▍| 158/168 [00:07<00:00, 38.03it/s]
 96%|█████████▋| 162/168 [00:07<00:00, 17.45it/s]
 99%|█████████▉| 167/168 [00:07<00:00, 21.85it/s]
100%|██████████| 168/168 [00:07<00:00, 21.01it/s]
Result on AGD: 
KLD=0.9230710864067078, SIM=0.5241305232048035, NSS=1.5349855422973633
noun sim: 0.10886522905812376, part sim: 0.14482739904806727
No KLD improvement for 6 epoch(s). Best KLD: 0.8719511032104492, Current KLD: 0.9230710864067078
============Training Epoch 13============

  0%|          | 0/693 [00:00<?, ?it/s]/mnt/sdb/wyn/envs/clip-env/lib/python3.10/site-packages/torch/_tensor.py:1002: UserWarning: non-inplace resize is deprecated
  warnings.warn("non-inplace resize is deprecated")
/mnt/sdb/wyn/envs/clip-env/lib/python3.10/site-packages/torch/_tensor.py:1002: UserWarning: non-inplace resize is deprecated
  warnings.warn("non-inplace resize is deprecated")
/mnt/sdb/wyn/envs/clip-env/lib/python3.10/site-packages/torch/_tensor.py:1002: UserWarning: non-inplace resize is deprecated
  warnings.warn("non-inplace resize is deprecated")
/mnt/sdb/wyn/envs/clip-env/lib/python3.10/site-packages/torch/_tensor.py:1002: UserWarning: non-inplace resize is deprecated
  warnings.warn("non-inplace resize is deprecated")
/mnt/sdb/wyn/envs/clip-env/lib/python3.10/site-packages/torch/_tensor.py:1002: UserWarning: non-inplace resize is deprecated
  warnings.warn("non-inplace resize is deprecated")
/mnt/sdb/wyn/envs/clip-env/lib/python3.10/site-packages/torch/_tensor.py:1002: UserWarning: non-inplace resize is deprecated
  warnings.warn("non-inplace resize is deprecated")
/mnt/sdb/wyn/envs/clip-env/lib/python3.10/site-packages/torch/_tensor.py:1002: UserWarning: non-inplace resize is deprecated
  warnings.warn("non-inplace resize is deprecated")
/mnt/sdb/wyn/envs/clip-env/lib/python3.10/site-packages/torch/_tensor.py:1002: UserWarning: non-inplace resize is deprecated
  warnings.warn("non-inplace resize is deprecated")

  0%|          | 1/693 [00:01<17:05,  1.48s/it]
  0%|          | 2/693 [00:01<09:43,  1.18it/s]
  0%|          | 3/693 [00:02<05:56,  1.93it/s]
  1%|          | 4/693 [00:02<05:49,  1.97it/s]
  1%|          | 5/693 [00:02<04:14,  2.70it/s]
  1%|          | 6/693 [00:02<03:19,  3.44it/s]
  1%|          | 7/693 [00:03<03:22,  3.39it/s]
  1%|          | 8/693 [00:03<02:48,  4.08it/s]
  1%|▏         | 9/693 [00:03<02:22,  4.79it/s]
  1%|▏         | 10/693 [00:04<04:22,  2.60it/s]
  2%|▏         | 11/693 [00:04<03:27,  3.29it/s]
  2%|▏         | 12/693 [00:04<02:50,  3.98it/s]
  2%|▏         | 13/693 [00:04<02:23,  4.72it/s]
  2%|▏         | 14/693 [00:04<02:07,  5.31it/s]
  2%|▏         | 15/693 [00:05<04:02,  2.80it/s]
  2%|▏         | 16/693 [00:05<03:15,  3.46it/s]
  2%|▏         | 17/693 [00:05<02:40,  4.20it/s]
  3%|▎         | 18/693 [00:05<02:48,  4.01it/s]
  3%|▎         | 19/693 [00:06<02:21,  4.77it/s]
  3%|▎         | 20/693 [00:06<02:04,  5.39it/s]
  3%|▎         | 21/693 [00:06<01:52,  5.99it/s]
  3%|▎         | 22/693 [00:06<01:45,  6.36it/s]
  3%|▎         | 23/693 [00:06<01:39,  6.76it/s]
  3%|▎         | 24/693 [00:06<01:34,  7.11it/s]
  4%|▎         | 25/693 [00:06<01:29,  7.49it/s]
  4%|▍         | 26/693 [00:07<02:09,  5.16it/s]
  4%|▍         | 27/693 [00:07<01:54,  5.84it/s]
  4%|▍         | 28/693 [00:07<01:45,  6.28it/s]
  4%|▍         | 29/693 [00:07<01:38,  6.77it/s]
  4%|▍         | 30/693 [00:07<01:34,  7.01it/s]
  4%|▍         | 31/693 [00:07<01:31,  7.25it/s]
  5%|▍         | 32/693 [00:07<01:29,  7.35it/s]
  5%|▍         | 33/693 [00:07<01:28,  7.50it/s]
  5%|▍         | 34/693 [00:08<02:48,  3.91it/s]
  5%|▌         | 35/693 [00:08<02:20,  4.69it/s]
  5%|▌         | 36/693 [00:08<02:06,  5.18it/s]
  5%|▌         | 37/693 [00:08<01:51,  5.89it/s]
  5%|▌         | 38/693 [00:09<01:44,  6.29it/s]
  6%|▌         | 39/693 [00:09<01:35,  6.83it/s]
  6%|▌         | 40/693 [00:09<01:32,  7.07it/s]
  6%|▌         | 41/693 [00:09<01:28,  7.40it/s]
  6%|▌         | 42/693 [00:09<01:31,  7.12it/s]
  6%|▌         | 43/693 [00:09<01:26,  7.51it/s]
  6%|▋         | 44/693 [00:09<01:23,  7.78it/s]
  6%|▋         | 45/693 [00:09<01:19,  8.14it/s]
  7%|▋         | 46/693 [00:10<01:17,  8.32it/s]
  7%|▋         | 47/693 [00:10<01:16,  8.45it/s]
  7%|▋         | 48/693 [00:10<01:16,  8.48it/s]
  7%|▋         | 49/693 [00:10<01:14,  8.66it/s]
  7%|▋         | 50/693 [00:11<04:30,  2.37it/s]
  7%|▋         | 51/693 [00:11<03:32,  3.01it/s]
  8%|▊         | 52/693 [00:11<02:54,  3.67it/s]
  8%|▊         | 53/693 [00:11<02:26,  4.36it/s]
  8%|▊         | 54/693 [00:12<02:07,  5.00it/s]
  8%|▊         | 55/693 [00:12<01:52,  5.69it/s]
  8%|▊         | 56/693 [00:12<01:48,  5.89it/s]
  8%|▊         | 57/693 [00:12<01:37,  6.52it/s]
  8%|▊         | 58/693 [00:12<01:35,  6.63it/s]
  9%|▊         | 59/693 [00:12<01:30,  7.02it/s]
  9%|▊         | 60/693 [00:12<01:27,  7.20it/s]
  9%|▉         | 61/693 [00:12<01:23,  7.57it/s]
  9%|▉         | 62/693 [00:13<01:22,  7.69it/s]
  9%|▉         | 63/693 [00:13<01:20,  7.83it/s]
  9%|▉         | 64/693 [00:13<02:57,  3.54it/s]
  9%|▉         | 65/693 [00:13<02:26,  4.28it/s]
 10%|▉         | 66/693 [00:14<02:06,  4.94it/s]
 10%|▉         | 67/693 [00:14<01:51,  5.63it/s]
 10%|▉         | 68/693 [00:14<01:42,  6.10it/s]
 10%|▉         | 69/693 [00:14<01:33,  6.64it/s]
 10%|█         | 70/693 [00:14<02:03,  5.05it/s]
 10%|█         | 71/693 [00:14<01:49,  5.70it/s]
 10%|█         | 72/693 [00:14<01:41,  6.10it/s]
 11%|█         | 73/693 [00:15<01:33,  6.61it/s]
 11%|█         | 74/693 [00:15<01:29,  6.94it/s]
 11%|█         | 75/693 [00:15<01:23,  7.38it/s]
 11%|█         | 76/693 [00:15<01:23,  7.39it/s]
 11%|█         | 77/693 [00:15<01:20,  7.64it/s]
 11%|█▏        | 78/693 [00:16<04:03,  2.52it/s]
 11%|█▏        | 79/693 [00:16<03:12,  3.19it/s]
 12%|█▏        | 80/693 [00:16<02:38,  3.87it/s]
 12%|█▏        | 81/693 [00:16<02:12,  4.62it/s]
 12%|█▏        | 82/693 [00:17<01:56,  5.25it/s]
 12%|█▏        | 83/693 [00:17<01:43,  5.92it/s]
 12%|█▏        | 84/693 [00:17<01:35,  6.35it/s]
 12%|█▏        | 85/693 [00:17<01:29,  6.81it/s]
 12%|█▏        | 86/693 [00:17<01:28,  6.88it/s]
 13%|█▎        | 87/693 [00:17<01:23,  7.30it/s]
 13%|█▎        | 88/693 [00:18<02:02,  4.92it/s]
 13%|█▎        | 89/693 [00:18<01:47,  5.60it/s]
 13%|█▎        | 90/693 [00:18<01:38,  6.10it/s]
 13%|█▎        | 91/693 [00:18<01:30,  6.67it/s]
 13%|█▎        | 92/693 [00:18<01:26,  6.95it/s]
 13%|█▎        | 93/693 [00:18<01:22,  7.26it/s]
 14%|█▎        | 94/693 [00:18<01:21,  7.38it/s]
 14%|█▎        | 95/693 [00:19<01:22,  7.24it/s]
 14%|█▍        | 96/693 [00:19<02:16,  4.37it/s]
 14%|█▍        | 97/693 [00:19<02:02,  4.88it/s]
 14%|█▍        | 98/693 [00:19<02:08,  4.65it/s]
 14%|█▍        | 99/693 [00:20<02:11,  4.52it/s]
 14%|█▍        | 100/693 [00:20<02:13,  4.43it/s]
 15%|█▍        | 101/693 [00:20<02:08,  4.60it/s]
 15%|█▍        | 102/693 [00:20<01:55,  5.12it/s]
 15%|█▍        | 103/693 [00:20<01:42,  5.76it/s]
 15%|█▌        | 104/693 [00:20<01:48,  5.42it/s]
 15%|█▌        | 105/693 [00:21<01:57,  4.99it/s]
 15%|█▌        | 106/693 [00:21<02:12,  4.43it/s]
 15%|█▌        | 107/693 [00:21<02:13,  4.39it/s]
 16%|█▌        | 108/693 [00:21<02:15,  4.33it/s]
 16%|█▌        | 109/693 [00:22<02:15,  4.31it/s]
 16%|█▌        | 110/693 [00:22<02:11,  4.44it/s]
 16%|█▌        | 111/693 [00:22<02:12,  4.39it/s]
 16%|█▌        | 112/693 [00:22<02:13,  4.35it/s]
 16%|█▋        | 113/693 [00:23<02:14,  4.32it/s]
 16%|█▋        | 114/693 [00:23<02:08,  4.51it/s]
 17%|█▋        | 115/693 [00:23<01:53,  5.11it/s]
 17%|█▋        | 116/693 [00:23<01:47,  5.38it/s]
 17%|█▋        | 117/693 [00:23<01:55,  5.00it/s]
 17%|█▋        | 118/693 [00:24<02:01,  4.74it/s]
 17%|█▋        | 119/693 [00:24<02:05,  4.57it/s]
 17%|█▋        | 120/693 [00:24<02:08,  4.46it/s]
 17%|█▋        | 121/693 [00:24<02:10,  4.40it/s]
 18%|█▊        | 122/693 [00:25<02:11,  4.35it/s]
 18%|█▊        | 123/693 [00:25<02:04,  4.57it/s]
 18%|█▊        | 124/693 [00:25<02:07,  4.46it/s]
 18%|█▊        | 125/693 [00:25<02:08,  4.42it/s]
 18%|█▊        | 126/693 [00:25<02:09,  4.39it/s]
 18%|█▊        | 127/693 [00:26<02:05,  4.52it/s]
 18%|█▊        | 128/693 [00:26<01:51,  5.05it/s]
 19%|█▊        | 129/693 [00:26<01:41,  5.54it/s]
 19%|█▉        | 130/693 [00:26<01:51,  5.05it/s]
 19%|█▉        | 131/693 [00:26<01:57,  4.77it/s]
 19%|█▉        | 132/693 [00:27<02:02,  4.59it/s]
 19%|█▉        | 133/693 [00:27<02:05,  4.47it/s]
 19%|█▉        | 134/693 [00:27<02:06,  4.41it/s]
 19%|█▉        | 135/693 [00:27<02:07,  4.37it/s]
 20%|█▉        | 136/693 [00:28<02:04,  4.48it/s]
 20%|█▉        | 137/693 [00:28<02:06,  4.41it/s]
 20%|█▉        | 138/693 [00:28<02:07,  4.35it/s]
 20%|██        | 139/693 [00:28<02:08,  4.32it/s]
 20%|██        | 140/693 [00:28<02:02,  4.50it/s]
 20%|██        | 141/693 [00:29<01:47,  5.14it/s]
 20%|██        | 142/693 [00:29<01:40,  5.48it/s]
 21%|██        | 143/693 [00:29<01:49,  5.04it/s]
 21%|██        | 144/693 [00:29<01:55,  4.76it/s]
 21%|██        | 145/693 [00:29<01:59,  4.57it/s]
 21%|██        | 146/693 [00:30<02:04,  4.41it/s]
 21%|██        | 147/693 [00:30<02:05,  4.36it/s]
 21%|██▏       | 148/693 [00:30<02:06,  4.32it/s]
 22%|██▏       | 149/693 [00:30<02:05,  4.34it/s]
 22%|██▏       | 150/693 [00:31<02:06,  4.28it/s]
 22%|██▏       | 151/693 [00:31<02:06,  4.27it/s]
 22%|██▏       | 152/693 [00:31<02:06,  4.29it/s]
 22%|██▏       | 153/693 [00:31<01:56,  4.62it/s]
 22%|██▏       | 154/693 [00:31<01:41,  5.31it/s]
 22%|██▏       | 155/693 [00:32<01:32,  5.79it/s]
 23%|██▎       | 156/693 [00:32<01:42,  5.22it/s]
 23%|██▎       | 157/693 [00:32<01:49,  4.89it/s]
 23%|██▎       | 158/693 [00:32<01:55,  4.64it/s]
 23%|██▎       | 159/693 [00:32<01:58,  4.51it/s]
 23%|██▎       | 160/693 [00:33<02:00,  4.42it/s]
 23%|██▎       | 161/693 [00:33<02:01,  4.36it/s]
 23%|██▎       | 162/693 [00:33<01:58,  4.47it/s]
 24%|██▎       | 163/693 [00:33<02:00,  4.40it/s]
 24%|██▎       | 164/693 [00:34<02:01,  4.35it/s]
 24%|██▍       | 165/693 [00:34<02:02,  4.33it/s]
 24%|██▍       | 166/693 [00:34<01:56,  4.51it/s]
 24%|██▍       | 167/693 [00:34<01:41,  5.16it/s]
 24%|██▍       | 168/693 [00:34<01:35,  5.52it/s]
 24%|██▍       | 169/693 [00:35<01:43,  5.05it/s]
 25%|██▍       | 170/693 [00:35<01:49,  4.78it/s]
 25%|██▍       | 171/693 [00:35<01:53,  4.59it/s]
 25%|██▍       | 172/693 [00:35<01:56,  4.47it/s]
 25%|██▍       | 173/693 [00:36<01:57,  4.42it/s]
 25%|██▌       | 174/693 [00:36<01:58,  4.38it/s]
 25%|██▌       | 175/693 [00:36<01:53,  4.56it/s]
 25%|██▌       | 176/693 [00:36<01:55,  4.49it/s]
 26%|██▌       | 177/693 [00:36<01:56,  4.42it/s]
 26%|██▌       | 178/693 [00:37<01:57,  4.38it/s]
 26%|██▌       | 179/693 [00:37<01:54,  4.51it/s]
 26%|██▌       | 180/693 [00:37<01:42,  5.02it/s]
 26%|██▌       | 181/693 [00:37<01:38,  5.20it/s]
 26%|██▋       | 182/693 [00:37<01:45,  4.86it/s]
 26%|██▋       | 183/693 [00:38<01:49,  4.66it/s]
 27%|██▋       | 184/693 [00:38<01:53,  4.50it/s]
 27%|██▋       | 185/693 [00:38<01:54,  4.42it/s]
 27%|██▋       | 186/693 [00:38<01:55,  4.40it/s]
 27%|██▋       | 187/693 [00:39<01:56,  4.34it/s]
 27%|██▋       | 188/693 [00:39<01:50,  4.57it/s]
 27%|██▋       | 189/693 [00:39<01:52,  4.48it/s]
 27%|██▋       | 190/693 [00:39<01:53,  4.44it/s]
 28%|██▊       | 191/693 [00:40<01:54,  4.37it/s]
 28%|██▊       | 192/693 [00:40<01:51,  4.49it/s]
 28%|██▊       | 193/693 [00:40<01:35,  5.23it/s]
 28%|██▊       | 194/693 [00:40<01:26,  5.76it/s]
 28%|██▊       | 195/693 [00:40<01:29,  5.54it/s]
 28%|██▊       | 196/693 [00:40<01:38,  5.05it/s]
 28%|██▊       | 197/693 [00:41<01:43,  4.77it/s]
 29%|██▊       | 198/693 [00:41<01:48,  4.58it/s]
 29%|██▊       | 199/693 [00:41<01:50,  4.48it/s]
 29%|██▉       | 200/693 [00:41<01:51,  4.41it/s]
 29%|██▉       | 201/693 [00:42<01:49,  4.48it/s]
 29%|██▉       | 202/693 [00:42<01:49,  4.47it/s]
 29%|██▉       | 203/693 [00:42<01:51,  4.38it/s]
 29%|██▉       | 204/693 [00:42<01:53,  4.31it/s]
 30%|██▉       | 205/693 [00:42<01:52,  4.35it/s]
 30%|██▉       | 206/693 [00:43<01:41,  4.81it/s]
 30%|██▉       | 207/693 [00:43<01:30,  5.39it/s]
 30%|███       | 208/693 [00:43<01:35,  5.08it/s]
 30%|███       | 209/693 [00:43<01:40,  4.81it/s]
 30%|███       | 210/693 [00:43<01:44,  4.62it/s]
 30%|███       | 211/693 [00:44<01:47,  4.48it/s]
 31%|███       | 212/693 [00:44<01:49,  4.41it/s]
 31%|███       | 213/693 [00:44<01:50,  4.35it/s]
 31%|███       | 214/693 [00:44<01:50,  4.32it/s]
 31%|███       | 215/693 [00:45<01:50,  4.32it/s]
 31%|███       | 216/693 [00:45<01:50,  4.32it/s]
 31%|███▏      | 217/693 [00:45<01:50,  4.31it/s]
 31%|███▏      | 218/693 [00:45<01:47,  4.44it/s]
 32%|███▏      | 219/693 [00:45<01:32,  5.14it/s]
 32%|███▏      | 220/693 [00:46<01:23,  5.69it/s]
 32%|███▏      | 221/693 [00:46<01:29,  5.29it/s]
 32%|███▏      | 222/693 [00:46<01:35,  4.95it/s]
 32%|███▏      | 223/693 [00:46<01:39,  4.71it/s]
 32%|███▏      | 224/693 [00:47<01:42,  4.56it/s]
 32%|███▏      | 225/693 [00:47<01:44,  4.46it/s]
 33%|███▎      | 226/693 [00:47<01:45,  4.41it/s]
 33%|███▎      | 227/693 [00:47<01:45,  4.43it/s]
 33%|███▎      | 228/693 [00:47<01:47,  4.32it/s]
 33%|███▎      | 229/693 [00:48<01:47,  4.32it/s]
 33%|███▎      | 230/693 [00:48<01:48,  4.28it/s]
 33%|███▎      | 231/693 [00:48<01:44,  4.43it/s]
 33%|███▎      | 232/693 [00:48<01:33,  4.95it/s]
 34%|███▎      | 233/693 [00:48<01:28,  5.23it/s]
 34%|███▍      | 234/693 [00:49<01:34,  4.88it/s]
 34%|███▍      | 235/693 [00:49<01:38,  4.67it/s]
 34%|███▍      | 236/693 [00:49<01:40,  4.53it/s]
 34%|███▍      | 237/693 [00:49<01:42,  4.43it/s]
 34%|███▍      | 238/693 [00:50<01:44,  4.36it/s]
 34%|███▍      | 239/693 [00:50<01:44,  4.34it/s]
 35%|███▍      | 240/693 [00:50<01:41,  4.46it/s]
 35%|███▍      | 241/693 [00:50<01:42,  4.40it/s]
 35%|███▍      | 242/693 [00:51<01:44,  4.33it/s]
 35%|███▌      | 243/693 [00:51<01:44,  4.32it/s]
 35%|███▌      | 244/693 [00:51<01:39,  4.50it/s]
 35%|███▌      | 245/693 [00:51<01:29,  5.03it/s]
 35%|███▌      | 246/693 [00:51<01:30,  4.96it/s]
 36%|███▌      | 247/693 [00:52<01:34,  4.71it/s]
 36%|███▌      | 248/693 [00:52<01:37,  4.56it/s]
 36%|███▌      | 249/693 [00:52<01:39,  4.45it/s]
 36%|███▌      | 250/693 [00:52<01:41,  4.37it/s]
 36%|███▌      | 251/693 [00:52<01:41,  4.34it/s]
 36%|███▋      | 252/693 [00:53<01:40,  4.41it/s]
 37%|███▋      | 253/693 [00:53<01:36,  4.55it/s]
 37%|███▋      | 254/693 [00:53<01:39,  4.40it/s]
 37%|███▋      | 255/693 [00:53<01:40,  4.35it/s]
 37%|███▋      | 256/693 [00:54<01:41,  4.32it/s]
 37%|███▋      | 257/693 [00:54<01:30,  4.80it/s]
 37%|███▋      | 258/693 [00:54<01:21,  5.31it/s]
 37%|███▋      | 259/693 [00:54<01:23,  5.20it/s]
 38%|███▊      | 260/693 [00:54<01:29,  4.82it/s]
 38%|███▊      | 261/693 [00:55<01:32,  4.65it/s]
 38%|███▊      | 262/693 [00:55<01:36,  4.47it/s]
 38%|███▊      | 263/693 [00:55<01:37,  4.40it/s]
 38%|███▊      | 264/693 [00:55<01:39,  4.31it/s]
 38%|███▊      | 265/693 [00:56<01:37,  4.40it/s]
 38%|███▊      | 266/693 [00:56<01:36,  4.44it/s]
 39%|███▊      | 267/693 [00:56<01:37,  4.39it/s]
 39%|███▊      | 268/693 [00:56<01:38,  4.31it/s]
 39%|███▉      | 269/693 [00:56<01:37,  4.34it/s]
 39%|███▉      | 270/693 [00:57<01:28,  4.81it/s]
 39%|███▉      | 271/693 [00:57<01:20,  5.25it/s]
 39%|███▉      | 272/693 [00:57<01:26,  4.85it/s]
 39%|███▉      | 273/693 [00:57<01:30,  4.63it/s]
 40%|███▉      | 274/693 [00:57<01:33,  4.48it/s]
 40%|███▉      | 275/693 [00:58<01:35,  4.36it/s]
 40%|███▉      | 276/693 [00:58<01:36,  4.30it/s]
 40%|███▉      | 277/693 [00:58<01:37,  4.26it/s]
 40%|████      | 278/693 [00:58<01:36,  4.30it/s]
 40%|████      | 279/693 [00:59<01:36,  4.27it/s]
 40%|████      | 280/693 [00:59<01:37,  4.24it/s]
 41%|████      | 281/693 [00:59<01:37,  4.25it/s]
 41%|████      | 282/693 [00:59<01:27,  4.71it/s]
 41%|████      | 283/693 [00:59<01:16,  5.33it/s]
 41%|████      | 284/693 [01:00<01:22,  4.97it/s]
 41%|████      | 285/693 [01:00<01:26,  4.73it/s]
 41%|████▏     | 286/693 [01:01<03:18,  2.05it/s]
 41%|████▏     | 287/693 [01:01<02:41,  2.52it/s]
 42%|████▏     | 288/693 [01:01<02:08,  3.16it/s]
 42%|████▏     | 289/693 [01:02<01:46,  3.80it/s]
 42%|████▏     | 290/693 [01:02<01:39,  4.05it/s]
 42%|████▏     | 291/693 [01:02<01:38,  4.09it/s]
 42%|████▏     | 292/693 [01:02<01:37,  4.10it/s]
 42%|████▏     | 293/693 [01:02<01:37,  4.11it/s]
 42%|████▏     | 294/693 [01:03<01:36,  4.11it/s]
 43%|████▎     | 295/693 [01:03<01:36,  4.14it/s]
 43%|████▎     | 296/693 [01:03<01:35,  4.17it/s]
 43%|████▎     | 297/693 [01:03<01:34,  4.18it/s]
 43%|████▎     | 298/693 [01:04<01:34,  4.17it/s]
 43%|████▎     | 299/693 [01:04<01:34,  4.19it/s]
 43%|████▎     | 300/693 [01:04<01:31,  4.31it/s]
 43%|████▎     | 301/693 [01:04<01:19,  4.91it/s]
 44%|████▎     | 302/693 [01:04<01:24,  4.61it/s]
 44%|████▎     | 303/693 [01:05<01:27,  4.47it/s]
 44%|████▍     | 304/693 [01:05<01:29,  4.37it/s]
 44%|████▍     | 305/693 [01:05<01:30,  4.30it/s]
 44%|████▍     | 306/693 [01:05<01:31,  4.25it/s]
 44%|████▍     | 307/693 [01:06<01:31,  4.22it/s]
 44%|████▍     | 308/693 [01:06<01:29,  4.29it/s]
 45%|████▍     | 309/693 [01:06<01:27,  4.38it/s]
 45%|████▍     | 310/693 [01:06<01:29,  4.29it/s]
 45%|████▍     | 311/693 [01:07<01:29,  4.28it/s]
 45%|████▌     | 312/693 [01:07<01:28,  4.30it/s]
 45%|████▌     | 313/693 [01:07<01:18,  4.87it/s]
 45%|████▌     | 314/693 [01:07<01:14,  5.11it/s]
 45%|████▌     | 315/693 [01:07<01:17,  4.86it/s]
 46%|████▌     | 316/693 [01:08<01:21,  4.63it/s]
 46%|████▌     | 317/693 [01:08<01:23,  4.48it/s]
 46%|████▌     | 318/693 [01:08<01:25,  4.37it/s]
 46%|████▌     | 319/693 [01:08<01:26,  4.30it/s]
 46%|████▌     | 320/693 [01:09<01:27,  4.25it/s]
 46%|████▋     | 321/693 [01:09<01:25,  4.34it/s]
 46%|████▋     | 322/693 [01:09<01:25,  4.33it/s]
 47%|████▋     | 323/693 [01:09<01:25,  4.34it/s]
 47%|████▋     | 324/693 [01:09<01:25,  4.33it/s]
 47%|████▋     | 325/693 [01:10<01:17,  4.73it/s]
 47%|████▋     | 326/693 [01:10<01:08,  5.36it/s]
 47%|████▋     | 327/693 [01:10<01:01,  5.95it/s]
 47%|████▋     | 328/693 [01:10<01:04,  5.68it/s]
 47%|████▋     | 329/693 [01:10<01:10,  5.14it/s]
 48%|████▊     | 330/693 [01:11<01:15,  4.81it/s]
 48%|████▊     | 331/693 [01:11<01:18,  4.61it/s]
 48%|████▊     | 332/693 [01:11<01:20,  4.49it/s]
 48%|████▊     | 333/693 [01:11<01:22,  4.37it/s]
 48%|████▊     | 334/693 [01:12<01:21,  4.40it/s]
 48%|████▊     | 335/693 [01:12<01:19,  4.53it/s]
 48%|████▊     | 336/693 [01:12<01:21,  4.41it/s]
 49%|████▊     | 337/693 [01:12<01:21,  4.38it/s]
 49%|████▉     | 338/693 [01:12<01:21,  4.35it/s]
 49%|████▉     | 339/693 [01:13<01:12,  4.90it/s]
 49%|████▉     | 340/693 [01:13<01:05,  5.39it/s]
 49%|████▉     | 341/693 [01:13<01:06,  5.28it/s]
 49%|████▉     | 342/693 [01:13<01:11,  4.91it/s]
 49%|████▉     | 343/693 [01:13<01:14,  4.68it/s]
 50%|████▉     | 344/693 [01:14<01:17,  4.51it/s]
 50%|████▉     | 345/693 [01:14<01:18,  4.44it/s]
 50%|████▉     | 346/693 [01:14<01:19,  4.38it/s]
 50%|█████     | 347/693 [01:14<01:17,  4.46it/s]
 50%|█████     | 348/693 [01:15<01:16,  4.51it/s]
 50%|█████     | 349/693 [01:15<01:17,  4.42it/s]
 51%|█████     | 350/693 [01:15<01:17,  4.41it/s]
 51%|█████     | 351/693 [01:15<01:18,  4.36it/s]
 51%|█████     | 352/693 [01:15<01:09,  4.92it/s]
 51%|█████     | 353/693 [01:16<01:02,  5.44it/s]
 51%|█████     | 354/693 [01:16<01:03,  5.35it/s]
 51%|█████     | 355/693 [01:16<01:08,  4.95it/s]
 51%|█████▏    | 356/693 [01:16<01:11,  4.71it/s]
 52%|█████▏    | 357/693 [01:16<01:13,  4.54it/s]
 52%|█████▏    | 358/693 [01:17<01:15,  4.45it/s]
 52%|█████▏    | 359/693 [01:17<01:16,  4.38it/s]
 52%|█████▏    | 360/693 [01:17<01:16,  4.37it/s]
 52%|█████▏    | 361/693 [01:17<01:12,  4.56it/s]
 52%|█████▏    | 362/693 [01:18<01:13,  4.49it/s]
 52%|█████▏    | 363/693 [01:18<01:14,  4.42it/s]
 53%|█████▎    | 364/693 [01:18<01:14,  4.40it/s]
 53%|█████▎    | 365/693 [01:18<01:07,  4.85it/s]
 53%|█████▎    | 366/693 [01:18<01:00,  5.40it/s]
 53%|█████▎    | 367/693 [01:19<01:03,  5.12it/s]
 53%|█████▎    | 368/693 [01:19<01:06,  4.86it/s]
 53%|█████▎    | 369/693 [01:19<01:09,  4.65it/s]
 53%|█████▎    | 370/693 [01:19<01:10,  4.55it/s]
 54%|█████▎    | 371/693 [01:19<01:12,  4.46it/s]
 54%|█████▎    | 372/693 [01:20<01:12,  4.41it/s]
 54%|█████▍    | 373/693 [01:20<01:11,  4.50it/s]
 54%|█████▍    | 374/693 [01:20<01:10,  4.55it/s]
 54%|█████▍    | 375/693 [01:20<01:11,  4.46it/s]
 54%|█████▍    | 376/693 [01:21<01:12,  4.40it/s]
 54%|█████▍    | 377/693 [01:21<01:12,  4.35it/s]
 55%|█████▍    | 378/693 [01:21<01:05,  4.82it/s]
 55%|█████▍    | 379/693 [01:21<00:57,  5.43it/s]
 55%|█████▍    | 380/693 [01:21<01:00,  5.21it/s]
 55%|█████▍    | 381/693 [01:22<01:04,  4.87it/s]
 55%|█████▌    | 382/693 [01:22<01:06,  4.66it/s]
 55%|█████▌    | 383/693 [01:22<01:08,  4.52it/s]
 55%|█████▌    | 384/693 [01:22<01:09,  4.42it/s]
 56%|█████▌    | 385/693 [01:22<01:10,  4.36it/s]
 56%|█████▌    | 386/693 [01:23<01:09,  4.44it/s]
 56%|█████▌    | 387/693 [01:23<01:07,  4.52it/s]
 56%|█████▌    | 388/693 [01:23<01:08,  4.42it/s]
 56%|█████▌    | 389/693 [01:23<01:09,  4.37it/s]
 56%|█████▋    | 390/693 [01:24<01:09,  4.34it/s]
 56%|█████▋    | 391/693 [01:24<01:01,  4.87it/s]
 57%|█████▋    | 392/693 [01:24<00:56,  5.35it/s]
 57%|█████▋    | 393/693 [01:24<00:56,  5.31it/s]
 57%|█████▋    | 394/693 [01:24<01:00,  4.98it/s]
 57%|█████▋    | 395/693 [01:25<01:03,  4.72it/s]
 57%|█████▋    | 396/693 [01:25<01:04,  4.59it/s]
 57%|█████▋    | 397/693 [01:25<01:06,  4.47it/s]
 57%|█████▋    | 398/693 [01:25<01:06,  4.41it/s]
 58%|█████▊    | 399/693 [01:26<01:07,  4.39it/s]
 58%|█████▊    | 400/693 [01:26<01:03,  4.58it/s]
 58%|█████▊    | 401/693 [01:26<01:05,  4.47it/s]
 58%|█████▊    | 402/693 [01:26<01:05,  4.43it/s]
 58%|█████▊    | 403/693 [01:26<01:06,  4.38it/s]
 58%|█████▊    | 404/693 [01:27<01:01,  4.72it/s]
 58%|█████▊    | 405/693 [01:27<00:53,  5.34it/s]
 59%|█████▊    | 406/693 [01:27<00:56,  5.11it/s]
 59%|█████▊    | 407/693 [01:27<00:59,  4.82it/s]
 59%|█████▉    | 408/693 [01:27<01:01,  4.63it/s]
 59%|█████▉    | 409/693 [01:28<01:03,  4.50it/s]
 59%|█████▉    | 410/693 [01:28<01:04,  4.42it/s]
 59%|█████▉    | 411/693 [01:28<01:04,  4.36it/s]
 59%|█████▉    | 412/693 [01:28<01:04,  4.39it/s]
 60%|█████▉    | 413/693 [01:29<01:01,  4.55it/s]
 60%|█████▉    | 414/693 [01:29<01:02,  4.43it/s]
 60%|█████▉    | 415/693 [01:29<01:03,  4.38it/s]
 60%|██████    | 416/693 [01:29<01:03,  4.36it/s]
 60%|██████    | 417/693 [01:29<00:56,  4.89it/s]
 60%|██████    | 418/693 [01:30<00:50,  5.46it/s]
 60%|██████    | 419/693 [01:30<00:54,  5.06it/s]
 61%|██████    | 420/693 [01:30<00:57,  4.77it/s]
 61%|██████    | 421/693 [01:30<00:59,  4.59it/s]
 61%|██████    | 422/693 [01:30<01:00,  4.45it/s]
 61%|██████    | 423/693 [01:31<01:01,  4.37it/s]
 61%|██████    | 424/693 [01:31<01:02,  4.33it/s]
 61%|██████▏   | 425/693 [01:31<01:00,  4.42it/s]
 61%|██████▏   | 426/693 [01:31<01:01,  4.36it/s]
 62%|██████▏   | 427/693 [01:32<01:01,  4.33it/s]
 62%|██████▏   | 428/693 [01:32<01:01,  4.28it/s]
 62%|██████▏   | 429/693 [01:32<00:59,  4.43it/s]
 62%|██████▏   | 430/693 [01:32<00:52,  4.96it/s]
 62%|██████▏   | 431/693 [01:32<00:49,  5.33it/s]
 62%|██████▏   | 432/693 [01:33<00:52,  4.95it/s]
 62%|██████▏   | 433/693 [01:33<00:55,  4.72it/s]
 63%|██████▎   | 434/693 [01:33<00:56,  4.57it/s]
 63%|██████▎   | 435/693 [01:33<00:57,  4.46it/s]
 63%|██████▎   | 436/693 [01:34<00:58,  4.39it/s]
 63%|██████▎   | 437/693 [01:34<00:58,  4.34it/s]
 63%|██████▎   | 438/693 [01:34<00:57,  4.43it/s]
 63%|██████▎   | 439/693 [01:34<00:57,  4.38it/s]
 63%|██████▎   | 440/693 [01:34<00:57,  4.37it/s]
 64%|██████▎   | 441/693 [01:35<00:58,  4.34it/s]
 64%|██████▍   | 442/693 [01:35<00:54,  4.62it/s]
 64%|██████▍   | 443/693 [01:35<00:46,  5.34it/s]
 64%|██████▍   | 444/693 [01:35<00:42,  5.90it/s]
 64%|██████▍   | 445/693 [01:35<00:40,  6.09it/s]
 64%|██████▍   | 446/693 [01:36<00:45,  5.41it/s]
 65%|██████▍   | 447/693 [01:36<00:49,  5.01it/s]
 65%|██████▍   | 448/693 [01:36<00:51,  4.76it/s]
 65%|██████▍   | 449/693 [01:36<00:52,  4.62it/s]
 65%|██████▍   | 450/693 [01:36<00:53,  4.52it/s]
 65%|██████▌   | 451/693 [01:37<00:54,  4.41it/s]
 65%|██████▌   | 452/693 [01:37<00:52,  4.55it/s]
 65%|██████▌   | 453/693 [01:37<00:53,  4.46it/s]
 66%|██████▌   | 454/693 [01:37<00:54,  4.42it/s]
 66%|██████▌   | 455/693 [01:38<00:54,  4.39it/s]
 66%|██████▌   | 456/693 [01:38<00:52,  4.51it/s]
 66%|██████▌   | 457/693 [01:38<00:45,  5.19it/s]
 66%|██████▌   | 458/693 [01:38<00:41,  5.66it/s]
 66%|██████▌   | 459/693 [01:38<00:43,  5.35it/s]
 66%|██████▋   | 460/693 [01:39<00:46,  4.99it/s]
 67%|██████▋   | 461/693 [01:39<00:49,  4.72it/s]
 67%|██████▋   | 462/693 [01:39<00:50,  4.60it/s]
 67%|██████▋   | 463/693 [01:39<00:51,  4.47it/s]
 67%|██████▋   | 464/693 [01:39<00:52,  4.38it/s]
 67%|██████▋   | 465/693 [01:40<00:50,  4.49it/s]
 67%|██████▋   | 466/693 [01:40<00:51,  4.38it/s]
 67%|██████▋   | 467/693 [01:40<00:51,  4.41it/s]
 68%|██████▊   | 468/693 [01:40<00:51,  4.36it/s]
 68%|██████▊   | 469/693 [01:41<00:51,  4.34it/s]
 68%|██████▊   | 470/693 [01:41<00:48,  4.57it/s]
 68%|██████▊   | 471/693 [01:41<00:42,  5.19it/s]
 68%|██████▊   | 472/693 [01:41<00:45,  4.85it/s]
 68%|██████▊   | 473/693 [01:41<00:47,  4.62it/s]
 68%|██████▊   | 474/693 [01:42<00:48,  4.55it/s]
 69%|██████▊   | 475/693 [01:42<00:49,  4.45it/s]
 69%|██████▊   | 476/693 [01:42<00:49,  4.41it/s]
 69%|██████▉   | 477/693 [01:42<00:49,  4.33it/s]
 69%|██████▉   | 478/693 [01:43<00:47,  4.49it/s]
 69%|██████▉   | 479/693 [01:43<00:48,  4.42it/s]
 69%|██████▉   | 480/693 [01:43<00:48,  4.40it/s]
 69%|██████▉   | 481/693 [01:43<00:48,  4.36it/s]
 70%|██████▉   | 482/693 [01:43<00:47,  4.47it/s]
 70%|██████▉   | 483/693 [01:44<00:40,  5.14it/s]
 70%|██████▉   | 484/693 [01:44<00:36,  5.76it/s]
 70%|██████▉   | 485/693 [01:44<00:34,  6.00it/s]
 70%|███████   | 486/693 [01:44<00:39,  5.30it/s]
 70%|███████   | 487/693 [01:44<00:41,  4.92it/s]
 70%|███████   | 488/693 [01:45<00:43,  4.69it/s]
 71%|███████   | 489/693 [01:45<00:44,  4.54it/s]
 71%|███████   | 490/693 [01:45<00:45,  4.45it/s]
 71%|███████   | 491/693 [01:45<00:46,  4.38it/s]
 71%|███████   | 492/693 [01:45<00:46,  4.35it/s]
 71%|███████   | 493/693 [01:46<00:46,  4.33it/s]
 71%|███████▏  | 494/693 [01:46<00:46,  4.31it/s]
 71%|███████▏  | 495/693 [01:46<00:45,  4.31it/s]
 72%|███████▏  | 496/693 [01:46<00:43,  4.50it/s]
 72%|███████▏  | 497/693 [01:47<00:38,  5.10it/s]
 72%|███████▏  | 498/693 [01:47<00:35,  5.51it/s]
 72%|███████▏  | 499/693 [01:47<00:38,  5.02it/s]
 72%|███████▏  | 500/693 [01:47<00:40,  4.72it/s]
 72%|███████▏  | 501/693 [01:47<00:42,  4.55it/s]
 72%|███████▏  | 502/693 [01:48<00:43,  4.42it/s]
 73%|███████▎  | 503/693 [01:48<00:43,  4.34it/s]
 73%|███████▎  | 504/693 [01:48<00:44,  4.28it/s]
 73%|███████▎  | 505/693 [01:48<00:42,  4.38it/s]
 73%|███████▎  | 506/693 [01:49<00:43,  4.30it/s]
 73%|███████▎  | 507/693 [01:49<00:43,  4.29it/s]
 73%|███████▎  | 508/693 [01:49<00:43,  4.25it/s]
 73%|███████▎  | 509/693 [01:49<00:40,  4.51it/s]
 74%|███████▎  | 510/693 [01:49<00:36,  5.06it/s]
 74%|███████▎  | 511/693 [01:50<00:35,  5.06it/s]
 74%|███████▍  | 512/693 [01:50<00:37,  4.77it/s]
 74%|███████▍  | 513/693 [01:50<00:39,  4.58it/s]
 74%|███████▍  | 514/693 [01:50<00:40,  4.44it/s]
 74%|███████▍  | 515/693 [01:51<00:40,  4.39it/s]
 74%|███████▍  | 516/693 [01:51<00:40,  4.34it/s]
 75%|███████▍  | 517/693 [01:51<00:40,  4.39it/s]
 75%|███████▍  | 518/693 [01:51<00:40,  4.36it/s]
 75%|███████▍  | 519/693 [01:51<00:39,  4.36it/s]
 75%|███████▌  | 520/693 [01:52<00:39,  4.36it/s]
 75%|███████▌  | 521/693 [01:52<00:39,  4.35it/s]
 75%|███████▌  | 522/693 [01:52<00:34,  5.02it/s]
 75%|███████▌  | 523/693 [01:52<00:29,  5.70it/s]
 76%|███████▌  | 524/693 [01:52<00:27,  6.13it/s]
 76%|███████▌  | 525/693 [01:53<00:30,  5.43it/s]
 76%|███████▌  | 526/693 [01:53<00:33,  5.04it/s]
 76%|███████▌  | 527/693 [01:53<00:34,  4.76it/s]
 76%|███████▌  | 528/693 [01:53<00:35,  4.64it/s]
 76%|███████▋  | 529/693 [01:53<00:36,  4.48it/s]
 76%|███████▋  | 530/693 [01:54<00:36,  4.44it/s]
 77%|███████▋  | 531/693 [01:54<00:36,  4.48it/s]
 77%|███████▋  | 532/693 [01:54<00:36,  4.44it/s]
 77%|███████▋  | 533/693 [01:54<00:36,  4.39it/s]
 77%|███████▋  | 534/693 [01:55<00:36,  4.36it/s]
 77%|███████▋  | 535/693 [01:55<00:35,  4.44it/s]
 77%|███████▋  | 536/693 [01:55<00:31,  5.06it/s]
 77%|███████▋  | 537/693 [01:55<00:27,  5.70it/s]
 78%|███████▊  | 538/693 [01:55<00:25,  6.09it/s]
 78%|███████▊  | 539/693 [01:55<00:28,  5.40it/s]
 78%|███████▊  | 540/693 [01:56<00:30,  5.02it/s]
 78%|███████▊  | 541/693 [01:56<00:32,  4.74it/s]
 78%|███████▊  | 542/693 [01:56<00:32,  4.63it/s]
 78%|███████▊  | 543/693 [01:56<00:33,  4.48it/s]
 78%|███████▊  | 544/693 [01:57<00:33,  4.44it/s]
 79%|███████▊  | 545/693 [01:57<00:33,  4.47it/s]
 79%|███████▉  | 546/693 [01:57<00:33,  4.43it/s]
 79%|███████▉  | 547/693 [01:57<00:33,  4.36it/s]
 79%|███████▉  | 548/693 [01:58<00:33,  4.36it/s]
 79%|███████▉  | 549/693 [01:58<00:32,  4.45it/s]
 79%|███████▉  | 550/693 [01:58<00:28,  5.10it/s]
 80%|███████▉  | 551/693 [01:58<00:24,  5.70it/s]
 80%|███████▉  | 552/693 [01:58<00:26,  5.24it/s]
 80%|███████▉  | 553/693 [01:58<00:28,  4.88it/s]
 80%|███████▉  | 554/693 [01:59<00:29,  4.70it/s]
 80%|████████  | 555/693 [01:59<00:30,  4.53it/s]
 80%|████████  | 556/693 [01:59<00:30,  4.48it/s]
 80%|████████  | 557/693 [01:59<00:31,  4.38it/s]
 81%|████████  | 558/693 [02:00<00:29,  4.55it/s]
 81%|████████  | 559/693 [02:00<00:29,  4.49it/s]
 81%|████████  | 560/693 [02:00<00:29,  4.44it/s]
 81%|████████  | 561/693 [02:00<00:30,  4.39it/s]
 81%|████████  | 562/693 [02:01<00:29,  4.37it/s]
 81%|████████  | 563/693 [02:01<00:25,  5.01it/s]
 81%|████████▏ | 564/693 [02:01<00:23,  5.58it/s]
 82%|████████▏ | 565/693 [02:01<00:21,  6.00it/s]
 82%|████████▏ | 566/693 [02:01<00:23,  5.39it/s]
 82%|████████▏ | 567/693 [02:01<00:25,  4.98it/s]
 82%|████████▏ | 568/693 [02:02<00:26,  4.72it/s]
 82%|████████▏ | 569/693 [02:02<00:27,  4.57it/s]
 82%|████████▏ | 570/693 [02:02<00:27,  4.47it/s]
 82%|████████▏ | 571/693 [02:02<00:27,  4.38it/s]
 83%|████████▎ | 572/693 [02:03<00:27,  4.41it/s]
 83%|████████▎ | 573/693 [02:03<00:27,  4.37it/s]
 83%|████████▎ | 574/693 [02:03<00:27,  4.31it/s]
 83%|████████▎ | 575/693 [02:03<00:27,  4.32it/s]
 83%|████████▎ | 576/693 [02:03<00:26,  4.45it/s]
 83%|████████▎ | 577/693 [02:04<00:22,  5.16it/s]
 83%|████████▎ | 578/693 [02:04<00:19,  5.77it/s]
 84%|████████▎ | 579/693 [02:04<00:19,  5.83it/s]
 84%|████████▎ | 580/693 [02:04<00:21,  5.21it/s]
 84%|████████▍ | 581/693 [02:04<00:22,  4.88it/s]
 84%|████████▍ | 582/693 [02:05<00:23,  4.63it/s]
 84%|████████▍ | 583/693 [02:05<00:24,  4.51it/s]
 84%|████████▍ | 584/693 [02:05<00:24,  4.47it/s]
 84%|████████▍ | 585/693 [02:05<00:24,  4.39it/s]
 85%|████████▍ | 586/693 [02:06<00:23,  4.46it/s]
 85%|████████▍ | 587/693 [02:06<00:24,  4.39it/s]
 85%|████████▍ | 588/693 [02:06<00:24,  4.34it/s]
 85%|████████▍ | 589/693 [02:06<00:24,  4.31it/s]
 85%|████████▌ | 590/693 [02:06<00:22,  4.61it/s]
 85%|████████▌ | 591/693 [02:07<00:19,  5.11it/s]
 85%|████████▌ | 592/693 [02:07<00:18,  5.32it/s]
 86%|████████▌ | 593/693 [02:07<00:20,  4.95it/s]
 86%|████████▌ | 594/693 [02:07<00:20,  4.75it/s]
 86%|████████▌ | 595/693 [02:07<00:21,  4.57it/s]
 86%|████████▌ | 596/693 [02:08<00:21,  4.50it/s]
 86%|████████▌ | 597/693 [02:08<00:21,  4.41it/s]
 86%|████████▋ | 598/693 [02:08<00:21,  4.38it/s]
 86%|████████▋ | 599/693 [02:08<00:21,  4.45it/s]
 87%|████████▋ | 600/693 [02:09<00:21,  4.41it/s]
 87%|████████▋ | 601/693 [02:09<00:21,  4.37it/s]
 87%|████████▋ | 602/693 [02:09<00:20,  4.36it/s]
 87%|████████▋ | 603/693 [02:09<00:19,  4.71it/s]
 87%|████████▋ | 604/693 [02:09<00:16,  5.33it/s]
 87%|████████▋ | 605/693 [02:10<00:15,  5.67it/s]
 87%|████████▋ | 606/693 [02:10<00:16,  5.34it/s]
 88%|████████▊ | 607/693 [02:10<00:17,  4.98it/s]
 88%|████████▊ | 608/693 [02:10<00:17,  4.74it/s]
 88%|████████▊ | 609/693 [02:10<00:18,  4.54it/s]
 88%|████████▊ | 610/693 [02:11<00:18,  4.44it/s]
 88%|████████▊ | 611/693 [02:11<00:18,  4.33it/s]
 88%|████████▊ | 612/693 [02:11<00:18,  4.35it/s]
 88%|████████▊ | 613/693 [02:11<00:18,  4.38it/s]
 89%|████████▊ | 614/693 [02:12<00:18,  4.30it/s]
 89%|████████▊ | 615/693 [02:12<00:18,  4.29it/s]
 89%|████████▉ | 616/693 [02:12<00:17,  4.34it/s]
 89%|████████▉ | 617/693 [02:12<00:15,  4.82it/s]
 89%|████████▉ | 618/693 [02:12<00:14,  5.21it/s]
 89%|████████▉ | 619/693 [02:13<00:15,  4.85it/s]
 89%|████████▉ | 620/693 [02:13<00:15,  4.57it/s]
 90%|████████▉ | 621/693 [02:13<00:16,  4.44it/s]
 90%|████████▉ | 622/693 [02:13<00:16,  4.34it/s]
 90%|████████▉ | 623/693 [02:14<00:16,  4.28it/s]
 90%|█████████ | 624/693 [02:14<00:16,  4.23it/s]
 90%|█████████ | 625/693 [02:14<00:15,  4.40it/s]
 90%|█████████ | 626/693 [02:14<00:15,  4.33it/s]
 90%|█████████ | 627/693 [02:15<00:15,  4.28it/s]
 91%|█████████ | 628/693 [02:15<00:15,  4.21it/s]
 91%|█████████ | 629/693 [02:15<00:13,  4.65it/s]
 91%|█████████ | 630/693 [02:15<00:12,  5.17it/s]
 91%|█████████ | 631/693 [02:15<00:12,  4.93it/s]
 91%|█████████ | 632/693 [02:16<00:13,  4.66it/s]
 91%|█████████▏| 633/693 [02:16<00:13,  4.51it/s]
 91%|█████████▏| 634/693 [02:16<00:13,  4.41it/s]
 92%|█████████▏| 635/693 [02:16<00:13,  4.35it/s]
 92%|█████████▏| 636/693 [02:16<00:13,  4.30it/s]
 92%|█████████▏| 637/693 [02:17<00:12,  4.47it/s]
 92%|█████████▏| 638/693 [02:17<00:12,  4.40it/s]
 92%|█████████▏| 639/693 [02:17<00:12,  4.35it/s]
 92%|█████████▏| 640/693 [02:17<00:12,  4.31it/s]
 92%|█████████▏| 641/693 [02:18<00:11,  4.47it/s]
 93%|█████████▎| 642/693 [02:18<00:10,  5.07it/s]
 93%|█████████▎| 643/693 [02:18<00:09,  5.47it/s]
 93%|█████████▎| 644/693 [02:18<00:09,  4.99it/s]
 93%|█████████▎| 645/693 [02:18<00:10,  4.71it/s]
 93%|█████████▎| 646/693 [02:19<00:10,  4.56it/s]
 93%|█████████▎| 647/693 [02:19<00:10,  4.42it/s]
 94%|█████████▎| 648/693 [02:19<00:10,  4.36it/s]
 94%|█████████▎| 649/693 [02:19<00:10,  4.27it/s]
 94%|█████████▍| 650/693 [02:20<00:09,  4.49it/s]
 94%|█████████▍| 651/693 [02:20<00:09,  4.40it/s]
 94%|█████████▍| 652/693 [02:20<00:09,  4.36it/s]
 94%|█████████▍| 653/693 [02:20<00:09,  4.31it/s]
 94%|█████████▍| 654/693 [02:20<00:08,  4.44it/s]
 95%|█████████▍| 655/693 [02:21<00:07,  5.09it/s]
 95%|█████████▍| 656/693 [02:21<00:06,  5.65it/s]
 95%|█████████▍| 657/693 [02:21<00:06,  5.29it/s]
 95%|█████████▍| 658/693 [02:21<00:07,  4.89it/s]
 95%|█████████▌| 659/693 [02:21<00:07,  4.66it/s]
 95%|█████████▌| 660/693 [02:22<00:07,  4.48it/s]
 95%|█████████▌| 661/693 [02:22<00:07,  4.40it/s]
 96%|█████████▌| 662/693 [02:22<00:07,  4.32it/s]
 96%|█████████▌| 663/693 [02:22<00:06,  4.37it/s]
 96%|█████████▌| 664/693 [02:23<00:06,  4.30it/s]
 96%|█████████▌| 665/693 [02:23<00:06,  4.28it/s]
 96%|█████████▌| 666/693 [02:23<00:06,  4.24it/s]
 96%|█████████▌| 667/693 [02:23<00:05,  4.36it/s]
 96%|█████████▋| 668/693 [02:24<00:05,  4.46it/s]
 97%|█████████▋| 669/693 [02:24<00:05,  4.38it/s]
 97%|█████████▋| 670/693 [02:24<00:05,  4.30it/s]
 97%|█████████▋| 671/693 [02:24<00:05,  4.28it/s]
 97%|█████████▋| 672/693 [02:24<00:04,  4.23it/s]
 97%|█████████▋| 673/693 [02:25<00:04,  4.22it/s]
 97%|█████████▋| 674/693 [02:25<00:04,  4.19it/s]
 97%|█████████▋| 675/693 [02:25<00:04,  4.37it/s]
 98%|█████████▊| 676/693 [02:25<00:03,  4.30it/s]
 98%|█████████▊| 677/693 [02:26<00:03,  4.26it/s]
 98%|█████████▊| 678/693 [02:26<00:03,  4.27it/s]
 98%|█████████▊| 679/693 [02:26<00:02,  4.69it/s]
 98%|█████████▊| 680/693 [02:26<00:02,  5.10it/s]
 98%|█████████▊| 681/693 [02:26<00:02,  4.93it/s]
 98%|█████████▊| 682/693 [02:27<00:02,  4.71it/s]
 99%|█████████▊| 683/693 [02:27<00:02,  4.56it/s]
 99%|█████████▊| 684/693 [02:27<00:02,  4.47it/s]
 99%|█████████▉| 685/693 [02:27<00:01,  4.39it/s]
 99%|█████████▉| 686/693 [02:28<00:01,  4.35it/s]
 99%|█████████▉| 687/693 [02:29<00:03,  1.53it/s]
 99%|█████████▉| 688/693 [02:29<00:02,  1.93it/s]
 99%|█████████▉| 689/693 [02:30<00:01,  2.30it/s]
100%|█████████▉| 690/693 [02:30<00:01,  2.67it/s]
100%|█████████▉| 691/693 [02:30<00:00,  3.01it/s]
100%|█████████▉| 692/693 [02:30<00:00,  3.43it/s]
100%|██████████| 693/693 [02:30<00:00,  4.14it/s]
100%|██████████| 693/693 [02:31<00:00,  4.59it/s]
Training loss: 0.6194291544209999, KL loss: 0.36313638145918453, Sim loss: 5.007682478491632e-05, Exo CLS loss: 0.4994435396104578, 
Noun sim loss: 0.11794837540577328, Part sim loss: 0.14666465518278476, Proto loss: 0.9641780460207665, Conc loss: 0.09349846821090188
learning rate:3.689620141289771e-05


  0%|          | 0/168 [00:00<?, ?it/s]
  1%|          | 1/168 [00:00<02:27,  1.13it/s]
  2%|▏         | 4/168 [00:01<00:33,  4.91it/s]
  4%|▎         | 6/168 [00:01<00:22,  7.14it/s]
  5%|▌         | 9/168 [00:01<00:19,  8.10it/s]
  7%|▋         | 12/168 [00:01<00:13, 11.42it/s]
 10%|█         | 17/168 [00:02<00:15,  9.61it/s]
 12%|█▏        | 20/168 [00:02<00:12, 11.47it/s]
 14%|█▎        | 23/168 [00:02<00:10, 13.40it/s]
 15%|█▍        | 25/168 [00:02<00:13, 10.77it/s]
 16%|█▌        | 27/168 [00:02<00:13, 10.74it/s]
 18%|█▊        | 30/168 [00:03<00:10, 13.03it/s]
 20%|█▉        | 33/168 [00:03<00:08, 15.19it/s]
 21%|██▏       | 36/168 [00:03<00:07, 16.72it/s]
 23%|██▎       | 39/168 [00:03<00:07, 18.35it/s]
 25%|██▌       | 42/168 [00:03<00:06, 20.28it/s]
 27%|██▋       | 46/168 [00:03<00:05, 24.39it/s]
 30%|██▉       | 50/168 [00:03<00:04, 25.87it/s]
 32%|███▏      | 53/168 [00:03<00:04, 24.29it/s]
 33%|███▎      | 56/168 [00:04<00:04, 22.67it/s]
 35%|███▌      | 59/168 [00:04<00:05, 20.61it/s]
 37%|███▋      | 62/168 [00:04<00:04, 21.25it/s]
 39%|███▊      | 65/168 [00:04<00:04, 21.83it/s]
 40%|████      | 68/168 [00:04<00:04, 21.18it/s]
 42%|████▏     | 71/168 [00:04<00:04, 21.49it/s]
 44%|████▍     | 74/168 [00:04<00:04, 21.92it/s]
 46%|████▌     | 77/168 [00:05<00:04, 22.16it/s]
 48%|████▊     | 80/168 [00:05<00:04, 21.20it/s]
 49%|████▉     | 83/168 [00:05<00:04, 21.23it/s]
 51%|█████     | 86/168 [00:05<00:03, 21.65it/s]
 53%|█████▎    | 89/168 [00:05<00:03, 21.57it/s]
 55%|█████▍    | 92/168 [00:05<00:03, 21.30it/s]
 57%|█████▋    | 95/168 [00:05<00:03, 21.59it/s]
 60%|█████▉    | 100/168 [00:06<00:02, 26.66it/s]
 61%|██████▏   | 103/168 [00:06<00:02, 24.68it/s]
 63%|██████▎   | 106/168 [00:06<00:02, 24.30it/s]
 65%|██████▍   | 109/168 [00:06<00:02, 24.26it/s]
 67%|██████▋   | 112/168 [00:06<00:02, 23.44it/s]
 68%|██████▊   | 115/168 [00:06<00:02, 23.30it/s]
 70%|███████   | 118/168 [00:06<00:02, 22.77it/s]
 72%|███████▏  | 121/168 [00:07<00:02, 22.63it/s]
 74%|███████▍  | 124/168 [00:07<00:02, 21.88it/s]
 76%|███████▌  | 127/168 [00:07<00:01, 21.61it/s]
 77%|███████▋  | 130/168 [00:07<00:01, 21.51it/s]
 79%|███████▉  | 133/168 [00:07<00:01, 22.58it/s]
 81%|████████  | 136/168 [00:07<00:01, 21.99it/s]
 83%|████████▎ | 139/168 [00:07<00:01, 21.40it/s]
 85%|████████▍ | 142/168 [00:08<00:01, 21.69it/s]
 86%|████████▋ | 145/168 [00:08<00:01, 21.47it/s]
 88%|████████▊ | 148/168 [00:08<00:00, 21.45it/s]
 90%|████████▉ | 151/168 [00:08<00:00, 23.28it/s]
 92%|█████████▏| 155/168 [00:08<00:00, 25.90it/s]
 94%|█████████▍| 158/168 [00:08<00:00, 24.67it/s]
 96%|█████████▌| 161/168 [00:08<00:00, 22.44it/s]
 98%|█████████▊| 164/168 [00:08<00:00, 22.70it/s]
 99%|█████████▉| 167/168 [00:09<00:00, 22.89it/s]
100%|██████████| 168/168 [00:09<00:00, 18.20it/s]
Result on AGD: 
KLD=0.9083123207092285, SIM=0.5328108668327332, NSS=1.552323579788208
noun sim: 0.10898141208149138, part sim: 0.14281088184742702
No KLD improvement for 7 epoch(s). Best KLD: 0.8719511032104492, Current KLD: 0.9083123207092285
============Training Epoch 14============

  0%|          | 0/693 [00:00<?, ?it/s]/mnt/sdb/wyn/envs/clip-env/lib/python3.10/site-packages/torch/_tensor.py:1002: UserWarning: non-inplace resize is deprecated
  warnings.warn("non-inplace resize is deprecated")
/mnt/sdb/wyn/envs/clip-env/lib/python3.10/site-packages/torch/_tensor.py:1002: UserWarning: non-inplace resize is deprecated
  warnings.warn("non-inplace resize is deprecated")
/mnt/sdb/wyn/envs/clip-env/lib/python3.10/site-packages/torch/_tensor.py:1002: UserWarning: non-inplace resize is deprecated
  warnings.warn("non-inplace resize is deprecated")
/mnt/sdb/wyn/envs/clip-env/lib/python3.10/site-packages/torch/_tensor.py:1002: UserWarning: non-inplace resize is deprecated
  warnings.warn("non-inplace resize is deprecated")
/mnt/sdb/wyn/envs/clip-env/lib/python3.10/site-packages/torch/_tensor.py:1002: UserWarning: non-inplace resize is deprecated
  warnings.warn("non-inplace resize is deprecated")
/mnt/sdb/wyn/envs/clip-env/lib/python3.10/site-packages/torch/_tensor.py:1002: UserWarning: non-inplace resize is deprecated
  warnings.warn("non-inplace resize is deprecated")
/mnt/sdb/wyn/envs/clip-env/lib/python3.10/site-packages/torch/_tensor.py:1002: UserWarning: non-inplace resize is deprecated
  warnings.warn("non-inplace resize is deprecated")
/mnt/sdb/wyn/envs/clip-env/lib/python3.10/site-packages/torch/_tensor.py:1002: UserWarning: non-inplace resize is deprecated
  warnings.warn("non-inplace resize is deprecated")

  0%|          | 1/693 [00:02<27:28,  2.38s/it]
  0%|          | 2/693 [00:02<12:23,  1.08s/it]
  0%|          | 3/693 [00:02<07:27,  1.54it/s]
  1%|          | 4/693 [00:02<05:37,  2.04it/s]
  1%|          | 5/693 [00:03<04:35,  2.50it/s]
  1%|          | 6/693 [00:03<03:57,  2.90it/s]
  1%|          | 7/693 [00:03<03:33,  3.22it/s]
  1%|          | 8/693 [00:03<03:17,  3.47it/s]
  1%|▏         | 9/693 [00:04<03:06,  3.67it/s]
  1%|▏         | 10/693 [00:04<02:48,  4.04it/s]
  2%|▏         | 11/693 [00:04<02:46,  4.10it/s]
  2%|▏         | 12/693 [00:05<03:55,  2.89it/s]
  2%|▏         | 13/693 [00:05<03:33,  3.19it/s]
  2%|▏         | 14/693 [00:05<03:17,  3.44it/s]
  2%|▏         | 15/693 [00:05<03:06,  3.64it/s]
  2%|▏         | 16/693 [00:06<02:58,  3.78it/s]
  2%|▏         | 17/693 [00:06<02:53,  3.90it/s]
  3%|▎         | 18/693 [00:06<02:49,  3.99it/s]
  3%|▎         | 19/693 [00:06<02:42,  4.15it/s]
  3%|▎         | 20/693 [00:07<02:44,  4.08it/s]
  3%|▎         | 21/693 [00:07<02:42,  4.13it/s]
  3%|▎         | 22/693 [00:07<02:42,  4.13it/s]
  3%|▎         | 23/693 [00:07<02:24,  4.63it/s]
  3%|▎         | 24/693 [00:07<02:11,  5.10it/s]
  4%|▎         | 25/693 [00:08<02:18,  4.83it/s]
  4%|▍         | 26/693 [00:08<02:25,  4.58it/s]
  4%|▍         | 27/693 [00:08<02:29,  4.46it/s]
  4%|▍         | 28/693 [00:08<02:32,  4.37it/s]
  4%|▍         | 29/693 [00:09<02:33,  4.32it/s]
  4%|▍         | 30/693 [00:09<02:35,  4.25it/s]
  4%|▍         | 31/693 [00:09<02:26,  4.52it/s]
  5%|▍         | 32/693 [00:09<02:28,  4.46it/s]
  5%|▍         | 33/693 [00:09<02:31,  4.36it/s]
  5%|▍         | 34/693 [00:10<02:33,  4.29it/s]
  5%|▌         | 35/693 [00:10<02:28,  4.44it/s]
  5%|▌         | 36/693 [00:10<02:08,  5.11it/s]
  5%|▌         | 37/693 [00:10<01:57,  5.56it/s]
  5%|▌         | 38/693 [00:10<02:08,  5.09it/s]
  6%|▌         | 39/693 [00:11<02:16,  4.79it/s]
  6%|▌         | 40/693 [00:11<02:21,  4.62it/s]
  6%|▌         | 41/693 [00:11<02:25,  4.49it/s]
  6%|▌         | 42/693 [00:11<02:28,  4.40it/s]
  6%|▌         | 43/693 [00:12<02:29,  4.35it/s]
  6%|▋         | 44/693 [00:12<02:25,  4.46it/s]
  6%|▋         | 45/693 [00:12<02:26,  4.43it/s]
  7%|▋         | 46/693 [00:12<02:27,  4.39it/s]
  7%|▋         | 47/693 [00:12<02:28,  4.36it/s]
  7%|▋         | 48/693 [00:13<02:24,  4.47it/s]
  7%|▋         | 49/693 [00:13<02:03,  5.22it/s]
  7%|▋         | 50/693 [00:13<01:50,  5.81it/s]
  7%|▋         | 51/693 [00:13<01:46,  6.03it/s]
  8%|▊         | 52/693 [00:13<01:58,  5.42it/s]
  8%|▊         | 53/693 [00:14<02:08,  5.00it/s]
  8%|▊         | 54/693 [00:14<02:14,  4.75it/s]
  8%|▊         | 55/693 [00:14<02:18,  4.59it/s]
  8%|▊         | 56/693 [00:14<02:21,  4.49it/s]
  8%|▊         | 57/693 [00:14<02:24,  4.40it/s]
  8%|▊         | 58/693 [00:15<02:20,  4.53it/s]
  9%|▊         | 59/693 [00:15<02:22,  4.45it/s]
  9%|▊         | 60/693 [00:15<02:23,  4.42it/s]
  9%|▉         | 61/693 [00:15<02:24,  4.37it/s]
  9%|▉         | 62/693 [00:16<02:20,  4.50it/s]
  9%|▉         | 63/693 [00:16<02:00,  5.21it/s]
  9%|▉         | 64/693 [00:16<01:49,  5.75it/s]
  9%|▉         | 65/693 [00:16<01:53,  5.53it/s]
 10%|▉         | 66/693 [00:16<02:03,  5.07it/s]
 10%|▉         | 67/693 [00:17<02:10,  4.80it/s]
 10%|▉         | 68/693 [00:17<02:15,  4.63it/s]
 10%|▉         | 69/693 [00:17<02:19,  4.48it/s]
 10%|█         | 70/693 [00:17<02:20,  4.45it/s]
 10%|█         | 71/693 [00:17<02:20,  4.43it/s]
 10%|█         | 72/693 [00:18<02:14,  4.61it/s]
 11%|█         | 73/693 [00:18<02:19,  4.43it/s]
 11%|█         | 74/693 [00:18<02:23,  4.32it/s]
 11%|█         | 75/693 [00:18<02:23,  4.31it/s]
 11%|█         | 76/693 [00:19<02:10,  4.72it/s]
 11%|█         | 77/693 [00:19<03:36,  2.85it/s]
 11%|█▏        | 78/693 [00:19<03:15,  3.14it/s]
 11%|█▏        | 79/693 [00:20<03:00,  3.40it/s]
 12%|█▏        | 80/693 [00:20<02:47,  3.66it/s]
 12%|█▏        | 81/693 [00:20<02:38,  3.86it/s]
 12%|█▏        | 82/693 [00:20<02:35,  3.93it/s]
 12%|█▏        | 83/693 [00:21<02:31,  4.02it/s]
 12%|█▏        | 84/693 [00:21<02:26,  4.15it/s]
 12%|█▏        | 85/693 [00:21<02:09,  4.70it/s]
 12%|█▏        | 86/693 [00:21<02:02,  4.95it/s]
 13%|█▎        | 87/693 [00:21<02:08,  4.72it/s]
 13%|█▎        | 88/693 [00:22<02:13,  4.52it/s]
 13%|█▎        | 89/693 [00:22<02:17,  4.40it/s]
 13%|█▎        | 90/693 [00:22<02:19,  4.32it/s]
 13%|█▎        | 91/693 [00:22<02:20,  4.28it/s]
 13%|█▎        | 92/693 [00:23<02:19,  4.31it/s]
 13%|█▎        | 93/693 [00:23<02:14,  4.45it/s]
 14%|█▎        | 94/693 [00:23<02:18,  4.33it/s]
 14%|█▎        | 95/693 [00:23<02:18,  4.33it/s]
 14%|█▍        | 96/693 [00:23<02:19,  4.29it/s]
 14%|█▍        | 97/693 [00:24<02:03,  4.81it/s]
 14%|█▍        | 98/693 [00:24<01:49,  5.41it/s]
 14%|█▍        | 99/693 [00:24<01:50,  5.40it/s]
 14%|█▍        | 100/693 [00:24<01:58,  5.00it/s]
 15%|█▍        | 101/693 [00:24<02:05,  4.73it/s]
 15%|█▍        | 102/693 [00:25<02:09,  4.57it/s]
 15%|█▍        | 103/693 [00:25<02:12,  4.45it/s]
 15%|█▌        | 104/693 [00:25<02:14,  4.38it/s]
 15%|█▌        | 105/693 [00:25<02:13,  4.40it/s]
 15%|█▌        | 106/693 [00:26<02:09,  4.55it/s]
 15%|█▌        | 107/693 [00:26<02:12,  4.43it/s]
 16%|█▌        | 108/693 [00:26<02:13,  4.37it/s]
 16%|█▌        | 109/693 [00:26<02:14,  4.34it/s]
 16%|█▌        | 110/693 [00:26<02:01,  4.79it/s]
 16%|█▌        | 111/693 [00:27<01:47,  5.42it/s]
 16%|█▌        | 112/693 [00:27<01:53,  5.10it/s]
 16%|█▋        | 113/693 [00:27<02:00,  4.82it/s]
 16%|█▋        | 114/693 [00:27<02:04,  4.67it/s]
 17%|█▋        | 115/693 [00:27<02:07,  4.52it/s]
 17%|█▋        | 116/693 [00:28<02:09,  4.47it/s]
 17%|█▋        | 117/693 [00:28<02:11,  4.39it/s]
 17%|█▋        | 118/693 [00:28<02:07,  4.51it/s]
 17%|█▋        | 119/693 [00:28<02:03,  4.65it/s]
 17%|█▋        | 120/693 [00:29<02:05,  4.56it/s]
 17%|█▋        | 121/693 [00:29<02:07,  4.48it/s]
 18%|█▊        | 122/693 [00:29<02:08,  4.44it/s]
 18%|█▊        | 123/693 [00:29<01:56,  4.88it/s]
 18%|█▊        | 124/693 [00:29<01:43,  5.52it/s]
 18%|█▊        | 125/693 [00:29<01:33,  6.09it/s]
 18%|█▊        | 126/693 [00:30<01:38,  5.77it/s]
 18%|█▊        | 127/693 [00:30<01:48,  5.20it/s]
 18%|█▊        | 128/693 [00:30<01:55,  4.90it/s]
 19%|█▊        | 129/693 [00:30<02:00,  4.69it/s]
 19%|█▉        | 130/693 [00:31<02:03,  4.57it/s]
 19%|█▉        | 131/693 [00:31<02:06,  4.46it/s]
 19%|█▉        | 132/693 [00:31<02:06,  4.43it/s]
 19%|█▉        | 133/693 [00:31<02:00,  4.64it/s]
 19%|█▉        | 134/693 [00:31<02:02,  4.55it/s]
 19%|█▉        | 135/693 [00:32<02:05,  4.44it/s]
 20%|█▉        | 136/693 [00:32<02:06,  4.42it/s]
 20%|█▉        | 137/693 [00:32<01:54,  4.84it/s]
 20%|█▉        | 138/693 [00:32<01:42,  5.42it/s]
 20%|██        | 139/693 [00:32<01:32,  6.02it/s]
 20%|██        | 140/693 [00:33<01:39,  5.59it/s]
 20%|██        | 141/693 [00:33<01:47,  5.12it/s]
 20%|██        | 142/693 [00:33<01:53,  4.83it/s]
 21%|██        | 143/693 [00:33<01:59,  4.61it/s]
 21%|██        | 144/693 [00:34<02:01,  4.50it/s]
 21%|██        | 145/693 [00:34<02:04,  4.40it/s]
 21%|██        | 146/693 [00:34<02:02,  4.47it/s]
 21%|██        | 147/693 [00:34<01:59,  4.55it/s]
 21%|██▏       | 148/693 [00:34<02:02,  4.45it/s]
 22%|██▏       | 149/693 [00:35<02:04,  4.38it/s]
 22%|██▏       | 150/693 [00:35<02:04,  4.35it/s]
 22%|██▏       | 151/693 [00:35<01:51,  4.88it/s]
 22%|██▏       | 152/693 [00:35<01:40,  5.37it/s]
 22%|██▏       | 153/693 [00:35<01:44,  5.16it/s]
 22%|██▏       | 154/693 [00:36<01:50,  4.90it/s]
 22%|██▏       | 155/693 [00:36<01:55,  4.65it/s]
 23%|██▎       | 156/693 [00:36<01:58,  4.52it/s]
 23%|██▎       | 157/693 [00:36<02:01,  4.42it/s]
 23%|██▎       | 158/693 [00:37<02:02,  4.38it/s]
 23%|██▎       | 159/693 [00:37<01:59,  4.46it/s]
 23%|██▎       | 160/693 [00:37<01:58,  4.49it/s]
 23%|██▎       | 161/693 [00:37<02:00,  4.41it/s]
 23%|██▎       | 162/693 [00:37<02:01,  4.37it/s]
 24%|██▎       | 163/693 [00:38<02:02,  4.33it/s]
 24%|██▎       | 164/693 [00:38<01:48,  4.87it/s]
 24%|██▍       | 165/693 [00:38<01:36,  5.47it/s]
 24%|██▍       | 166/693 [00:38<01:39,  5.30it/s]
 24%|██▍       | 167/693 [00:38<01:46,  4.92it/s]
 24%|██▍       | 168/693 [00:39<01:51,  4.70it/s]
 24%|██▍       | 169/693 [00:39<01:55,  4.54it/s]
 25%|██▍       | 170/693 [00:39<01:57,  4.44it/s]
 25%|██▍       | 171/693 [00:39<01:58,  4.40it/s]
 25%|██▍       | 172/693 [00:40<01:59,  4.37it/s]
 25%|██▍       | 173/693 [00:40<01:53,  4.59it/s]
 25%|██▌       | 174/693 [00:40<01:55,  4.50it/s]
 25%|██▌       | 175/693 [00:40<01:56,  4.43it/s]
 25%|██▌       | 176/693 [00:40<01:57,  4.39it/s]
 26%|██▌       | 177/693 [00:41<01:47,  4.82it/s]
 26%|██▌       | 178/693 [00:42<05:14,  1.64it/s]
 26%|██▌       | 179/693 [00:42<03:58,  2.16it/s]
 26%|██▌       | 180/693 [00:42<03:06,  2.75it/s]
 26%|██▌       | 181/693 [00:43<02:40,  3.19it/s]
 26%|██▋       | 182/693 [00:43<02:27,  3.46it/s]
 26%|██▋       | 183/693 [00:43<02:19,  3.65it/s]
 27%|██▋       | 184/693 [00:43<02:14,  3.80it/s]
 27%|██▋       | 185/693 [00:44<02:09,  3.91it/s]
 27%|██▋       | 186/693 [00:44<02:06,  4.01it/s]
 27%|██▋       | 187/693 [00:44<02:01,  4.16it/s]
 27%|██▋       | 188/693 [00:44<01:56,  4.32it/s]
 27%|██▋       | 189/693 [00:44<01:57,  4.29it/s]
 27%|██▋       | 190/693 [00:45<01:57,  4.28it/s]
 28%|██▊       | 191/693 [00:45<01:57,  4.27it/s]
 28%|██▊       | 192/693 [00:45<01:45,  4.74it/s]
 28%|██▊       | 193/693 [00:45<01:33,  5.35it/s]
 28%|██▊       | 194/693 [00:45<01:41,  4.94it/s]
 28%|██▊       | 195/693 [00:46<01:46,  4.67it/s]
 28%|██▊       | 196/693 [00:46<01:49,  4.53it/s]
 28%|██▊       | 197/693 [00:46<01:51,  4.43it/s]
 29%|██▊       | 198/693 [00:46<01:53,  4.37it/s]
 29%|██▊       | 199/693 [00:47<01:54,  4.32it/s]
 29%|██▉       | 200/693 [00:47<01:55,  4.29it/s]
 29%|██▉       | 201/693 [00:47<01:55,  4.28it/s]
 29%|██▉       | 202/693 [00:47<01:55,  4.27it/s]
 29%|██▉       | 203/693 [00:48<01:55,  4.25it/s]
 29%|██▉       | 204/693 [00:48<01:50,  4.42it/s]
 30%|██▉       | 205/693 [00:48<01:36,  5.08it/s]
 30%|██▉       | 206/693 [00:48<01:27,  5.53it/s]
 30%|██▉       | 207/693 [00:48<01:32,  5.25it/s]
 30%|███       | 208/693 [00:49<01:38,  4.93it/s]
 30%|███       | 209/693 [00:49<01:43,  4.68it/s]
 30%|███       | 210/693 [00:49<01:46,  4.54it/s]
 30%|███       | 211/693 [00:49<01:48,  4.43it/s]
 31%|███       | 212/693 [00:49<01:49,  4.38it/s]
 31%|███       | 213/693 [00:50<01:49,  4.36it/s]
 31%|███       | 214/693 [00:50<01:50,  4.33it/s]
 31%|███       | 215/693 [00:50<01:51,  4.29it/s]
 31%|███       | 216/693 [00:50<01:51,  4.29it/s]
 31%|███▏      | 217/693 [00:51<01:48,  4.37it/s]
 31%|███▏      | 218/693 [00:51<01:37,  4.90it/s]
 32%|███▏      | 219/693 [00:51<01:26,  5.45it/s]
 32%|███▏      | 220/693 [00:51<01:31,  5.17it/s]
 32%|███▏      | 221/693 [00:51<01:37,  4.85it/s]
 32%|███▏      | 222/693 [00:52<01:41,  4.65it/s]
 32%|███▏      | 223/693 [00:52<01:44,  4.50it/s]
 32%|███▏      | 224/693 [00:52<01:45,  4.42it/s]
 32%|███▏      | 225/693 [00:52<01:47,  4.37it/s]
 33%|███▎      | 226/693 [00:53<01:47,  4.34it/s]
 33%|███▎      | 227/693 [00:53<01:47,  4.32it/s]
 33%|███▎      | 228/693 [00:53<01:48,  4.29it/s]
 33%|███▎      | 229/693 [00:53<01:48,  4.28it/s]
 33%|███▎      | 230/693 [00:53<01:44,  4.42it/s]
 33%|███▎      | 231/693 [00:54<01:31,  5.06it/s]
 33%|███▎      | 232/693 [00:54<01:27,  5.24it/s]
 34%|███▎      | 233/693 [00:54<01:34,  4.89it/s]
 34%|███▍      | 234/693 [00:54<01:38,  4.68it/s]
 34%|███▍      | 235/693 [00:54<01:41,  4.52it/s]
 34%|███▍      | 236/693 [00:55<01:42,  4.44it/s]
 34%|███▍      | 237/693 [00:55<01:44,  4.38it/s]
 34%|███▍      | 238/693 [00:55<01:44,  4.34it/s]
 34%|███▍      | 239/693 [00:55<01:44,  4.36it/s]
 35%|███▍      | 240/693 [00:56<01:45,  4.31it/s]
 35%|███▍      | 241/693 [00:56<01:44,  4.33it/s]
 35%|███▍      | 242/693 [00:56<01:44,  4.30it/s]
 35%|███▌      | 243/693 [00:56<01:37,  4.63it/s]
 35%|███▌      | 244/693 [00:56<01:27,  5.15it/s]
 35%|███▌      | 245/693 [00:57<01:28,  5.08it/s]
 35%|███▌      | 246/693 [00:57<01:33,  4.78it/s]
 36%|███▌      | 247/693 [00:57<01:37,  4.60it/s]
 36%|███▌      | 248/693 [00:57<01:39,  4.47it/s]
 36%|███▌      | 249/693 [00:58<01:41,  4.39it/s]
 36%|███▌      | 250/693 [00:58<01:41,  4.37it/s]
 36%|███▌      | 251/693 [00:58<01:38,  4.50it/s]
 36%|███▋      | 252/693 [00:58<01:37,  4.53it/s]
 37%|███▋      | 253/693 [00:59<01:39,  4.43it/s]
 37%|███▋      | 254/693 [00:59<01:40,  4.38it/s]
 37%|███▋      | 255/693 [00:59<01:41,  4.32it/s]
 37%|███▋      | 256/693 [00:59<01:31,  4.79it/s]
 37%|███▋      | 257/693 [00:59<01:21,  5.37it/s]
 37%|███▋      | 258/693 [00:59<01:24,  5.17it/s]
 37%|███▋      | 259/693 [01:00<01:29,  4.82it/s]
 38%|███▊      | 260/693 [01:00<01:33,  4.63it/s]
 38%|███▊      | 261/693 [01:00<01:36,  4.49it/s]
 38%|███▊      | 262/693 [01:00<01:37,  4.42it/s]
 38%|███▊      | 263/693 [01:01<01:38,  4.35it/s]
 38%|███▊      | 264/693 [01:01<01:35,  4.49it/s]
 38%|███▊      | 265/693 [01:01<01:35,  4.48it/s]
 38%|███▊      | 266/693 [01:01<01:37,  4.39it/s]
 39%|███▊      | 267/693 [01:02<01:37,  4.36it/s]
 39%|███▊      | 268/693 [01:02<01:39,  4.28it/s]
 39%|███▉      | 269/693 [01:02<01:29,  4.76it/s]
 39%|███▉      | 270/693 [01:02<01:22,  5.10it/s]
 39%|███▉      | 271/693 [01:02<01:25,  4.96it/s]
 39%|███▉      | 272/693 [01:03<01:29,  4.68it/s]
 39%|███▉      | 273/693 [01:03<01:33,  4.51it/s]
 40%|███▉      | 274/693 [01:03<01:35,  4.38it/s]
 40%|███▉      | 275/693 [01:03<01:36,  4.31it/s]
 40%|███▉      | 276/693 [01:04<01:37,  4.26it/s]
 40%|███▉      | 277/693 [01:04<01:37,  4.28it/s]
 40%|████      | 278/693 [01:04<01:38,  4.22it/s]
 40%|████      | 279/693 [01:04<01:37,  4.23it/s]
 40%|████      | 280/693 [01:04<01:38,  4.21it/s]
 41%|████      | 281/693 [01:05<01:31,  4.53it/s]
 41%|████      | 282/693 [01:05<01:23,  4.94it/s]
 41%|████      | 283/693 [01:05<01:22,  5.00it/s]
 41%|████      | 284/693 [01:05<01:26,  4.72it/s]
 41%|████      | 285/693 [01:06<01:30,  4.53it/s]
 41%|████▏     | 286/693 [01:06<01:31,  4.45it/s]
 41%|████▏     | 287/693 [01:06<01:33,  4.36it/s]
 42%|████▏     | 288/693 [01:06<01:33,  4.32it/s]
 42%|████▏     | 289/693 [01:06<01:31,  4.42it/s]
 42%|████▏     | 290/693 [01:07<01:32,  4.36it/s]
 42%|████▏     | 291/693 [01:07<01:32,  4.33it/s]
 42%|████▏     | 292/693 [01:07<01:33,  4.30it/s]
 42%|████▏     | 293/693 [01:07<01:29,  4.45it/s]
 42%|████▏     | 294/693 [01:07<01:18,  5.11it/s]
 43%|████▎     | 295/693 [01:08<01:09,  5.74it/s]
 43%|████▎     | 296/693 [01:08<01:10,  5.66it/s]
 43%|████▎     | 297/693 [01:08<01:17,  5.13it/s]
 43%|████▎     | 298/693 [01:08<01:22,  4.82it/s]
 43%|████▎     | 299/693 [01:09<01:25,  4.61it/s]
 43%|████▎     | 300/693 [01:09<01:27,  4.50it/s]
 43%|████▎     | 301/693 [01:09<01:28,  4.42it/s]
 44%|████▎     | 302/693 [01:09<01:29,  4.37it/s]
 44%|████▎     | 303/693 [01:09<01:26,  4.51it/s]
 44%|████▍     | 304/693 [01:10<01:27,  4.44it/s]
 44%|████▍     | 305/693 [01:10<01:28,  4.38it/s]
 44%|████▍     | 306/693 [01:10<01:29,  4.34it/s]
 44%|████▍     | 307/693 [01:10<01:21,  4.76it/s]
 44%|████▍     | 308/693 [01:10<01:12,  5.30it/s]
 45%|████▍     | 309/693 [01:11<01:12,  5.32it/s]
 45%|████▍     | 310/693 [01:11<01:17,  4.94it/s]
 45%|████▍     | 311/693 [01:11<01:21,  4.70it/s]
 45%|████▌     | 312/693 [01:11<01:23,  4.55it/s]
 45%|████▌     | 313/693 [01:12<01:25,  4.43it/s]
 45%|████▌     | 314/693 [01:12<01:26,  4.37it/s]
 45%|████▌     | 315/693 [01:12<01:26,  4.39it/s]
 46%|████▌     | 316/693 [01:12<01:23,  4.54it/s]
 46%|████▌     | 317/693 [01:12<01:25,  4.38it/s]
 46%|████▌     | 318/693 [01:13<01:27,  4.31it/s]
 46%|████▌     | 319/693 [01:13<01:27,  4.29it/s]
 46%|████▌     | 320/693 [01:13<01:19,  4.67it/s]
 46%|████▋     | 321/693 [01:13<01:14,  5.00it/s]
 46%|████▋     | 322/693 [01:14<01:18,  4.71it/s]
 47%|████▋     | 323/693 [01:14<01:21,  4.54it/s]
 47%|████▋     | 324/693 [01:14<01:23,  4.41it/s]
 47%|████▋     | 325/693 [01:14<01:25,  4.32it/s]
 47%|████▋     | 326/693 [01:14<01:25,  4.27it/s]
 47%|████▋     | 327/693 [01:15<01:24,  4.34it/s]
 47%|████▋     | 328/693 [01:15<01:22,  4.43it/s]
 47%|████▋     | 329/693 [01:15<01:23,  4.37it/s]
 48%|████▊     | 330/693 [01:15<01:23,  4.33it/s]
 48%|████▊     | 331/693 [01:16<01:24,  4.30it/s]
 48%|████▊     | 332/693 [01:16<01:15,  4.79it/s]
 48%|████▊     | 333/693 [01:16<01:06,  5.43it/s]
 48%|████▊     | 334/693 [01:16<01:03,  5.64it/s]
 48%|████▊     | 335/693 [01:16<01:09,  5.12it/s]
 48%|████▊     | 336/693 [01:17<01:14,  4.82it/s]
 49%|████▊     | 337/693 [01:17<01:16,  4.63it/s]
 49%|████▉     | 338/693 [01:17<01:19,  4.49it/s]
 49%|████▉     | 339/693 [01:17<01:20,  4.40it/s]
 49%|████▉     | 340/693 [01:17<01:21,  4.35it/s]
 49%|████▉     | 341/693 [01:18<01:19,  4.42it/s]
 49%|████▉     | 342/693 [01:18<01:19,  4.41it/s]
 49%|████▉     | 343/693 [01:18<01:20,  4.36it/s]
 50%|████▉     | 344/693 [01:18<01:19,  4.37it/s]
 50%|████▉     | 345/693 [01:19<01:13,  4.73it/s]
 50%|████▉     | 346/693 [01:19<01:04,  5.35it/s]
 50%|█████     | 347/693 [01:19<00:58,  5.88it/s]
 50%|█████     | 348/693 [01:19<01:04,  5.34it/s]
 50%|█████     | 349/693 [01:19<01:09,  4.94it/s]
 51%|█████     | 350/693 [01:20<01:12,  4.74it/s]
 51%|█████     | 351/693 [01:20<01:14,  4.57it/s]
 51%|█████     | 352/693 [01:20<01:15,  4.49it/s]
 51%|█████     | 353/693 [01:20<01:17,  4.39it/s]
 51%|█████     | 354/693 [01:20<01:16,  4.46it/s]
 51%|█████     | 355/693 [01:21<01:16,  4.39it/s]
 51%|█████▏    | 356/693 [01:21<01:16,  4.39it/s]
 52%|█████▏    | 357/693 [01:21<01:17,  4.35it/s]
 52%|█████▏    | 358/693 [01:21<01:15,  4.44it/s]
 52%|█████▏    | 359/693 [01:21<01:04,  5.15it/s]
 52%|█████▏    | 360/693 [01:22<00:57,  5.74it/s]
 52%|█████▏    | 361/693 [01:22<00:56,  5.88it/s]
 52%|█████▏    | 362/693 [01:22<01:02,  5.29it/s]
 52%|█████▏    | 363/693 [01:22<01:07,  4.91it/s]
 53%|█████▎    | 364/693 [01:22<01:09,  4.72it/s]
 53%|█████▎    | 365/693 [01:23<01:12,  4.55it/s]
 53%|█████▎    | 366/693 [01:23<01:12,  4.48it/s]
 53%|█████▎    | 367/693 [01:23<01:14,  4.40it/s]
 53%|█████▎    | 368/693 [01:23<01:10,  4.59it/s]
 53%|█████▎    | 369/693 [01:24<01:11,  4.52it/s]
 53%|█████▎    | 370/693 [01:24<01:12,  4.46it/s]
 54%|█████▎    | 371/693 [01:24<01:13,  4.40it/s]
 54%|█████▎    | 372/693 [01:24<01:10,  4.54it/s]
 54%|█████▍    | 373/693 [01:24<01:01,  5.20it/s]
 54%|█████▍    | 374/693 [01:25<00:55,  5.78it/s]
 54%|█████▍    | 375/693 [01:25<00:57,  5.54it/s]
 54%|█████▍    | 376/693 [01:25<01:01,  5.12it/s]
 54%|█████▍    | 377/693 [01:25<01:05,  4.81it/s]
 55%|█████▍    | 378/693 [01:25<01:07,  4.67it/s]
 55%|█████▍    | 379/693 [01:26<01:09,  4.52it/s]
 55%|█████▍    | 380/693 [01:26<01:10,  4.46it/s]
 55%|█████▍    | 381/693 [01:26<01:10,  4.45it/s]
 55%|█████▌    | 382/693 [01:26<01:07,  4.60it/s]
 55%|█████▌    | 383/693 [01:27<01:09,  4.46it/s]
 55%|█████▌    | 384/693 [01:27<01:09,  4.43it/s]
 56%|█████▌    | 385/693 [01:27<01:10,  4.38it/s]
 56%|█████▌    | 386/693 [01:27<01:03,  4.86it/s]
 56%|█████▌    | 387/693 [01:27<00:55,  5.47it/s]
 56%|█████▌    | 388/693 [01:27<00:56,  5.40it/s]
 56%|█████▌    | 389/693 [01:28<01:01,  4.96it/s]
 56%|█████▋    | 390/693 [01:28<01:03,  4.76it/s]
 56%|█████▋    | 391/693 [01:28<01:06,  4.57it/s]
 57%|█████▋    | 392/693 [01:28<01:06,  4.50it/s]
 57%|█████▋    | 393/693 [01:29<01:50,  2.72it/s]
 57%|█████▋    | 394/693 [01:29<01:38,  3.03it/s]
 57%|█████▋    | 395/693 [01:30<01:24,  3.52it/s]
 57%|█████▋    | 396/693 [01:30<01:11,  4.14it/s]
 57%|█████▋    | 397/693 [01:30<01:08,  4.32it/s]
 57%|█████▋    | 398/693 [01:30<01:09,  4.26it/s]
 58%|█████▊    | 399/693 [01:30<01:09,  4.23it/s]
 58%|█████▊    | 400/693 [01:31<01:09,  4.19it/s]
 58%|█████▊    | 401/693 [01:31<01:09,  4.19it/s]
 58%|█████▊    | 402/693 [01:31<01:09,  4.17it/s]
 58%|█████▊    | 403/693 [01:31<01:07,  4.31it/s]
 58%|█████▊    | 404/693 [01:32<01:07,  4.27it/s]
 58%|█████▊    | 405/693 [01:32<01:07,  4.26it/s]
 59%|█████▊    | 406/693 [01:32<01:08,  4.21it/s]
 59%|█████▊    | 407/693 [01:32<01:05,  4.38it/s]
 59%|█████▉    | 408/693 [01:32<00:58,  4.90it/s]
 59%|█████▉    | 409/693 [01:33<00:57,  4.90it/s]
 59%|█████▉    | 410/693 [01:33<01:01,  4.63it/s]
 59%|█████▉    | 411/693 [01:33<01:02,  4.50it/s]
 59%|█████▉    | 412/693 [01:33<01:04,  4.37it/s]
 60%|█████▉    | 413/693 [01:34<01:04,  4.31it/s]
 60%|█████▉    | 414/693 [01:34<01:05,  4.25it/s]
 60%|█████▉    | 415/693 [01:34<01:03,  4.35it/s]
 60%|██████    | 416/693 [01:34<01:04,  4.28it/s]
 60%|██████    | 417/693 [01:35<01:04,  4.28it/s]
 60%|██████    | 418/693 [01:35<01:04,  4.26it/s]
 60%|██████    | 419/693 [01:35<01:02,  4.36it/s]
 61%|██████    | 420/693 [01:35<00:56,  4.82it/s]
 61%|██████    | 421/693 [01:35<00:52,  5.20it/s]
 61%|██████    | 422/693 [01:36<00:55,  4.85it/s]
 61%|██████    | 423/693 [01:36<00:58,  4.62it/s]
 61%|██████    | 424/693 [01:36<00:59,  4.48it/s]
 61%|██████▏   | 425/693 [01:36<01:01,  4.38it/s]
 61%|██████▏   | 426/693 [01:36<01:01,  4.33it/s]
 62%|██████▏   | 427/693 [01:37<01:01,  4.29it/s]
 62%|██████▏   | 428/693 [01:37<00:59,  4.44it/s]
 62%|██████▏   | 429/693 [01:37<01:00,  4.37it/s]
 62%|██████▏   | 430/693 [01:37<01:00,  4.33it/s]
 62%|██████▏   | 431/693 [01:38<01:00,  4.30it/s]
 62%|██████▏   | 432/693 [01:38<00:56,  4.63it/s]
 62%|██████▏   | 433/693 [01:38<00:49,  5.24it/s]
 63%|██████▎   | 434/693 [01:38<00:50,  5.14it/s]
 63%|██████▎   | 435/693 [01:38<00:53,  4.81it/s]
 63%|██████▎   | 436/693 [01:39<00:55,  4.59it/s]
 63%|██████▎   | 437/693 [01:39<00:57,  4.44it/s]
 63%|██████▎   | 438/693 [01:39<00:58,  4.37it/s]
 63%|██████▎   | 439/693 [01:39<00:58,  4.32it/s]
 63%|██████▎   | 440/693 [01:40<00:58,  4.30it/s]
 64%|██████▎   | 441/693 [01:40<00:59,  4.27it/s]
 64%|██████▍   | 442/693 [01:40<00:58,  4.26it/s]
 64%|██████▍   | 443/693 [01:40<00:58,  4.25it/s]
 64%|██████▍   | 444/693 [01:40<00:56,  4.38it/s]
 64%|██████▍   | 445/693 [01:41<00:49,  5.04it/s]
 64%|██████▍   | 446/693 [01:41<00:44,  5.59it/s]
 65%|██████▍   | 447/693 [01:41<00:45,  5.35it/s]
 65%|██████▍   | 448/693 [01:41<00:49,  4.95it/s]
 65%|██████▍   | 449/693 [01:41<00:52,  4.68it/s]
 65%|██████▍   | 450/693 [01:42<00:55,  4.39it/s]
 65%|██████▌   | 451/693 [01:42<00:54,  4.41it/s]
 65%|██████▌   | 452/693 [01:42<00:55,  4.35it/s]
 65%|██████▌   | 453/693 [01:42<00:54,  4.40it/s]
 66%|██████▌   | 454/693 [01:43<00:55,  4.34it/s]
 66%|██████▌   | 455/693 [01:43<00:55,  4.30it/s]
 66%|██████▌   | 456/693 [01:43<00:55,  4.28it/s]
 66%|██████▌   | 457/693 [01:43<00:55,  4.28it/s]
 66%|██████▌   | 458/693 [01:43<00:49,  4.72it/s]
 66%|██████▌   | 459/693 [01:44<00:46,  5.01it/s]
 66%|██████▋   | 460/693 [01:44<00:48,  4.76it/s]
 67%|██████▋   | 461/693 [01:44<00:50,  4.57it/s]
 67%|██████▋   | 462/693 [01:44<00:51,  4.46it/s]
 67%|██████▋   | 463/693 [01:45<00:52,  4.37it/s]
 67%|██████▋   | 464/693 [01:45<00:53,  4.32it/s]
 67%|██████▋   | 465/693 [01:45<00:51,  4.40it/s]
 67%|██████▋   | 466/693 [01:45<00:49,  4.54it/s]
 67%|██████▋   | 467/693 [01:46<00:50,  4.48it/s]
 68%|██████▊   | 468/693 [01:46<00:50,  4.44it/s]
 68%|██████▊   | 469/693 [01:46<00:51,  4.39it/s]
 68%|██████▊   | 470/693 [01:46<00:46,  4.80it/s]
 68%|██████▊   | 471/693 [01:46<00:40,  5.51it/s]
 68%|██████▊   | 472/693 [01:46<00:37,  5.96it/s]
 68%|██████▊   | 473/693 [01:47<00:40,  5.38it/s]
 68%|██████▊   | 474/693 [01:47<00:43,  4.98it/s]
 69%|██████▊   | 475/693 [01:47<00:46,  4.72it/s]
 69%|██████▊   | 476/693 [01:47<00:47,  4.56it/s]
 69%|██████▉   | 477/693 [01:48<00:48,  4.45it/s]
 69%|██████▉   | 478/693 [01:48<00:48,  4.39it/s]
 69%|██████▉   | 479/693 [01:48<00:48,  4.43it/s]
 69%|██████▉   | 480/693 [01:48<00:48,  4.40it/s]
 69%|██████▉   | 481/693 [01:48<00:48,  4.34it/s]
 70%|██████▉   | 482/693 [01:49<00:48,  4.32it/s]
 70%|██████▉   | 483/693 [01:49<00:46,  4.48it/s]
 70%|██████▉   | 484/693 [01:49<00:41,  5.03it/s]
 70%|██████▉   | 485/693 [01:49<00:37,  5.59it/s]
 70%|███████   | 486/693 [01:49<00:40,  5.12it/s]
 70%|███████   | 487/693 [01:50<00:42,  4.81it/s]
 70%|███████   | 488/693 [01:50<00:44,  4.61it/s]
 71%|███████   | 489/693 [01:50<00:45,  4.47it/s]
 71%|███████   | 490/693 [01:50<00:46,  4.41it/s]
 71%|███████   | 491/693 [01:51<00:46,  4.35it/s]
 71%|███████   | 492/693 [01:51<00:45,  4.42it/s]
 71%|███████   | 493/693 [01:51<00:45,  4.37it/s]
 71%|███████▏  | 494/693 [01:51<00:45,  4.33it/s]
 71%|███████▏  | 495/693 [01:52<00:46,  4.24it/s]
 72%|███████▏  | 496/693 [01:52<00:43,  4.51it/s]
 72%|███████▏  | 497/693 [01:52<00:38,  5.14it/s]
 72%|███████▏  | 498/693 [01:52<00:37,  5.25it/s]
 72%|███████▏  | 499/693 [01:52<00:39,  4.91it/s]
 72%|███████▏  | 500/693 [01:53<00:41,  4.69it/s]
 72%|███████▏  | 501/693 [01:53<00:42,  4.55it/s]
 72%|███████▏  | 502/693 [01:53<00:42,  4.45it/s]
 73%|███████▎  | 503/693 [01:53<00:43,  4.37it/s]
 73%|███████▎  | 504/693 [01:53<00:43,  4.33it/s]
 73%|███████▎  | 505/693 [01:54<00:43,  4.28it/s]
 73%|███████▎  | 506/693 [01:54<00:43,  4.25it/s]
 73%|███████▎  | 507/693 [01:54<00:43,  4.26it/s]
 73%|███████▎  | 508/693 [01:54<00:43,  4.28it/s]
 73%|███████▎  | 509/693 [01:55<00:38,  4.72it/s]
 74%|███████▎  | 510/693 [01:55<00:34,  5.28it/s]
 74%|███████▎  | 511/693 [01:55<00:31,  5.73it/s]
 74%|███████▍  | 512/693 [01:55<00:34,  5.18it/s]
 74%|███████▍  | 513/693 [01:55<00:37,  4.80it/s]
 74%|███████▍  | 514/693 [01:56<00:38,  4.61it/s]
 74%|███████▍  | 515/693 [01:56<00:39,  4.48it/s]
 74%|███████▍  | 516/693 [01:56<00:40,  4.40it/s]
 75%|███████▍  | 517/693 [01:56<00:40,  4.34it/s]
 75%|███████▍  | 518/693 [01:56<00:38,  4.51it/s]
 75%|███████▍  | 519/693 [01:57<00:39,  4.43it/s]
 75%|███████▌  | 520/693 [01:57<00:39,  4.37it/s]
 75%|███████▌  | 521/693 [01:57<00:39,  4.35it/s]
 75%|███████▌  | 522/693 [01:57<00:37,  4.51it/s]
 75%|███████▌  | 523/693 [01:58<00:33,  5.15it/s]
 76%|███████▌  | 524/693 [01:58<00:30,  5.59it/s]
 76%|███████▌  | 525/693 [01:58<00:31,  5.32it/s]
 76%|███████▌  | 526/693 [01:58<00:33,  4.95it/s]
 76%|███████▌  | 527/693 [01:58<00:35,  4.72it/s]
 76%|███████▌  | 528/693 [01:59<00:36,  4.57it/s]
 76%|███████▋  | 529/693 [01:59<00:36,  4.45it/s]
 76%|███████▋  | 530/693 [01:59<00:37,  4.39it/s]
 77%|███████▋  | 531/693 [01:59<00:37,  4.35it/s]
 77%|███████▋  | 532/693 [02:00<00:37,  4.32it/s]
 77%|███████▋  | 533/693 [02:00<00:37,  4.31it/s]
 77%|███████▋  | 534/693 [02:00<00:36,  4.30it/s]
 77%|███████▋  | 535/693 [02:00<00:35,  4.44it/s]
 77%|███████▋  | 536/693 [02:00<00:30,  5.09it/s]
 77%|███████▋  | 537/693 [02:00<00:27,  5.68it/s]
 78%|███████▊  | 538/693 [02:01<00:26,  5.88it/s]
 78%|███████▊  | 539/693 [02:01<00:29,  5.26it/s]
 78%|███████▊  | 540/693 [02:01<00:30,  4.95it/s]
 78%|███████▊  | 541/693 [02:01<00:32,  4.71it/s]
 78%|███████▊  | 542/693 [02:02<00:32,  4.58it/s]
 78%|███████▊  | 543/693 [02:02<00:33,  4.46it/s]
 78%|███████▊  | 544/693 [02:02<00:33,  4.42it/s]
 79%|███████▊  | 545/693 [02:02<00:33,  4.44it/s]
 79%|███████▉  | 546/693 [02:02<00:33,  4.38it/s]
 79%|███████▉  | 547/693 [02:03<00:33,  4.35it/s]
 79%|███████▉  | 548/693 [02:03<00:33,  4.33it/s]
 79%|███████▉  | 549/693 [02:03<00:31,  4.52it/s]
 79%|███████▉  | 550/693 [02:03<00:27,  5.12it/s]
 80%|███████▉  | 551/693 [02:03<00:26,  5.40it/s]
 80%|███████▉  | 552/693 [02:04<00:28,  4.94it/s]
 80%|███████▉  | 553/693 [02:04<00:29,  4.70it/s]
 80%|███████▉  | 554/693 [02:04<00:30,  4.54it/s]
 80%|████████  | 555/693 [02:04<00:31,  4.44it/s]
 80%|████████  | 556/693 [02:05<00:31,  4.38it/s]
 80%|████████  | 557/693 [02:05<00:31,  4.33it/s]
 81%|████████  | 558/693 [02:05<00:30,  4.43it/s]
 81%|████████  | 559/693 [02:05<00:30,  4.35it/s]
 81%|████████  | 560/693 [02:06<00:30,  4.33it/s]
 81%|████████  | 561/693 [02:06<00:30,  4.31it/s]
 81%|████████  | 562/693 [02:06<00:27,  4.78it/s]
 81%|████████  | 563/693 [02:06<00:24,  5.40it/s]
 81%|████████▏ | 564/693 [02:06<00:23,  5.52it/s]
 82%|████████▏ | 565/693 [02:06<00:25,  5.05it/s]
 82%|████████▏ | 566/693 [02:07<00:26,  4.77it/s]
 82%|████████▏ | 567/693 [02:07<00:27,  4.59it/s]
 82%|████████▏ | 568/693 [02:07<00:27,  4.48it/s]
 82%|████████▏ | 569/693 [02:07<00:28,  4.40it/s]
 82%|████████▏ | 570/693 [02:08<00:28,  4.34it/s]
 82%|████████▏ | 571/693 [02:08<00:27,  4.38it/s]
 83%|████████▎ | 572/693 [02:08<00:27,  4.34it/s]
 83%|████████▎ | 573/693 [02:08<00:27,  4.30it/s]
 83%|████████▎ | 574/693 [02:09<00:27,  4.30it/s]
 83%|████████▎ | 575/693 [02:09<00:25,  4.72it/s]
 83%|████████▎ | 576/693 [02:09<00:22,  5.21it/s]
 83%|████████▎ | 577/693 [02:09<00:22,  5.12it/s]
 83%|████████▎ | 578/693 [02:09<00:23,  4.85it/s]
 84%|████████▎ | 579/693 [02:10<00:24,  4.62it/s]
 84%|████████▎ | 580/693 [02:10<00:24,  4.55it/s]
 84%|████████▍ | 581/693 [02:10<00:25,  4.44it/s]
 84%|████████▍ | 582/693 [02:10<00:25,  4.41it/s]
 84%|████████▍ | 583/693 [02:10<00:24,  4.50it/s]
 84%|████████▍ | 584/693 [02:11<00:24,  4.53it/s]
 84%|████████▍ | 585/693 [02:11<00:24,  4.44it/s]
 85%|████████▍ | 586/693 [02:11<00:24,  4.38it/s]
 85%|████████▍ | 587/693 [02:11<00:24,  4.36it/s]
 85%|████████▍ | 588/693 [02:12<00:21,  4.92it/s]
 85%|████████▍ | 589/693 [02:12<00:18,  5.55it/s]
 85%|████████▌ | 590/693 [02:12<00:17,  5.91it/s]
 85%|████████▌ | 591/693 [02:12<00:18,  5.38it/s]
 85%|████████▌ | 592/693 [02:12<00:20,  4.98it/s]
 86%|████████▌ | 593/693 [02:13<00:21,  4.73it/s]
 86%|████████▌ | 594/693 [02:13<00:21,  4.54it/s]
 86%|████████▌ | 595/693 [02:13<00:21,  4.48it/s]
 86%|████████▌ | 596/693 [02:13<00:22,  4.41it/s]
 86%|████████▌ | 597/693 [02:13<00:21,  4.40it/s]
 86%|████████▋ | 598/693 [02:14<00:21,  4.34it/s]
 86%|████████▋ | 599/693 [02:14<00:21,  4.30it/s]
 87%|████████▋ | 600/693 [02:14<00:21,  4.30it/s]
 87%|████████▋ | 601/693 [02:14<00:20,  4.44it/s]
 87%|████████▋ | 602/693 [02:15<00:18,  4.93it/s]
 87%|████████▋ | 603/693 [02:15<00:16,  5.33it/s]
 87%|████████▋ | 604/693 [02:15<00:18,  4.94it/s]
 87%|████████▋ | 605/693 [02:15<00:18,  4.70it/s]
 87%|████████▋ | 606/693 [02:15<00:19,  4.56it/s]
 88%|████████▊ | 607/693 [02:16<00:19,  4.44it/s]
 88%|████████▊ | 608/693 [02:16<00:19,  4.38it/s]
 88%|████████▊ | 609/693 [02:16<00:19,  4.32it/s]
 88%|████████▊ | 610/693 [02:16<00:19,  4.33it/s]
 88%|████████▊ | 611/693 [02:17<00:18,  4.33it/s]
 88%|████████▊ | 612/693 [02:17<00:18,  4.29it/s]
 88%|████████▊ | 613/693 [02:17<00:18,  4.29it/s]
 89%|████████▊ | 614/693 [02:17<00:17,  4.64it/s]
 89%|████████▊ | 615/693 [02:17<00:14,  5.28it/s]
 89%|████████▉ | 616/693 [02:17<00:13,  5.62it/s]
 89%|████████▉ | 617/693 [02:18<00:14,  5.13it/s]
 89%|████████▉ | 618/693 [02:18<00:15,  4.82it/s]
 89%|████████▉ | 619/693 [02:18<00:15,  4.64it/s]
 89%|████████▉ | 620/693 [02:18<00:16,  4.54it/s]
 90%|████████▉ | 621/693 [02:19<00:16,  4.43it/s]
 90%|████████▉ | 622/693 [02:19<00:16,  4.41it/s]
 90%|████████▉ | 623/693 [02:19<00:15,  4.49it/s]
 90%|█████████ | 624/693 [02:19<00:15,  4.45it/s]
 90%|█████████ | 625/693 [02:20<00:15,  4.39it/s]
 90%|█████████ | 626/693 [02:20<00:15,  4.35it/s]
 90%|█████████ | 627/693 [02:20<00:14,  4.50it/s]
 91%|█████████ | 628/693 [02:20<00:12,  5.13it/s]
 91%|█████████ | 629/693 [02:20<00:11,  5.75it/s]
 91%|█████████ | 630/693 [02:21<00:30,  2.07it/s]
 91%|█████████ | 631/693 [02:22<00:25,  2.45it/s]
 91%|█████████ | 632/693 [02:22<00:21,  2.81it/s]
 91%|█████████▏| 633/693 [02:22<00:17,  3.49it/s]
 91%|█████████▏| 634/693 [02:22<00:14,  4.20it/s]
 92%|█████████▏| 635/693 [02:22<00:12,  4.52it/s]
 92%|█████████▏| 636/693 [02:23<00:12,  4.46it/s]
 92%|█████████▏| 637/693 [02:23<00:12,  4.37it/s]
 92%|█████████▏| 638/693 [02:23<00:12,  4.36it/s]
 92%|█████████▏| 639/693 [02:23<00:12,  4.31it/s]
 92%|█████████▏| 640/693 [02:24<00:12,  4.31it/s]
 92%|█████████▏| 641/693 [02:24<00:12,  4.28it/s]
 93%|█████████▎| 642/693 [02:24<00:11,  4.44it/s]
 93%|█████████▎| 643/693 [02:24<00:11,  4.37it/s]
 93%|█████████▎| 644/693 [02:24<00:11,  4.37it/s]
 93%|█████████▎| 645/693 [02:25<00:11,  4.33it/s]
 93%|█████████▎| 646/693 [02:25<00:09,  4.76it/s]
 93%|█████████▎| 647/693 [02:25<00:08,  5.47it/s]
 94%|█████████▎| 648/693 [02:25<00:07,  5.96it/s]
 94%|█████████▎| 649/693 [02:25<00:07,  5.63it/s]
 94%|█████████▍| 650/693 [02:26<00:08,  5.16it/s]
 94%|█████████▍| 651/693 [02:26<00:08,  4.84it/s]
 94%|█████████▍| 652/693 [02:26<00:08,  4.66it/s]
 94%|█████████▍| 653/693 [02:26<00:08,  4.51it/s]
 94%|█████████▍| 654/693 [02:26<00:08,  4.45it/s]
 95%|█████████▍| 655/693 [02:27<00:08,  4.45it/s]
 95%|█████████▍| 656/693 [02:27<00:08,  4.62it/s]
 95%|█████████▍| 657/693 [02:27<00:08,  4.49it/s]
 95%|█████████▍| 658/693 [02:27<00:07,  4.45it/s]
 95%|█████████▌| 659/693 [02:28<00:07,  4.38it/s]
 95%|█████████▌| 660/693 [02:28<00:06,  4.86it/s]
 95%|█████████▌| 661/693 [02:28<00:05,  5.51it/s]
 96%|█████████▌| 662/693 [02:28<00:05,  6.06it/s]
 96%|█████████▌| 663/693 [02:28<00:05,  5.41it/s]
 96%|█████████▌| 664/693 [02:28<00:05,  5.02it/s]
 96%|█████████▌| 665/693 [02:29<00:05,  4.74it/s]
 96%|█████████▌| 666/693 [02:29<00:05,  4.61it/s]
 96%|█████████▌| 667/693 [02:29<00:05,  4.49it/s]
 96%|█████████▋| 668/693 [02:29<00:05,  4.44it/s]
 97%|█████████▋| 669/693 [02:30<00:05,  4.58it/s]
 97%|█████████▋| 670/693 [02:30<00:05,  4.60it/s]
 97%|█████████▋| 671/693 [02:30<00:04,  4.47it/s]
 97%|█████████▋| 672/693 [02:30<00:04,  4.46it/s]
 97%|█████████▋| 673/693 [02:31<00:04,  4.37it/s]
 97%|█████████▋| 674/693 [02:31<00:03,  4.83it/s]
 97%|█████████▋| 675/693 [02:31<00:03,  5.51it/s]
 98%|█████████▊| 676/693 [02:31<00:03,  5.38it/s]
 98%|█████████▊| 677/693 [02:31<00:03,  4.95it/s]
 98%|█████████▊| 678/693 [02:31<00:03,  4.78it/s]
 98%|█████████▊| 679/693 [02:32<00:03,  4.61it/s]
 98%|█████████▊| 680/693 [02:32<00:02,  4.52it/s]
 98%|█████████▊| 681/693 [02:32<00:02,  4.43it/s]
 98%|█████████▊| 682/693 [02:32<00:02,  4.41it/s]
 99%|█████████▊| 683/693 [02:33<00:02,  4.57it/s]
 99%|█████████▊| 684/693 [02:33<00:01,  4.52it/s]
 99%|█████████▉| 685/693 [02:33<00:01,  4.44it/s]
 99%|█████████▉| 686/693 [02:33<00:01,  4.42it/s]
 99%|█████████▉| 687/693 [02:33<00:01,  4.79it/s]
 99%|█████████▉| 688/693 [02:34<00:00,  5.44it/s]
 99%|█████████▉| 689/693 [02:34<00:00,  6.03it/s]
100%|█████████▉| 690/693 [02:34<00:00,  5.39it/s]
100%|█████████▉| 691/693 [02:34<00:00,  4.97it/s]
100%|█████████▉| 692/693 [02:34<00:00,  4.76it/s]
100%|██████████| 693/693 [02:35<00:00,  4.67it/s]
100%|██████████| 693/693 [02:35<00:00,  4.46it/s]
Training loss: 0.5870756841067112, KL loss: 0.33352918914300195, Sim loss: 6.612104130950844e-05, Exo CLS loss: 0.46650532722569904, 
Noun sim loss: 0.11776345089873538, Part sim loss: 0.14474205518998798, Proto loss: 0.9462016868212867, Conc loss: 0.09166980406315124
learning rate:3.5179642669006936e-05


  0%|          | 0/168 [00:00<?, ?it/s]
  1%|          | 1/168 [00:00<01:53,  1.47it/s]
  2%|▏         | 4/168 [00:00<00:26,  6.20it/s]
  4%|▎         | 6/168 [00:01<00:25,  6.39it/s]
  5%|▌         | 9/168 [00:01<00:16,  9.69it/s]
  7%|▋         | 12/168 [00:01<00:12, 12.68it/s]
  9%|▉         | 15/168 [00:01<00:10, 15.06it/s]
 10%|█         | 17/168 [00:01<00:15,  9.80it/s]
 12%|█▏        | 20/168 [00:02<00:11, 12.55it/s]
 14%|█▎        | 23/168 [00:02<00:09, 14.92it/s]
 15%|█▍        | 25/168 [00:02<00:13, 10.82it/s]
 17%|█▋        | 28/168 [00:02<00:10, 13.16it/s]
 18%|█▊        | 31/168 [00:02<00:08, 16.11it/s]
 21%|██        | 35/168 [00:02<00:06, 20.77it/s]
 23%|██▎       | 39/168 [00:02<00:05, 24.62it/s]
 25%|██▌       | 42/168 [00:03<00:05, 23.59it/s]
 27%|██▋       | 45/168 [00:03<00:05, 22.36it/s]
 29%|██▊       | 48/168 [00:03<00:05, 22.13it/s]
 30%|███       | 51/168 [00:03<00:05, 21.58it/s]
 32%|███▏      | 54/168 [00:03<00:05, 21.40it/s]
 34%|███▍      | 57/168 [00:03<00:05, 20.54it/s]
 36%|███▌      | 60/168 [00:03<00:05, 20.76it/s]
 38%|███▊      | 63/168 [00:04<00:04, 21.37it/s]
 39%|███▉      | 66/168 [00:04<00:04, 21.82it/s]
 41%|████      | 69/168 [00:04<00:04, 20.70it/s]
 43%|████▎     | 72/168 [00:04<00:04, 21.47it/s]
 45%|████▍     | 75/168 [00:04<00:04, 21.25it/s]
 46%|████▋     | 78/168 [00:04<00:04, 21.19it/s]
 48%|████▊     | 81/168 [00:04<00:03, 21.82it/s]
 50%|█████     | 84/168 [00:05<00:03, 21.30it/s]
 53%|█████▎    | 89/168 [00:05<00:02, 26.90it/s]
 55%|█████▍    | 92/168 [00:05<00:02, 26.19it/s]
 57%|█████▋    | 95/168 [00:05<00:03, 18.90it/s]
 58%|█████▊    | 98/168 [00:05<00:03, 19.96it/s]
 60%|██████    | 101/168 [00:05<00:03, 20.79it/s]
 62%|██████▏   | 104/168 [00:06<00:03, 20.59it/s]
 64%|██████▎   | 107/168 [00:06<00:02, 21.34it/s]
 65%|██████▌   | 110/168 [00:06<00:02, 21.34it/s]
 67%|██████▋   | 113/168 [00:06<00:02, 21.15it/s]
 69%|██████▉   | 116/168 [00:06<00:02, 21.08it/s]
 71%|███████   | 119/168 [00:06<00:02, 21.96it/s]
 73%|███████▎  | 122/168 [00:06<00:02, 21.46it/s]
 74%|███████▍  | 125/168 [00:06<00:02, 21.14it/s]
 76%|███████▌  | 128/168 [00:07<00:01, 21.19it/s]
 78%|███████▊  | 131/168 [00:07<00:01, 20.95it/s]
 80%|███████▉  | 134/168 [00:07<00:01, 21.55it/s]
 82%|████████▏ | 137/168 [00:07<00:01, 23.16it/s]
 84%|████████▍ | 141/168 [00:07<00:01, 25.16it/s]
 86%|████████▌ | 144/168 [00:07<00:00, 24.03it/s]
 88%|████████▊ | 147/168 [00:07<00:00, 22.15it/s]
 89%|████████▉ | 150/168 [00:08<00:00, 22.14it/s]
 91%|█████████ | 153/168 [00:08<00:00, 21.99it/s]
 93%|█████████▎| 156/168 [00:08<00:00, 22.28it/s]
 95%|█████████▍| 159/168 [00:08<00:00, 21.02it/s]
 96%|█████████▋| 162/168 [00:08<00:00, 18.65it/s]
 98%|█████████▊| 165/168 [00:08<00:00, 19.73it/s]
100%|██████████| 168/168 [00:09<00:00, 18.55it/s]
Result on AGD: 
KLD=0.9624809622764587, SIM=0.5226506590843201, NSS=1.521569848060608
noun sim: 0.1087101626298612, part sim: 0.14166532638704493
No KLD improvement for 8 epoch(s). Best KLD: 0.8719511032104492, Current KLD: 0.9624809622764587
Early stopping triggered at epoch 14. Best KLD: 0.8719511032104492, patience: 8, min_delta: 0.001
